{
  "type": "FeatureCollection",
  "features": [
    {
      "type": "Feature",
      "id": "us-cd:119:27:01",
      "properties": {
        "boundary_id": "us-cd:119:27:01",
        "boundary_type": "congressional_district",
        "name": "1",
        "stateFips": "27",
        "congress": 119,
        "district": "01",
        "bbox": [
          -96.45346999960215,
          43.5003899998969,
          -91.2172870001447,
          44.71434499999391
        ]
      },
      "geometry": {
        "type": "Polygon",
        "coordinates": [
          [
            [
              -96.45346999960215,
              43.60894200023404
            ],
            [
              -96.45326000043818,
              43.5003899998969
            ],
            [
              -91.24197900044413,
              43.500470000041325
            ],
            [
              -91.21770600044435,
              43.500550000079734
            ],
            [
              -91.2172870001447,
              43.51050899984457
            ],
            [
              -91.24318299984301,
              43.54030900031795
            ],
            [
              -91.23186499981425,
              43.58182200017388
            ],
            [
              -91.26897899998222,
              43.616577999896236
            ],
            [
              -91.26239699987802,
              43.641760000023744
            ],
            [
              -91.27325200012451,
              43.66662299993697
            ],
            [
              -91.26845500010059,
              43.70982400003118
            ],
            [
              -91.24413500024514,
              43.77466699974752
            ],
            [
              -91.26243299986304,
              43.7921699996905
            ],
            [
              -91.28413800033316,
              43.847064999836704
            ],
            [
              -91.43234700023451,
              43.996690000084186
            ],
            [
              -91.59206999998321,
              44.0313719999982
            ],
            [
              -91.61048700032512,
              44.04931000029134
            ],
            [
              -91.64787299958134,
              44.06410900003621
            ],
            [
              -91.68152999956669,
              44.09740000023129
            ],
            [
              -91.70749099956234,
              44.10390599981942
            ],
            [
              -91.72155199992129,
              44.130341999930366
            ],
            [
              -91.8080640000335,
              44.1592620000754
            ],
            [
              -91.8751579998962,
              44.200575000013394
            ],
            [
              -91.89269800017904,
              44.231105000232596
            ],
            [
              -91.88703999998958,
              44.25177200017315
            ],
            [
              -91.89638799999017,
              44.27468999996861
            ],
            [
              -91.92461299974187,
              44.29181500021648
            ],
            [
              -91.91357400027067,
              44.31039200011726
            ],
            [
              -91.91862499983951,
              44.32267100019306
            ],
            [
              -91.96680900033911,
              44.363986000308685
            ],
            [
              -92.0564859996576,
              44.40272899997856
            ],
            [
              -92.23085599957115,
              44.444496000023435
            ],
            [
              -92.2910050000048,
              44.48546400023262
            ],
            [
              -92.31407100023264,
              44.538013999885415
            ],
            [
              -92.33611399991322,
              44.55400399985991
            ],
            [
              -92.41567499985032,
              44.560506000000096
            ],
            [
              -92.43862599955212,
              44.5526390000174
            ],
            [
              -92.51921800043236,
              44.57527499968985
            ],
            [
              -92.5488890003306,
              44.568251999763085
            ],
            [
              -92.56782600035619,
              44.602526000170194
            ],
            [
              -92.58621600003559,
              44.60008800003348
            ],
            [
              -92.61978699980723,
              44.61358399985634
            ],
            [
              -92.62184700024709,
              44.63901799969827
            ],
            [
              -92.6320210002531,
              44.649186999955084
            ],
            [
              -92.73204300018013,
              44.71434499999391
            ],
            [
              -92.73204300018013,
              44.62949300019062
            ],
            [
              -92.79258400025095,
              44.62972199987798
            ],
            [
              -92.79260000014447,
              44.5429709999586
            ],
            [
              -92.91897700025244,
              44.54324999971347
            ],
            [
              -92.9187639998171,
              44.51759800024765
            ],
            [
              -92.95268500029144,
              44.506979000094105
            ],
            [
              -92.98194100008797,
              44.51865100022759
            ],
            [
              -93.03933899979555,
              44.51554500022235
            ],
            [
              -93.03989600018748,
              44.42874900023971
            ],
            [
              -93.06008099999288,
              44.42848999984526
            ],
            [
              -93.06021900008514,
              44.40685999984891
            ],
            [
              -93.08038299997416,
              44.406802999899554
            ],
            [
              -93.08370200006449,
              44.385028999960646
            ],
            [
              -93.12587699984704,
              44.391914000095625
            ],
            [
              -93.12065899987363,
              44.37038800022344
            ],
            [
              -93.4031059997291,
              44.37050000009426
            ],
            [
              -93.40456699994427,
              44.19639300014466
            ],
            [
              -93.76797099965465,
              44.195836000152774
            ],
            [
              -93.76803099992912,
              44.239383999970926
            ],
            [
              -94.02138099999671,
              44.239987000207144
            ],
            [
              -94.00849899982063,
              44.247657999736134
            ],
            [
              -94.02525199955778,
              44.25687499984648
            ],
            [
              -94.0117290002225,
              44.27602499994542
            ],
            [
              -93.99813499984381,
              44.2788060002751
            ],
            [
              -93.99113199979014,
              44.29546600008255
            ],
            [
              -93.95978299994175,
              44.307299000081926
            ],
            [
              -93.94519299967833,
              44.338988000310614
            ],
            [
              -93.93280599996989,
              44.344007000165256
            ],
            [
              -93.95570099959518,
              44.358464999755476
            ],
            [
              -93.95303199978318,
              44.36616500028337
            ],
            [
              -93.96166099990843,
              44.364083999920865
            ],
            [
              -93.95499900033661,
              44.37500499973969
            ],
            [
              -93.9632560000179,
              44.3832219999434
            ],
            [
              -93.95227199989998,
              44.38618400022539
            ],
            [
              -93.96578900028578,
              44.39046099984355
            ],
            [
              -93.95038999973535,
              44.39311799983374
            ],
            [
              -93.9540620000031,
              44.40964200026336
            ],
            [
              -93.93968000015214,
              44.41279799992555
            ],
            [
              -93.92899499978495,
              44.44287100013648
            ],
            [
              -93.93485200016605,
              44.45666100010118
            ],
            [
              -94.78907799978539,
              44.45619200027485
            ],
            [
              -94.80623700030173,
              44.46603399976275
            ],
            [
              -94.7976530003823,
              44.46891599972897
            ],
            [
              -94.80991200004422,
              44.471190999893395
            ],
            [
              -94.81487999977239,
              44.484450000288085
            ],
            [
              -94.8658240003206,
              44.498217999725505
            ],
            [
              -94.86618599982053,
              44.34024899993348
            ],
            [
              -94.83619799972988,
              44.340492999918894
            ],
            [
              -94.83621600017155,
              44.32604399994817
            ],
            [
              -94.80597899966054,
              44.326119000250465
            ],
            [
              -94.80618500042318,
              44.3116369997503
            ],
            [
              -94.76126599958725,
              44.311689999713444
            ],
            [
              -94.75592799996323,
              44.297198999818356
            ],
            [
              -94.74580400018593,
              44.297222000006705
            ],
            [
              -94.73853599981838,
              44.151514999964725
            ],
            [
              -94.73834400019777,
              44.10889800030039
            ],
            [
              -94.85980299990798,
              44.10801599989867
            ],
            [
              -94.85938799980626,
              43.848092999905056
            ],
            [
              -96.45298799955332,
              43.84950699994344
            ],
            [
              -96.45346999960215,
              43.609067999691575
            ],
            [
              -96.45346999960215,
              43.60894200023404
            ]
          ]
        ]
      }
    },
    {
      "type": "Feature",
      "id": "us-cd:119:27:02",
      "properties": {
        "boundary_id": "us-cd:119:27:02",
        "boundary_type": "congressional_district",
        "name": "2",
        "stateFips": "27",
        "congress": 119,
        "district": "02",
        "bbox": [
          -94.02525400010592,
          44.195836000152774,
          -92.73204300018013,
          44.92328699994701
        ]
      },
      "geometry": {
        "type": "Polygon",
        "coordinates": [
          [
            [
              -94.02525400010592,
              44.257395999771525
            ],
            [
              -94.00857499998862,
              44.249962999695676
            ],
            [
              -94.01912100043862,
              44.2394630001434
            ],
            [
              -93.76803099992912,
              44.239383999970926
            ],
            [
              -93.76797099965465,
              44.195836000152774
            ],
            [
              -93.40456699994427,
              44.19639300014466
            ],
            [
              -93.4031059997291,
              44.37050000009426
            ],
            [
              -93.12065899987363,
              44.37038800022344
            ],
            [
              -93.12587699984704,
              44.391914000095625
            ],
            [
              -93.08370200006449,
              44.385028999960646
            ],
            [
              -93.08038299997416,
              44.406802999899554
            ],
            [
              -93.06021900008514,
              44.40685999984891
            ],
            [
              -93.06008099999288,
              44.42848999984526
            ],
            [
              -93.03989600018748,
              44.42874900023971
            ],
            [
              -93.03933899979555,
              44.51554500022235
            ],
            [
              -92.98194100008797,
              44.51865100022759
            ],
            [
              -92.95268500029144,
              44.506979000094105
            ],
            [
              -92.9187639998171,
              44.51759800024765
            ],
            [
              -92.91897700025244,
              44.54324999971347
            ],
            [
              -92.79260000014447,
              44.5429709999586
            ],
            [
              -92.79258400025095,
              44.62972199987798
            ],
            [
              -92.73204300018013,
              44.62949300019062
            ],
            [
              -92.73204300018013,
              44.71434499999391
            ],
            [
              -92.8084149997232,
              44.75160399979811
            ],
            [
              -92.76593199996908,
              44.835630999856804
            ],
            [
              -92.76950100030469,
              44.86200100013429
            ],
            [
              -92.86241100039807,
              44.86194399977692
            ],
            [
              -92.86252400037598,
              44.89111299979613
            ],
            [
              -93.0200439995697,
              44.89075000008558
            ],
            [
              -93.05164199983841,
              44.919501999786235
            ],
            [
              -93.09604100009237,
              44.92328699994701
            ],
            [
              -93.12870999969059,
              44.91964800031725
            ],
            [
              -93.15389999993239,
              44.89289800015235
            ],
            [
              -93.18247399966356,
              44.88722000017162
            ],
            [
              -93.17861800017107,
              44.88033699986951
            ],
            [
              -93.19996899974055,
              44.86550500019279
            ],
            [
              -93.22052500016504,
              44.831053000247906
            ],
            [
              -93.30452999994864,
              44.79450100029231
            ],
            [
              -93.37931399995327,
              44.785105999807044
            ],
            [
              -93.38624800040998,
              44.798134999931186
            ],
            [
              -93.43815699998248,
              44.81307400028371
            ],
            [
              -93.45068599998113,
              44.803464000065816
            ],
            [
              -93.49874599973388,
              44.810372999949436
            ],
            [
              -93.57896899964486,
              44.794236999878564
            ],
            [
              -93.58206699980228,
              44.782334000126646
            ],
            [
              -93.59943899985562,
              44.7826590003134
            ],
            [
              -93.59627299992616,
              44.77314799988972
            ],
            [
              -93.62190199966078,
              44.762490999851394
            ],
            [
              -93.60848899993037,
              44.754002999738375
            ],
            [
              -93.62063700016253,
              44.75379200016207
            ],
            [
              -93.6314070000202,
              44.73873799976583
            ],
            [
              -93.63271400024956,
              44.724067999806
            ],
            [
              -93.61775900011315,
              44.70782599994488
            ],
            [
              -93.6294420000149,
              44.698164000046106
            ],
            [
              -93.67515000014802,
              44.692554999707646
            ],
            [
              -93.69766499983173,
              44.66977299976486
            ],
            [
              -93.7213749995918,
              44.66364400020887
            ],
            [
              -93.71838199991471,
              44.655328000000495
            ],
            [
              -93.75949800006332,
              44.64389799993381
            ],
            [
              -93.75477300000941,
              44.636031000316265
            ],
            [
              -93.7702400003319,
              44.640080999944466
            ],
            [
              -93.76366200042567,
              44.63414600021703
            ],
            [
              -93.77245600040737,
              44.630288000273616
            ],
            [
              -93.77415000025103,
              44.637826000227406
            ],
            [
              -93.79087399967588,
              44.62858899991014
            ],
            [
              -93.81466600035002,
              44.633315999972226
            ],
            [
              -93.83653599977828,
              44.6184790001476
            ],
            [
              -93.84444299965517,
              44.62566299969834
            ],
            [
              -93.8425799997571,
              44.61747000003182
            ],
            [
              -93.85767800000866,
              44.6210950000438
            ],
            [
              -93.86131799959107,
              44.60541799997369
            ],
            [
              -93.87789799997418,
              44.60572200004658
            ],
            [
              -93.87474999958806,
              44.60028100016976
            ],
            [
              -93.90247899994553,
              44.587646999901516
            ],
            [
              -93.89271400019342,
              44.58498499990991
            ],
            [
              -93.9013659998849,
              44.57088599977456
            ],
            [
              -93.8910660003805,
              44.56659100025738
            ],
            [
              -93.90029800003015,
              44.555412999901236
            ],
            [
              -93.8912489997803,
              44.54704399974131
            ],
            [
              -93.90467699957934,
              44.5519730001827
            ],
            [
              -93.91222199995632,
              44.53805499993797
            ],
            [
              -93.88786199991789,
              44.52616799987388
            ],
            [
              -93.88710700005758,
              44.50480499992196
            ],
            [
              -93.90730399955855,
              44.472444999689564
            ],
            [
              -93.92697000040351,
              44.46963600005933
            ],
            [
              -93.91718700020974,
              44.46248400029636
            ],
            [
              -93.93651699969739,
              44.45464700021321
            ],
            [
              -93.92899499978495,
              44.44287100013648
            ],
            [
              -93.93968000015214,
              44.41279799992555
            ],
            [
              -93.9540620000031,
              44.40964200026336
            ],
            [
              -93.95038999973535,
              44.39311799983374
            ],
            [
              -93.96578199971478,
              44.39064199968764
            ],
            [
              -93.95227199989998,
              44.38618400022539
            ],
            [
              -93.9632560000179,
              44.3832219999434
            ],
            [
              -93.95499900033661,
              44.37500499973969
            ],
            [
              -93.96166099990843,
              44.364083999920865
            ],
            [
              -93.95303199978318,
              44.36616500028337
            ],
            [
              -93.95570099959518,
              44.358464999755476
            ],
            [
              -93.93280599996989,
              44.344007000165256
            ],
            [
              -93.94519299967833,
              44.338988000310614
            ],
            [
              -93.95978299994175,
              44.307299000081926
            ],
            [
              -93.99113199979014,
              44.29546600008255
            ],
            [
              -94.02523700038748,
              44.25773700005707
            ],
            [
              -94.02525400010592,
              44.257395999771525
            ]
          ]
        ]
      }
    },
    {
      "type": "Feature",
      "id": "us-cd:119:27:03",
      "properties": {
        "boundary_id": "us-cd:119:27:03",
        "boundary_type": "congressional_district",
        "name": "3",
        "stateFips": "27",
        "congress": 119,
        "district": "03",
        "bbox": [
          -93.76838499993144,
          44.785105999807044,
          -93.19794000016113,
          45.246618000297836
        ]
      },
      "geometry": {
        "type": "Polygon",
        "coordinates": [
          [
            [
              -93.76838499993144,
              44.890970000010086
            ],
            [
              -93.5207059995738,
              44.891502000156464
            ],
            [
              -93.52016599979862,
              44.80218099983849
            ],
            [
              -93.49838000003598,
              44.81038700023384
            ],
            [
              -93.45068599998113,
              44.803464000065816
            ],
            [
              -93.43801399986734,
              44.81307000011603
            ],
            [
              -93.38624800040998,
              44.798134999931186
            ],
            [
              -93.37931399995327,
              44.785105999807044
            ],
            [
              -93.30452999994864,
              44.79450100029231
            ],
            [
              -93.22052500016504,
              44.831053000247906
            ],
            [
              -93.19794000016113,
              44.8619999998269
            ],
            [
              -93.31882800013403,
              44.86199799984877
            ],
            [
              -93.31882499976098,
              44.89085399972663
            ],
            [
              -93.34981299993434,
              44.900141999912265
            ],
            [
              -93.34959700002427,
              44.92049000012235
            ],
            [
              -93.40061400036743,
              44.93513299996062
            ],
            [
              -93.40075900013238,
              44.964047999831855
            ],
            [
              -93.41051100036401,
              44.97289499978539
            ],
            [
              -93.40041900037376,
              44.97850200015614
            ],
            [
              -93.40069499965996,
              45.06573600021883
            ],
            [
              -93.34981899978212,
              45.065697000257195
            ],
            [
              -93.35110799956982,
              45.08722999977683
            ],
            [
              -93.28106299986281,
              45.087200999915716
            ],
            [
              -93.28081500016569,
              45.071716000307084
            ],
            [
              -93.27832700010366,
              45.10336499984382
            ],
            [
              -93.29609199961908,
              45.12173600029358
            ],
            [
              -93.26577700018859,
              45.124584000310904
            ],
            [
              -93.26585900020436,
              45.21151899979257
            ],
            [
              -93.35761100003131,
              45.21228200009443
            ],
            [
              -93.38863500018967,
              45.24109400009037
            ],
            [
              -93.3963179997606,
              45.23320200023165
            ],
            [
              -93.3897430002274,
              45.22332700014009
            ],
            [
              -93.4202059997959,
              45.22659999978262
            ],
            [
              -93.42016700033615,
              45.217464000219714
            ],
            [
              -93.52165299995306,
              45.246618000297836
            ],
            [
              -93.51474500033393,
              45.23949400027454
            ],
            [
              -93.52867799974803,
              45.22242999970162
            ],
            [
              -93.54263600017481,
              45.23259099980659
            ],
            [
              -93.56997100034698,
              45.21852300005948
            ],
            [
              -93.59268699987211,
              45.2182819998803
            ],
            [
              -93.59693800027311,
              45.20736400029991
            ],
            [
              -93.60450299984326,
              45.2129589999945
            ],
            [
              -93.62848700013804,
              45.20240600027968
            ],
            [
              -93.63995099975666,
              45.209299999883655
            ],
            [
              -93.65891700009456,
              45.19355099980567
            ],
            [
              -93.62993400010949,
              45.17417599989359
            ],
            [
              -93.63550600008521,
              45.14528699985284
            ],
            [
              -93.68301099999418,
              45.15063600014217
            ],
            [
              -93.72079800000671,
              45.11411700020983
            ],
            [
              -93.72959299981333,
              45.097441000092196
            ],
            [
              -93.71733900017429,
              45.08667799969685
            ],
            [
              -93.76187399997235,
              45.08124400002994
            ],
            [
              -93.76835899999217,
              44.892389999989256
            ],
            [
              -93.76838499993144,
              44.890970000010086
            ]
          ]
        ]
      }
    },
    {
      "type": "Feature",
      "id": "us-cd:119:27:04",
      "properties": {
        "boundary_id": "us-cd:119:27:04",
        "boundary_type": "congressional_district",
        "name": "4",
        "stateFips": "27",
        "congress": 119,
        "district": "04",
        "bbox": [
          -93.2281190000475,
          44.86194399977692,
          -92.75064499957165,
          45.12453299978975
        ]
      },
      "geometry": {
        "type": "Polygon",
        "coordinates": [
          [
            [
              -93.2281190000475,
              45.11579800010649
            ],
            [
              -93.22705899969033,
              45.04993699980002
            ],
            [
              -93.20812199966475,
              45.04295400022467
            ],
            [
              -93.2003670001238,
              44.909625000122254
            ],
            [
              -93.17853899963005,
              44.888338000180234
            ],
            [
              -93.15389999993239,
              44.89289800015235
            ],
            [
              -93.12870999969059,
              44.91964800031725
            ],
            [
              -93.09093500027193,
              44.92323599978391
            ],
            [
              -93.05164199983841,
              44.919501999786235
            ],
            [
              -93.0200439995697,
              44.89075000008558
            ],
            [
              -92.86252400037598,
              44.89111299979613
            ],
            [
              -92.86241100039807,
              44.86194399977692
            ],
            [
              -92.76950100030469,
              44.86200100013429
            ],
            [
              -92.76376699994724,
              44.872062999694116
            ],
            [
              -92.77457100014009,
              44.89808399990537
            ],
            [
              -92.75870100030977,
              44.90897899994505
            ],
            [
              -92.75064499957165,
              44.93729899998399
            ],
            [
              -92.76944500022819,
              44.972149999761854
            ],
            [
              -92.76205999968478,
              45.02432000022205
            ],
            [
              -92.80048500028008,
              45.05480599975413
            ],
            [
              -92.79231899993708,
              45.07894399974303
            ],
            [
              -92.81276900005635,
              45.08265599986285
            ],
            [
              -92.81276800023143,
              45.100153000056714
            ],
            [
              -92.83474899998777,
              45.0741220000636
            ],
            [
              -92.86320999974102,
              45.07956500003901
            ],
            [
              -92.86373199997284,
              45.123604999742845
            ],
            [
              -93.2276960004482,
              45.12453299978975
            ],
            [
              -93.22809300010822,
              45.115876000074614
            ],
            [
              -93.2281190000475,
              45.11579800010649
            ]
          ]
        ]
      }
    },
    {
      "type": "Feature",
      "id": "us-cd:119:27:05",
      "properties": {
        "boundary_id": "us-cd:119:27:05",
        "boundary_type": "congressional_district",
        "name": "5",
        "stateFips": "27",
        "congress": 119,
        "district": "05",
        "bbox": [
          -93.41051200018892,
          44.86199799984877,
          -93.1772180000553,
          45.12453299978975
        ]
      },
      "geometry": {
        "type": "Polygon",
        "coordinates": [
          [
            [
              -93.41051200018892,
              44.97316499991257
            ],
            [
              -93.40075900013238,
              44.964047999831855
            ],
            [
              -93.40061400036743,
              44.93513299996062
            ],
            [
              -93.34959700002427,
              44.92049000012235
            ],
            [
              -93.34981299993434,
              44.900141999912265
            ],
            [
              -93.31882499976098,
              44.89085399972663
            ],
            [
              -93.31882800013403,
              44.86199799984877
            ],
            [
              -93.19794000016113,
              44.8619999998269
            ],
            [
              -93.17861800017107,
              44.88033699986951
            ],
            [
              -93.1772180000553,
              44.89392800009961
            ],
            [
              -93.2003670001238,
              44.909625000122254
            ],
            [
              -93.20812199966475,
              45.04295400022467
            ],
            [
              -93.22705899969033,
              45.04993699980002
            ],
            [
              -93.2276960004482,
              45.12453299978975
            ],
            [
              -93.29609199961908,
              45.12173600029358
            ],
            [
              -93.27832700010366,
              45.10336499984382
            ],
            [
              -93.28081500016569,
              45.071716000307084
            ],
            [
              -93.28106299986281,
              45.087200999915716
            ],
            [
              -93.35110799956982,
              45.08722999977683
            ],
            [
              -93.34981899978212,
              45.065697000257195
            ],
            [
              -93.40069499965996,
              45.06573600021883
            ],
            [
              -93.40041900037376,
              44.97850200015614
            ],
            [
              -93.41051100036401,
              44.97336700030623
            ],
            [
              -93.41051200018892,
              44.97316499991257
            ]
          ]
        ]
      }
    },
    {
      "type": "Feature",
      "id": "us-cd:119:27:06",
      "properties": {
        "boundary_id": "us-cd:119:27:06",
        "boundary_type": "congressional_district",
        "name": "6",
        "stateFips": "27",
        "congress": 119,
        "district": "06",
        "bbox": [
          -94.50613899983531,
          44.636031000316265,
          -93.01956300024406,
          45.8221429997263
        ]
      },
      "geometry": {
        "type": "Polygon",
        "coordinates": [
          [
            [
              -94.50613899983531,
              45.585941999925
            ],
            [
              -94.50552200006726,
              45.499549000156485
            ],
            [
              -94.38451500026869,
              45.50038499995467
            ],
            [
              -94.38379999969301,
              45.427854000072955
            ],
            [
              -94.26121200002868,
              45.42865499971037
            ],
            [
              -94.26113300038594,
              45.40682899978769
            ],
            [
              -94.22026800030751,
              45.40678600010578
            ],
            [
              -94.22141499980499,
              45.35581400022931
            ],
            [
              -94.26149499988588,
              45.35566700007651
            ],
            [
              -94.25607400042121,
              44.97946499976329
            ],
            [
              -94.01223600038573,
              44.978711999743
            ],
            [
              -94.01049399996316,
              44.71746399982259
            ],
            [
              -93.88863600004481,
              44.7170439998914
            ],
            [
              -93.88883100003846,
              44.67340900024081
            ],
            [
              -93.76817599969408,
              44.67352000002725
            ],
            [
              -93.76803900032503,
              44.64038399977362
            ],
            [
              -93.75477300000941,
              44.636031000316265
            ],
            [
              -93.75949800006332,
              44.64389799993381
            ],
            [
              -93.71838199991471,
              44.655328000000495
            ],
            [
              -93.7213749995918,
              44.66364400020887
            ],
            [
              -93.69766499983173,
              44.66977299976486
            ],
            [
              -93.67515000014802,
              44.692554999707646
            ],
            [
              -93.63902000016925,
              44.69317499989734
            ],
            [
              -93.6179390000382,
              44.707290000032614
            ],
            [
              -93.63271400024956,
              44.724067999806
            ],
            [
              -93.63147700034041,
              44.738516999719664
            ],
            [
              -93.62063700016253,
              44.75379200016207
            ],
            [
              -93.60911099972131,
              44.75277699976636
            ],
            [
              -93.62190199966078,
              44.762490999851394
            ],
            [
              -93.59627299992616,
              44.77314799988972
            ],
            [
              -93.59943899985562,
              44.7826590003134
            ],
            [
              -93.52015900012596,
              44.805036999873856
            ],
            [
              -93.5207059995738,
              44.891502000156464
            ],
            [
              -93.76838499993144,
              44.89086999980158
            ],
            [
              -93.76187399997235,
              45.08124400002994
            ],
            [
              -93.71733900017429,
              45.08667799969685
            ],
            [
              -93.72959299981333,
              45.097441000092196
            ],
            [
              -93.72079800000671,
              45.11411700020983
            ],
            [
              -93.68301099999418,
              45.15063600014217
            ],
            [
              -93.63550600008521,
              45.14528699985284
            ],
            [
              -93.62993400010949,
              45.17417599989359
            ],
            [
              -93.65891700009456,
              45.19355099980567
            ],
            [
              -93.6393110004224,
              45.20966700023706
            ],
            [
              -93.62848700013804,
              45.20240600027968
            ],
            [
              -93.60450299984326,
              45.2129589999945
            ],
            [
              -93.59693800027311,
              45.20736400029991
            ],
            [
              -93.59268699987211,
              45.2182819998803
            ],
            [
              -93.56997100034698,
              45.21852300005948
            ],
            [
              -93.54263600017481,
              45.23259099980659
            ],
            [
              -93.52867799974803,
              45.22242999970162
            ],
            [
              -93.51474500033393,
              45.23949400027454
            ],
            [
              -93.52165299995306,
              45.246618000297836
            ],
            [
              -93.42016700033615,
              45.217464000219714
            ],
            [
              -93.4202059997959,
              45.22659999978262
            ],
            [
              -93.3897430002274,
              45.22332700014009
            ],
            [
              -93.3963179997606,
              45.23320200023165
            ],
            [
              -93.38863500018967,
              45.24109400009037
            ],
            [
              -93.35761100003131,
              45.21228200009443
            ],
            [
              -93.26585900020436,
              45.21151899979257
            ],
            [
              -93.26688799970107,
              45.12460299976015
            ],
            [
              -93.02051800012093,
              45.12386600017262
            ],
            [
              -93.01956300024406,
              45.411770000238775
            ],
            [
              -93.51006999961042,
              45.414797999892535
            ],
            [
              -93.51070399999523,
              45.5587719998308
            ],
            [
              -93.75945000038274,
              45.55961799978771
            ],
            [
              -93.76394799975762,
              45.8221429997263
            ],
            [
              -94.35316499969707,
              45.8221310000753
            ],
            [
              -94.32785300015485,
              45.798609999917275
            ],
            [
              -94.31388999970521,
              45.80061500022676
            ],
            [
              -94.30548900008388,
              45.78526099992986
            ],
            [
              -94.27291199964885,
              45.77617500002257
            ],
            [
              -94.25972700042239,
              45.742356999893744
            ],
            [
              -94.21523199990898,
              45.726251999750005
            ],
            [
              -94.22404799963199,
              45.71169200006845
            ],
            [
              -94.21050799967996,
              45.70192999992765
            ],
            [
              -94.20304900041504,
              45.67815300009117
            ],
            [
              -94.182701000403,
              45.67707700008302
            ],
            [
              -94.26382999978706,
              45.67375999988983
            ],
            [
              -94.26367999999923,
              45.64470999999331
            ],
            [
              -94.28866000017874,
              45.643709999838364
            ],
            [
              -94.29348800016481,
              45.60871200015984
            ],
            [
              -94.316980000365,
              45.59013999990238
            ],
            [
              -94.38733999971629,
              45.6120449997672
            ],
            [
              -94.38718900010356,
              45.58676100000031
            ],
            [
              -94.50506599995768,
              45.5859469997829
            ],
            [
              -94.50613899983531,
              45.585941999925
            ]
          ]
        ]
      }
    },
    {
      "type": "Feature",
      "id": "us-cd:119:27:07",
      "properties": {
        "boundary_id": "us-cd:119:27:07",
        "boundary_type": "congressional_district",
        "name": "7",
        "stateFips": "27",
        "congress": 119,
        "district": "07",
        "bbox": [
          -97.23909300036136,
          43.848092999905056,
          -93.76366200042567,
          49.000454000242584
        ]
      },
      "geometry": {
        "type": "Polygon",
        "coordinates": [
          [
            [
              -97.23909300036136,
              48.968259999878775
            ],
            [
              -97.22751199966856,
              48.96240100027643
            ],
            [
              -97.23405399958979,
              48.947610999847484
            ],
            [
              -97.21440600008481,
              48.93164100022269
            ],
            [
              -97.21980599963311,
              48.92214599978577
            ],
            [
              -97.21147399960876,
              48.90569900016434
            ],
            [
              -97.18987299979403,
              48.89520299997626
            ],
            [
              -97.20162699984088,
              48.891932000041926
            ],
            [
              -97.19946299964397,
              48.88121100007312
            ],
            [
              -97.17783599988996,
              48.87571000016422
            ],
            [
              -97.1905730003011,
              48.86427899971305
            ],
            [
              -97.17916599968557,
              48.862844000167904
            ],
            [
              -97.17309900014048,
              48.850624999937075
            ],
            [
              -97.18292300034213,
              48.846912000009205
            ],
            [
              -97.17388400013803,
              48.83799300005443
            ],
            [
              -97.19028799989574,
              48.815169999736604
            ],
            [
              -97.15747399963425,
              48.808125000117684
            ],
            [
              -97.18148100039353,
              48.798207999856956
            ],
            [
              -97.16326099969513,
              48.8005790001295
            ],
            [
              -97.17404099959855,
              48.793878999775856
            ],
            [
              -97.14746899968262,
              48.78144099979441
            ],
            [
              -97.15898300042828,
              48.77571100028704
            ],
            [
              -97.14545599999676,
              48.76478999996208
            ],
            [
              -97.15379499969379,
              48.75399300001913
            ],
            [
              -97.1375380002492,
              48.74964400025568
            ],
            [
              -97.14213299970844,
              48.7361720000791
            ],
            [
              -97.12834000003643,
              48.732135999861775
            ],
            [
              -97.13742400044636,
              48.72656599995167
            ],
            [
              -97.1101119998404,
              48.70797799985885
            ],
            [
              -97.11990400025499,
              48.701248000149526
            ],
            [
              -97.09031299982439,
              48.68440399994386
            ],
            [
              -97.1012760000259,
              48.6822990001578
            ],
            [
              -97.10056200017347,
              48.66840599982693
            ],
            [
              -97.10922899993356,
              48.66424999986859
            ],
            [
              -97.09869099987948,
              48.66099500014888
            ],
            [
              -97.11569200021208,
              48.64456099976239
            ],
            [
              -97.10944999986651,
              48.63246899986861
            ],
            [
              -97.13114000026799,
              48.63147299981184
            ],
            [
              -97.11949500000108,
              48.618559999994474
            ],
            [
              -97.13385900030872,
              48.622777999712746
            ],
            [
              -97.12957600012068,
              48.61369300025737
            ],
            [
              -97.15064899985582,
              48.61167599987513
            ],
            [
              -97.13429100012885,
              48.60739999998009
            ],
            [
              -97.15402700039569,
              48.59540599992871
            ],
            [
              -97.14227900019662,
              48.59261299989311
            ],
            [
              -97.14389100002452,
              48.58211199980198
            ],
            [
              -97.16063100024118,
              48.58093600008562
            ],
            [
              -97.14917000009729,
              48.570014000184926
            ],
            [
              -97.17542300017101,
              48.56195699977048
            ],
            [
              -97.13895099988544,
              48.55512000020583
            ],
            [
              -97.16598399993383,
              48.54893199995407
            ],
            [
              -97.14135799975664,
              48.535452000289894
            ],
            [
              -97.15359700022537,
              48.529507999904766
            ],
            [
              -97.1524230000654,
              48.52036400024863
            ],
            [
              -97.12675800034577,
              48.52015700022212
            ],
            [
              -97.15026700026439,
              48.5115999999795
            ],
            [
              -97.14919000018878,
              48.50083999972564
            ],
            [
              -97.13150000011811,
              48.48900599987008
            ],
            [
              -97.14301700033849,
              48.49233399975757
            ],
            [
              -97.14029099972677,
              48.48472199977988
            ],
            [
              -97.16266800021651,
              48.47778299974389
            ],
            [
              -97.12816299958611,
              48.474361999722575
            ],
            [
              -97.147417999629,
              48.47275300003684
            ],
            [
              -97.12854400025093,
              48.46030099995922
            ],
            [
              -97.15063299996227,
              48.44081599994053
            ],
            [
              -97.12482400030258,
              48.44189599977118
            ],
            [
              -97.12781799980459,
              48.43125599983665
            ],
            [
              -97.14587299974826,
              48.43114799990278
            ],
            [
              -97.12258300011274,
              48.41792099982026
            ],
            [
              -97.15399399988542,
              48.41812099994528
            ],
            [
              -97.13987999982302,
              48.41848700023516
            ],
            [
              -97.13117500042809,
              48.40728100026813
            ],
            [
              -97.16337600022119,
              48.39285700016227
            ],
            [
              -97.13334100027487,
              48.38219600007704
            ],
            [
              -97.13785299989344,
              48.37122400014288
            ],
            [
              -97.15626100001452,
              48.36557799977541
            ],
            [
              -97.12591999974644,
              48.34057900024253
            ],
            [
              -97.14171500013201,
              48.32572900019592
            ],
            [
              -97.11558099988399,
              48.32392800017625
            ],
            [
              -97.13774900013637,
              48.30972900004387
            ],
            [
              -97.12416599962833,
              48.31114199982404
            ],
            [
              -97.12668700020065,
              48.3040040002757
            ],
            [
              -97.1122309998315,
              48.2964720001841
            ],
            [
              -97.13733400003468,
              48.29175699981509
            ],
            [
              -97.12314299997941,
              48.29080899990038
            ],
            [
              -97.11657000009605,
              48.27966100022766
            ],
            [
              -97.14503199967422,
              48.26876599990211
            ],
            [
              -97.12295399983353,
              48.2616660000999
            ],
            [
              -97.13060200014266,
              48.25898200025703
            ],
            [
              -97.12510799998472,
              48.24998300019632
            ],
            [
              -97.14674399995954,
              48.24448400001936
            ],
            [
              -97.13373499956184,
              48.23907500016953
            ],
            [
              -97.14464500005991,
              48.23356200006206
            ],
            [
              -97.12069000007747,
              48.22475399998341
            ],
            [
              -97.1521900004369,
              48.21963600029903
            ],
            [
              -97.11783799996735,
              48.209763999769756
            ],
            [
              -97.13929599966694,
              48.21675499983382
            ],
            [
              -97.12927700036994,
              48.20837700010185
            ],
            [
              -97.14091000004296,
              48.20451999999869
            ],
            [
              -97.13567199997806,
              48.19712599995156
            ],
            [
              -97.14981000032988,
              48.183497999873936
            ],
            [
              -97.13601000008688,
              48.17673999982575
            ],
            [
              -97.14750999969051,
              48.170571999997904
            ],
            [
              -97.14195000030865,
              48.160202000158876
            ],
            [
              -97.12096799991181,
              48.15955199970297
            ],
            [
              -97.14650499958495,
              48.14222000009408
            ],
            [
              -97.12287600001572,
              48.1397500000489
            ],
            [
              -97.13346799959815,
              48.137100999917095
            ],
            [
              -97.12320200042896,
              48.10665000020677
            ],
            [
              -97.10187600007553,
              48.09589599970684
            ],
            [
              -97.10985699957229,
              48.09139499993784
            ],
            [
              -97.0997980000923,
              48.08588400010892
            ],
            [
              -97.10448299996325,
              48.07242799992884
            ],
            [
              -97.07225700005583,
              48.04806800007406
            ],
            [
              -97.07223899961416,
              48.019106999841306
            ],
            [
              -97.05308900005156,
              47.99044400004383
            ],
            [
              -97.06183100015473,
              47.964730999736275
            ],
            [
              -97.0524510003671,
              47.957421999858795
            ],
            [
              -97.05534100011205,
              47.94751500008919
            ],
            [
              -97.01785399967517,
              47.919910999851766
            ],
            [
              -97.02314199996879,
              47.874063000209844
            ],
            [
              -97.00182800020924,
              47.868134000267055
            ],
            [
              -96.99833699969146,
              47.841931999879016
            ],
            [
              -96.98627600039624,
              47.837112999872836
            ],
            [
              -96.98710499987642,
              47.825550000204125
            ],
            [
              -96.9741280001641,
              47.82347400016065
            ],
            [
              -96.97870000005715,
              47.80989200016651
            ],
            [
              -96.99157800003526,
              47.808186999788354
            ],
            [
              -96.96645899993857,
              47.79956900016486
            ],
            [
              -96.95705099966352,
              47.79100700006574
            ],
            [
              -96.96510300020371,
              47.783512000167924
            ],
            [
              -96.93488300030947,
              47.76720900029599
            ],
            [
              -96.92885400039923,
              47.75529599993614
            ],
            [
              -96.93968500035628,
              47.75478799978196
            ],
            [
              -96.92915200032506,
              47.750375999711046
            ],
            [
              -96.9328300004406,
              47.73752299986138
            ],
            [
              -96.91841300042952,
              47.72404099978659
            ],
            [
              -96.93097300039034,
              47.71554700012536
            ],
            [
              -96.9197990003016,
              47.7169280002247
            ],
            [
              -96.91186800013524,
              47.70681700005221
            ],
            [
              -96.92087499965398,
              47.699975999855724
            ],
            [
              -96.91201700009816,
              47.701465000278034
            ],
            [
              -96.89624600000205,
              47.67419399977067
            ],
            [
              -96.88511600029427,
              47.67380799995635
            ],
            [
              -96.88821000025372,
              47.63891099987834
            ],
            [
              -96.87437300020078,
              47.62782399998402
            ],
            [
              -96.8797259998934,
              47.619335999738944
            ],
            [
              -96.85708200033828,
              47.610744999712395
            ],
            [
              -96.85101200042016,
              47.59850799985024
            ],
            [
              -96.85893699984042,
              47.59574199970684
            ],
            [
              -96.8498969998114,
              47.590825999888786
            ],
            [
              -96.86047599987337,
              47.575022000273236
            ],
            [
              -96.85156800008885,
              47.568655000145846
            ],
            [
              -96.86893400029443,
              47.56700199976474
            ],
            [
              -96.84749900016105,
              47.56622599981751
            ],
            [
              -96.86174899976756,
              47.55927899993054
            ],
            [
              -96.84983499988714,
              47.553162999743954
            ],
            [
              -96.8604280001928,
              47.545946999847175
            ],
            [
              -96.84532300026854,
              47.53875199976566
            ],
            [
              -96.86230600015948,
              47.54119500013866
            ],
            [
              -96.85353399991907,
              47.5362130002397
            ],
            [
              -96.8711720001112,
              47.52726800011159
            ],
            [
              -96.86089199979999,
              47.51546500010262
            ],
            [
              -96.84236800022629,
              47.51611599981608
            ],
            [
              -96.85362500015566,
              47.511505999826994
            ],
            [
              -96.84228000036273,
              47.508635999978516
            ],
            [
              -96.86504000026882,
              47.491650999933654
            ],
            [
              -96.85215800009273,
              47.48635100025804
            ],
            [
              -96.86851900019273,
              47.47847300011711
            ],
            [
              -96.85194600038062,
              47.479054999993835
            ],
            [
              -96.86100200030316,
              47.47258800021848
            ],
            [
              -96.8539080000129,
              47.46040300022783
            ],
            [
              -96.86361900023662,
              47.45701000020149
            ],
            [
              -96.85429800000023,
              47.45457500019574
            ],
            [
              -96.86285900035342,
              47.43640299987851
            ],
            [
              -96.85281599986868,
              47.43202999993807
            ],
            [
              -96.87176299993999,
              47.419006000035814
            ],
            [
              -96.84207299977517,
              47.41173800008895
            ],
            [
              -96.85271399976143,
              47.40609399989958
            ],
            [
              -96.83746499989714,
              47.389526999931036
            ],
            [
              -96.85462199986532,
              47.37377999985579
            ],
            [
              -96.83714100003203,
              47.37129100008755
            ],
            [
              -96.85820600026955,
              47.36752999972523
            ],
            [
              -96.83736199996497,
              47.35553600015479
            ],
            [
              -96.84711400019658,
              47.34771099971409
            ],
            [
              -96.83064299959341,
              47.33878599993778
            ],
            [
              -96.84578600005084,
              47.32803700024256
            ],
            [
              -96.82876399980184,
              47.32799499981659
            ],
            [
              -96.84697600010433,
              47.31583400012678
            ],
            [
              -96.83066000021017,
              47.30606599981089
            ],
            [
              -96.84378800043355,
              47.29311300013774
            ],
            [
              -96.84009000022652,
              47.2755760002051
            ],
            [
              -96.8476780002612,
              47.271247000048625
            ],
            [
              -96.83470499984853,
              47.26615499980398
            ],
            [
              -96.84744800010745,
              47.26193300000898
            ],
            [
              -96.83576299965755,
              47.26223100019309
            ],
            [
              -96.8444129996992,
              47.25115500001404
            ],
            [
              -96.83219300039535,
              47.246829999992094
            ],
            [
              -96.84372099958809,
              47.23978799990789
            ],
            [
              -96.82867199974034,
              47.23328600024916
            ],
            [
              -96.8414690004259,
              47.233207999733374
            ],
            [
              -96.83145400042856,
              47.22671100029589
            ],
            [
              -96.84578799970065,
              47.2201100001012
            ],
            [
              -96.8336400003668,
              47.221577000196156
            ],
            [
              -96.83716399959825,
              47.2073240001232
            ],
            [
              -96.82716700004255,
              47.20131599984162
            ],
            [
              -96.84484700006747,
              47.19357999995595
            ],
            [
              -96.82155499988384,
              47.184314000081365
            ],
            [
              -96.83348399983288,
              47.17664399972033
            ],
            [
              -96.82248399982144,
              47.173078999949155
            ],
            [
              -96.81929699997558,
              47.163791999792366
            ],
            [
              -96.83199000000576,
              47.159430999756054
            ],
            [
              -96.82235900014797,
              47.15634099987374
            ],
            [
              -96.84124699976974,
              47.15185599999963
            ],
            [
              -96.8286480003492,
              47.14641900005028
            ],
            [
              -96.83041699963762,
              47.1292240000426
            ],
            [
              -96.82072300003063,
              47.13036899971833
            ],
            [
              -96.83756399963133,
              47.121980000008456
            ],
            [
              -96.81619100032056,
              47.108480999778436
            ],
            [
              -96.8172509997794,
              47.092087999864425
            ],
            [
              -96.82636299977842,
              47.08891999975452
            ],
            [
              -96.81597299986234,
              47.088466000139455
            ],
            [
              -96.8157510001045,
              47.078987000143165
            ],
            [
              -96.82927599998791,
              47.074620000223625
            ],
            [
              -96.8196300000615,
              47.07534200024939
            ],
            [
              -96.81973899984145,
              47.06172900010381
            ],
            [
              -96.83038599967547,
              47.06082299973724
            ],
            [
              -96.81770799971389,
              47.05230899994332
            ],
            [
              -96.82755899967971,
              47.046331999939966
            ],
            [
              -96.81786500007274,
              47.04707699998128
            ],
            [
              -96.82271599962502,
              47.03693700021137
            ],
            [
              -96.81265899979488,
              47.038633999700814
            ],
            [
              -96.8272680003249,
              47.03209500011146
            ],
            [
              -96.8147929998546,
              47.0244010001629
            ],
            [
              -96.82951600018743,
              47.02155000015979
            ],
            [
              -96.83954799990322,
              47.006727999840436
            ],
            [
              -96.82097599975062,
              47.00332600009778
            ],
            [
              -96.8226639997465,
              46.970019999716285
            ],
            [
              -96.79504499989218,
              46.96583800006559
            ],
            [
              -96.80414000017278,
              46.94691100026141
            ],
            [
              -96.79213400023086,
              46.945932999913474
            ],
            [
              -96.79150300021908,
              46.927688999976674
            ],
            [
              -96.76219200017096,
              46.934896999989164
            ],
            [
              -96.75632300009428,
              46.928588999935194
            ],
            [
              -96.76485299958703,
              46.92693799982556
            ],
            [
              -96.75265400019958,
              46.9235429997224
            ],
            [
              -96.76292199991693,
              46.92354000019515
            ],
            [
              -96.75453800001404,
              46.91442000016621
            ],
            [
              -96.77603400024677,
              46.89797699980751
            ],
            [
              -96.76920199989732,
              46.87815899983224
            ],
            [
              -96.78133099986292,
              46.87968700023791
            ],
            [
              -96.78395899966702,
              46.861662999729326
            ],
            [
              -96.77585400032171,
              46.85460100012542
            ],
            [
              -96.78546900028597,
              46.85341399995626
            ],
            [
              -96.77353399959085,
              46.8516880000429
            ],
            [
              -96.78182700015545,
              46.845641000271925
            ],
            [
              -96.77464800037468,
              46.83964700000533
            ],
            [
              -96.79395899959576,
              46.833064000083645
            ],
            [
              -96.78013599978652,
              46.825429000259106
            ],
            [
              -96.79239500034676,
              46.827291999958064
            ],
            [
              -96.80275000010275,
              46.81168999999062
            ],
            [
              -96.79573000033064,
              46.80773299999839
            ],
            [
              -96.80206999968718,
              46.796721999861695
            ],
            [
              -96.78713600036546,
              46.785651000283394
            ],
            [
              -96.79675600035262,
              46.77699899985758
            ],
            [
              -96.78379299998566,
              46.77824700008828
            ],
            [
              -96.78921699982342,
              46.77120999999703
            ],
            [
              -96.7754529995654,
              46.766751000144225
            ],
            [
              -96.7895189999472,
              46.76602400010799
            ],
            [
              -96.77785000028916,
              46.76158800022712
            ],
            [
              -96.78978900028393,
              46.756700999694175
            ],
            [
              -96.77913599970383,
              46.72664200030355
            ],
            [
              -96.79119699989734,
              46.71887399985802
            ],
            [
              -96.7821200000584,
              46.71688800023161
            ],
            [
              -96.79120399957004,
              46.70374700018441
            ],
            [
              -96.78406599979715,
              46.685269999855905
            ],
            [
              -96.79479899984489,
              46.68329700022424
            ],
            [
              -96.78752999965245,
              46.67710300026854
            ],
            [
              -96.79910999962203,
              46.67851800017158
            ],
            [
              -96.79132400011895,
              46.672389999737874
            ],
            [
              -96.80216500012173,
              46.66789699997874
            ],
            [
              -96.78581499989238,
              46.64052299976234
            ],
            [
              -96.79817499983665,
              46.62946600029162
            ],
            [
              -96.78217899960963,
              46.63141200021446
            ],
            [
              -96.79130599967728,
              46.624970999863805
            ],
            [
              -96.77084300003753,
              46.61527000000651
            ],
            [
              -96.77883199993022,
              46.607460000026784
            ],
            [
              -96.76824600019555,
              46.60632400016201
            ],
            [
              -96.77157899963129,
              46.59621299988294
            ],
            [
              -96.7559840001606,
              46.59537900019299
            ],
            [
              -96.76260800009756,
              46.58932399990201
            ],
            [
              -96.75078700010357,
              46.585185000298296
            ],
            [
              -96.76090099983512,
              46.58184300001417
            ],
            [
              -96.74726600034684,
              46.58202200012808
            ],
            [
              -96.757499999729,
              46.57782999972714
            ],
            [
              -96.74175000044761,
              46.56399699975834
            ],
            [
              -96.75439700044704,
              46.55681800030004
            ],
            [
              -96.74056899971661,
              46.54683799979629
            ],
            [
              -96.7505440004293,
              46.544131000033715
            ],
            [
              -96.73871500003938,
              46.54322800017262
            ],
            [
              -96.75011599990881,
              46.540758999949595
            ],
            [
              -96.73825999975472,
              46.539294000065496
            ],
            [
              -96.7461649999818,
              46.53488099990882
            ],
            [
              -96.73421599994128,
              46.51212500002708
            ],
            [
              -96.74241499989624,
              46.499975999932694
            ],
            [
              -96.7333930003089,
              46.49698300029602
            ],
            [
              -96.73887499987295,
              46.47870599995215
            ],
            [
              -96.71460600007114,
              46.47226099995988
            ],
            [
              -96.72308299986044,
              46.466717000094846
            ],
            [
              -96.71161099984589,
              46.459783000073664
            ],
            [
              -96.72170600020918,
              46.448821999782204
            ],
            [
              -96.71230299995702,
              46.44128799975678
            ],
            [
              -96.72185299962396,
              46.439829000213145
            ],
            [
              -96.70326899977582,
              46.43729499976068
            ],
            [
              -96.70458100002804,
              46.41799499982386
            ],
            [
              -96.69331300022799,
              46.42208500002899
            ],
            [
              -96.70154999981779,
              46.41506300028834
            ],
            [
              -96.68535500029746,
              46.41421199997456
            ],
            [
              -96.68911299988063,
              46.40683400017679
            ],
            [
              -96.66770899970942,
              46.39124399993267
            ],
            [
              -96.66713499959906,
              46.37557900025521
            ],
            [
              -96.64318499963947,
              46.361934999897585
            ],
            [
              -96.64519400002571,
              46.35066899981356
            ],
            [
              -96.6294029998381,
              46.354318999825395
            ],
            [
              -96.59937899976245,
              46.32998400019154
            ],
            [
              -96.60613800031696,
              46.3266039998134
            ],
            [
              -96.59676699985185,
              46.31700399983724
            ],
            [
              -96.6035859997825,
              46.30253000013476
            ],
            [
              -96.59728599971062,
              46.297760000261974
            ],
            [
              -96.60583299982011,
              46.29386699998249
            ],
            [
              -96.59486399977081,
              46.28634400030905
            ],
            [
              -96.60040200030969,
              46.26174999976877
            ],
            [
              -96.58371499979644,
              46.24980700026849
            ],
            [
              -96.59872900038242,
              46.242317000269715
            ],
            [
              -96.59111399968526,
              46.20868999999032
            ],
            [
              -96.5837609998272,
              46.208059000113685
            ],
            [
              -96.59268200003052,
              46.175211000085305
            ],
            [
              -96.5766359995748,
              46.1739439997119
            ],
            [
              -96.58386200010955,
              46.17059899982145
            ],
            [
              -96.57528099966486,
              46.16901099996308
            ],
            [
              -96.58027299968248,
              46.15107599970776
            ],
            [
              -96.57199900028274,
              46.12456700029767
            ],
            [
              -96.56023400036524,
              46.11656799989038
            ],
            [
              -96.5669200002265,
              46.11475000014133
            ],
            [
              -96.55441100031932,
              46.08407900021954
            ],
            [
              -96.57786599981128,
              46.027356999991504
            ],
            [
              -96.56133400000705,
              45.94565499992387
            ],
            [
              -96.581169999833,
              45.82301500020444
            ],
            [
              -96.62777799959143,
              45.78623900030968
            ],
            [
              -96.66259500039138,
              45.738682000190444
            ],
            [
              -96.83864800027794,
              45.647508999782794
            ],
            [
              -96.85683399974285,
              45.6053779999491
            ],
            [
              -96.76343199955487,
              45.52000700025453
            ],
            [
              -96.7327389998326,
              45.45873699994856
            ],
            [
              -96.69254099975092,
              45.417337999926986
            ],
            [
              -96.61975199988882,
              45.40888400017547
            ],
            [
              -96.52178700002864,
              45.37564499995417
            ],
            [
              -96.48906499982866,
              45.35707099968809
            ],
            [
              -96.45309700023157,
              45.3007510000905
            ],
            [
              -96.45298799955332,
              43.84950699994344
            ],
            [
              -94.85938799980626,
              43.848092999905056
            ],
            [
              -94.85980299990798,
              44.10801599989867
            ],
            [
              -94.73834400019777,
              44.10889800030039
            ],
            [
              -94.73853599981838,
              44.151514999964725
            ],
            [
              -94.74580400018593,
              44.297222000006705
            ],
            [
              -94.75592799996323,
              44.297198999818356
            ],
            [
              -94.76126599958725,
              44.311689999713444
            ],
            [
              -94.80618500042318,
              44.3116369997503
            ],
            [
              -94.80597899966054,
              44.326119000250465
            ],
            [
              -94.83621600017155,
              44.32604399994817
            ],
            [
              -94.83619799972988,
              44.340492999918894
            ],
            [
              -94.86618599982053,
              44.34024899993348
            ],
            [
              -94.8658240003206,
              44.498217999725505
            ],
            [
              -94.81487999977239,
              44.484450000288085
            ],
            [
              -94.80991200004422,
              44.471190999893395
            ],
            [
              -94.7976530003823,
              44.46891599972897
            ],
            [
              -94.80623700030173,
              44.46603399976275
            ],
            [
              -94.78907799978539,
              44.45619200027485
            ],
            [
              -93.93279699974906,
              44.456756999824044
            ],
            [
              -93.9176569996647,
              44.46107499992603
            ],
            [
              -93.92697000040351,
              44.46963600005933
            ],
            [
              -93.90730399955855,
              44.472444999689564
            ],
            [
              -93.88710700005758,
              44.50480499992196
            ],
            [
              -93.88786199991789,
              44.52616799987388
            ],
            [
              -93.91222199995632,
              44.53805499993797
            ],
            [
              -93.90467699957934,
              44.5519730001827
            ],
            [
              -93.8912489997803,
              44.54704399974131
            ],
            [
              -93.90029800003015,
              44.555412999901236
            ],
            [
              -93.8910660003805,
              44.56659100025738
            ],
            [
              -93.9013659998849,
              44.57088599977456
            ],
            [
              -93.89271400019342,
              44.58498499990991
            ],
            [
              -93.90247899994553,
              44.587646999901516
            ],
            [
              -93.87474999958806,
              44.60028100016976
            ],
            [
              -93.87789799997418,
              44.60572200004658
            ],
            [
              -93.86131799959107,
              44.60541799997369
            ],
            [
              -93.8584489997625,
              44.62075399998939
            ],
            [
              -93.8425799997571,
              44.61747000003182
            ],
            [
              -93.84506100014644,
              44.62555799994268
            ],
            [
              -93.83653599977828,
              44.6184790001476
            ],
            [
              -93.81466600035002,
              44.633315999972226
            ],
            [
              -93.76366200042567,
              44.63414600021703
            ],
            [
              -93.77255400031667,
              44.63907699984896
            ],
            [
              -93.76817599969408,
              44.67352000002725
            ],
            [
              -93.88883100003846,
              44.67340900024081
            ],
            [
              -93.88863600004481,
              44.7170439998914
            ],
            [
              -94.01049399996316,
              44.71746399982259
            ],
            [
              -94.01223600038573,
              44.978711999743
            ],
            [
              -94.25607400042121,
              44.97946499976329
            ],
            [
              -94.26149499988588,
              45.35566700007651
            ],
            [
              -94.22141499980499,
              45.35581400022931
            ],
            [
              -94.22026800030751,
              45.40678600010578
            ],
            [
              -94.26113300038594,
              45.40682899978769
            ],
            [
              -94.26121200002868,
              45.42865499971037
            ],
            [
              -94.38379999969301,
              45.427854000072955
            ],
            [
              -94.38451500026869,
              45.50038499995467
            ],
            [
              -94.50552200006726,
              45.499549000156485
            ],
            [
              -94.50613899983531,
              45.585941999925
            ],
            [
              -94.38718900010356,
              45.58676100000031
            ],
            [
              -94.38733999971629,
              45.6120449997672
            ],
            [
              -94.316980000365,
              45.59013999990238
            ],
            [
              -94.29348800016481,
              45.60871200015984
            ],
            [
              -94.28866000017874,
              45.643709999838364
            ],
            [
              -94.26367999999923,
              45.64470999999331
            ],
            [
              -94.26382999978706,
              45.67375999988983
            ],
            [
              -94.182701000403,
              45.67707700008302
            ],
            [
              -94.20304900041504,
              45.67815300009117
            ],
            [
              -94.21050799967996,
              45.70192999992765
            ],
            [
              -94.22404799963199,
              45.71169200006845
            ],
            [
              -94.21523199990898,
              45.726251999750005
            ],
            [
              -94.25972700042239,
              45.742356999893744
            ],
            [
              -94.27291199964885,
              45.77617500002257
            ],
            [
              -94.30548900008388,
              45.78526099992986
            ],
            [
              -94.31388999970521,
              45.80061500022676
            ],
            [
              -94.32785300015485,
              45.798609999917275
            ],
            [
              -94.35316499969707,
              45.8221310000753
            ],
            [
              -93.76394799975762,
              45.8221429997263
            ],
            [
              -93.76889100026973,
              45.98252499970771
            ],
            [
              -93.8103210002377,
              45.983080000283344
            ],
            [
              -93.8103620002456,
              46.15658500027471
            ],
            [
              -94.37459200033284,
              46.1570929997949
            ],
            [
              -94.36555899997651,
              46.17887100004842
            ],
            [
              -94.3948309996666,
              46.20939400000381
            ],
            [
              -94.39438399977786,
              46.2287109997664
            ],
            [
              -94.33886999988474,
              46.27128799975087
            ],
            [
              -94.35063499980224,
              46.279859000014525
            ],
            [
              -94.34367299975645,
              46.28662800002108
            ],
            [
              -94.35052900039534,
              46.29540700018812
            ],
            [
              -94.37199399976762,
              46.29713899976054
            ],
            [
              -94.3819200000765,
              46.30945699999007
            ],
            [
              -94.39014699962055,
              46.303493999963905
            ],
            [
              -94.38923199992666,
              46.312446000123735
            ],
            [
              -94.42858499973634,
              46.33258700002783
            ],
            [
              -94.46045900018959,
              46.3311629998792
            ],
            [
              -94.48772599969139,
              46.31426800016076
            ],
            [
              -94.54052300009191,
              46.3035040001603
            ],
            [
              -94.60421300037378,
              46.33005100018411
            ],
            [
              -94.6228519995752,
              46.32666499979269
            ],
            [
              -94.66864500009716,
              46.36062099994957
            ],
            [
              -94.6768990003037,
              46.35045999973641
            ],
            [
              -94.71998100028253,
              46.350973999996135
            ],
            [
              -94.73167199968188,
              46.364180000084666
            ],
            [
              -94.73149699977971,
              46.38366799986878
            ],
            [
              -94.75179799993606,
              46.379053000002656
            ],
            [
              -94.76488500015155,
              46.39571299977136
            ],
            [
              -94.77912100041267,
              46.394215000034976
            ],
            [
              -94.78712600019887,
              46.80394300030424
            ],
            [
              -94.65994200035203,
              46.8037159999996
            ],
            [
              -94.66385499974591,
              47.035490000024616
            ],
            [
              -94.68239000008859,
              47.01857999983929
            ],
            [
              -94.70185000017091,
              47.02308000011198
            ],
            [
              -94.79085799984277,
              46.98640799995324
            ],
            [
              -94.79126299989872,
              47.064102000256476
            ],
            [
              -94.91753600024963,
              47.06525499985045
            ],
            [
              -94.9167179997418,
              46.97784699990989
            ],
            [
              -96.06602100039593,
              46.97730699975937
            ],
            [
              -96.06762099962995,
              47.49913600013447
            ],
            [
              -95.55424800005228,
              47.499892999957396
            ],
            [
              -95.55339199990962,
              47.67361000022239
            ],
            [
              -95.57883900006938,
              47.67367700008815
            ],
            [
              -95.60231500037602,
              48.53888699989683
            ],
            [
              -95.34253999966477,
              48.54021100004541
            ],
            [
              -95.34272999963558,
              48.7130279998689
            ],
            [
              -95.08986300034005,
              48.7130619997938
            ],
            [
              -95.0914640002973,
              48.9206180001958
            ],
            [
              -95.14838099978093,
              48.892264000190586
            ],
            [
              -95.25485900031376,
              48.884474000173256
            ],
            [
              -95.30104000027491,
              48.904215999894234
            ],
            [
              -95.29640300008454,
              48.90831900016026
            ],
            [
              -95.31955700017593,
              48.92931000012467
            ],
            [
              -95.32251499969294,
              48.94086499989192
            ],
            [
              -95.30471599984232,
              48.946444999800484
            ],
            [
              -95.32555500012403,
              48.96995999996818
            ],
            [
              -95.3199069999803,
              48.998922999906156
            ],
            [
              -97.22896100018815,
              49.000454000242584
            ],
            [
              -97.23909199963813,
              48.96833199973841
            ],
            [
              -97.23909300036136,
              48.968259999878775
            ]
          ]
        ]
      }
    },
    {
      "type": "Feature",
      "id": "us-cd:119:27:08",
      "properties": {
        "boundary_id": "us-cd:119:27:08",
        "boundary_type": "congressional_district",
        "name": "8",
        "stateFips": "27",
        "congress": 119,
        "district": "08",
        "bbox": [
          -96.06771900043755,
          45.0741220000636,
          -89.48338500037322,
          49.38447899976769
        ]
      },
      "geometry": {
        "type": "Polygon",
        "coordinates": [
          [
            [
              -96.06771900043755,
              47.484824000135724
            ],
            [
              -96.06602100039593,
              46.97730699975937
            ],
            [
              -94.9167179997418,
              46.97784699990989
            ],
            [
              -94.91753600024963,
              47.06525499985045
            ],
            [
              -94.79126299989872,
              47.064102000256476
            ],
            [
              -94.79085799984277,
              46.98640799995324
            ],
            [
              -94.70185000017091,
              47.02308000011198
            ],
            [
              -94.68239000008859,
              47.01857999983929
            ],
            [
              -94.66385499974591,
              47.035490000024616
            ],
            [
              -94.65994200035203,
              46.8037159999996
            ],
            [
              -94.78712600019887,
              46.80394300030424
            ],
            [
              -94.77912100041267,
              46.394215000034976
            ],
            [
              -94.76488500015155,
              46.39571299977136
            ],
            [
              -94.75179799993606,
              46.379053000002656
            ],
            [
              -94.73149699977971,
              46.38366799986878
            ],
            [
              -94.73167199968188,
              46.364180000084666
            ],
            [
              -94.71998100028253,
              46.350973999996135
            ],
            [
              -94.6768990003037,
              46.35045999973641
            ],
            [
              -94.66864500009716,
              46.36062099994957
            ],
            [
              -94.6228519995752,
              46.32666499979269
            ],
            [
              -94.60421300037378,
              46.33005100018411
            ],
            [
              -94.54052300009191,
              46.3035040001603
            ],
            [
              -94.48772599969139,
              46.31426800016076
            ],
            [
              -94.46045900018959,
              46.3311629998792
            ],
            [
              -94.42858499973634,
              46.33258700002783
            ],
            [
              -94.38923199992666,
              46.312446000123735
            ],
            [
              -94.39014699962055,
              46.303493999963905
            ],
            [
              -94.3819200000765,
              46.30945699999007
            ],
            [
              -94.37199399976762,
              46.29713899976054
            ],
            [
              -94.35052900039534,
              46.29540700018812
            ],
            [
              -94.34367299975645,
              46.28662800002108
            ],
            [
              -94.35063499980224,
              46.279859000014525
            ],
            [
              -94.33886999988474,
              46.27128799975087
            ],
            [
              -94.39438399977786,
              46.2287109997664
            ],
            [
              -94.3948309996666,
              46.20939400000381
            ],
            [
              -94.36555899997651,
              46.17887100004842
            ],
            [
              -94.37459200033284,
              46.1570929997949
            ],
            [
              -93.8103620002456,
              46.15658500027471
            ],
            [
              -93.8103210002377,
              45.983080000283344
            ],
            [
              -93.76889100026973,
              45.98252499970771
            ],
            [
              -93.75945000038274,
              45.55961799978771
            ],
            [
              -93.51070399999523,
              45.5587719998308
            ],
            [
              -93.51006999961042,
              45.414797999892535
            ],
            [
              -93.01956300024406,
              45.411770000238775
            ],
            [
              -93.02051800012093,
              45.12386600017262
            ],
            [
              -92.86373199997284,
              45.123604999742845
            ],
            [
              -92.86320999974102,
              45.07956500003901
            ],
            [
              -92.83474899998777,
              45.0741220000636
            ],
            [
              -92.81276800023143,
              45.100153000056714
            ],
            [
              -92.81276900005635,
              45.08265599986285
            ],
            [
              -92.79231899993708,
              45.07894399974303
            ],
            [
              -92.74050900009877,
              45.1133959997383
            ],
            [
              -92.75240399971261,
              45.173915999795895
            ],
            [
              -92.76740800025286,
              45.19016599991298
            ],
            [
              -92.75170800030183,
              45.21866600001898
            ],
            [
              -92.76026399973387,
              45.25171700025237
            ],
            [
              -92.75192000001394,
              45.26587700021159
            ],
            [
              -92.76200399960828,
              45.28821299995284
            ],
            [
              -92.70479400022168,
              45.326525999770894
            ],
            [
              -92.70272299991116,
              45.35846800023376
            ],
            [
              -92.65028399971091,
              45.398769000313635
            ],
            [
              -92.64650500021133,
              45.44033800005089
            ],
            [
              -92.65354900027289,
              45.455346000007324
            ],
            [
              -92.68023400016672,
              45.464343999753254
            ],
            [
              -92.7266770000687,
              45.51446199991597
            ],
            [
              -92.7247620002921,
              45.53861699988056
            ],
            [
              -92.74559099962975,
              45.55301600016409
            ],
            [
              -92.77341200004872,
              45.56823499984561
            ],
            [
              -92.82330899976026,
              45.56093400004966
            ],
            [
              -92.88374900044705,
              45.57548299996591
            ],
            [
              -92.88943299967748,
              45.64120199999306
            ],
            [
              -92.8691929996205,
              45.71756799979607
            ],
            [
              -92.78461700009957,
              45.76419899975649
            ],
            [
              -92.77648199971873,
              45.790003999828905
            ],
            [
              -92.75781500002988,
              45.80657399991358
            ],
            [
              -92.7651460001466,
              45.83018300012579
            ],
            [
              -92.73999100006492,
              45.84628299994091
            ],
            [
              -92.73822000022837,
              45.86203099988928
            ],
            [
              -92.7077020004083,
              45.894900999778876
            ],
            [
              -92.65612500019847,
              45.9244419999344
            ],
            [
              -92.63911999966793,
              45.92455800014451
            ],
            [
              -92.63882400029024,
              45.93416599989237
            ],
            [
              -92.55193300006134,
              45.95165099979701
            ],
            [
              -92.54980599967432,
              45.96798600019629
            ],
            [
              -92.52518600024321,
              45.9838620001073
            ],
            [
              -92.46976500023652,
              45.9735690001656
            ],
            [
              -92.42855500037658,
              46.024240999832244
            ],
            [
              -92.35176000033587,
              46.01568500018976
            ],
            [
              -92.33291199999876,
              46.06269700016009
            ],
            [
              -92.294032999842,
              46.07437700003594
            ],
            [
              -92.29128899968694,
              46.66813700026488
            ],
            [
              -92.27059199969545,
              46.650741000299746
            ],
            [
              -92.25659200033422,
              46.65874099993269
            ],
            [
              -92.24249300034045,
              46.64924099984774
            ],
            [
              -92.2070920002827,
              46.651941000061356
            ],
            [
              -92.20409200003459,
              46.666941000088144
            ],
            [
              -92.17587499978049,
              46.68646599991195
            ],
            [
              -92.2046910002593,
              46.704040999991335
            ],
            [
              -92.18909099986742,
              46.71754099994455
            ],
            [
              -92.14673000031202,
              46.71579400015771
            ],
            [
              -92.14328999984785,
              46.73464000011765
            ],
            [
              -92.1165899998854,
              46.74863999973305
            ],
            [
              -92.08949300026293,
              46.749236999905385
            ],
            [
              -92.02029399975451,
              46.704040999991335
            ],
            [
              -91.50018099988893,
              46.91331999971864
            ],
            [
              -90.65465999966452,
              47.30982200019525
            ],
            [
              -89.9571020001925,
              47.29110300025223
            ],
            [
              -89.48338500037322,
              48.01371600014225
            ],
            [
              -89.58097299976654,
              47.99593900015874
            ],
            [
              -89.60814800010515,
              48.00693200013764
            ],
            [
              -89.61069600044164,
              48.0179270001544
            ],
            [
              -89.65087100005879,
              48.00361699998888
            ],
            [
              -89.77535599995637,
              48.022862999900646
            ],
            [
              -89.81993599996028,
              48.0155150000047
            ],
            [
              -89.83131900028637,
              47.9996039997116
            ],
            [
              -89.84481400003256,
              48.00306899988178
            ],
            [
              -89.84721000003309,
              47.99262600003053
            ],
            [
              -89.89549599974163,
              47.987325000036584
            ],
            [
              -89.92213100030507,
              47.997167000185044
            ],
            [
              -89.93457599973982,
              48.015816999988594
            ],
            [
              -89.95310699988455,
              48.010820000263585
            ],
            [
              -89.99382499964989,
              48.02809100026876
            ],
            [
              -89.9980989996171,
              48.05792900000992
            ],
            [
              -90.02333099969171,
              48.08474800006677
            ],
            [
              -90.14082500012951,
              48.11255500001324
            ],
            [
              -90.28924599974297,
              48.099071000131396
            ],
            [
              -90.31004499984171,
              48.10555599976094
            ],
            [
              -90.37428900014243,
              48.090915000216114
            ],
            [
              -90.40315300030181,
              48.105094999782985
            ],
            [
              -90.4384520002523,
              48.098677000287786
            ],
            [
              -90.46739099985643,
              48.10874399977884
            ],
            [
              -90.48669399957993,
              48.099052000185374
            ],
            [
              -90.55670099965211,
              48.095931000266326
            ],
            [
              -90.56973699981398,
              48.106830000054956
            ],
            [
              -90.55910300039874,
              48.12172999992094
            ],
            [
              -90.5796799998413,
              48.12379699998476
            ],
            [
              -90.6414949996312,
              48.103516000184705
            ],
            [
              -90.75157699976143,
              48.090987000189976
            ],
            [
              -90.78978600044665,
              48.1301449997322
            ],
            [
              -90.78221699978025,
              48.135860999934806
            ],
            [
              -90.7982239998779,
              48.13688900024013
            ],
            [
              -90.77784499990373,
              48.14828899982221
            ],
            [
              -90.77793100011746,
              48.16383800019238
            ],
            [
              -90.79643100030005,
              48.15920700028681
            ],
            [
              -90.80408299990883,
              48.177818000093964
            ],
            [
              -90.821019999769,
              48.184679999826244
            ],
            [
              -90.83640199970269,
              48.17702799975571
            ],
            [
              -90.83929599964559,
              48.23955900000442
            ],
            [
              -90.87509000006372,
              48.237840000052
            ],
            [
              -90.88575699998924,
              48.24595299995062
            ],
            [
              -90.91509099960359,
              48.23075099998567
            ],
            [
              -90.97698099973657,
              48.2195549998123
            ],
            [
              -91.0236949998002,
              48.19042999980533
            ],
            [
              -91.0824730004304,
              48.18115200010507
            ],
            [
              -91.2667749996023,
              48.07883099995752
            ],
            [
              -91.37082699999738,
              48.06973199996784
            ],
            [
              -91.42957100029238,
              48.04865300002689
            ],
            [
              -91.45000299997,
              48.06907000026881
            ],
            [
              -91.48818400016783,
              48.06837800021801
            ],
            [
              -91.56750999992826,
              48.04378899999758
            ],
            [
              -91.57538400019322,
              48.06670999992428
            ],
            [
              -91.56944399997143,
              48.093690000229145
            ],
            [
              -91.55283400034942,
              48.103236999768676
            ],
            [
              -91.55911199978166,
              48.1085929997305
            ],
            [
              -91.6399210003969,
              48.09711000008545
            ],
            [
              -91.65180699978993,
              48.11395599975994
            ],
            [
              -91.6650820003264,
              48.10714700009115
            ],
            [
              -91.68757400044386,
              48.111900000244
            ],
            [
              -91.68211100024807,
              48.12250199981138
            ],
            [
              -91.71175100018418,
              48.11464999987805
            ],
            [
              -91.69777600003897,
              48.14159799999971
            ],
            [
              -91.70811499990143,
              48.15300000013172
            ],
            [
              -91.70482599994831,
              48.1707119999334
            ],
            [
              -91.72435700017573,
              48.17053299975956
            ],
            [
              -91.7103739996346,
              48.19254300022999
            ],
            [
              -91.71536400000238,
              48.1995039999121
            ],
            [
              -91.7484040002197,
              48.19868100018025
            ],
            [
              -91.75591400043656,
              48.205997999735565
            ],
            [
              -91.78864900015704,
              48.19634300013315
            ],
            [
              -91.81545200005165,
              48.21181399988603
            ],
            [
              -91.8643579999013,
              48.20694700016561
            ],
            [
              -91.89310499988483,
              48.23797999992852
            ],
            [
              -91.95835199974299,
              48.233134999796036
            ],
            [
              -91.9582889999938,
              48.2438360002261
            ],
            [
              -91.94802899977407,
              48.245930999843374
            ],
            [
              -91.95410200006523,
              48.25226199981529
            ],
            [
              -91.96997799974334,
              48.25376999977062
            ],
            [
              -91.97564000013075,
              48.244323999703646
            ],
            [
              -92.00652500037197,
              48.26541099978369
            ],
            [
              -92.01298500027741,
              48.29744399983046
            ],
            [
              -92.0001149997969,
              48.32109599975785
            ],
            [
              -92.04694400038656,
              48.334771999817086
            ],
            [
              -92.05522100015932,
              48.35936399974741
            ],
            [
              -92.14370199957652,
              48.35602199993509
            ],
            [
              -92.14488999998018,
              48.365687999877444
            ],
            [
              -92.21695900014207,
              48.34495699974546
            ],
            [
              -92.26254900027442,
              48.354913000227036
            ],
            [
              -92.28883499996009,
              48.342811999955245
            ],
            [
              -92.30617500022639,
              48.31624600006125
            ],
            [
              -92.29454900022604,
              48.30622499992775
            ],
            [
              -92.30143000008098,
              48.2882969998259
            ],
            [
              -92.29456199974653,
              48.27121399977562
            ],
            [
              -92.26957800026736,
              48.24818499971228
            ],
            [
              -92.36991700038678,
              48.22027900014815
            ],
            [
              -92.41563399984244,
              48.295087000270314
            ],
            [
              -92.46977100008431,
              48.35209199997359
            ],
            [
              -92.47650399980122,
              48.3719089998236
            ],
            [
              -92.45643100014883,
              48.41408299980523
            ],
            [
              -92.47545100001508,
              48.41862099979636
            ],
            [
              -92.50747000023328,
              48.447978999818346
            ],
            [
              -92.65622300010779,
              48.436474000174854
            ],
            [
              -92.68811599992928,
              48.44370699987061
            ],
            [
              -92.71268199983201,
              48.46298200001146
            ],
            [
              -92.69867499989977,
              48.49483999984155
            ],
            [
              -92.62701099979384,
              48.50327299974663
            ],
            [
              -92.63488599988369,
              48.54255699986158
            ],
            [
              -92.72841199992024,
              48.53937200008921
            ],
            [
              -92.95000899990842,
              48.60834899986768
            ],
            [
              -92.954788000389,
              48.63154000017854
            ],
            [
              -92.98457300009007,
              48.62381899991088
            ],
            [
              -93.17837600032175,
              48.62325799989295
            ],
            [
              -93.20752900018614,
              48.64250499970741
            ],
            [
              -93.2546540001535,
              48.64281399998675
            ],
            [
              -93.34866499971363,
              48.62645400008876
            ],
            [
              -93.35269099998371,
              48.61348399972794
            ],
            [
              -93.37145399993203,
              48.60585400027227
            ],
            [
              -93.40566400011136,
              48.60982599998209
            ],
            [
              -93.4654689996901,
              48.59163500022128
            ],
            [
              -93.45767899998907,
              48.55972199988054
            ],
            [
              -93.46737799961892,
              48.546451000072985
            ],
            [
              -93.61225699955928,
              48.5223969998773
            ],
            [
              -93.62846000037386,
              48.5318730002711
            ],
            [
              -93.6593139997546,
              48.516413000059366
            ],
            [
              -93.79336900030893,
              48.5163110002339
            ],
            [
              -93.81848900023051,
              48.53141299974852
            ],
            [
              -93.8063490003943,
              48.57950700010412
            ],
            [
              -93.84435099959367,
              48.63022200025051
            ],
            [
              -94.22420499999082,
              48.64945700003947
            ],
            [
              -94.25094799961097,
              48.65689899983163
            ],
            [
              -94.25296899969277,
              48.686343000236896
            ],
            [
              -94.29119400027155,
              48.70781200021614
            ],
            [
              -94.41583200033,
              48.71097099989916
            ],
            [
              -94.4523790000603,
              48.69240100003112
            ],
            [
              -94.53295099995076,
              48.70121699989796
            ],
            [
              -94.54903500004131,
              48.71474299983983
            ],
            [
              -94.58765300008214,
              48.717577999894885
            ],
            [
              -94.64128800018368,
              48.741216999988396
            ],
            [
              -94.69090200003801,
              48.77799899990526
            ],
            [
              -94.69440199987831,
              48.78944400020063
            ],
            [
              -94.70429100037727,
              48.824216999809124
            ],
            [
              -94.68558299978224,
              48.840048999831446
            ],
            [
              -94.69239599986511,
              48.86901400023664
            ],
            [
              -94.68345700011845,
              48.88412000018192
            ],
            [
              -94.74964999963264,
              49.09873999998305
            ],
            [
              -94.77278399963254,
              49.12050699985461
            ],
            [
              -94.79797600042248,
              49.19785999977038
            ],
            [
              -94.82553500000233,
              49.294354000068076
            ],
            [
              -94.81626399999463,
              49.3213990000043
            ],
            [
              -94.85405500020512,
              49.32434099996807
            ],
            [
              -94.95739399967435,
              49.37019799971718
            ],
            [
              -95.05830199988125,
              49.35325300001059
            ],
            [
              -95.15339500043818,
              49.38447899976769
            ],
            [
              -95.15319100022367,
              48.99886999985818
            ],
            [
              -95.3199069999803,
              48.998922999906156
            ],
            [
              -95.32707499989041,
              48.978040000142144
            ],
            [
              -95.3181820001745,
              48.953037999917484
            ],
            [
              -95.30495400039202,
              48.948348000110904
            ],
            [
              -95.32309200017635,
              48.93751599991707
            ],
            [
              -95.29640300008454,
              48.90831900016026
            ],
            [
              -95.30104000027491,
              48.904215999894234
            ],
            [
              -95.25485900031376,
              48.884474000173256
            ],
            [
              -95.14838099978093,
              48.892264000190586
            ],
            [
              -95.0914640002973,
              48.9206180001958
            ],
            [
              -95.08986300034005,
              48.7130619997938
            ],
            [
              -95.34272999963558,
              48.7130279998689
            ],
            [
              -95.34253999966477,
              48.54021100004541
            ],
            [
              -95.60231500037602,
              48.53888699989683
            ],
            [
              -95.57883900006938,
              47.67367700008815
            ],
            [
              -95.55339199990962,
              47.67361000022239
            ],
            [
              -95.55424800005228,
              47.499892999957396
            ],
            [
              -96.06762099962995,
              47.49913600013447
            ],
            [
              -96.06768400027745,
              47.48679299995342
            ],
            [
              -96.06771900043755,
              47.484824000135724
            ]
          ]
        ]
      }
    }
  ]
}
