{
  "type": "FeatureCollection",
  "features": [
    {
      "type": "Feature",
      "id": "us-cd:118:17:01",
      "properties": {
        "boundary_id": "us-cd:118:17:01",
        "boundary_type": "congressional_district",
        "name": "Congressional District 1",
        "stateFips": "17",
        "congress": 118,
        "district": "01",
        "bbox": [
          -88.252219,
          41.146812,
          -87.555321,
          41.86025
        ]
      },
      "geometry": {
        "type": "Polygon",
        "coordinates": [
          [
            [
              -88.252219,
              41.462753
            ],
            [
              -88.214301,
              41.463447
            ],
            [
              -88.178315,
              41.481362
            ],
            [
              -88.176909,
              41.464065
            ],
            [
              -88.138353,
              41.4647
            ],
            [
              -88.134896,
              41.378247
            ],
            [
              -88.018991,
              41.38044
            ],
            [
              -88.02579,
              41.5833
            ],
            [
              -88.052953,
              41.584676
            ],
            [
              -88.040649,
              41.597407
            ],
            [
              -88.0646,
              41.597031
            ],
            [
              -88.060347,
              41.636946
            ],
            [
              -88.027688,
              41.641506
            ],
            [
              -88.028354,
              41.663534
            ],
            [
              -87.996742,
              41.656564
            ],
            [
              -87.980315,
              41.67156
            ],
            [
              -87.912692,
              41.665744
            ],
            [
              -87.910461,
              41.600302
            ],
            [
              -87.891447,
              41.600671
            ],
            [
              -87.891049,
              41.58616
            ],
            [
              -87.87122,
              41.571872
            ],
            [
              -87.851799,
              41.572229
            ],
            [
              -87.856185,
              41.557606
            ],
            [
              -87.775959,
              41.558812
            ],
            [
              -87.774754,
              41.579234
            ],
            [
              -87.755564,
              41.590273
            ],
            [
              -87.757001,
              41.632186
            ],
            [
              -87.737758,
              41.638373
            ],
            [
              -87.738082,
              41.647163
            ],
            [
              -87.718623,
              41.647496
            ],
            [
              -87.719739,
              41.676673
            ],
            [
              -87.73973,
              41.690891
            ],
            [
              -87.710579,
              41.691415
            ],
            [
              -87.709901,
              41.676837
            ],
            [
              -87.686363,
              41.677205
            ],
            [
              -87.681271,
              41.695422
            ],
            [
              -87.671199,
              41.699218
            ],
            [
              -87.668216,
              41.730177
            ],
            [
              -87.682514,
              41.735525
            ],
            [
              -87.681843,
              41.713672
            ],
            [
              -87.691732,
              41.713566
            ],
            [
              -87.701834,
              41.720732
            ],
            [
              -87.702124,
              41.735203
            ],
            [
              -87.723858,
              41.734825
            ],
            [
              -87.722191,
              41.756838
            ],
            [
              -87.688136,
              41.764618
            ],
            [
              -87.686682,
              41.757478
            ],
            [
              -87.644232,
              41.757994
            ],
            [
              -87.646174,
              41.779729
            ],
            [
              -87.615622,
              41.780239
            ],
            [
              -87.613763,
              41.818484
            ],
            [
              -87.630296,
              41.823662
            ],
            [
              -87.622473,
              41.86025
            ],
            [
              -87.607822198723,
              41.8527788380133
            ],
            [
              -87.5924627918731,
              41.8169381622697
            ],
            [
              -87.604064,
              41.816846
            ],
            [
              -87.603897,
              41.809565
            ],
            [
              -87.587021,
              41.799566
            ],
            [
              -87.586329,
              41.766121
            ],
            [
              -87.566506,
              41.76599
            ],
            [
              -87.566233,
              41.751728
            ],
            [
              -87.555321,
              41.751879
            ],
            [
              -87.564511,
              41.708103
            ],
            [
              -87.585127,
              41.722339
            ],
            [
              -87.596317,
              41.70761
            ],
            [
              -87.622884,
              41.715738
            ],
            [
              -87.621746,
              41.661734
            ],
            [
              -87.661916,
              41.655148
            ],
            [
              -87.680207,
              41.662703
            ],
            [
              -87.68068,
              41.648185
            ],
            [
              -87.661482,
              41.648394
            ],
            [
              -87.66654,
              41.633549
            ],
            [
              -87.656023,
              41.626259
            ],
            [
              -87.696317,
              41.611552
            ],
            [
              -87.706586,
              41.586212
            ],
            [
              -87.729217,
              41.586451
            ],
            [
              -87.741553,
              41.57668
            ],
            [
              -87.742791,
              41.527963
            ],
            [
              -87.790408,
              41.528041
            ],
            [
              -87.785773,
              41.35399
            ],
            [
              -87.82433,
              41.35347
            ],
            [
              -87.823584,
              41.311249
            ],
            [
              -87.841452,
              41.307007
            ],
            [
              -87.842535,
              41.295101
            ],
            [
              -87.781662,
              41.295863
            ],
            [
              -87.780107,
              41.207256
            ],
            [
              -87.799435,
              41.207089
            ],
            [
              -87.799518,
              41.221686
            ],
            [
              -87.819069,
              41.221567
            ],
            [
              -87.818726,
              41.206948
            ],
            [
              -87.83803,
              41.206806
            ],
            [
              -87.834849,
              41.148155
            ],
            [
              -87.860476,
              41.148016
            ],
            [
              -87.857646,
              41.162612
            ],
            [
              -87.892535,
              41.146812
            ],
            [
              -87.936858,
              41.157785
            ],
            [
              -87.991248,
              41.205331
            ],
            [
              -88.244144,
              41.201566
            ],
            [
              -88.251966,
              41.455663
            ],
            [
              -88.252219,
              41.462753
            ]
          ]
        ]
      }
    },
    {
      "type": "Feature",
      "id": "us-cd:118:17:02",
      "properties": {
        "boundary_id": "us-cd:118:17:02",
        "boundary_type": "congressional_district",
        "name": "Congressional District 2",
        "stateFips": "17",
        "congress": 118,
        "district": "02",
        "bbox": [
          -88.67145,
          40.02074,
          -87.524165,
          41.8169381622697
        ]
      },
      "geometry": {
        "type": "Polygon",
        "coordinates": [
          [
            [
              -88.67145,
              40.89767
            ],
            [
              -88.667773,
              40.905946
            ],
            [
              -88.63565,
              40.89206
            ],
            [
              -88.60507,
              40.91773
            ],
            [
              -88.604646,
              40.932261
            ],
            [
              -88.58804,
              40.93599
            ],
            [
              -88.605294,
              40.935844
            ],
            [
              -88.585929,
              40.944853
            ],
            [
              -88.58461,
              41.10831
            ],
            [
              -88.240889,
              41.114383
            ],
            [
              -88.244144,
              41.201566
            ],
            [
              -87.991248,
              41.205331
            ],
            [
              -87.936858,
              41.157785
            ],
            [
              -87.892535,
              41.146812
            ],
            [
              -87.857646,
              41.162612
            ],
            [
              -87.860476,
              41.148016
            ],
            [
              -87.834849,
              41.148155
            ],
            [
              -87.83803,
              41.206806
            ],
            [
              -87.818726,
              41.206948
            ],
            [
              -87.819069,
              41.221567
            ],
            [
              -87.799518,
              41.221686
            ],
            [
              -87.799435,
              41.207089
            ],
            [
              -87.780107,
              41.207256
            ],
            [
              -87.781662,
              41.295863
            ],
            [
              -87.842535,
              41.295101
            ],
            [
              -87.841452,
              41.307007
            ],
            [
              -87.823584,
              41.311249
            ],
            [
              -87.82433,
              41.35347
            ],
            [
              -87.785773,
              41.35399
            ],
            [
              -87.790408,
              41.528041
            ],
            [
              -87.742791,
              41.527963
            ],
            [
              -87.741553,
              41.57668
            ],
            [
              -87.729217,
              41.586451
            ],
            [
              -87.706586,
              41.586212
            ],
            [
              -87.696317,
              41.611552
            ],
            [
              -87.656023,
              41.626259
            ],
            [
              -87.66654,
              41.633549
            ],
            [
              -87.661482,
              41.648394
            ],
            [
              -87.68068,
              41.648185
            ],
            [
              -87.680207,
              41.662703
            ],
            [
              -87.661916,
              41.655148
            ],
            [
              -87.621746,
              41.661734
            ],
            [
              -87.622884,
              41.715738
            ],
            [
              -87.596317,
              41.70761
            ],
            [
              -87.585127,
              41.722339
            ],
            [
              -87.564511,
              41.708103
            ],
            [
              -87.555321,
              41.751879
            ],
            [
              -87.566233,
              41.751728
            ],
            [
              -87.566506,
              41.76599
            ],
            [
              -87.586329,
              41.766121
            ],
            [
              -87.587021,
              41.799566
            ],
            [
              -87.604064,
              41.816846
            ],
            [
              -87.5924627918731,
              41.8169381622697
            ],
            [
              -87.57286,
              41.779343
            ],
            [
              -87.531061,
              41.748068
            ],
            [
              -87.524165,
              41.708314
            ],
            [
              -87.5321684397794,
              40.0588019811166
            ],
            [
              -87.61487,
              40.05797
            ],
            [
              -87.62384,
              40.02074
            ],
            [
              -87.657068,
              40.028053
            ],
            [
              -87.65874,
              40.04285
            ],
            [
              -87.676147,
              40.042608
            ],
            [
              -87.676211,
              40.027921
            ],
            [
              -87.78662,
              40.02727
            ],
            [
              -87.7869,
              40.04183
            ],
            [
              -87.806213,
              40.041618
            ],
            [
              -87.806483,
              40.085913
            ],
            [
              -87.939632,
              40.083616
            ],
            [
              -87.942103,
              40.225482
            ],
            [
              -87.92876,
              40.225619
            ],
            [
              -87.929992,
              40.313376
            ],
            [
              -88.078887,
              40.312516
            ],
            [
              -88.078564,
              40.283397
            ],
            [
              -88.117168,
              40.283184
            ],
            [
              -88.117064,
              40.275717
            ],
            [
              -88.169293,
              40.282754
            ],
            [
              -88.174527,
              40.275387
            ],
            [
              -88.174392,
              40.28276
            ],
            [
              -88.232485,
              40.282321
            ],
            [
              -88.23291,
              40.31157
            ],
            [
              -88.460269,
              40.310991
            ],
            [
              -88.459957,
              40.39885
            ],
            [
              -88.346987,
              40.398417
            ],
            [
              -88.346988,
              40.464973
            ],
            [
              -88.370646,
              40.464983
            ],
            [
              -88.370661,
              40.529757
            ],
            [
              -88.45926,
              40.530039
            ],
            [
              -88.459475,
              40.617345
            ],
            [
              -88.574502,
              40.61655
            ],
            [
              -88.58519,
              40.85018
            ],
            [
              -88.64245,
              40.84449
            ],
            [
              -88.640501,
              40.873641
            ],
            [
              -88.671198,
              40.873409
            ],
            [
              -88.671287,
              40.880819
            ],
            [
              -88.67145,
              40.89767
            ]
          ]
        ]
      }
    },
    {
      "type": "Feature",
      "id": "us-cd:118:17:03",
      "properties": {
        "boundary_id": "us-cd:118:17:03",
        "boundary_type": "congressional_district",
        "name": "Congressional District 3",
        "stateFips": "17",
        "congress": 118,
        "district": "03",
        "bbox": [
          -88.263572,
          41.813583,
          -87.683963,
          42.059423
        ]
      },
      "geometry": {
        "type": "Polygon",
        "coordinates": [
          [
            [
              -88.263228,
              42.02279
            ],
            [
              -88.263546,
              42.05898
            ],
            [
              -88.252515,
              42.059423
            ],
            [
              -88.254763,
              42.048677
            ],
            [
              -88.224927,
              42.040693
            ],
            [
              -88.224893,
              42.015041
            ],
            [
              -88.193165,
              42.005779
            ],
            [
              -88.188008,
              42.014903
            ],
            [
              -88.170214,
              42.015374
            ],
            [
              -88.144803,
              42.005431
            ],
            [
              -88.145101,
              41.988242
            ],
            [
              -88.184215,
              41.987599
            ],
            [
              -88.182172,
              41.9159
            ],
            [
              -88.15054,
              41.917376
            ],
            [
              -88.149976,
              41.907816
            ],
            [
              -88.120556,
              41.904306
            ],
            [
              -88.121582,
              41.892627
            ],
            [
              -88.111861,
              41.888027
            ],
            [
              -88.082229,
              41.888881
            ],
            [
              -88.081979,
              41.902963
            ],
            [
              -88.096151,
              41.902488
            ],
            [
              -88.091137,
              41.924513
            ],
            [
              -88.05213,
              41.920989
            ],
            [
              -88.052007,
              41.934275
            ],
            [
              -88.032023,
              41.931485
            ],
            [
              -88.003325,
              41.949
            ],
            [
              -87.988674,
              41.942526
            ],
            [
              -87.988692,
              41.949201
            ],
            [
              -87.969154,
              41.949552
            ],
            [
              -87.969119,
              41.961168
            ],
            [
              -87.978832,
              41.963403
            ],
            [
              -87.969005,
              41.971632
            ],
            [
              -87.979203,
              42.015277
            ],
            [
              -87.959925,
              42.024639
            ],
            [
              -87.966984,
              42.038141
            ],
            [
              -87.940697,
              42.037389
            ],
            [
              -87.940483,
              42.022716
            ],
            [
              -87.900483,
              42.023717
            ],
            [
              -87.890131,
              42.00232
            ],
            [
              -87.929067,
              42.004964
            ],
            [
              -87.938967,
              41.993515
            ],
            [
              -87.920476,
              41.993886
            ],
            [
              -87.920022,
              41.963525
            ],
            [
              -87.902082,
              41.951036
            ],
            [
              -87.890763,
              41.95803
            ],
            [
              -87.820008,
              41.947597
            ],
            [
              -87.790646,
              41.952846
            ],
            [
              -87.782662,
              41.964703
            ],
            [
              -87.751336,
              41.964317
            ],
            [
              -87.739319,
              41.946221
            ],
            [
              -87.7249,
              41.944586
            ],
            [
              -87.722763,
              41.955523
            ],
            [
              -87.73928,
              41.971767
            ],
            [
              -87.704748,
              41.975775
            ],
            [
              -87.698031,
              41.946683
            ],
            [
              -87.688258,
              41.946731
            ],
            [
              -87.683963,
              41.932216
            ],
            [
              -87.686843,
              41.895743
            ],
            [
              -87.745807,
              41.895004
            ],
            [
              -87.752858,
              41.915326
            ],
            [
              -87.767018,
              41.91898
            ],
            [
              -87.832371,
              41.910492
            ],
            [
              -87.849588,
              41.937286
            ],
            [
              -87.914901,
              41.948168
            ],
            [
              -87.920288,
              41.9313
            ],
            [
              -87.96679,
              41.930079
            ],
            [
              -87.993436,
              41.899707
            ],
            [
              -88.038119,
              41.904272
            ],
            [
              -88.03457,
              41.884156
            ],
            [
              -88.103041,
              41.86534
            ],
            [
              -88.101728,
              41.836604
            ],
            [
              -88.113779,
              41.81473
            ],
            [
              -88.151257,
              41.813583
            ],
            [
              -88.16594,
              41.830357
            ],
            [
              -88.262787,
              41.815632
            ],
            [
              -88.263572,
              42.015417
            ],
            [
              -88.263228,
              42.02279
            ]
          ]
        ]
      }
    },
    {
      "type": "Feature",
      "id": "us-cd:118:17:04",
      "properties": {
        "boundary_id": "us-cd:118:17:04",
        "boundary_type": "congressional_district",
        "name": "Congressional District 4",
        "stateFips": "17",
        "congress": 118,
        "district": "04",
        "bbox": [
          -87.967225,
          41.72702,
          -87.644222,
          41.948168
        ]
      },
      "geometry": {
        "type": "Polygon",
        "coordinates": [
          [
            [
              -87.967225,
              41.846238
            ],
            [
              -87.938555,
              41.86154
            ],
            [
              -87.939872,
              41.906265
            ],
            [
              -87.920423,
              41.906843
            ],
            [
              -87.914901,
              41.948168
            ],
            [
              -87.849588,
              41.937286
            ],
            [
              -87.824511,
              41.908562
            ],
            [
              -87.840457,
              41.888531
            ],
            [
              -87.903266,
              41.892666
            ],
            [
              -87.920606,
              41.882701
            ],
            [
              -87.918952,
              41.833149
            ],
            [
              -87.868053,
              41.832593
            ],
            [
              -87.868548,
              41.844365
            ],
            [
              -87.808079,
              41.850291
            ],
            [
              -87.804199,
              41.86498
            ],
            [
              -87.739932,
              41.86596
            ],
            [
              -87.739198,
              41.845473
            ],
            [
              -87.644222,
              41.859956
            ],
            [
              -87.650843,
              41.845498
            ],
            [
              -87.645416,
              41.804313
            ],
            [
              -87.679641,
              41.801168
            ],
            [
              -87.690959,
              41.779153
            ],
            [
              -87.707943,
              41.777063
            ],
            [
              -87.693029,
              41.76454
            ],
            [
              -87.722191,
              41.756838
            ],
            [
              -87.723858,
              41.734825
            ],
            [
              -87.760549,
              41.72702
            ],
            [
              -87.763228,
              41.734139
            ],
            [
              -87.799102,
              41.7335
            ],
            [
              -87.799744,
              41.748134
            ],
            [
              -87.741599,
              41.756489
            ],
            [
              -87.742165,
              41.77478
            ],
            [
              -87.771353,
              41.774205
            ],
            [
              -87.772066,
              41.792542
            ],
            [
              -87.762538,
              41.800058
            ],
            [
              -87.802094,
              41.797847
            ],
            [
              -87.805849,
              41.772387
            ],
            [
              -87.831056,
              41.785131
            ],
            [
              -87.8586,
              41.783614
            ],
            [
              -87.859316,
              41.801612
            ],
            [
              -87.878884,
              41.799403
            ],
            [
              -87.888789,
              41.804646
            ],
            [
              -87.889429,
              41.81923
            ],
            [
              -87.900959,
              41.820694
            ],
            [
              -87.913629,
              41.818636
            ],
            [
              -87.908413,
              41.780829
            ],
            [
              -87.946504,
              41.781524
            ],
            [
              -87.956302,
              41.789987
            ],
            [
              -87.950177,
              41.803239
            ],
            [
              -87.956506,
              41.810429
            ],
            [
              -87.947069,
              41.812244
            ],
            [
              -87.967105,
              41.844577
            ],
            [
              -87.967225,
              41.846238
            ]
          ]
        ]
      }
    },
    {
      "type": "Feature",
      "id": "us-cd:118:17:05",
      "properties": {
        "boundary_id": "us-cd:118:17:05",
        "boundary_type": "congressional_district",
        "name": "Congressional District 5",
        "stateFips": "17",
        "congress": 118,
        "district": "05",
        "bbox": [
          -88.238449,
          41.891672,
          -87.6158815309521,
          42.219817
        ]
      },
      "geometry": {
        "type": "Polygon",
        "coordinates": [
          [
            [
              -88.238449,
              42.154249
            ],
            [
              -88.199584,
              42.15426
            ],
            [
              -88.199378,
              42.202966
            ],
            [
              -88.170167,
              42.212865
            ],
            [
              -88.066783,
              42.219817
            ],
            [
              -88.057987,
              42.218875
            ],
            [
              -88.057909,
              42.197376
            ],
            [
              -88.00435,
              42.197259
            ],
            [
              -88.004546,
              42.182793
            ],
            [
              -87.989652,
              42.182721
            ],
            [
              -87.993682,
              42.16818
            ],
            [
              -87.984826,
              42.168182
            ],
            [
              -87.978146,
              42.152247
            ],
            [
              -87.985448,
              42.146376
            ],
            [
              -87.980423,
              42.112619
            ],
            [
              -87.936065,
              42.080751
            ],
            [
              -87.902927,
              42.079765
            ],
            [
              -87.891818,
              42.066018
            ],
            [
              -87.865236,
              42.065897
            ],
            [
              -87.857181,
              42.074141
            ],
            [
              -87.83994,
              42.065789
            ],
            [
              -87.840507,
              42.043629
            ],
            [
              -87.830762,
              42.040217
            ],
            [
              -87.860009,
              42.039338
            ],
            [
              -87.860014,
              42.0265
            ],
            [
              -87.841933,
              42.010867
            ],
            [
              -87.797126,
              42.000005
            ],
            [
              -87.776922,
              42.015457
            ],
            [
              -87.761619,
              42.011881
            ],
            [
              -87.75291,
              41.997303
            ],
            [
              -87.675044,
              41.990758
            ],
            [
              -87.688965,
              41.970412
            ],
            [
              -87.666199,
              41.968923
            ],
            [
              -87.656806,
              41.951087
            ],
            [
              -87.6408298424474,
              41.9548684015743
            ],
            [
              -87.6158815309521,
              41.8958735037444
            ],
            [
              -87.628069,
              41.891672
            ],
            [
              -87.641135,
              41.914661
            ],
            [
              -87.648094,
              41.903637
            ],
            [
              -87.687221,
              41.910321
            ],
            [
              -87.683963,
              41.932216
            ],
            [
              -87.688258,
              41.946731
            ],
            [
              -87.698031,
              41.946683
            ],
            [
              -87.704748,
              41.975775
            ],
            [
              -87.73928,
              41.971767
            ],
            [
              -87.722763,
              41.955523
            ],
            [
              -87.7249,
              41.944586
            ],
            [
              -87.739319,
              41.946221
            ],
            [
              -87.751336,
              41.964317
            ],
            [
              -87.782662,
              41.964703
            ],
            [
              -87.790646,
              41.952846
            ],
            [
              -87.820008,
              41.947597
            ],
            [
              -87.890763,
              41.95803
            ],
            [
              -87.902082,
              41.951036
            ],
            [
              -87.915735,
              41.958748
            ],
            [
              -87.920476,
              41.993886
            ],
            [
              -87.938967,
              41.993515
            ],
            [
              -87.929067,
              42.004964
            ],
            [
              -87.874264,
              41.99558
            ],
            [
              -87.869617,
              41.973133
            ],
            [
              -87.854841,
              41.966138
            ],
            [
              -87.836658,
              41.970232
            ],
            [
              -87.836618,
              41.986365
            ],
            [
              -87.859021,
              41.991139
            ],
            [
              -87.889981,
              42.049779
            ],
            [
              -88.007064,
              42.057945
            ],
            [
              -88.004466,
              42.153645
            ],
            [
              -88.062827,
              42.153855
            ],
            [
              -88.062987,
              42.137175
            ],
            [
              -88.014227,
              42.133961
            ],
            [
              -88.019318,
              42.108377
            ],
            [
              -88.053438,
              42.101809
            ],
            [
              -88.062695,
              42.086915
            ],
            [
              -88.077924,
              42.084995
            ],
            [
              -88.062517,
              42.067069
            ],
            [
              -88.121676,
              42.067109
            ],
            [
              -88.121717,
              42.088656
            ],
            [
              -88.131253,
              42.088666
            ],
            [
              -88.121552,
              42.110599
            ],
            [
              -88.181325,
              42.109981
            ],
            [
              -88.189746,
              42.089426
            ],
            [
              -88.194653,
              42.097324
            ],
            [
              -88.238257,
              42.092348
            ],
            [
              -88.238331,
              42.136367
            ],
            [
              -88.238449,
              42.154249
            ]
          ]
        ]
      }
    },
    {
      "type": "Feature",
      "id": "us-cd:118:17:06",
      "properties": {
        "boundary_id": "us-cd:118:17:06",
        "boundary_type": "congressional_district",
        "name": "Congressional District 6",
        "stateFips": "17",
        "congress": 118,
        "district": "06",
        "bbox": [
          -88.119297,
          41.557606,
          -87.671199,
          41.9313
        ]
      },
      "geometry": {
        "type": "Polygon",
        "coordinates": [
          [
            [
              -88.119169,
              41.805848
            ],
            [
              -88.102329,
              41.833942
            ],
            [
              -88.103041,
              41.86534
            ],
            [
              -88.03457,
              41.884156
            ],
            [
              -88.038119,
              41.904272
            ],
            [
              -87.993436,
              41.899707
            ],
            [
              -87.96679,
              41.930079
            ],
            [
              -87.920288,
              41.9313
            ],
            [
              -87.920423,
              41.906843
            ],
            [
              -87.939872,
              41.906265
            ],
            [
              -87.938555,
              41.86154
            ],
            [
              -87.967225,
              41.846238
            ],
            [
              -87.947069,
              41.812244
            ],
            [
              -87.956506,
              41.810429
            ],
            [
              -87.950177,
              41.803239
            ],
            [
              -87.956199,
              41.788593
            ],
            [
              -87.908413,
              41.780829
            ],
            [
              -87.913629,
              41.818636
            ],
            [
              -87.900959,
              41.820694
            ],
            [
              -87.889429,
              41.81923
            ],
            [
              -87.888789,
              41.804646
            ],
            [
              -87.878884,
              41.799403
            ],
            [
              -87.859316,
              41.801612
            ],
            [
              -87.8586,
              41.783614
            ],
            [
              -87.831056,
              41.785131
            ],
            [
              -87.805849,
              41.772387
            ],
            [
              -87.802094,
              41.797847
            ],
            [
              -87.762538,
              41.800058
            ],
            [
              -87.772066,
              41.792542
            ],
            [
              -87.771353,
              41.774205
            ],
            [
              -87.742165,
              41.77478
            ],
            [
              -87.741599,
              41.756489
            ],
            [
              -87.794875,
              41.751781
            ],
            [
              -87.799102,
              41.7335
            ],
            [
              -87.751773,
              41.727173
            ],
            [
              -87.702124,
              41.735203
            ],
            [
              -87.701834,
              41.720732
            ],
            [
              -87.681843,
              41.713672
            ],
            [
              -87.682514,
              41.735525
            ],
            [
              -87.67309,
              41.73565
            ],
            [
              -87.671199,
              41.699218
            ],
            [
              -87.681271,
              41.695422
            ],
            [
              -87.686363,
              41.677205
            ],
            [
              -87.709901,
              41.676837
            ],
            [
              -87.710579,
              41.691415
            ],
            [
              -87.73973,
              41.690891
            ],
            [
              -87.719739,
              41.676673
            ],
            [
              -87.718623,
              41.647496
            ],
            [
              -87.738082,
              41.647163
            ],
            [
              -87.737758,
              41.638373
            ],
            [
              -87.757001,
              41.632186
            ],
            [
              -87.755564,
              41.590273
            ],
            [
              -87.774754,
              41.579234
            ],
            [
              -87.775959,
              41.558812
            ],
            [
              -87.856185,
              41.557606
            ],
            [
              -87.851799,
              41.572229
            ],
            [
              -87.87122,
              41.571872
            ],
            [
              -87.891049,
              41.58616
            ],
            [
              -87.891447,
              41.600671
            ],
            [
              -87.910461,
              41.600302
            ],
            [
              -87.91461,
              41.723888
            ],
            [
              -88.011846,
              41.729232
            ],
            [
              -88.012707,
              41.751152
            ],
            [
              -88.027266,
              41.750848
            ],
            [
              -88.031525,
              41.765571
            ],
            [
              -88.04541,
              41.772067
            ],
            [
              -88.039448,
              41.779426
            ],
            [
              -88.064199,
              41.773235
            ],
            [
              -88.076317,
              41.786271
            ],
            [
              -88.086873,
              41.776901
            ],
            [
              -88.119297,
              41.805625
            ],
            [
              -88.119169,
              41.805848
            ]
          ]
        ]
      }
    },
    {
      "type": "Feature",
      "id": "us-cd:118:17:07",
      "properties": {
        "boundary_id": "us-cd:118:17:07",
        "boundary_type": "congressional_district",
        "name": "Congressional District 7",
        "stateFips": "17",
        "congress": 118,
        "district": "07",
        "bbox": [
          -87.920606,
          41.757478,
          -87.602369,
          41.918069
        ]
      },
      "geometry": {
        "type": "Polygon",
        "coordinates": [
          [
            [
              -87.920606,
              41.882701
            ],
            [
              -87.903266,
              41.892666
            ],
            [
              -87.840457,
              41.888531
            ],
            [
              -87.825444,
              41.912203
            ],
            [
              -87.805826,
              41.910706
            ],
            [
              -87.801484,
              41.918069
            ],
            [
              -87.752858,
              41.915326
            ],
            [
              -87.745807,
              41.895004
            ],
            [
              -87.686843,
              41.895743
            ],
            [
              -87.687221,
              41.910321
            ],
            [
              -87.648094,
              41.903637
            ],
            [
              -87.641135,
              41.914661
            ],
            [
              -87.628069,
              41.891672
            ],
            [
              -87.602369,
              41.896335
            ],
            [
              -87.616537,
              41.882396
            ],
            [
              -87.606523,
              41.853202
            ],
            [
              -87.622473,
              41.86025
            ],
            [
              -87.62333,
              41.834703
            ],
            [
              -87.630575,
              41.834613
            ],
            [
              -87.630296,
              41.823662
            ],
            [
              -87.613763,
              41.818484
            ],
            [
              -87.615622,
              41.780239
            ],
            [
              -87.646174,
              41.779729
            ],
            [
              -87.644232,
              41.757994
            ],
            [
              -87.686682,
              41.757478
            ],
            [
              -87.693206,
              41.771824
            ],
            [
              -87.70781,
              41.771599
            ],
            [
              -87.690959,
              41.779153
            ],
            [
              -87.679641,
              41.801168
            ],
            [
              -87.645416,
              41.804313
            ],
            [
              -87.650843,
              41.845498
            ],
            [
              -87.644222,
              41.859956
            ],
            [
              -87.739198,
              41.845473
            ],
            [
              -87.739932,
              41.86596
            ],
            [
              -87.804199,
              41.86498
            ],
            [
              -87.808079,
              41.850291
            ],
            [
              -87.868548,
              41.844365
            ],
            [
              -87.868053,
              41.832593
            ],
            [
              -87.918952,
              41.833149
            ],
            [
              -87.920508,
              41.876909
            ],
            [
              -87.920606,
              41.882701
            ]
          ]
        ]
      }
    },
    {
      "type": "Feature",
      "id": "us-cd:118:17:08",
      "properties": {
        "boundary_id": "us-cd:118:17:08",
        "boundary_type": "congressional_district",
        "name": "Congressional District 8",
        "stateFips": "17",
        "congress": 118,
        "district": "08",
        "bbox": [
          -88.472156,
          41.861935,
          -87.836618,
          42.154249
        ]
      },
      "geometry": {
        "type": "Polygon",
        "coordinates": [
          [
            [
              -88.472156,
              42.132599
            ],
            [
              -88.466843,
              42.121231
            ],
            [
              -88.457093,
              42.121163
            ],
            [
              -88.457728,
              42.130283
            ],
            [
              -88.432681,
              42.122062
            ],
            [
              -88.43268,
              42.137512
            ],
            [
              -88.446655,
              42.140636
            ],
            [
              -88.432487,
              42.153823
            ],
            [
              -88.238449,
              42.154249
            ],
            [
              -88.238257,
              42.092348
            ],
            [
              -88.194653,
              42.097324
            ],
            [
              -88.189746,
              42.089426
            ],
            [
              -88.181325,
              42.109981
            ],
            [
              -88.121552,
              42.110599
            ],
            [
              -88.131253,
              42.088666
            ],
            [
              -88.121717,
              42.088656
            ],
            [
              -88.121676,
              42.067109
            ],
            [
              -88.062517,
              42.067069
            ],
            [
              -88.077924,
              42.084995
            ],
            [
              -88.062695,
              42.086915
            ],
            [
              -88.053438,
              42.101809
            ],
            [
              -88.019318,
              42.108377
            ],
            [
              -88.014227,
              42.133961
            ],
            [
              -88.062987,
              42.137175
            ],
            [
              -88.062827,
              42.153855
            ],
            [
              -88.004466,
              42.153645
            ],
            [
              -88.007064,
              42.057945
            ],
            [
              -87.889981,
              42.049779
            ],
            [
              -87.859021,
              41.991139
            ],
            [
              -87.836618,
              41.986365
            ],
            [
              -87.836658,
              41.970232
            ],
            [
              -87.869617,
              41.973133
            ],
            [
              -87.867598,
              41.990306
            ],
            [
              -87.89597,
              42.000034
            ],
            [
              -87.890131,
              42.00232
            ],
            [
              -87.900483,
              42.023717
            ],
            [
              -87.940483,
              42.022716
            ],
            [
              -87.940697,
              42.037389
            ],
            [
              -87.966984,
              42.038141
            ],
            [
              -87.959925,
              42.024639
            ],
            [
              -87.979203,
              42.015277
            ],
            [
              -87.969005,
              41.971632
            ],
            [
              -87.978832,
              41.963403
            ],
            [
              -87.969119,
              41.961168
            ],
            [
              -87.969154,
              41.949552
            ],
            [
              -87.988692,
              41.949201
            ],
            [
              -87.988674,
              41.942526
            ],
            [
              -88.003325,
              41.949
            ],
            [
              -88.032023,
              41.931485
            ],
            [
              -88.052007,
              41.934275
            ],
            [
              -88.05213,
              41.920989
            ],
            [
              -88.091137,
              41.924513
            ],
            [
              -88.096151,
              41.902488
            ],
            [
              -88.081979,
              41.902963
            ],
            [
              -88.082229,
              41.888881
            ],
            [
              -88.111861,
              41.888027
            ],
            [
              -88.121582,
              41.892627
            ],
            [
              -88.120556,
              41.904306
            ],
            [
              -88.149976,
              41.907816
            ],
            [
              -88.15054,
              41.917376
            ],
            [
              -88.182172,
              41.9159
            ],
            [
              -88.184215,
              41.987599
            ],
            [
              -88.145101,
              41.988242
            ],
            [
              -88.144803,
              42.005431
            ],
            [
              -88.170214,
              42.015374
            ],
            [
              -88.188008,
              42.014903
            ],
            [
              -88.193165,
              42.005779
            ],
            [
              -88.224893,
              42.015041
            ],
            [
              -88.224927,
              42.040693
            ],
            [
              -88.251537,
              42.046493
            ],
            [
              -88.252515,
              42.059423
            ],
            [
              -88.262796,
              42.059212
            ],
            [
              -88.262552,
              41.871154
            ],
            [
              -88.310187,
              41.861935
            ],
            [
              -88.302921,
              41.898248
            ],
            [
              -88.287168,
              41.898837
            ],
            [
              -88.292607,
              41.918331
            ],
            [
              -88.376345,
              41.914201
            ],
            [
              -88.376076,
              42.066918
            ],
            [
              -88.471755,
              42.066953
            ],
            [
              -88.472055,
              42.127086
            ],
            [
              -88.472156,
              42.132599
            ]
          ]
        ]
      }
    },
    {
      "type": "Feature",
      "id": "us-cd:118:17:09",
      "properties": {
        "boundary_id": "us-cd:118:17:09",
        "boundary_type": "congressional_district",
        "name": "Congressional District 9",
        "stateFips": "17",
        "congress": 118,
        "district": "09",
        "bbox": [
          -88.355054,
          41.951087,
          -87.63148,
          42.284586
        ]
      },
      "geometry": {
        "type": "Polygon",
        "coordinates": [
          [
            [
              -88.355054,
              42.240752
            ],
            [
              -88.198245,
              42.241559
            ],
            [
              -88.19855,
              42.284586
            ],
            [
              -88.179916,
              42.264405
            ],
            [
              -88.145556,
              42.256687
            ],
            [
              -88.079063,
              42.266364
            ],
            [
              -88.052914,
              42.259025
            ],
            [
              -88.03368,
              42.269129
            ],
            [
              -88.028239,
              42.248368
            ],
            [
              -88.043161,
              42.240848
            ],
            [
              -88.004265,
              42.240696
            ],
            [
              -88.004271,
              42.215377
            ],
            [
              -87.965367,
              42.196119
            ],
            [
              -87.968951,
              42.153589
            ],
            [
              -87.959047,
              42.150262
            ],
            [
              -87.958593,
              42.138903
            ],
            [
              -87.946474,
              42.138796
            ],
            [
              -87.936782,
              42.113408
            ],
            [
              -87.83436,
              42.105639
            ],
            [
              -87.829398,
              42.109301
            ],
            [
              -87.840321,
              42.11654
            ],
            [
              -87.804276,
              42.113527
            ],
            [
              -87.797652,
              42.1235
            ],
            [
              -87.770274,
              42.123355
            ],
            [
              -87.771246,
              42.079703
            ],
            [
              -87.681465,
              42.078441
            ],
            [
              -87.649907,
              41.978518
            ],
            [
              -87.63148,
              41.963478
            ],
            [
              -87.656806,
              41.951087
            ],
            [
              -87.666199,
              41.968923
            ],
            [
              -87.688965,
              41.970412
            ],
            [
              -87.675044,
              41.990758
            ],
            [
              -87.75291,
              41.997303
            ],
            [
              -87.761619,
              42.011881
            ],
            [
              -87.776922,
              42.015457
            ],
            [
              -87.797126,
              42.000005
            ],
            [
              -87.841933,
              42.010867
            ],
            [
              -87.860014,
              42.0265
            ],
            [
              -87.860009,
              42.039338
            ],
            [
              -87.830762,
              42.040217
            ],
            [
              -87.840507,
              42.043629
            ],
            [
              -87.83994,
              42.065789
            ],
            [
              -87.857181,
              42.074141
            ],
            [
              -87.865236,
              42.065897
            ],
            [
              -87.891818,
              42.066018
            ],
            [
              -87.902927,
              42.079765
            ],
            [
              -87.936065,
              42.080751
            ],
            [
              -87.980423,
              42.112619
            ],
            [
              -87.985448,
              42.146376
            ],
            [
              -87.978146,
              42.152247
            ],
            [
              -87.984826,
              42.168182
            ],
            [
              -87.993682,
              42.16818
            ],
            [
              -87.989652,
              42.182721
            ],
            [
              -88.004546,
              42.182793
            ],
            [
              -88.00435,
              42.197259
            ],
            [
              -88.057909,
              42.197376
            ],
            [
              -88.057987,
              42.218875
            ],
            [
              -88.194931,
              42.207141
            ],
            [
              -88.199584,
              42.15426
            ],
            [
              -88.354416,
              42.154
            ],
            [
              -88.355053,
              42.240706
            ],
            [
              -88.355054,
              42.240752
            ]
          ]
        ]
      }
    },
    {
      "type": "Feature",
      "id": "us-cd:118:17:10",
      "properties": {
        "boundary_id": "us-cd:118:17:10",
        "boundary_type": "congressional_district",
        "name": "Congressional District 10",
        "stateFips": "17",
        "congress": 118,
        "district": "10",
        "bbox": [
          -88.472286,
          42.079703,
          -87.6909732534424,
          42.4946775305537
        ]
      },
      "geometry": {
        "type": "Polygon",
        "coordinates": [
          [
            [
              -88.471914,
              42.414247
            ],
            [
              -88.4716216533978,
              42.4946775305537
            ],
            [
              -87.802091,
              42.492576
            ],
            [
              -87.80326,
              42.390478
            ],
            [
              -87.816804,
              42.361586
            ],
            [
              -87.823518,
              42.364178
            ],
            [
              -87.832004,
              42.328346
            ],
            [
              -87.828569,
              42.269922
            ],
            [
              -87.7959,
              42.201352
            ],
            [
              -87.724661,
              42.107727
            ],
            [
              -87.6909732534424,
              42.0827655808153
            ],
            [
              -87.771246,
              42.079703
            ],
            [
              -87.770274,
              42.123355
            ],
            [
              -87.797652,
              42.1235
            ],
            [
              -87.804276,
              42.113527
            ],
            [
              -87.840321,
              42.11654
            ],
            [
              -87.829398,
              42.109301
            ],
            [
              -87.83436,
              42.105639
            ],
            [
              -87.936782,
              42.113408
            ],
            [
              -87.946474,
              42.138796
            ],
            [
              -87.958593,
              42.138903
            ],
            [
              -87.959047,
              42.150262
            ],
            [
              -87.968951,
              42.153589
            ],
            [
              -87.965367,
              42.196119
            ],
            [
              -88.004271,
              42.215377
            ],
            [
              -88.004265,
              42.240696
            ],
            [
              -88.043161,
              42.240848
            ],
            [
              -88.028239,
              42.248368
            ],
            [
              -88.03368,
              42.269129
            ],
            [
              -88.052914,
              42.259025
            ],
            [
              -88.101642,
              42.262593
            ],
            [
              -88.110685,
              42.28083
            ],
            [
              -88.10659,
              42.304697
            ],
            [
              -88.120555,
              42.306523
            ],
            [
              -88.120711,
              42.328449
            ],
            [
              -88.165548,
              42.328895
            ],
            [
              -88.169198,
              42.357782
            ],
            [
              -88.198454,
              42.357962
            ],
            [
              -88.198488,
              42.343153
            ],
            [
              -88.225431,
              42.336109
            ],
            [
              -88.260818,
              42.344095
            ],
            [
              -88.253665,
              42.353884
            ],
            [
              -88.267297,
              42.357228
            ],
            [
              -88.268021,
              42.368092
            ],
            [
              -88.302383,
              42.371386
            ],
            [
              -88.296668,
              42.357057
            ],
            [
              -88.312497,
              42.364077
            ],
            [
              -88.326664,
              42.329073
            ],
            [
              -88.345687,
              42.327706
            ],
            [
              -88.355437,
              42.366306
            ],
            [
              -88.367107,
              42.353435
            ],
            [
              -88.371497,
              42.369226
            ],
            [
              -88.472286,
              42.370479
            ],
            [
              -88.471914,
              42.414247
            ]
          ]
        ]
      }
    },
    {
      "type": "Feature",
      "id": "us-cd:118:17:11",
      "properties": {
        "boundary_id": "us-cd:118:17:11",
        "boundary_type": "congressional_district",
        "name": "Congressional District 11",
        "stateFips": "17",
        "congress": 118,
        "district": "11",
        "bbox": [
          -88.885886,
          41.631063,
          -87.912592,
          42.371386
        ]
      },
      "geometry": {
        "type": "Polygon",
        "coordinates": [
          [
            [
              -88.885886,
              42.269968
            ],
            [
              -88.861077,
              42.281259
            ],
            [
              -88.867113,
              42.291091
            ],
            [
              -88.846389,
              42.291278
            ],
            [
              -88.84655,
              42.30576
            ],
            [
              -88.822023,
              42.306668
            ],
            [
              -88.822073,
              42.327892
            ],
            [
              -88.51126,
              42.327472
            ],
            [
              -88.516213,
              42.365644
            ],
            [
              -88.472286,
              42.370479
            ],
            [
              -88.371497,
              42.369226
            ],
            [
              -88.367107,
              42.353435
            ],
            [
              -88.355437,
              42.366306
            ],
            [
              -88.345687,
              42.327706
            ],
            [
              -88.326664,
              42.329073
            ],
            [
              -88.312497,
              42.364077
            ],
            [
              -88.296668,
              42.357057
            ],
            [
              -88.302383,
              42.371386
            ],
            [
              -88.268021,
              42.368092
            ],
            [
              -88.267297,
              42.357228
            ],
            [
              -88.253665,
              42.353884
            ],
            [
              -88.260818,
              42.344095
            ],
            [
              -88.225431,
              42.336109
            ],
            [
              -88.198488,
              42.343153
            ],
            [
              -88.198454,
              42.357962
            ],
            [
              -88.169198,
              42.357782
            ],
            [
              -88.165548,
              42.328895
            ],
            [
              -88.120711,
              42.328449
            ],
            [
              -88.120555,
              42.306523
            ],
            [
              -88.10659,
              42.304697
            ],
            [
              -88.110685,
              42.28083
            ],
            [
              -88.101642,
              42.262593
            ],
            [
              -88.153494,
              42.257943
            ],
            [
              -88.179916,
              42.264405
            ],
            [
              -88.19855,
              42.284586
            ],
            [
              -88.198245,
              42.241559
            ],
            [
              -88.355054,
              42.240752
            ],
            [
              -88.354416,
              42.154
            ],
            [
              -88.432487,
              42.153823
            ],
            [
              -88.446655,
              42.140636
            ],
            [
              -88.43268,
              42.137512
            ],
            [
              -88.432681,
              42.122062
            ],
            [
              -88.457728,
              42.130283
            ],
            [
              -88.457093,
              42.121163
            ],
            [
              -88.466843,
              42.121231
            ],
            [
              -88.472156,
              42.132599
            ],
            [
              -88.471755,
              42.066953
            ],
            [
              -88.376076,
              42.066918
            ],
            [
              -88.376345,
              41.914201
            ],
            [
              -88.292607,
              41.918331
            ],
            [
              -88.287168,
              41.898837
            ],
            [
              -88.302921,
              41.898248
            ],
            [
              -88.310187,
              41.861935
            ],
            [
              -88.262552,
              41.871154
            ],
            [
              -88.262787,
              41.815632
            ],
            [
              -88.16594,
              41.830357
            ],
            [
              -88.151257,
              41.813583
            ],
            [
              -88.113779,
              41.81473
            ],
            [
              -88.119297,
              41.805625
            ],
            [
              -88.086873,
              41.776901
            ],
            [
              -88.076317,
              41.786271
            ],
            [
              -88.064199,
              41.773235
            ],
            [
              -88.039448,
              41.779426
            ],
            [
              -88.04541,
              41.772067
            ],
            [
              -88.031525,
              41.765571
            ],
            [
              -88.027266,
              41.750848
            ],
            [
              -88.012707,
              41.751152
            ],
            [
              -88.011846,
              41.729232
            ],
            [
              -87.91461,
              41.723888
            ],
            [
              -87.912592,
              41.665747
            ],
            [
              -87.980315,
              41.67156
            ],
            [
              -87.980597,
              41.664405
            ],
            [
              -87.994216,
              41.664279
            ],
            [
              -87.990098,
              41.656782
            ],
            [
              -88.004652,
              41.656508
            ],
            [
              -88.028557,
              41.669915
            ],
            [
              -88.055272,
              41.655445
            ],
            [
              -88.12481,
              41.652291
            ],
            [
              -88.124008,
              41.63169
            ],
            [
              -88.144811,
              41.631063
            ],
            [
              -88.148194,
              41.726117
            ],
            [
              -88.261952,
              41.724652
            ],
            [
              -88.26212,
              41.760446
            ],
            [
              -88.294288,
              41.753259
            ],
            [
              -88.31362,
              41.760342
            ],
            [
              -88.327771,
              41.744537
            ],
            [
              -88.375688,
              41.744395
            ],
            [
              -88.376107,
              41.809888
            ],
            [
              -88.602566,
              41.806847
            ],
            [
              -88.60156,
              42.017925
            ],
            [
              -88.611272,
              42.017819
            ],
            [
              -88.613546,
              42.003162
            ],
            [
              -88.640191,
              42.003037
            ],
            [
              -88.6319,
              42.02895
            ],
            [
              -88.652306,
              42.031968
            ],
            [
              -88.653548,
              42.040023
            ],
            [
              -88.681299,
              42.037962
            ],
            [
              -88.683862,
              42.066474
            ],
            [
              -88.821896,
              42.066151
            ],
            [
              -88.822419,
              42.153391
            ],
            [
              -88.861515,
              42.153046
            ],
            [
              -88.862524,
              42.26753
            ],
            [
              -88.88552,
              42.269117
            ],
            [
              -88.885886,
              42.269968
            ]
          ]
        ]
      }
    },
    {
      "type": "Feature",
      "id": "us-cd:118:17:12",
      "properties": {
        "boundary_id": "us-cd:118:17:12",
        "boundary_type": "congressional_district",
        "name": "Congressional District 12",
        "stateFips": "17",
        "congress": 118,
        "district": "12",
        "bbox": [
          -90.372659,
          36.973518,
          -87.495905,
          39.685973
        ]
      },
      "geometry": {
        "type": "Polygon",
        "coordinates": [
          [
            [
              -90.371719,
              38.304354
            ],
            [
              -90.370819,
              38.333554
            ],
            [
              -90.349132,
              38.377458
            ],
            [
              -90.292782,
              38.428651
            ],
            [
              -90.2638283400561,
              38.5205107006385
            ],
            [
              -90.219031,
              38.484994
            ],
            [
              -90.184411,
              38.529451
            ],
            [
              -90.13865,
              38.530419
            ],
            [
              -90.100031,
              38.55406
            ],
            [
              -90.036072,
              38.534893
            ],
            [
              -90.036256,
              38.483845
            ],
            [
              -89.9351,
              38.488878
            ],
            [
              -89.929084,
              38.57056
            ],
            [
              -89.901764,
              38.569992
            ],
            [
              -89.901444,
              38.584007
            ],
            [
              -89.990587,
              38.603363
            ],
            [
              -89.994535,
              38.614452
            ],
            [
              -90.004537,
              38.614511
            ],
            [
              -90.004686,
              38.646294
            ],
            [
              -89.98589,
              38.658205
            ],
            [
              -89.595103,
              38.655948
            ],
            [
              -89.597321,
              38.743236
            ],
            [
              -89.138393,
              38.736331
            ],
            [
              -89.138138,
              38.824209
            ],
            [
              -88.695165,
              38.826299
            ],
            [
              -88.693531,
              38.914617
            ],
            [
              -88.806795,
              38.911585
            ],
            [
              -88.805325,
              39.216263
            ],
            [
              -88.470906,
              39.215029
            ],
            [
              -88.470351,
              39.432629
            ],
            [
              -88.359806,
              39.432329
            ],
            [
              -88.359525,
              39.47364
            ],
            [
              -88.345682,
              39.46999
            ],
            [
              -88.336171,
              39.484202
            ],
            [
              -88.316001,
              39.484412
            ],
            [
              -88.247947,
              39.483986
            ],
            [
              -88.248154,
              39.433767
            ],
            [
              -88.174468,
              39.433724
            ],
            [
              -88.163235,
              39.458055
            ],
            [
              -88.16513,
              39.499487
            ],
            [
              -88.123958,
              39.513331
            ],
            [
              -88.123785,
              39.520875
            ],
            [
              -88.139984,
              39.520795
            ],
            [
              -88.139551,
              39.652057
            ],
            [
              -88.063518,
              39.652657
            ],
            [
              -88.063013,
              39.681311
            ],
            [
              -87.966347,
              39.685973
            ],
            [
              -87.960179,
              39.481309
            ],
            [
              -87.688972,
              39.487392
            ],
            [
              -87.689275,
              39.476771
            ],
            [
              -87.5316578789999,
              39.4771090156042
            ],
            [
              -87.531646,
              39.348062
            ],
            [
              -87.544013,
              39.352907
            ],
            [
              -87.5544,
              39.340488
            ],
            [
              -87.584852,
              39.337329
            ],
            [
              -87.621176,
              39.304162
            ],
            [
              -87.598416,
              39.300086
            ],
            [
              -87.609915,
              39.281415
            ],
            [
              -87.593486,
              39.247452
            ],
            [
              -87.571333,
              39.251381
            ],
            [
              -87.579319,
              39.243552
            ],
            [
              -87.577029,
              39.211123
            ],
            [
              -87.605173,
              39.185897
            ],
            [
              -87.6204,
              39.185195
            ],
            [
              -87.620521,
              39.17033
            ],
            [
              -87.642065,
              39.162477
            ],
            [
              -87.628743,
              39.153917
            ],
            [
              -87.642175,
              39.157097
            ],
            [
              -87.658745,
              39.135997
            ],
            [
              -87.6351,
              39.122298
            ],
            [
              -87.651022,
              39.116439
            ],
            [
              -87.652796,
              39.106839
            ],
            [
              -87.614881,
              39.102655
            ],
            [
              -87.615964,
              39.082566
            ],
            [
              -87.595559,
              39.078978
            ],
            [
              -87.572588,
              39.057286
            ],
            [
              -87.580252,
              39.039377
            ],
            [
              -87.569696,
              39.019413
            ],
            [
              -87.578654,
              38.999502
            ],
            [
              -87.560427,
              38.992425
            ],
            [
              -87.576531,
              38.986711
            ],
            [
              -87.529496,
              38.971925
            ],
            [
              -87.512187,
              38.954417
            ],
            [
              -87.521851,
              38.940069
            ],
            [
              -87.518826,
              38.923205
            ],
            [
              -87.527702,
              38.918449
            ],
            [
              -87.527295,
              38.907215
            ],
            [
              -87.516728,
              38.904123
            ],
            [
              -87.533695,
              38.900957
            ],
            [
              -87.535703,
              38.887207
            ],
            [
              -87.544089,
              38.895093
            ],
            [
              -87.534919,
              38.878874
            ],
            [
              -87.553394,
              38.86241
            ],
            [
              -87.525893,
              38.848795
            ],
            [
              -87.527342,
              38.818121
            ],
            [
              -87.495905,
              38.785434
            ],
            [
              -87.514548,
              38.771821
            ],
            [
              -87.498216,
              38.768307
            ],
            [
              -87.504006,
              38.74971
            ],
            [
              -87.49652,
              38.739336
            ],
            [
              -87.531231,
              38.684036
            ],
            [
              -87.597247,
              38.665314
            ],
            [
              -87.605817,
              38.646518
            ],
            [
              -87.62012,
              38.639489
            ],
            [
              -87.616152,
              38.623215
            ],
            [
              -87.627348,
              38.60544
            ],
            [
              -87.61196,
              38.589248
            ],
            [
              -87.637627,
              38.592654
            ],
            [
              -87.650704,
              38.55624
            ],
            [
              -87.670071,
              38.545237
            ],
            [
              -87.646226,
              38.51509
            ],
            [
              -87.650092,
              38.504606
            ],
            [
              -87.672382,
              38.507396
            ],
            [
              -87.685921,
              38.491843
            ],
            [
              -87.744644,
              38.477266
            ],
            [
              -87.755355,
              38.46396
            ],
            [
              -87.755931,
              38.455876
            ],
            [
              -87.730369,
              38.447884
            ],
            [
              -87.745254,
              38.408996
            ],
            [
              -87.783079,
              38.368862
            ],
            [
              -87.806075,
              38.363143
            ],
            [
              -87.823411,
              38.345968
            ],
            [
              -87.838979,
              38.282327
            ],
            [
              -87.859651,
              38.276711
            ],
            [
              -87.86112,
              38.307826
            ],
            [
              -87.870537,
              38.31222
            ],
            [
              -87.91111,
              38.268031
            ],
            [
              -87.91947,
              38.274547
            ],
            [
              -87.909536,
              38.296061
            ],
            [
              -87.933556,
              38.295896
            ],
            [
              -87.952198,
              38.273102
            ],
            [
              -87.942067,
              38.260301
            ],
            [
              -87.960225,
              38.237118
            ],
            [
              -87.987618,
              38.257381
            ],
            [
              -87.975819,
              38.197834
            ],
            [
              -87.936443,
              38.171355
            ],
            [
              -87.934299,
              38.156459
            ],
            [
              -87.922901,
              38.173291
            ],
            [
              -87.911428,
              38.16174
            ],
            [
              -87.945472,
              38.126616
            ],
            [
              -87.965755,
              38.132621
            ],
            [
              -87.975299,
              38.110053
            ],
            [
              -88.013118,
              38.103527
            ],
            [
              -88.014633,
              38.090398
            ],
            [
              -88.004697,
              38.083965
            ],
            [
              -87.960463,
              38.099086
            ],
            [
              -87.956664,
              38.086202
            ],
            [
              -87.967226,
              38.067105
            ],
            [
              -88.042132,
              38.046345
            ],
            [
              -88.034132,
              38.032045
            ],
            [
              -88.007631,
              38.029145
            ],
            [
              -88.025831,
              38.007245
            ],
            [
              -88.012929,
              37.966544
            ],
            [
              -88.036793,
              37.956793
            ],
            [
              -88.035345,
              37.925528
            ],
            [
              -88.059767,
              37.933856
            ],
            [
              -88.069613,
              37.926848
            ],
            [
              -88.063023,
              37.918196
            ],
            [
              -88.022513,
              37.914756
            ],
            [
              -88.013355,
              37.894854
            ],
            [
              -88.020284,
              37.888051
            ],
            [
              -88.086237,
              37.905713
            ],
            [
              -88.097892,
              37.901517
            ],
            [
              -88.065036,
              37.853172
            ],
            [
              -88.025921,
              37.832694
            ],
            [
              -88.043831,
              37.821525
            ],
            [
              -88.080854,
              37.830902
            ],
            [
              -88.090039,
              37.816771
            ],
            [
              -88.067716,
              37.80057
            ],
            [
              -88.037623,
              37.809864
            ],
            [
              -88.02803,
              37.799224
            ],
            [
              -88.059588,
              37.742608
            ],
            [
              -88.122412,
              37.709685
            ],
            [
              -88.160187,
              37.657592
            ],
            [
              -88.136489,
              37.577307
            ],
            [
              -88.069018,
              37.525297
            ],
            [
              -88.064115,
              37.492013
            ],
            [
              -88.085229,
              37.47154
            ],
            [
              -88.281667,
              37.452596
            ],
            [
              -88.365471,
              37.401663
            ],
            [
              -88.408808,
              37.425216
            ],
            [
              -88.470224,
              37.396255
            ],
            [
              -88.515939,
              37.284043
            ],
            [
              -88.508031,
              37.260261
            ],
            [
              -88.447764,
              37.203527
            ],
            [
              -88.424403,
              37.152428
            ],
            [
              -88.460594,
              37.074298
            ],
            [
              -88.514356,
              37.065231
            ],
            [
              -88.566839,
              37.0755
            ],
            [
              -88.61144,
              37.112745
            ],
            [
              -88.693983,
              37.141155
            ],
            [
              -88.732105,
              37.143956
            ],
            [
              -88.80572,
              37.188595
            ],
            [
              -88.91618,
              37.223991
            ],
            [
              -88.974711,
              37.229708
            ],
            [
              -89.029981,
              37.211144
            ],
            [
              -89.076221,
              37.175125
            ],
            [
              -89.11069,
              37.122049
            ],
            [
              -89.168087,
              37.074218
            ],
            [
              -89.181369,
              37.046305
            ],
            [
              -89.178975,
              37.020928
            ],
            [
              -89.132685,
              36.9822
            ],
            [
              -89.185491,
              36.973518
            ],
            [
              -89.200793,
              37.016164
            ],
            [
              -89.234053,
              37.037277
            ],
            [
              -89.25493,
              37.072014
            ],
            [
              -89.259936,
              37.064071
            ],
            [
              -89.30829,
              37.068371
            ],
            [
              -89.304752,
              37.047565
            ],
            [
              -89.260003,
              37.023288
            ],
            [
              -89.263527,
              37.00005
            ],
            [
              -89.278628,
              36.98867
            ],
            [
              -89.378277,
              37.039605
            ],
            [
              -89.385434,
              37.05513
            ],
            [
              -89.37871,
              37.094586
            ],
            [
              -89.42558,
              37.138235
            ],
            [
              -89.461862,
              37.199517
            ],
            [
              -89.4675,
              37.221844
            ],
            [
              -89.458827,
              37.248661
            ],
            [
              -89.489915,
              37.251315
            ],
            [
              -89.51834,
              37.285497
            ],
            [
              -89.511842,
              37.310825
            ],
            [
              -89.489005,
              37.333368
            ],
            [
              -89.432836,
              37.347056
            ],
            [
              -89.421054,
              37.387668
            ],
            [
              -89.439769,
              37.4372
            ],
            [
              -89.475525,
              37.471388
            ],
            [
              -89.517051,
              37.537278
            ],
            [
              -89.519808,
              37.582748
            ],
            [
              -89.486062,
              37.580853
            ],
            [
              -89.475932,
              37.592998
            ],
            [
              -89.517718,
              37.641217
            ],
            [
              -89.514255,
              37.689923
            ],
            [
              -89.583316,
              37.713261
            ],
            [
              -89.617278,
              37.74972
            ],
            [
              -89.663352,
              37.750052
            ],
            [
              -89.66038,
              37.786296
            ],
            [
              -89.669644,
              37.799922
            ],
            [
              -89.739873,
              37.84693
            ],
            [
              -89.786369,
              37.851734
            ],
            [
              -89.80036,
              37.868625
            ],
            [
              -89.799333,
              37.881517
            ],
            [
              -89.842649,
              37.905196
            ],
            [
              -89.901832,
              37.869822
            ],
            [
              -89.950594,
              37.881526
            ],
            [
              -89.974918,
              37.926719
            ],
            [
              -89.932467,
              37.947497
            ],
            [
              -89.925085,
              37.960021
            ],
            [
              -89.93586,
              37.959574
            ],
            [
              -89.940754,
              37.971038
            ],
            [
              -90.00011,
              37.964563
            ],
            [
              -90.057269,
              38.014362
            ],
            [
              -90.08826,
              38.015772
            ],
            [
              -90.117423,
              38.031708
            ],
            [
              -90.130788,
              38.062341
            ],
            [
              -90.157855,
              38.074798
            ],
            [
              -90.17716,
              38.071152
            ],
            [
              -90.218708,
              38.094365
            ],
            [
              -90.243116,
              38.112669
            ],
            [
              -90.274928,
              38.157615
            ],
            [
              -90.331554,
              38.18758
            ],
            [
              -90.353902,
              38.213855
            ],
            [
              -90.372659,
              38.28623
            ],
            [
              -90.371719,
              38.304354
            ]
          ]
        ]
      }
    },
    {
      "type": "Feature",
      "id": "us-cd:118:17:13",
      "properties": {
        "boundary_id": "us-cd:118:17:13",
        "boundary_type": "congressional_district",
        "name": "Congressional District 13",
        "stateFips": "17",
        "congress": 118,
        "district": "13",
        "bbox": [
          -90.2638283400561,
          38.483845,
          -88.123888,
          40.171299
        ]
      },
      "geometry": {
        "type": "Polygon",
        "coordinates": [
          [
            [
              -90.263814,
              38.520552
            ],
            [
              -90.224212,
              38.575051
            ],
            [
              -90.191811,
              38.598951
            ],
            [
              -90.17881,
              38.62915
            ],
            [
              -90.18261,
              38.66535
            ],
            [
              -90.20921,
              38.70275
            ],
            [
              -90.20991,
              38.72605
            ],
            [
              -90.166409,
              38.772649
            ],
            [
              -90.123107,
              38.798048
            ],
            [
              -90.109107,
              38.837448
            ],
            [
              -90.113327,
              38.849306
            ],
            [
              -90.192662942628,
              38.8864881492173
            ],
            [
              -90.196134,
              38.908538
            ],
            [
              -90.19232,
              38.936733
            ],
            [
              -90.157182,
              38.937086
            ],
            [
              -90.14959,
              38.925104
            ],
            [
              -90.126339,
              38.930313
            ],
            [
              -90.117591,
              38.957023
            ],
            [
              -90.118014,
              38.999027
            ],
            [
              -90.145984,
              38.999303
            ],
            [
              -90.153782,
              39.520315
            ],
            [
              -89.813147,
              39.522838
            ],
            [
              -89.815327,
              39.697933
            ],
            [
              -89.705144,
              39.698301
            ],
            [
              -89.705836,
              39.74262
            ],
            [
              -89.719926,
              39.747078
            ],
            [
              -89.708521,
              39.873147
            ],
            [
              -89.664309,
              39.873553
            ],
            [
              -89.663835,
              39.826736
            ],
            [
              -89.593248,
              39.831544
            ],
            [
              -89.598935,
              39.787433
            ],
            [
              -89.482495,
              39.788236
            ],
            [
              -89.483039,
              39.875039
            ],
            [
              -89.367638,
              39.87405
            ],
            [
              -89.367112,
              39.917587
            ],
            [
              -89.143451,
              39.917647
            ],
            [
              -89.143875,
              39.961368
            ],
            [
              -88.745435,
              39.967568
            ],
            [
              -88.745164,
              40.055191
            ],
            [
              -88.46302,
              40.05503
            ],
            [
              -88.463174,
              40.142196
            ],
            [
              -88.314827,
              40.142098
            ],
            [
              -88.314978,
              40.159987
            ],
            [
              -88.301081,
              40.153609
            ],
            [
              -88.296122,
              40.171299
            ],
            [
              -88.201211,
              40.171075
            ],
            [
              -88.200978,
              40.152874
            ],
            [
              -88.183652,
              40.14205
            ],
            [
              -88.124937,
              40.14219
            ],
            [
              -88.123888,
              40.054988
            ],
            [
              -88.238296,
              40.054382
            ],
            [
              -88.237885,
              40.010443
            ],
            [
              -88.349616,
              40.011068
            ],
            [
              -88.354033,
              39.967351
            ],
            [
              -88.406803,
              39.967388
            ],
            [
              -88.406105,
              39.879235
            ],
            [
              -88.612548,
              39.879057
            ],
            [
              -88.613001,
              39.850301
            ],
            [
              -88.841241,
              39.857165
            ],
            [
              -88.851313,
              39.866336
            ],
            [
              -88.878665,
              39.862913
            ],
            [
              -88.879114,
              39.851774
            ],
            [
              -88.945162,
              39.824519
            ],
            [
              -88.977025,
              39.831312
            ],
            [
              -88.977522,
              39.846994
            ],
            [
              -88.98931,
              39.850661
            ],
            [
              -88.991949,
              39.87589
            ],
            [
              -88.961546,
              39.876436
            ],
            [
              -88.955028,
              39.89128
            ],
            [
              -88.955252,
              39.90817
            ],
            [
              -88.985968,
              39.907964
            ],
            [
              -89.043366,
              39.861729
            ],
            [
              -89.048598,
              39.839332
            ],
            [
              -89.075743,
              39.832773
            ],
            [
              -89.082768,
              39.816516
            ],
            [
              -89.10391,
              39.816183
            ],
            [
              -89.105877,
              39.801669
            ],
            [
              -89.151463,
              39.80125
            ],
            [
              -89.18819,
              39.817524
            ],
            [
              -89.234176,
              39.813088
            ],
            [
              -89.248546,
              39.825737
            ],
            [
              -89.262541,
              39.804385
            ],
            [
              -89.328422,
              39.763811
            ],
            [
              -89.354136,
              39.772093
            ],
            [
              -89.362948,
              39.755635
            ],
            [
              -89.373718,
              39.758707
            ],
            [
              -89.397087,
              39.742153
            ],
            [
              -89.410203,
              39.744031
            ],
            [
              -89.425171,
              39.762022
            ],
            [
              -89.425051,
              39.683696
            ],
            [
              -89.478923,
              39.683964
            ],
            [
              -89.478473,
              39.640842
            ],
            [
              -89.535028,
              39.641138
            ],
            [
              -89.533526,
              39.524592
            ],
            [
              -89.701661,
              39.523316
            ],
            [
              -89.698555,
              38.998979
            ],
            [
              -89.92698,
              38.998766
            ],
            [
              -89.927221,
              38.941958
            ],
            [
              -89.946012,
              38.935693
            ],
            [
              -89.94623,
              38.920227
            ],
            [
              -89.946069,
              38.898338
            ],
            [
              -89.927516,
              38.894937
            ],
            [
              -89.928793,
              38.741526
            ],
            [
              -89.95658,
              38.744986
            ],
            [
              -89.960515,
              38.702646
            ],
            [
              -90.007256,
              38.632633
            ],
            [
              -89.992714,
              38.604289
            ],
            [
              -89.901444,
              38.584007
            ],
            [
              -89.901764,
              38.569992
            ],
            [
              -89.929084,
              38.57056
            ],
            [
              -89.9351,
              38.488878
            ],
            [
              -90.036256,
              38.483845
            ],
            [
              -90.036072,
              38.534893
            ],
            [
              -90.100031,
              38.55406
            ],
            [
              -90.13865,
              38.530419
            ],
            [
              -90.184411,
              38.529451
            ],
            [
              -90.219031,
              38.484994
            ],
            [
              -90.2638283400561,
              38.5205107006385
            ],
            [
              -90.263814,
              38.520552
            ]
          ]
        ]
      }
    },
    {
      "type": "Feature",
      "id": "us-cd:118:17:14",
      "properties": {
        "boundary_id": "us-cd:118:17:14",
        "boundary_type": "congressional_district",
        "name": "Congressional District 14",
        "stateFips": "17",
        "congress": 118,
        "district": "14",
        "bbox": [
          -89.393657,
          41.19143,
          -88.018991,
          42.066474
        ]
      },
      "geometry": {
        "type": "Polygon",
        "coordinates": [
          [
            [
              -89.393657,
              41.494931
            ],
            [
              -89.166542,
              41.495832
            ],
            [
              -89.16715,
              41.628657
            ],
            [
              -88.938679,
              41.628316
            ],
            [
              -88.941883,
              41.97888
            ],
            [
              -88.714728,
              41.980045
            ],
            [
              -88.715601,
              42.066434
            ],
            [
              -88.683862,
              42.066474
            ],
            [
              -88.681299,
              42.037962
            ],
            [
              -88.653548,
              42.040023
            ],
            [
              -88.652306,
              42.031968
            ],
            [
              -88.6319,
              42.02895
            ],
            [
              -88.640191,
              42.003037
            ],
            [
              -88.613546,
              42.003162
            ],
            [
              -88.611272,
              42.017819
            ],
            [
              -88.60156,
              42.017925
            ],
            [
              -88.602566,
              41.806847
            ],
            [
              -88.376107,
              41.809888
            ],
            [
              -88.375688,
              41.744395
            ],
            [
              -88.327771,
              41.744537
            ],
            [
              -88.31362,
              41.760342
            ],
            [
              -88.294288,
              41.753259
            ],
            [
              -88.26212,
              41.760446
            ],
            [
              -88.261952,
              41.724652
            ],
            [
              -88.148194,
              41.726117
            ],
            [
              -88.144811,
              41.631063
            ],
            [
              -88.124008,
              41.63169
            ],
            [
              -88.12481,
              41.652291
            ],
            [
              -88.055272,
              41.655445
            ],
            [
              -88.028557,
              41.669915
            ],
            [
              -88.027688,
              41.641506
            ],
            [
              -88.060347,
              41.636946
            ],
            [
              -88.0646,
              41.597031
            ],
            [
              -88.040649,
              41.597407
            ],
            [
              -88.052953,
              41.584676
            ],
            [
              -88.02579,
              41.5833
            ],
            [
              -88.018991,
              41.38044
            ],
            [
              -88.134896,
              41.378247
            ],
            [
              -88.138353,
              41.4647
            ],
            [
              -88.176909,
              41.464065
            ],
            [
              -88.178315,
              41.481362
            ],
            [
              -88.214301,
              41.463447
            ],
            [
              -88.595961,
              41.457129
            ],
            [
              -88.590875,
              41.303052
            ],
            [
              -88.62592,
              41.299863
            ],
            [
              -88.653067,
              41.313918
            ],
            [
              -88.811349,
              41.339916
            ],
            [
              -88.817013,
              41.281168
            ],
            [
              -88.913569,
              41.280161
            ],
            [
              -88.913425,
              41.258248
            ],
            [
              -88.93287,
              41.258125
            ],
            [
              -88.933078,
              41.280034
            ],
            [
              -89.048542,
              41.28003
            ],
            [
              -89.055196,
              41.222204
            ],
            [
              -89.162782,
              41.221379
            ],
            [
              -89.16262,
              41.192312
            ],
            [
              -89.308852,
              41.19143
            ],
            [
              -89.31172,
              41.211911
            ],
            [
              -89.345734,
              41.247344
            ],
            [
              -89.343345,
              41.255356
            ],
            [
              -89.350253,
              41.252554
            ],
            [
              -89.348384,
              41.261018
            ],
            [
              -89.393463,
              41.264704
            ],
            [
              -89.393555,
              41.451441
            ],
            [
              -89.393657,
              41.494931
            ]
          ]
        ]
      }
    },
    {
      "type": "Feature",
      "id": "us-cd:118:17:15",
      "properties": {
        "boundary_id": "us-cd:118:17:15",
        "boundary_type": "congressional_district",
        "name": "Congressional District 15",
        "stateFips": "17",
        "congress": 118,
        "district": "15",
        "bbox": [
          -91.513079,
          38.655948,
          -87.5316578789999,
          41.3333590479676
        ]
      },
      "geometry": {
        "type": "Polygon",
        "coordinates": [
          [
            [
              -91.512974,
              40.181062
            ],
            [
              -91.504477,
              40.198262
            ],
            [
              -91.505828,
              40.238839
            ],
            [
              -91.490524,
              40.259498
            ],
            [
              -91.492727,
              40.278217
            ],
            [
              -91.46214,
              40.342414
            ],
            [
              -91.444833,
              40.36317
            ],
            [
              -91.415695,
              40.381381
            ],
            [
              -91.381958,
              40.387632
            ],
            [
              -91.372921,
              40.399108
            ],
            [
              -91.381769,
              40.442555
            ],
            [
              -91.364211,
              40.500043
            ],
            [
              -91.384531,
              40.530948
            ],
            [
              -91.404125,
              40.539127
            ],
            [
              -91.405241,
              40.554641
            ],
            [
              -91.339719,
              40.613488
            ],
            [
              -91.253074,
              40.637962
            ],
            [
              -91.18698,
              40.637297
            ],
            [
              -91.123928,
              40.669152
            ],
            [
              -91.11194,
              40.697018
            ],
            [
              -91.110424,
              40.745528
            ],
            [
              -91.091703,
              40.779708
            ],
            [
              -91.092993,
              40.821079
            ],
            [
              -91.009536,
              40.900565
            ],
            [
              -90.962916,
              40.924957
            ],
            [
              -90.942253,
              41.034702
            ],
            [
              -90.946627,
              41.096632
            ],
            [
              -90.99496,
              41.160624
            ],
            [
              -91.041536,
              41.166138
            ],
            [
              -91.113648,
              41.241401
            ],
            [
              -91.074841,
              41.305578
            ],
            [
              -91.0719555241451,
              41.3333590479676
            ],
            [
              -90.669655,
              41.32767
            ],
            [
              -90.671535,
              40.892461
            ],
            [
              -90.44176,
              40.88906
            ],
            [
              -90.446883,
              40.539839
            ],
            [
              -90.522668,
              40.541783
            ],
            [
              -90.523727,
              40.528234
            ],
            [
              -90.542662,
              40.528791
            ],
            [
              -90.542834,
              40.542339
            ],
            [
              -90.673964,
              40.543188
            ],
            [
              -90.674679,
              40.482841
            ],
            [
              -90.724104,
              40.485438
            ],
            [
              -90.727863,
              40.47636
            ],
            [
              -90.7048,
              40.448035
            ],
            [
              -90.618281,
              40.447517
            ],
            [
              -90.61775,
              40.455877
            ],
            [
              -89.905582,
              40.451506
            ],
            [
              -89.92468,
              40.435921
            ],
            [
              -89.717104,
              40.435655
            ],
            [
              -89.714927,
              40.319218
            ],
            [
              -89.26374,
              40.325344
            ],
            [
              -89.26265,
              40.280919
            ],
            [
              -88.4809,
              40.281216
            ],
            [
              -88.460418,
              40.281935
            ],
            [
              -88.460269,
              40.310991
            ],
            [
              -88.23291,
              40.31157
            ],
            [
              -88.232485,
              40.282321
            ],
            [
              -88.174392,
              40.28276
            ],
            [
              -88.174527,
              40.275387
            ],
            [
              -88.169293,
              40.282754
            ],
            [
              -88.12679,
              40.282995
            ],
            [
              -88.117064,
              40.275717
            ],
            [
              -88.117168,
              40.283184
            ],
            [
              -88.078564,
              40.283397
            ],
            [
              -88.078887,
              40.312516
            ],
            [
              -87.929992,
              40.313376
            ],
            [
              -87.92876,
              40.225619
            ],
            [
              -87.942103,
              40.225482
            ],
            [
              -87.939632,
              40.083616
            ],
            [
              -87.806483,
              40.085913
            ],
            [
              -87.806213,
              40.041618
            ],
            [
              -87.7869,
              40.04183
            ],
            [
              -87.78662,
              40.02727
            ],
            [
              -87.676211,
              40.027921
            ],
            [
              -87.676147,
              40.042608
            ],
            [
              -87.65874,
              40.04285
            ],
            [
              -87.657068,
              40.028053
            ],
            [
              -87.62384,
              40.02074
            ],
            [
              -87.61487,
              40.05797
            ],
            [
              -87.5321684397794,
              40.0588019811166
            ],
            [
              -87.5316578789999,
              39.4771090156042
            ],
            [
              -87.689275,
              39.476771
            ],
            [
              -87.688972,
              39.487392
            ],
            [
              -87.960179,
              39.481309
            ],
            [
              -87.966347,
              39.685973
            ],
            [
              -88.063013,
              39.681311
            ],
            [
              -88.063518,
              39.652657
            ],
            [
              -88.139551,
              39.652057
            ],
            [
              -88.139984,
              39.520795
            ],
            [
              -88.123785,
              39.520875
            ],
            [
              -88.123958,
              39.513331
            ],
            [
              -88.16513,
              39.499487
            ],
            [
              -88.163235,
              39.458055
            ],
            [
              -88.174468,
              39.433724
            ],
            [
              -88.248154,
              39.433767
            ],
            [
              -88.247947,
              39.483986
            ],
            [
              -88.316001,
              39.484412
            ],
            [
              -88.336171,
              39.484202
            ],
            [
              -88.345682,
              39.46999
            ],
            [
              -88.359525,
              39.47364
            ],
            [
              -88.359806,
              39.432329
            ],
            [
              -88.470351,
              39.432629
            ],
            [
              -88.470906,
              39.215029
            ],
            [
              -88.805325,
              39.216263
            ],
            [
              -88.806795,
              38.911585
            ],
            [
              -88.693531,
              38.914617
            ],
            [
              -88.695165,
              38.826299
            ],
            [
              -89.138138,
              38.824209
            ],
            [
              -89.138393,
              38.736331
            ],
            [
              -89.597321,
              38.743236
            ],
            [
              -89.595103,
              38.655948
            ],
            [
              -89.983178,
              38.658189
            ],
            [
              -89.984836,
              38.670447
            ],
            [
              -89.973781,
              38.673918
            ],
            [
              -89.976498,
              38.683953
            ],
            [
              -89.959978,
              38.704215
            ],
            [
              -89.95658,
              38.744986
            ],
            [
              -89.928709,
              38.74191
            ],
            [
              -89.927516,
              38.894937
            ],
            [
              -89.946069,
              38.898338
            ],
            [
              -89.94623,
              38.920227
            ],
            [
              -89.946012,
              38.935693
            ],
            [
              -89.927221,
              38.941958
            ],
            [
              -89.92698,
              38.998766
            ],
            [
              -89.698555,
              38.998979
            ],
            [
              -89.701661,
              39.523316
            ],
            [
              -89.533526,
              39.524592
            ],
            [
              -89.535028,
              39.641138
            ],
            [
              -89.478473,
              39.640842
            ],
            [
              -89.478923,
              39.683964
            ],
            [
              -89.425051,
              39.683696
            ],
            [
              -89.425171,
              39.762022
            ],
            [
              -89.410203,
              39.744031
            ],
            [
              -89.397087,
              39.742153
            ],
            [
              -89.373718,
              39.758707
            ],
            [
              -89.362948,
              39.755635
            ],
            [
              -89.354136,
              39.772093
            ],
            [
              -89.328422,
              39.763811
            ],
            [
              -89.262541,
              39.804385
            ],
            [
              -89.248546,
              39.825737
            ],
            [
              -89.234176,
              39.813088
            ],
            [
              -89.18819,
              39.817524
            ],
            [
              -89.151463,
              39.80125
            ],
            [
              -89.105877,
              39.801669
            ],
            [
              -89.10391,
              39.816183
            ],
            [
              -89.082768,
              39.816516
            ],
            [
              -89.075743,
              39.832773
            ],
            [
              -89.048598,
              39.839332
            ],
            [
              -89.043366,
              39.861729
            ],
            [
              -88.985968,
              39.907964
            ],
            [
              -88.955252,
              39.90817
            ],
            [
              -88.955028,
              39.89128
            ],
            [
              -88.961546,
              39.876436
            ],
            [
              -88.991949,
              39.87589
            ],
            [
              -88.98931,
              39.850661
            ],
            [
              -88.977522,
              39.846994
            ],
            [
              -88.977025,
              39.831312
            ],
            [
              -88.945162,
              39.824519
            ],
            [
              -88.879114,
              39.851774
            ],
            [
              -88.878665,
              39.862913
            ],
            [
              -88.851313,
              39.866336
            ],
            [
              -88.841241,
              39.857165
            ],
            [
              -88.613001,
              39.850301
            ],
            [
              -88.612548,
              39.879057
            ],
            [
              -88.406105,
              39.879235
            ],
            [
              -88.406803,
              39.967388
            ],
            [
              -88.354033,
              39.967351
            ],
            [
              -88.349616,
              40.011068
            ],
            [
              -88.237885,
              40.010443
            ],
            [
              -88.238296,
              40.054382
            ],
            [
              -88.123888,
              40.054988
            ],
            [
              -88.124937,
              40.14219
            ],
            [
              -88.183652,
              40.14205
            ],
            [
              -88.200978,
              40.152874
            ],
            [
              -88.201211,
              40.171075
            ],
            [
              -88.296122,
              40.171299
            ],
            [
              -88.301081,
              40.153609
            ],
            [
              -88.314978,
              40.159987
            ],
            [
              -88.314827,
              40.142098
            ],
            [
              -88.463174,
              40.142196
            ],
            [
              -88.46302,
              40.05503
            ],
            [
              -88.745164,
              40.055191
            ],
            [
              -88.745435,
              39.967568
            ],
            [
              -89.143875,
              39.961368
            ],
            [
              -89.143451,
              39.917647
            ],
            [
              -89.367112,
              39.917587
            ],
            [
              -89.367638,
              39.87405
            ],
            [
              -89.483039,
              39.875039
            ],
            [
              -89.482495,
              39.788236
            ],
            [
              -89.598935,
              39.787433
            ],
            [
              -89.593248,
              39.831544
            ],
            [
              -89.663835,
              39.826736
            ],
            [
              -89.664309,
              39.873553
            ],
            [
              -89.708521,
              39.873147
            ],
            [
              -89.719926,
              39.747078
            ],
            [
              -89.705836,
              39.74262
            ],
            [
              -89.705144,
              39.698301
            ],
            [
              -89.815327,
              39.697933
            ],
            [
              -89.813147,
              39.522838
            ],
            [
              -90.153782,
              39.520315
            ],
            [
              -90.145984,
              38.999303
            ],
            [
              -90.118014,
              38.999027
            ],
            [
              -90.126339,
              38.930313
            ],
            [
              -90.14959,
              38.925104
            ],
            [
              -90.157182,
              38.937086
            ],
            [
              -90.19232,
              38.936733
            ],
            [
              -90.19521,
              38.886748
            ],
            [
              -90.250248,
              38.919344
            ],
            [
              -90.309454,
              38.92412
            ],
            [
              -90.395816,
              38.960037
            ],
            [
              -90.450792,
              38.967764
            ],
            [
              -90.472122,
              38.958838
            ],
            [
              -90.507451,
              38.902767
            ],
            [
              -90.545872,
              38.874008
            ],
            [
              -90.576719,
              38.868336
            ],
            [
              -90.625122,
              38.888654
            ],
            [
              -90.663466,
              38.927384
            ],
            [
              -90.678193,
              38.991851
            ],
            [
              -90.71158,
              39.046798
            ],
            [
              -90.713585,
              39.055567
            ],
            [
              -90.681086,
              39.10059
            ],
            [
              -90.707902,
              39.15086
            ],
            [
              -90.72996,
              39.255894
            ],
            [
              -90.751599,
              39.265432
            ],
            [
              -90.793461,
              39.309498
            ],
            [
              -90.928745,
              39.387544
            ],
            [
              -90.940766,
              39.403984
            ],
            [
              -91.03827,
              39.448436
            ],
            [
              -91.100307,
              39.538695
            ],
            [
              -91.153628,
              39.548248
            ],
            [
              -91.181936,
              39.602677
            ],
            [
              -91.229317,
              39.620853
            ],
            [
              -91.27614,
              39.665759
            ],
            [
              -91.367753,
              39.729029
            ],
            [
              -91.363444,
              39.792804
            ],
            [
              -91.377971,
              39.811273
            ],
            [
              -91.432919,
              39.840554
            ],
            [
              -91.446385,
              39.870394
            ],
            [
              -91.443513,
              39.893583
            ],
            [
              -91.420878,
              39.914865
            ],
            [
              -91.41936,
              39.927717
            ],
            [
              -91.494878,
              40.036453
            ],
            [
              -91.489606,
              40.057435
            ],
            [
              -91.509245,
              40.121876
            ],
            [
              -91.513079,
              40.178537
            ],
            [
              -91.512974,
              40.181062
            ]
          ]
        ]
      }
    },
    {
      "type": "Feature",
      "id": "us-cd:118:17:16",
      "properties": {
        "boundary_id": "us-cd:118:17:16",
        "boundary_type": "congressional_district",
        "name": "Congressional District 16",
        "stateFips": "17",
        "congress": 118,
        "district": "16",
        "bbox": [
          -90.656527,
          40.281935,
          -88.240889,
          42.508481
        ]
      },
      "geometry": {
        "type": "Polygon",
        "coordinates": [
          [
            [
              -90.656527,
              42.489203
            ],
            [
              -90.642843,
              42.508481
            ],
            [
              -88.4716216533978,
              42.4946775305537
            ],
            [
              -88.472297,
              42.364713
            ],
            [
              -88.516213,
              42.365644
            ],
            [
              -88.51126,
              42.327472
            ],
            [
              -88.822073,
              42.327892
            ],
            [
              -88.822023,
              42.306668
            ],
            [
              -88.84655,
              42.30576
            ],
            [
              -88.846389,
              42.291278
            ],
            [
              -88.867113,
              42.291091
            ],
            [
              -88.861077,
              42.281259
            ],
            [
              -88.885886,
              42.269968
            ],
            [
              -88.862524,
              42.26753
            ],
            [
              -88.861515,
              42.153046
            ],
            [
              -88.822419,
              42.153391
            ],
            [
              -88.821896,
              42.066151
            ],
            [
              -88.715601,
              42.066434
            ],
            [
              -88.714728,
              41.980045
            ],
            [
              -88.941883,
              41.97888
            ],
            [
              -88.938679,
              41.628316
            ],
            [
              -89.16715,
              41.628657
            ],
            [
              -89.166542,
              41.495832
            ],
            [
              -89.393657,
              41.494931
            ],
            [
              -89.393463,
              41.264704
            ],
            [
              -89.348384,
              41.261018
            ],
            [
              -89.350253,
              41.252554
            ],
            [
              -89.343345,
              41.255356
            ],
            [
              -89.345734,
              41.247344
            ],
            [
              -89.31172,
              41.211911
            ],
            [
              -89.308852,
              41.19143
            ],
            [
              -89.16262,
              41.192312
            ],
            [
              -89.162782,
              41.221379
            ],
            [
              -89.0508,
              41.224798
            ],
            [
              -89.048542,
              41.28003
            ],
            [
              -88.933078,
              41.280034
            ],
            [
              -88.93287,
              41.258125
            ],
            [
              -88.913425,
              41.258248
            ],
            [
              -88.913569,
              41.280161
            ],
            [
              -88.817013,
              41.281168
            ],
            [
              -88.811349,
              41.339916
            ],
            [
              -88.653067,
              41.313918
            ],
            [
              -88.62592,
              41.299863
            ],
            [
              -88.590875,
              41.303052
            ],
            [
              -88.595961,
              41.457129
            ],
            [
              -88.252231,
              41.463066
            ],
            [
              -88.240889,
              41.114383
            ],
            [
              -88.58461,
              41.10831
            ],
            [
              -88.585929,
              40.944853
            ],
            [
              -88.605294,
              40.935844
            ],
            [
              -88.58804,
              40.93599
            ],
            [
              -88.604646,
              40.932261
            ],
            [
              -88.60507,
              40.91773
            ],
            [
              -88.63565,
              40.89206
            ],
            [
              -88.667773,
              40.905946
            ],
            [
              -88.67125,
              40.90011
            ],
            [
              -88.671198,
              40.873409
            ],
            [
              -88.640501,
              40.873641
            ],
            [
              -88.64245,
              40.84449
            ],
            [
              -88.58519,
              40.85018
            ],
            [
              -88.574502,
              40.61655
            ],
            [
              -88.459475,
              40.617345
            ],
            [
              -88.45926,
              40.530039
            ],
            [
              -88.370661,
              40.529757
            ],
            [
              -88.370646,
              40.464983
            ],
            [
              -88.346988,
              40.464973
            ],
            [
              -88.346987,
              40.398417
            ],
            [
              -88.459957,
              40.39885
            ],
            [
              -88.460418,
              40.281935
            ],
            [
              -89.034709,
              40.282731
            ],
            [
              -89.039444,
              40.454924
            ],
            [
              -88.963702,
              40.451505
            ],
            [
              -88.943131,
              40.480726
            ],
            [
              -88.902218,
              40.474057
            ],
            [
              -88.902528,
              40.488118
            ],
            [
              -88.933585,
              40.488467
            ],
            [
              -88.933642,
              40.499843
            ],
            [
              -88.953098,
              40.505228
            ],
            [
              -88.941934,
              40.51039
            ],
            [
              -88.943913,
              40.534812
            ],
            [
              -88.962058,
              40.523044
            ],
            [
              -88.963202,
              40.531993
            ],
            [
              -89.002085,
              40.53187
            ],
            [
              -89.011047,
              40.502448
            ],
            [
              -89.028833,
              40.502224
            ],
            [
              -89.028626,
              40.51701
            ],
            [
              -89.041241,
              40.514425
            ],
            [
              -89.058311,
              40.528801
            ],
            [
              -89.058836,
              40.48767
            ],
            [
              -89.065714,
              40.482749
            ],
            [
              -89.152052,
              40.465393
            ],
            [
              -89.162401,
              40.456286
            ],
            [
              -89.218468,
              40.456978
            ],
            [
              -89.217703,
              40.42066
            ],
            [
              -89.222659,
              40.427832
            ],
            [
              -89.351069,
              40.418964
            ],
            [
              -89.351248,
              40.426212
            ],
            [
              -89.399052,
              40.4253
            ],
            [
              -89.398873,
              40.4174
            ],
            [
              -89.429721,
              40.412653
            ],
            [
              -89.427513,
              40.421262
            ],
            [
              -89.451508,
              40.418986
            ],
            [
              -89.469001,
              40.442668
            ],
            [
              -89.471428,
              40.481686
            ],
            [
              -89.64431,
              40.480075
            ],
            [
              -89.645642,
              40.552975
            ],
            [
              -89.664309,
              40.562404
            ],
            [
              -89.654319,
              40.574207
            ],
            [
              -89.659997,
              40.597656
            ],
            [
              -89.612374,
              40.646457
            ],
            [
              -89.613756,
              40.665081
            ],
            [
              -89.553625,
              40.702284
            ],
            [
              -89.546414,
              40.722994
            ],
            [
              -89.556595,
              40.760244
            ],
            [
              -89.572366,
              40.760601
            ],
            [
              -89.568286,
              40.74623
            ],
            [
              -89.602613,
              40.77264
            ],
            [
              -89.615906,
              40.771501
            ],
            [
              -89.613867,
              40.779783
            ],
            [
              -89.631138,
              40.776305
            ],
            [
              -89.62463,
              40.769148
            ],
            [
              -89.633256,
              40.76038
            ],
            [
              -89.669768,
              40.775127
            ],
            [
              -89.671074,
              40.754494
            ],
            [
              -89.649332,
              40.748509
            ],
            [
              -89.656268,
              40.728739
            ],
            [
              -89.641747,
              40.71807
            ],
            [
              -89.646414,
              40.686641
            ],
            [
              -89.65446,
              40.700983
            ],
            [
              -89.700572,
              40.699121
            ],
            [
              -89.695878,
              40.711001
            ],
            [
              -89.794716,
              40.710968
            ],
            [
              -89.794859,
              40.725347
            ],
            [
              -89.820756,
              40.733396
            ],
            [
              -89.813733,
              40.761909
            ],
            [
              -89.824049,
              40.766097
            ],
            [
              -89.824167,
              40.793454
            ],
            [
              -89.985333,
              40.800074
            ],
            [
              -89.984559,
              41.149394
            ],
            [
              -89.868152,
              41.149493
            ],
            [
              -89.856619,
              41.320967
            ],
            [
              -89.972779,
              41.32193
            ],
            [
              -89.973298,
              41.23454
            ],
            [
              -90.095118,
              41.235312
            ],
            [
              -90.096311,
              41.14988
            ],
            [
              -90.437652,
              41.151463
            ],
            [
              -90.432181,
              41.434725
            ],
            [
              -90.416935,
              41.436939
            ],
            [
              -90.415223,
              41.449615
            ],
            [
              -90.401104,
              41.45598
            ],
            [
              -90.348269,
              41.455003
            ],
            [
              -90.348232,
              41.441157
            ],
            [
              -90.334226,
              41.44129
            ],
            [
              -90.33376,
              41.451162
            ],
            [
              -90.324109,
              41.447436
            ],
            [
              -90.31951,
              41.509705
            ],
            [
              -90.195324,
              41.540686
            ],
            [
              -90.179098,
              41.573487
            ],
            [
              -90.185536,
              41.584574
            ],
            [
              -89.631494,
              41.584949
            ],
            [
              -89.628907,
              41.930044
            ],
            [
              -89.685366,
              41.93034
            ],
            [
              -89.688486,
              42.199112
            ],
            [
              -89.173,
              42.204241
            ],
            [
              -89.139842,
              42.208496
            ],
            [
              -89.113738,
              42.237615
            ],
            [
              -89.102431,
              42.23539
            ],
            [
              -89.091767,
              42.208489
            ],
            [
              -89.125275,
              42.188919
            ],
            [
              -89.090569,
              42.180806
            ],
            [
              -89.081997,
              42.208894
            ],
            [
              -89.052132,
              42.216885
            ],
            [
              -89.043108,
              42.201486
            ],
            [
              -89.033417,
              42.209282
            ],
            [
              -89.018647,
              42.209142
            ],
            [
              -89.018689,
              42.202095
            ],
            [
              -88.99895,
              42.207805
            ],
            [
              -88.999659,
              42.244484
            ],
            [
              -89.008873,
              42.253001
            ],
            [
              -88.994121,
              42.253174
            ],
            [
              -88.97991,
              42.282464
            ],
            [
              -89.01926,
              42.274747
            ],
            [
              -89.014378,
              42.287176
            ],
            [
              -89.024605,
              42.296494
            ],
            [
              -88.966814,
              42.308498
            ],
            [
              -88.96443,
              42.343579
            ],
            [
              -88.979616,
              42.340819
            ],
            [
              -88.979745,
              42.326255
            ],
            [
              -89.00705,
              42.325874
            ],
            [
              -89.019892,
              42.307121
            ],
            [
              -89.042157,
              42.309806
            ],
            [
              -89.028422,
              42.325522
            ],
            [
              -89.058007,
              42.324983
            ],
            [
              -89.057853,
              42.310572
            ],
            [
              -89.071129,
              42.324728
            ],
            [
              -89.11619,
              42.315385
            ],
            [
              -89.11607,
              42.288328
            ],
            [
              -89.145267,
              42.288081
            ],
            [
              -89.14849,
              42.27794
            ],
            [
              -89.397434,
              42.288722
            ],
            [
              -89.397665,
              42.332022
            ],
            [
              -89.514272,
              42.331019
            ],
            [
              -89.514997,
              42.374347
            ],
            [
              -89.923558,
              42.371416
            ],
            [
              -89.919772,
              42.196881
            ],
            [
              -90.3173312688908,
              42.1936467132019
            ],
            [
              -90.375129,
              42.214811
            ],
            [
              -90.419326,
              42.254467
            ],
            [
              -90.430735,
              42.284211
            ],
            [
              -90.416535,
              42.325109
            ],
            [
              -90.474121,
              42.381729
            ],
            [
              -90.555018,
              42.416138
            ],
            [
              -90.565248,
              42.438742
            ],
            [
              -90.624328,
              42.458904
            ],
            [
              -90.656327,
              42.483603
            ],
            [
              -90.656527,
              42.489203
            ]
          ]
        ]
      }
    },
    {
      "type": "Feature",
      "id": "us-cd:118:17:17",
      "properties": {
        "boundary_id": "us-cd:118:17:17",
        "boundary_type": "congressional_district",
        "name": "Congressional District 17",
        "stateFips": "17",
        "congress": 118,
        "district": "17",
        "bbox": [
          -91.0719555241451,
          40.280919,
          -88.902218,
          42.374347
        ]
      },
      "geometry": {
        "type": "Polygon",
        "coordinates": [
          [
            [
              -91.071940564762,
              41.3335923022153
            ],
            [
              -91.047819,
              41.4109
            ],
            [
              -91.027787,
              41.423603
            ],
            [
              -90.979815,
              41.434321
            ],
            [
              -90.930016,
              41.421404
            ],
            [
              -90.846558,
              41.455141
            ],
            [
              -90.750142,
              41.449632
            ],
            [
              -90.655839,
              41.462132
            ],
            [
              -90.591037,
              41.512832
            ],
            [
              -90.540935,
              41.526133
            ],
            [
              -90.500633,
              41.518033
            ],
            [
              -90.461432,
              41.523533
            ],
            [
              -90.41283,
              41.565333
            ],
            [
              -90.343228,
              41.587833
            ],
            [
              -90.343452,
              41.646959
            ],
            [
              -90.334525,
              41.679559
            ],
            [
              -90.313435,
              41.698082
            ],
            [
              -90.310708,
              41.742214
            ],
            [
              -90.278633,
              41.767358
            ],
            [
              -90.181973,
              41.80707
            ],
            [
              -90.181901,
              41.843216
            ],
            [
              -90.153584,
              41.906614
            ],
            [
              -90.1516,
              41.931002
            ],
            [
              -90.164135,
              41.956178
            ],
            [
              -90.140061,
              42.003252
            ],
            [
              -90.164485,
              42.042105
            ],
            [
              -90.167533,
              42.122475
            ],
            [
              -90.201404,
              42.130937
            ],
            [
              -90.216107,
              42.15673
            ],
            [
              -90.3173312688908,
              42.1936467132019
            ],
            [
              -89.919772,
              42.196881
            ],
            [
              -89.923558,
              42.371416
            ],
            [
              -89.514997,
              42.374347
            ],
            [
              -89.514272,
              42.331019
            ],
            [
              -89.397665,
              42.332022
            ],
            [
              -89.397434,
              42.288722
            ],
            [
              -89.14849,
              42.27794
            ],
            [
              -89.145267,
              42.288081
            ],
            [
              -89.11607,
              42.288328
            ],
            [
              -89.11619,
              42.315385
            ],
            [
              -89.071129,
              42.324728
            ],
            [
              -89.057853,
              42.310572
            ],
            [
              -89.058007,
              42.324983
            ],
            [
              -89.028422,
              42.325522
            ],
            [
              -89.042157,
              42.309806
            ],
            [
              -89.019892,
              42.307121
            ],
            [
              -89.00705,
              42.325874
            ],
            [
              -88.979745,
              42.326255
            ],
            [
              -88.979616,
              42.340819
            ],
            [
              -88.96443,
              42.343579
            ],
            [
              -88.966814,
              42.308498
            ],
            [
              -89.024605,
              42.296494
            ],
            [
              -89.014378,
              42.287176
            ],
            [
              -89.01926,
              42.274747
            ],
            [
              -88.97991,
              42.282464
            ],
            [
              -88.994121,
              42.253174
            ],
            [
              -89.008873,
              42.253001
            ],
            [
              -88.999659,
              42.244484
            ],
            [
              -88.99895,
              42.207805
            ],
            [
              -89.018689,
              42.202095
            ],
            [
              -89.018647,
              42.209142
            ],
            [
              -89.033417,
              42.209282
            ],
            [
              -89.043108,
              42.201486
            ],
            [
              -89.052132,
              42.216885
            ],
            [
              -89.081997,
              42.208894
            ],
            [
              -89.090569,
              42.180806
            ],
            [
              -89.125275,
              42.188919
            ],
            [
              -89.091767,
              42.208489
            ],
            [
              -89.102431,
              42.23539
            ],
            [
              -89.113738,
              42.237615
            ],
            [
              -89.139842,
              42.208496
            ],
            [
              -89.173,
              42.204241
            ],
            [
              -89.688486,
              42.199112
            ],
            [
              -89.685366,
              41.93034
            ],
            [
              -89.628907,
              41.930044
            ],
            [
              -89.631494,
              41.584949
            ],
            [
              -90.185536,
              41.584574
            ],
            [
              -90.179098,
              41.573487
            ],
            [
              -90.195324,
              41.540686
            ],
            [
              -90.31951,
              41.509705
            ],
            [
              -90.324109,
              41.447436
            ],
            [
              -90.33376,
              41.451162
            ],
            [
              -90.334226,
              41.44129
            ],
            [
              -90.348232,
              41.441157
            ],
            [
              -90.348269,
              41.455003
            ],
            [
              -90.401104,
              41.45598
            ],
            [
              -90.415223,
              41.449615
            ],
            [
              -90.416935,
              41.436939
            ],
            [
              -90.432181,
              41.434725
            ],
            [
              -90.437652,
              41.151463
            ],
            [
              -90.096311,
              41.14988
            ],
            [
              -90.095118,
              41.235312
            ],
            [
              -89.973298,
              41.23454
            ],
            [
              -89.972779,
              41.32193
            ],
            [
              -89.856619,
              41.320967
            ],
            [
              -89.868152,
              41.149493
            ],
            [
              -89.984559,
              41.149394
            ],
            [
              -89.985333,
              40.800074
            ],
            [
              -89.824167,
              40.793454
            ],
            [
              -89.824049,
              40.766097
            ],
            [
              -89.813733,
              40.761909
            ],
            [
              -89.820756,
              40.733396
            ],
            [
              -89.794859,
              40.725347
            ],
            [
              -89.794716,
              40.710968
            ],
            [
              -89.695878,
              40.711001
            ],
            [
              -89.700572,
              40.699121
            ],
            [
              -89.65446,
              40.700983
            ],
            [
              -89.646414,
              40.686641
            ],
            [
              -89.641747,
              40.71807
            ],
            [
              -89.656268,
              40.728739
            ],
            [
              -89.649332,
              40.748509
            ],
            [
              -89.671074,
              40.754494
            ],
            [
              -89.669768,
              40.775127
            ],
            [
              -89.633256,
              40.76038
            ],
            [
              -89.62463,
              40.769148
            ],
            [
              -89.631138,
              40.776305
            ],
            [
              -89.613867,
              40.779783
            ],
            [
              -89.615906,
              40.771501
            ],
            [
              -89.602613,
              40.77264
            ],
            [
              -89.568286,
              40.74623
            ],
            [
              -89.572366,
              40.760601
            ],
            [
              -89.556595,
              40.760244
            ],
            [
              -89.546414,
              40.722994
            ],
            [
              -89.553625,
              40.702284
            ],
            [
              -89.613756,
              40.665081
            ],
            [
              -89.612374,
              40.646457
            ],
            [
              -89.659997,
              40.597656
            ],
            [
              -89.654319,
              40.574207
            ],
            [
              -89.664309,
              40.562404
            ],
            [
              -89.645642,
              40.552975
            ],
            [
              -89.64431,
              40.480075
            ],
            [
              -89.471428,
              40.481686
            ],
            [
              -89.469001,
              40.442668
            ],
            [
              -89.451508,
              40.418986
            ],
            [
              -89.427513,
              40.421262
            ],
            [
              -89.429721,
              40.412653
            ],
            [
              -89.398873,
              40.4174
            ],
            [
              -89.399052,
              40.4253
            ],
            [
              -89.351248,
              40.426212
            ],
            [
              -89.351069,
              40.418964
            ],
            [
              -89.222659,
              40.427832
            ],
            [
              -89.217703,
              40.42066
            ],
            [
              -89.218468,
              40.456978
            ],
            [
              -89.162401,
              40.456286
            ],
            [
              -89.152052,
              40.465393
            ],
            [
              -89.065714,
              40.482749
            ],
            [
              -89.058836,
              40.48767
            ],
            [
              -89.058311,
              40.528801
            ],
            [
              -89.041241,
              40.514425
            ],
            [
              -89.028626,
              40.51701
            ],
            [
              -89.028833,
              40.502224
            ],
            [
              -89.011047,
              40.502448
            ],
            [
              -89.002085,
              40.53187
            ],
            [
              -88.963202,
              40.531993
            ],
            [
              -88.962058,
              40.523044
            ],
            [
              -88.943913,
              40.534812
            ],
            [
              -88.941934,
              40.51039
            ],
            [
              -88.953098,
              40.505228
            ],
            [
              -88.933642,
              40.499843
            ],
            [
              -88.933585,
              40.488467
            ],
            [
              -88.902528,
              40.488118
            ],
            [
              -88.902218,
              40.474057
            ],
            [
              -88.943131,
              40.480726
            ],
            [
              -88.963702,
              40.451505
            ],
            [
              -89.039444,
              40.454924
            ],
            [
              -89.034711,
              40.282797
            ],
            [
              -89.26265,
              40.280919
            ],
            [
              -89.26374,
              40.325344
            ],
            [
              -89.714927,
              40.319218
            ],
            [
              -89.717104,
              40.435655
            ],
            [
              -89.92468,
              40.435921
            ],
            [
              -89.905582,
              40.451506
            ],
            [
              -90.61775,
              40.455877
            ],
            [
              -90.618281,
              40.447517
            ],
            [
              -90.7048,
              40.448035
            ],
            [
              -90.727863,
              40.47636
            ],
            [
              -90.724104,
              40.485438
            ],
            [
              -90.674679,
              40.482841
            ],
            [
              -90.673964,
              40.543188
            ],
            [
              -90.542834,
              40.542339
            ],
            [
              -90.542662,
              40.528791
            ],
            [
              -90.523727,
              40.528234
            ],
            [
              -90.522668,
              40.541783
            ],
            [
              -90.446883,
              40.539839
            ],
            [
              -90.44176,
              40.88906
            ],
            [
              -90.671535,
              40.892461
            ],
            [
              -90.667959,
              41.327026
            ],
            [
              -91.0719555241451,
              41.3333590479676
            ],
            [
              -91.071940564762,
              41.3335923022153
            ]
          ]
        ]
      }
    }
  ]
}
