{"type":"FeatureCollection","features":[{"type":"Feature","id":32749793,"geometry":{"type":"Point","coordinates":[-77.01489689738888,38.89702505665872]},"properties":{"DCGIS.PLACE_NAMES_PT.NAME":"CAPITOL JEWISH MUSEUM","DCGIS.ADDRESSES_PT.ADDRESS":"575 3RD STREET NW","DCGIS.ADDRESSES_PT.WARD":"Ward 6","DCGIS.ADDRESSES_PT.SMD":"SMD 6E08","DCGIS.ADDRESSES_PT.ANC":"ANC 6E","MAR.VW_PLACE_NAME_CATEGORIES.CATEGORY":"MUSEUM / ZOO","DCGIS.PLACE_NAMES_PT.STATUS":"ACTIVE","DCGIS.PLACE_NAMES_PT.PLACE_NAME_ID":18090,"DCGIS.PLACE_NAMES_PT.MAR_ID":314514,"DCGIS.PLACE_NAMES_PT.BEFORE_DATE":null,"DCGIS.PLACE_NAMES_PT.BEFORE_DATE_SOURCE":null,"DCGIS.PLACE_NAMES_PT.BEGIN_DATE":null,"DCGIS.PLACE_NAMES_PT.BEGIN_DATE_SOURCE":null,"DCGIS.PLACE_NAMES_PT.FIRST_KNOWN_DATE":null,"DCGIS.PLACE_NAMES_PT.FIRST_KNOWN_DATE_SOURCE":null,"DCGIS.PLACE_NAMES_PT.CREATED_DATE":1654171452000,"DCGIS.PLACE_NAMES_PT.LAST_EDITED_DATE":1654171452000,"DCGIS.PLACE_NAMES_PT.SE_ANNO_CAD_DATA":null,"DCGIS.PLACE_NAMES_PT.OBJECTID":32749793,"DCGIS.ADDRESSES_PT.OBJECTID":218929586,"DCGIS.ADDRESSES_PT.SE_ANNO_CAD_DATA":null}},{"type":"Feature","id":32749794,"geometry":{"type":"Point","coordinates":[-77.01489689738888,38.89702505665872]},"properties":{"DCGIS.PLACE_NAMES_PT.NAME":"LILLIAN & ALBERT SMALL CAPITAL JEWISH MUSEUM","DCGIS.ADDRESSES_PT.ADDRESS":"575 3RD STREET NW","DCGIS.ADDRESSES_PT.WARD":"Ward 6","DCGIS.ADDRESSES_PT.SMD":"SMD 6E08","DCGIS.ADDRESSES_PT.ANC":"ANC 6E","MAR.VW_PLACE_NAME_CATEGORIES.CATEGORY":"MUSEUM / ZOO","DCGIS.PLACE_NAMES_PT.STATUS":"ACTIVE","DCGIS.PLACE_NAMES_PT.PLACE_NAME_ID":18091,"DCGIS.PLACE_NAMES_PT.MAR_ID":314514,"DCGIS.PLACE_NAMES_PT.BEFORE_DATE":null,"DCGIS.PLACE_NAMES_PT.BEFORE_DATE_SOURCE":null,"DCGIS.PLACE_NAMES_PT.BEGIN_DATE":null,"DCGIS.PLACE_NAMES_PT.BEGIN_DATE_SOURCE":null,"DCGIS.PLACE_NAMES_PT.FIRST_KNOWN_DATE":null,"DCGIS.PLACE_NAMES_PT.FIRST_KNOWN_DATE_SOURCE":null,"DCGIS.PLACE_NAMES_PT.CREATED_DATE":1654171452000,"DCGIS.PLACE_NAMES_PT.LAST_EDITED_DATE":1654171452000,"DCGIS.PLACE_NAMES_PT.SE_ANNO_CAD_DATA":null,"DCGIS.PLACE_NAMES_PT.OBJECTID":32749794,"DCGIS.ADDRESSES_PT.OBJECTID":218929586,"DCGIS.ADDRESSES_PT.SE_ANNO_CAD_DATA":null}},{"type":"Feature","id":32750281,"geometry":{"type":"Point","coordinates":[-77.02553714919047,38.88397908683976]},"properties":{"DCGIS.PLACE_NAMES_PT.NAME":"INTERNATIONAL SPY MUSEUM","DCGIS.ADDRESSES_PT.ADDRESS":"700 L'ENFANT PLAZA SW","DCGIS.ADDRESSES_PT.WARD":"Ward 6","DCGIS.ADDRESSES_PT.SMD":"SMD 6D01","DCGIS.ADDRESSES_PT.ANC":"ANC 6D","MAR.VW_PLACE_NAME_CATEGORIES.CATEGORY":"MUSEUM / ZOO","DCGIS.PLACE_NAMES_PT.STATUS":"ACTIVE","DCGIS.PLACE_NAMES_PT.PLACE_NAME_ID":16922,"DCGIS.PLACE_NAMES_PT.MAR_ID":317008,"DCGIS.PLACE_NAMES_PT.BEFORE_DATE":null,"DCGIS.PLACE_NAMES_PT.BEFORE_DATE_SOURCE":null,"DCGIS.PLACE_NAMES_PT.BEGIN_DATE":null,"DCGIS.PLACE_NAMES_PT.BEGIN_DATE_SOURCE":null,"DCGIS.PLACE_NAMES_PT.FIRST_KNOWN_DATE":null,"DCGIS.PLACE_NAMES_PT.FIRST_KNOWN_DATE_SOURCE":null,"DCGIS.PLACE_NAMES_PT.CREATED_DATE":1557732086000,"DCGIS.PLACE_NAMES_PT.LAST_EDITED_DATE":1557732086000,"DCGIS.PLACE_NAMES_PT.SE_ANNO_CAD_DATA":null,"DCGIS.PLACE_NAMES_PT.OBJECTID":32750281,"DCGIS.ADDRESSES_PT.OBJECTID":218931497,"DCGIS.ADDRESSES_PT.SE_ANNO_CAD_DATA":null}},{"type":"Feature","id":32750282,"geometry":{"type":"Point","coordinates":[-77.02553714919047,38.88397908683976]},"properties":{"DCGIS.PLACE_NAMES_PT.NAME":"SPY MUSEUM","DCGIS.ADDRESSES_PT.ADDRESS":"700 L'ENFANT PLAZA SW","DCGIS.ADDRESSES_PT.WARD":"Ward 6","DCGIS.ADDRESSES_PT.SMD":"SMD 6D01","DCGIS.ADDRESSES_PT.ANC":"ANC 6D","MAR.VW_PLACE_NAME_CATEGORIES.CATEGORY":"MUSEUM / ZOO","DCGIS.PLACE_NAMES_PT.STATUS":"ACTIVE","DCGIS.PLACE_NAMES_PT.PLACE_NAME_ID":16923,"DCGIS.PLACE_NAMES_PT.MAR_ID":317008,"DCGIS.PLACE_NAMES_PT.BEFORE_DATE":null,"DCGIS.PLACE_NAMES_PT.BEFORE_DATE_SOURCE":null,"DCGIS.PLACE_NAMES_PT.BEGIN_DATE":null,"DCGIS.PLACE_NAMES_PT.BEGIN_DATE_SOURCE":null,"DCGIS.PLACE_NAMES_PT.FIRST_KNOWN_DATE":null,"DCGIS.PLACE_NAMES_PT.FIRST_KNOWN_DATE_SOURCE":null,"DCGIS.PLACE_NAMES_PT.CREATED_DATE":1557732086000,"DCGIS.PLACE_NAMES_PT.LAST_EDITED_DATE":1557732086000,"DCGIS.PLACE_NAMES_PT.SE_ANNO_CAD_DATA":null,"DCGIS.PLACE_NAMES_PT.OBJECTID":32750282,"DCGIS.ADDRESSES_PT.OBJECTID":218931497,"DCGIS.ADDRESSES_PT.SE_ANNO_CAD_DATA":null}},{"type":"Feature","id":32750288,"geometry":{"type":"Point","coordinates":[-77.02294028004799,38.89283261035891]},"properties":{"DCGIS.PLACE_NAMES_PT.NAME":"NATIONAL ARCHIVES","DCGIS.ADDRESSES_PT.ADDRESS":"700 PENNSYLVANIA AVENUE NW","DCGIS.ADDRESSES_PT.WARD":"Ward 2","DCGIS.ADDRESSES_PT.SMD":"SMD 2C03","DCGIS.ADDRESSES_PT.ANC":"ANC 2C","MAR.VW_PLACE_NAME_CATEGORIES.CATEGORY":"MUSEUM / ZOO","DCGIS.PLACE_NAMES_PT.STATUS":"ACTIVE","DCGIS.PLACE_NAMES_PT.PLACE_NAME_ID":12536,"DCGIS.PLACE_NAMES_PT.MAR_ID":293251,"DCGIS.PLACE_NAMES_PT.BEFORE_DATE":null,"DCGIS.PLACE_NAMES_PT.BEFORE_DATE_SOURCE":null,"DCGIS.PLACE_NAMES_PT.BEGIN_DATE":null,"DCGIS.PLACE_NAMES_PT.BEGIN_DATE_SOURCE":null,"DCGIS.PLACE_NAMES_PT.FIRST_KNOWN_DATE":null,"DCGIS.PLACE_NAMES_PT.FIRST_KNOWN_DATE_SOURCE":null,"DCGIS.PLACE_NAMES_PT.CREATED_DATE":1347630435000,"DCGIS.PLACE_NAMES_PT.LAST_EDITED_DATE":1347630435000,"DCGIS.PLACE_NAMES_PT.SE_ANNO_CAD_DATA":null,"DCGIS.PLACE_NAMES_PT.OBJECTID":32750288,"DCGIS.ADDRESSES_PT.OBJECTID":218908838,"DCGIS.ADDRESSES_PT.SE_ANNO_CAD_DATA":null}},{"type":"Feature","id":32750299,"geometry":{"type":"Point","coordinates":[-77.04641713295982,38.89880296276395]},"properties":{"DCGIS.PLACE_NAMES_PT.NAME":"GEORGE WASHINGTON UNIVERSITY MUSEUM","DCGIS.ADDRESSES_PT.ADDRESS":"701 21ST STREET NW","DCGIS.ADDRESSES_PT.WARD":"Ward 2","DCGIS.ADDRESSES_PT.SMD":"SMD 2A07","DCGIS.ADDRESSES_PT.ANC":"ANC 2A","MAR.VW_PLACE_NAME_CATEGORIES.CATEGORY":"MUSEUM / ZOO","DCGIS.PLACE_NAMES_PT.STATUS":"ACTIVE","DCGIS.PLACE_NAMES_PT.PLACE_NAME_ID":14004,"DCGIS.PLACE_NAMES_PT.MAR_ID":311648,"DCGIS.PLACE_NAMES_PT.BEFORE_DATE":null,"DCGIS.PLACE_NAMES_PT.BEFORE_DATE_SOURCE":null,"DCGIS.PLACE_NAMES_PT.BEGIN_DATE":null,"DCGIS.PLACE_NAMES_PT.BEGIN_DATE_SOURCE":null,"DCGIS.PLACE_NAMES_PT.FIRST_KNOWN_DATE":null,"DCGIS.PLACE_NAMES_PT.FIRST_KNOWN_DATE_SOURCE":null,"DCGIS.PLACE_NAMES_PT.CREATED_DATE":1415005269000,"DCGIS.PLACE_NAMES_PT.LAST_EDITED_DATE":1415005269000,"DCGIS.PLACE_NAMES_PT.SE_ANNO_CAD_DATA":null,"DCGIS.PLACE_NAMES_PT.OBJECTID":32750299,"DCGIS.ADDRESSES_PT.OBJECTID":218925432,"DCGIS.ADDRESSES_PT.SE_ANNO_CAD_DATA":null}},{"type":"Feature","id":32750300,"geometry":{"type":"Point","coordinates":[-77.04641713295982,38.89880296276395]},"properties":{"DCGIS.PLACE_NAMES_PT.NAME":"THE TEXTILE MUSEUM","DCGIS.ADDRESSES_PT.ADDRESS":"701 21ST STREET NW","DCGIS.ADDRESSES_PT.WARD":"Ward 2","DCGIS.ADDRESSES_PT.SMD":"SMD 2A07","DCGIS.ADDRESSES_PT.ANC":"ANC 2A","MAR.VW_PLACE_NAME_CATEGORIES.CATEGORY":"MUSEUM / ZOO","DCGIS.PLACE_NAMES_PT.STATUS":"ACTIVE","DCGIS.PLACE_NAMES_PT.PLACE_NAME_ID":16027,"DCGIS.PLACE_NAMES_PT.MAR_ID":311648,"DCGIS.PLACE_NAMES_PT.BEFORE_DATE":null,"DCGIS.PLACE_NAMES_PT.BEFORE_DATE_SOURCE":null,"DCGIS.PLACE_NAMES_PT.BEGIN_DATE":null,"DCGIS.PLACE_NAMES_PT.BEGIN_DATE_SOURCE":null,"DCGIS.PLACE_NAMES_PT.FIRST_KNOWN_DATE":null,"DCGIS.PLACE_NAMES_PT.FIRST_KNOWN_DATE_SOURCE":null,"DCGIS.PLACE_NAMES_PT.CREATED_DATE":1509952497000,"DCGIS.PLACE_NAMES_PT.LAST_EDITED_DATE":1509952497000,"DCGIS.PLACE_NAMES_PT.SE_ANNO_CAD_DATA":null,"DCGIS.PLACE_NAMES_PT.OBJECTID":32750300,"DCGIS.ADDRESSES_PT.OBJECTID":218925432,"DCGIS.ADDRESSES_PT.SE_ANNO_CAD_DATA":null}},{"type":"Feature","id":32750320,"geometry":{"type":"Point","coordinates":[-77.02238230128947,38.89444593765302]},"properties":{"DCGIS.PLACE_NAMES_PT.NAME":"NAVAL HERITAGE CENTER","DCGIS.ADDRESSES_PT.ADDRESS":"701 PENNSYLVANIA AVENUE NW","DCGIS.ADDRESSES_PT.WARD":"Ward 2","DCGIS.ADDRESSES_PT.SMD":"SMD 2C03","DCGIS.ADDRESSES_PT.ANC":"ANC 2C","MAR.VW_PLACE_NAME_CATEGORIES.CATEGORY":"MUSEUM / ZOO","DCGIS.PLACE_NAMES_PT.STATUS":"ACTIVE","DCGIS.PLACE_NAMES_PT.PLACE_NAME_ID":9828,"DCGIS.PLACE_NAMES_PT.MAR_ID":279889,"DCGIS.PLACE_NAMES_PT.BEFORE_DATE":null,"DCGIS.PLACE_NAMES_PT.BEFORE_DATE_SOURCE":null,"DCGIS.PLACE_NAMES_PT.BEGIN_DATE":null,"DCGIS.PLACE_NAMES_PT.BEGIN_DATE_SOURCE":null,"DCGIS.PLACE_NAMES_PT.FIRST_KNOWN_DATE":null,"DCGIS.PLACE_NAMES_PT.FIRST_KNOWN_DATE_SOURCE":null,"DCGIS.PLACE_NAMES_PT.CREATED_DATE":1287051457000,"DCGIS.PLACE_NAMES_PT.LAST_EDITED_DATE":1287051457000,"DCGIS.PLACE_NAMES_PT.SE_ANNO_CAD_DATA":null,"DCGIS.PLACE_NAMES_PT.OBJECTID":32750320,"DCGIS.ADDRESSES_PT.OBJECTID":218947450,"DCGIS.ADDRESSES_PT.SE_ANNO_CAD_DATA":null}},{"type":"Feature","id":32750457,"geometry":{"type":"Point","coordinates":[-76.99516144113062,38.932866110871224]},"properties":{"DCGIS.PLACE_NAMES_PT.NAME":"THE STUDIOS AT BROOKLAND ARTS WALK","DCGIS.ADDRESSES_PT.ADDRESS":"716 MONROE STREET NE","DCGIS.ADDRESSES_PT.WARD":"Ward 5","DCGIS.ADDRESSES_PT.SMD":"SMD 5F02","DCGIS.ADDRESSES_PT.ANC":"ANC 5F","MAR.VW_PLACE_NAME_CATEGORIES.CATEGORY":"MUSEUM / ZOO","DCGIS.PLACE_NAMES_PT.STATUS":"ACTIVE","DCGIS.PLACE_NAMES_PT.PLACE_NAME_ID":23821,"DCGIS.PLACE_NAMES_PT.MAR_ID":309744,"DCGIS.PLACE_NAMES_PT.BEFORE_DATE":null,"DCGIS.PLACE_NAMES_PT.BEFORE_DATE_SOURCE":null,"DCGIS.PLACE_NAMES_PT.BEGIN_DATE":null,"DCGIS.PLACE_NAMES_PT.BEGIN_DATE_SOURCE":null,"DCGIS.PLACE_NAMES_PT.FIRST_KNOWN_DATE":null,"DCGIS.PLACE_NAMES_PT.FIRST_KNOWN_DATE_SOURCE":null,"DCGIS.PLACE_NAMES_PT.CREATED_DATE":1749488970000,"DCGIS.PLACE_NAMES_PT.LAST_EDITED_DATE":1749488970000,"DCGIS.PLACE_NAMES_PT.SE_ANNO_CAD_DATA":null,"DCGIS.PLACE_NAMES_PT.OBJECTID":32750457,"DCGIS.ADDRESSES_PT.OBJECTID":218914677,"DCGIS.ADDRESSES_PT.SE_ANNO_CAD_DATA":null}},{"type":"Feature","id":32750483,"geometry":{"type":"Point","coordinates":[-77.01958878887042,38.89911061096686]},"properties":{"DCGIS.PLACE_NAMES_PT.NAME":"GERMAN AMERICAN HERITAGE MUSEUM","DCGIS.ADDRESSES_PT.ADDRESS":"719 6TH STREET NW","DCGIS.ADDRESSES_PT.WARD":"Ward 2","DCGIS.ADDRESSES_PT.SMD":"SMD 2C01","DCGIS.ADDRESSES_PT.ANC":"ANC 2C","MAR.VW_PLACE_NAME_CATEGORIES.CATEGORY":"MUSEUM / ZOO","DCGIS.PLACE_NAMES_PT.STATUS":"ACTIVE","DCGIS.PLACE_NAMES_PT.PLACE_NAME_ID":12764,"DCGIS.PLACE_NAMES_PT.MAR_ID":238949,"DCGIS.PLACE_NAMES_PT.BEFORE_DATE":null,"DCGIS.PLACE_NAMES_PT.BEFORE_DATE_SOURCE":null,"DCGIS.PLACE_NAMES_PT.BEGIN_DATE":null,"DCGIS.PLACE_NAMES_PT.BEGIN_DATE_SOURCE":null,"DCGIS.PLACE_NAMES_PT.FIRST_KNOWN_DATE":null,"DCGIS.PLACE_NAMES_PT.FIRST_KNOWN_DATE_SOURCE":null,"DCGIS.PLACE_NAMES_PT.CREATED_DATE":1363603674000,"DCGIS.PLACE_NAMES_PT.LAST_EDITED_DATE":1363603674000,"DCGIS.PLACE_NAMES_PT.SE_ANNO_CAD_DATA":null,"DCGIS.PLACE_NAMES_PT.OBJECTID":32750483,"DCGIS.ADDRESSES_PT.OBJECTID":218962036,"DCGIS.ADDRESSES_PT.SE_ANNO_CAD_DATA":null}},{"type":"Feature","id":32750153,"geometry":{"type":"Point","coordinates":[-77.01138622053263,38.87952730592819]},"properties":{"DCGIS.PLACE_NAMES_PT.NAME":"RUBELL MUSEUM DC","DCGIS.ADDRESSES_PT.ADDRESS":"65 I STREET SW","DCGIS.ADDRESSES_PT.WARD":"Ward 6","DCGIS.ADDRESSES_PT.SMD":"SMD 6D02","DCGIS.ADDRESSES_PT.ANC":"ANC 6D","MAR.VW_PLACE_NAME_CATEGORIES.CATEGORY":"MUSEUM / ZOO","DCGIS.PLACE_NAMES_PT.STATUS":"ACTIVE","DCGIS.PLACE_NAMES_PT.PLACE_NAME_ID":23042,"DCGIS.PLACE_NAMES_PT.MAR_ID":294466,"DCGIS.PLACE_NAMES_PT.BEFORE_DATE":null,"DCGIS.PLACE_NAMES_PT.BEFORE_DATE_SOURCE":null,"DCGIS.PLACE_NAMES_PT.BEGIN_DATE":null,"DCGIS.PLACE_NAMES_PT.BEGIN_DATE_SOURCE":null,"DCGIS.PLACE_NAMES_PT.FIRST_KNOWN_DATE":null,"DCGIS.PLACE_NAMES_PT.FIRST_KNOWN_DATE_SOURCE":null,"DCGIS.PLACE_NAMES_PT.CREATED_DATE":1675174784000,"DCGIS.PLACE_NAMES_PT.LAST_EDITED_DATE":1675174784000,"DCGIS.PLACE_NAMES_PT.SE_ANNO_CAD_DATA":null,"DCGIS.PLACE_NAMES_PT.OBJECTID":32750153,"DCGIS.ADDRESSES_PT.OBJECTID":218964916,"DCGIS.ADDRESSES_PT.SE_ANNO_CAD_DATA":null}},{"type":"Feature","id":32750178,"geometry":{"type":"Point","coordinates":[-77.01982241089088,38.88813963718913]},"properties":{"DCGIS.PLACE_NAMES_PT.NAME":"NATIONAL AIR AND SPACE MUSEUM","DCGIS.ADDRESSES_PT.ADDRESS":"655 JEFFERSON DRIVE SW","DCGIS.ADDRESSES_PT.WARD":"Ward 2","DCGIS.ADDRESSES_PT.SMD":"SMD 2C03","DCGIS.ADDRESSES_PT.ANC":"ANC 2C","MAR.VW_PLACE_NAME_CATEGORIES.CATEGORY":"MUSEUM / ZOO","DCGIS.PLACE_NAMES_PT.STATUS":"ACTIVE","DCGIS.PLACE_NAMES_PT.PLACE_NAME_ID":17353,"DCGIS.PLACE_NAMES_PT.MAR_ID":330977,"DCGIS.PLACE_NAMES_PT.BEFORE_DATE":null,"DCGIS.PLACE_NAMES_PT.BEFORE_DATE_SOURCE":null,"DCGIS.PLACE_NAMES_PT.BEGIN_DATE":null,"DCGIS.PLACE_NAMES_PT.BEGIN_DATE_SOURCE":null,"DCGIS.PLACE_NAMES_PT.FIRST_KNOWN_DATE":null,"DCGIS.PLACE_NAMES_PT.FIRST_KNOWN_DATE_SOURCE":null,"DCGIS.PLACE_NAMES_PT.CREATED_DATE":1579856298000,"DCGIS.PLACE_NAMES_PT.LAST_EDITED_DATE":1579856298000,"DCGIS.PLACE_NAMES_PT.SE_ANNO_CAD_DATA":null,"DCGIS.PLACE_NAMES_PT.OBJECTID":32750178,"DCGIS.ADDRESSES_PT.OBJECTID":218934870,"DCGIS.ADDRESSES_PT.SE_ANNO_CAD_DATA":null}},{"type":"Feature","id":32750179,"geometry":{"type":"Point","coordinates":[-77.01982241089088,38.88813963718913]},"properties":{"DCGIS.PLACE_NAMES_PT.NAME":"ALBERT EINSTEIN PLANETARIUM","DCGIS.ADDRESSES_PT.ADDRESS":"655 JEFFERSON DRIVE SW","DCGIS.ADDRESSES_PT.WARD":"Ward 2","DCGIS.ADDRESSES_PT.SMD":"SMD 2C03","DCGIS.ADDRESSES_PT.ANC":"ANC 2C","MAR.VW_PLACE_NAME_CATEGORIES.CATEGORY":"MUSEUM / ZOO","DCGIS.PLACE_NAMES_PT.STATUS":"ACTIVE","DCGIS.PLACE_NAMES_PT.PLACE_NAME_ID":17354,"DCGIS.PLACE_NAMES_PT.MAR_ID":330977,"DCGIS.PLACE_NAMES_PT.BEFORE_DATE":null,"DCGIS.PLACE_NAMES_PT.BEFORE_DATE_SOURCE":null,"DCGIS.PLACE_NAMES_PT.BEGIN_DATE":null,"DCGIS.PLACE_NAMES_PT.BEGIN_DATE_SOURCE":null,"DCGIS.PLACE_NAMES_PT.FIRST_KNOWN_DATE":null,"DCGIS.PLACE_NAMES_PT.FIRST_KNOWN_DATE_SOURCE":null,"DCGIS.PLACE_NAMES_PT.CREATED_DATE":1579856299000,"DCGIS.PLACE_NAMES_PT.LAST_EDITED_DATE":1579856299000,"DCGIS.PLACE_NAMES_PT.SE_ANNO_CAD_DATA":null,"DCGIS.PLACE_NAMES_PT.OBJECTID":32750179,"DCGIS.ADDRESSES_PT.OBJECTID":218934870,"DCGIS.ADDRESSES_PT.SE_ANNO_CAD_DATA":null}},{"type":"Feature","id":32750180,"geometry":{"type":"Point","coordinates":[-77.01982241089088,38.88813963718913]},"properties":{"DCGIS.PLACE_NAMES_PT.NAME":"AIR AND SPACE MUSEUM","DCGIS.ADDRESSES_PT.ADDRESS":"655 JEFFERSON DRIVE SW","DCGIS.ADDRESSES_PT.WARD":"Ward 2","DCGIS.ADDRESSES_PT.SMD":"SMD 2C03","DCGIS.ADDRESSES_PT.ANC":"ANC 2C","MAR.VW_PLACE_NAME_CATEGORIES.CATEGORY":"MUSEUM / ZOO","DCGIS.PLACE_NAMES_PT.STATUS":"ACTIVE","DCGIS.PLACE_NAMES_PT.PLACE_NAME_ID":17355,"DCGIS.PLACE_NAMES_PT.MAR_ID":330977,"DCGIS.PLACE_NAMES_PT.BEFORE_DATE":null,"DCGIS.PLACE_NAMES_PT.BEFORE_DATE_SOURCE":null,"DCGIS.PLACE_NAMES_PT.BEGIN_DATE":null,"DCGIS.PLACE_NAMES_PT.BEGIN_DATE_SOURCE":null,"DCGIS.PLACE_NAMES_PT.FIRST_KNOWN_DATE":null,"DCGIS.PLACE_NAMES_PT.FIRST_KNOWN_DATE_SOURCE":null,"DCGIS.PLACE_NAMES_PT.CREATED_DATE":1579856341000,"DCGIS.PLACE_NAMES_PT.LAST_EDITED_DATE":1579856341000,"DCGIS.PLACE_NAMES_PT.SE_ANNO_CAD_DATA":null,"DCGIS.PLACE_NAMES_PT.OBJECTID":32750180,"DCGIS.ADDRESSES_PT.OBJECTID":218934870,"DCGIS.ADDRESSES_PT.SE_ANNO_CAD_DATA":null}},{"type":"Feature","id":32753655,"geometry":{"type":"Point","coordinates":[-77.05391683435222,38.931346683840104]},"properties":{"DCGIS.PLACE_NAMES_PT.NAME":"NATIONAL ZOO CHEETAH CONSERVATION STATION","DCGIS.ADDRESSES_PT.ADDRESS":null,"DCGIS.ADDRESSES_PT.WARD":"Ward 3","DCGIS.ADDRESSES_PT.SMD":"SMD 3C03","DCGIS.ADDRESSES_PT.ANC":"ANC 3C","MAR.VW_PLACE_NAME_CATEGORIES.CATEGORY":"MUSEUM / ZOO","DCGIS.PLACE_NAMES_PT.STATUS":"ACTIVE","DCGIS.PLACE_NAMES_PT.PLACE_NAME_ID":7116,"DCGIS.PLACE_NAMES_PT.MAR_ID":301361,"DCGIS.PLACE_NAMES_PT.BEFORE_DATE":null,"DCGIS.PLACE_NAMES_PT.BEFORE_DATE_SOURCE":null,"DCGIS.PLACE_NAMES_PT.BEGIN_DATE":null,"DCGIS.PLACE_NAMES_PT.BEGIN_DATE_SOURCE":null,"DCGIS.PLACE_NAMES_PT.FIRST_KNOWN_DATE":null,"DCGIS.PLACE_NAMES_PT.FIRST_KNOWN_DATE_SOURCE":null,"DCGIS.PLACE_NAMES_PT.CREATED_DATE":1147576510000,"DCGIS.PLACE_NAMES_PT.LAST_EDITED_DATE":1147576510000,"DCGIS.PLACE_NAMES_PT.SE_ANNO_CAD_DATA":null,"DCGIS.PLACE_NAMES_PT.OBJECTID":32753655,"DCGIS.ADDRESSES_PT.OBJECTID":218910868,"DCGIS.ADDRESSES_PT.SE_ANNO_CAD_DATA":null}},{"type":"Feature","id":32753656,"geometry":{"type":"Point","coordinates":[-77.05356896485557,38.9316188046761]},"properties":{"DCGIS.PLACE_NAMES_PT.NAME":"NATIONAL ZOO ZEBRAS","DCGIS.ADDRESSES_PT.ADDRESS":null,"DCGIS.ADDRESSES_PT.WARD":"Ward 3","DCGIS.ADDRESSES_PT.SMD":"SMD 3C03","DCGIS.ADDRESSES_PT.ANC":"ANC 3C","MAR.VW_PLACE_NAME_CATEGORIES.CATEGORY":"MUSEUM / ZOO","DCGIS.PLACE_NAMES_PT.STATUS":"ACTIVE","DCGIS.PLACE_NAMES_PT.PLACE_NAME_ID":7117,"DCGIS.PLACE_NAMES_PT.MAR_ID":301362,"DCGIS.PLACE_NAMES_PT.BEFORE_DATE":null,"DCGIS.PLACE_NAMES_PT.BEFORE_DATE_SOURCE":null,"DCGIS.PLACE_NAMES_PT.BEGIN_DATE":null,"DCGIS.PLACE_NAMES_PT.BEGIN_DATE_SOURCE":null,"DCGIS.PLACE_NAMES_PT.FIRST_KNOWN_DATE":null,"DCGIS.PLACE_NAMES_PT.FIRST_KNOWN_DATE_SOURCE":null,"DCGIS.PLACE_NAMES_PT.CREATED_DATE":1147576510000,"DCGIS.PLACE_NAMES_PT.LAST_EDITED_DATE":1147576510000,"DCGIS.PLACE_NAMES_PT.SE_ANNO_CAD_DATA":null,"DCGIS.PLACE_NAMES_PT.OBJECTID":32753656,"DCGIS.ADDRESSES_PT.OBJECTID":218909921,"DCGIS.ADDRESSES_PT.SE_ANNO_CAD_DATA":null}},{"type":"Feature","id":32753657,"geometry":{"type":"Point","coordinates":[-77.0532438920728,38.93184181879404]},"properties":{"DCGIS.PLACE_NAMES_PT.NAME":"NATIONAL ZOO KANGAROOS","DCGIS.ADDRESSES_PT.ADDRESS":null,"DCGIS.ADDRESSES_PT.WARD":"Ward 3","DCGIS.ADDRESSES_PT.SMD":"SMD 3C03","DCGIS.ADDRESSES_PT.ANC":"ANC 3C","MAR.VW_PLACE_NAME_CATEGORIES.CATEGORY":"MUSEUM / ZOO","DCGIS.PLACE_NAMES_PT.STATUS":"ACTIVE","DCGIS.PLACE_NAMES_PT.PLACE_NAME_ID":7118,"DCGIS.PLACE_NAMES_PT.MAR_ID":301363,"DCGIS.PLACE_NAMES_PT.BEFORE_DATE":null,"DCGIS.PLACE_NAMES_PT.BEFORE_DATE_SOURCE":null,"DCGIS.PLACE_NAMES_PT.BEGIN_DATE":null,"DCGIS.PLACE_NAMES_PT.BEGIN_DATE_SOURCE":null,"DCGIS.PLACE_NAMES_PT.FIRST_KNOWN_DATE":null,"DCGIS.PLACE_NAMES_PT.FIRST_KNOWN_DATE_SOURCE":null,"DCGIS.PLACE_NAMES_PT.CREATED_DATE":1147576510000,"DCGIS.PLACE_NAMES_PT.LAST_EDITED_DATE":1147576510000,"DCGIS.PLACE_NAMES_PT.SE_ANNO_CAD_DATA":null,"DCGIS.PLACE_NAMES_PT.OBJECTID":32753657,"DCGIS.ADDRESSES_PT.OBJECTID":218909212,"DCGIS.ADDRESSES_PT.SE_ANNO_CAD_DATA":null}},{"type":"Feature","id":32753658,"geometry":{"type":"Point","coordinates":[-77.05282701190428,38.931131342422816]},"properties":{"DCGIS.PLACE_NAMES_PT.NAME":"NATIONAL ZOO FUJIFILM GIANT PANDA HABITAT","DCGIS.ADDRESSES_PT.ADDRESS":null,"DCGIS.ADDRESSES_PT.WARD":"Ward 3","DCGIS.ADDRESSES_PT.SMD":"SMD 3C03","DCGIS.ADDRESSES_PT.ANC":"ANC 3C","MAR.VW_PLACE_NAME_CATEGORIES.CATEGORY":"MUSEUM / ZOO","DCGIS.PLACE_NAMES_PT.STATUS":"ACTIVE","DCGIS.PLACE_NAMES_PT.PLACE_NAME_ID":7119,"DCGIS.PLACE_NAMES_PT.MAR_ID":301364,"DCGIS.PLACE_NAMES_PT.BEFORE_DATE":null,"DCGIS.PLACE_NAMES_PT.BEFORE_DATE_SOURCE":null,"DCGIS.PLACE_NAMES_PT.BEGIN_DATE":null,"DCGIS.PLACE_NAMES_PT.BEGIN_DATE_SOURCE":null,"DCGIS.PLACE_NAMES_PT.FIRST_KNOWN_DATE":null,"DCGIS.PLACE_NAMES_PT.FIRST_KNOWN_DATE_SOURCE":null,"DCGIS.PLACE_NAMES_PT.CREATED_DATE":1147576510000,"DCGIS.PLACE_NAMES_PT.LAST_EDITED_DATE":1147576510000,"DCGIS.PLACE_NAMES_PT.SE_ANNO_CAD_DATA":null,"DCGIS.PLACE_NAMES_PT.OBJECTID":32753658,"DCGIS.ADDRESSES_PT.OBJECTID":218910295,"DCGIS.ADDRESSES_PT.SE_ANNO_CAD_DATA":null}},{"type":"Feature","id":32753659,"geometry":{"type":"Point","coordinates":[-77.0526899853251,38.93142750742917]},"properties":{"DCGIS.PLACE_NAMES_PT.NAME":"NATIONAL ZOO PANDA CAFE","DCGIS.ADDRESSES_PT.ADDRESS":null,"DCGIS.ADDRESSES_PT.WARD":"Ward 3","DCGIS.ADDRESSES_PT.SMD":"SMD 3C03","DCGIS.ADDRESSES_PT.ANC":"ANC 3C","MAR.VW_PLACE_NAME_CATEGORIES.CATEGORY":"MUSEUM / ZOO","DCGIS.PLACE_NAMES_PT.STATUS":"ACTIVE","DCGIS.PLACE_NAMES_PT.PLACE_NAME_ID":7120,"DCGIS.PLACE_NAMES_PT.MAR_ID":301365,"DCGIS.PLACE_NAMES_PT.BEFORE_DATE":null,"DCGIS.PLACE_NAMES_PT.BEFORE_DATE_SOURCE":null,"DCGIS.PLACE_NAMES_PT.BEGIN_DATE":null,"DCGIS.PLACE_NAMES_PT.BEGIN_DATE_SOURCE":null,"DCGIS.PLACE_NAMES_PT.FIRST_KNOWN_DATE":null,"DCGIS.PLACE_NAMES_PT.FIRST_KNOWN_DATE_SOURCE":null,"DCGIS.PLACE_NAMES_PT.CREATED_DATE":1147576510000,"DCGIS.PLACE_NAMES_PT.LAST_EDITED_DATE":1147576510000,"DCGIS.PLACE_NAMES_PT.SE_ANNO_CAD_DATA":null,"DCGIS.PLACE_NAMES_PT.OBJECTID":32753659,"DCGIS.ADDRESSES_PT.OBJECTID":218925073,"DCGIS.ADDRESSES_PT.SE_ANNO_CAD_DATA":null}},{"type":"Feature","id":32753660,"geometry":{"type":"Point","coordinates":[-77.05256285011355,38.929341509984475]},"properties":{"DCGIS.PLACE_NAMES_PT.NAME":"NATIONAL ZOO GREAT FLIGHT EXHIBIT","DCGIS.ADDRESSES_PT.ADDRESS":null,"DCGIS.ADDRESSES_PT.WARD":"Ward 3","DCGIS.ADDRESSES_PT.SMD":"SMD 3C03","DCGIS.ADDRESSES_PT.ANC":"ANC 3C","MAR.VW_PLACE_NAME_CATEGORIES.CATEGORY":"MUSEUM / ZOO","DCGIS.PLACE_NAMES_PT.STATUS":"ACTIVE","DCGIS.PLACE_NAMES_PT.PLACE_NAME_ID":7121,"DCGIS.PLACE_NAMES_PT.MAR_ID":301366,"DCGIS.PLACE_NAMES_PT.BEFORE_DATE":null,"DCGIS.PLACE_NAMES_PT.BEFORE_DATE_SOURCE":null,"DCGIS.PLACE_NAMES_PT.BEGIN_DATE":null,"DCGIS.PLACE_NAMES_PT.BEGIN_DATE_SOURCE":null,"DCGIS.PLACE_NAMES_PT.FIRST_KNOWN_DATE":null,"DCGIS.PLACE_NAMES_PT.FIRST_KNOWN_DATE_SOURCE":null,"DCGIS.PLACE_NAMES_PT.CREATED_DATE":1147576510000,"DCGIS.PLACE_NAMES_PT.LAST_EDITED_DATE":1147576510000,"DCGIS.PLACE_NAMES_PT.SE_ANNO_CAD_DATA":null,"DCGIS.PLACE_NAMES_PT.OBJECTID":32753660,"DCGIS.ADDRESSES_PT.OBJECTID":218964579,"DCGIS.ADDRESSES_PT.SE_ANNO_CAD_DATA":null}},{"type":"Feature","id":32753661,"geometry":{"type":"Point","coordinates":[-77.05251342602439,38.931917909170714]},"properties":{"DCGIS.PLACE_NAMES_PT.NAME":"NATIONAL ZOO RESTROOMS","DCGIS.ADDRESSES_PT.ADDRESS":null,"DCGIS.ADDRESSES_PT.WARD":"Ward 3","DCGIS.ADDRESSES_PT.SMD":"SMD 3C03","DCGIS.ADDRESSES_PT.ANC":"ANC 3C","MAR.VW_PLACE_NAME_CATEGORIES.CATEGORY":"MUSEUM / ZOO","DCGIS.PLACE_NAMES_PT.STATUS":"ACTIVE","DCGIS.PLACE_NAMES_PT.PLACE_NAME_ID":7122,"DCGIS.PLACE_NAMES_PT.MAR_ID":301367,"DCGIS.PLACE_NAMES_PT.BEFORE_DATE":null,"DCGIS.PLACE_NAMES_PT.BEFORE_DATE_SOURCE":null,"DCGIS.PLACE_NAMES_PT.BEGIN_DATE":null,"DCGIS.PLACE_NAMES_PT.BEGIN_DATE_SOURCE":null,"DCGIS.PLACE_NAMES_PT.FIRST_KNOWN_DATE":null,"DCGIS.PLACE_NAMES_PT.FIRST_KNOWN_DATE_SOURCE":null,"DCGIS.PLACE_NAMES_PT.CREATED_DATE":1147576510000,"DCGIS.PLACE_NAMES_PT.LAST_EDITED_DATE":1147576510000,"DCGIS.PLACE_NAMES_PT.SE_ANNO_CAD_DATA":null,"DCGIS.PLACE_NAMES_PT.OBJECTID":32753661,"DCGIS.ADDRESSES_PT.OBJECTID":218938510,"DCGIS.ADDRESSES_PT.SE_ANNO_CAD_DATA":null}},{"type":"Feature","id":32753662,"geometry":{"type":"Point","coordinates":[-77.05189089597245,38.93197367841229]},"properties":{"DCGIS.PLACE_NAMES_PT.NAME":"NATIONAL ZOO PANDA PAVILION","DCGIS.ADDRESSES_PT.ADDRESS":null,"DCGIS.ADDRESSES_PT.WARD":"Ward 3","DCGIS.ADDRESSES_PT.SMD":"SMD 3C03","DCGIS.ADDRESSES_PT.ANC":"ANC 3C","MAR.VW_PLACE_NAME_CATEGORIES.CATEGORY":"MUSEUM / ZOO","DCGIS.PLACE_NAMES_PT.STATUS":"ACTIVE","DCGIS.PLACE_NAMES_PT.PLACE_NAME_ID":7123,"DCGIS.PLACE_NAMES_PT.MAR_ID":301368,"DCGIS.PLACE_NAMES_PT.BEFORE_DATE":null,"DCGIS.PLACE_NAMES_PT.BEFORE_DATE_SOURCE":null,"DCGIS.PLACE_NAMES_PT.BEGIN_DATE":null,"DCGIS.PLACE_NAMES_PT.BEGIN_DATE_SOURCE":null,"DCGIS.PLACE_NAMES_PT.FIRST_KNOWN_DATE":null,"DCGIS.PLACE_NAMES_PT.FIRST_KNOWN_DATE_SOURCE":null,"DCGIS.PLACE_NAMES_PT.CREATED_DATE":1147576510000,"DCGIS.PLACE_NAMES_PT.LAST_EDITED_DATE":1147576510000,"DCGIS.PLACE_NAMES_PT.SE_ANNO_CAD_DATA":null,"DCGIS.PLACE_NAMES_PT.OBJECTID":32753662,"DCGIS.ADDRESSES_PT.OBJECTID":218909585,"DCGIS.ADDRESSES_PT.SE_ANNO_CAD_DATA":null}},{"type":"Feature","id":32753663,"geometry":{"type":"Point","coordinates":[-77.05195841206357,38.92997920848099]},"properties":{"DCGIS.PLACE_NAMES_PT.NAME":"NATIONAL ZOO WETLANDS","DCGIS.ADDRESSES_PT.ADDRESS":null,"DCGIS.ADDRESSES_PT.WARD":"Ward 3","DCGIS.ADDRESSES_PT.SMD":"SMD 3C03","DCGIS.ADDRESSES_PT.ANC":"ANC 3C","MAR.VW_PLACE_NAME_CATEGORIES.CATEGORY":"MUSEUM / ZOO","DCGIS.PLACE_NAMES_PT.STATUS":"ACTIVE","DCGIS.PLACE_NAMES_PT.PLACE_NAME_ID":7124,"DCGIS.PLACE_NAMES_PT.MAR_ID":301369,"DCGIS.PLACE_NAMES_PT.BEFORE_DATE":null,"DCGIS.PLACE_NAMES_PT.BEFORE_DATE_SOURCE":null,"DCGIS.PLACE_NAMES_PT.BEGIN_DATE":null,"DCGIS.PLACE_NAMES_PT.BEGIN_DATE_SOURCE":null,"DCGIS.PLACE_NAMES_PT.FIRST_KNOWN_DATE":null,"DCGIS.PLACE_NAMES_PT.FIRST_KNOWN_DATE_SOURCE":null,"DCGIS.PLACE_NAMES_PT.CREATED_DATE":1147576510000,"DCGIS.PLACE_NAMES_PT.LAST_EDITED_DATE":1147576510000,"DCGIS.PLACE_NAMES_PT.SE_ANNO_CAD_DATA":null,"DCGIS.PLACE_NAMES_PT.OBJECTID":32753663,"DCGIS.ADDRESSES_PT.OBJECTID":218964580,"DCGIS.ADDRESSES_PT.SE_ANNO_CAD_DATA":null}},{"type":"Feature","id":32753664,"geometry":{"type":"Point","coordinates":[-77.0519538619048,38.93149026456849]},"properties":{"DCGIS.PLACE_NAMES_PT.NAME":"NATIONAL ZOO GIRAFFES","DCGIS.ADDRESSES_PT.ADDRESS":null,"DCGIS.ADDRESSES_PT.WARD":"Ward 3","DCGIS.ADDRESSES_PT.SMD":"SMD 3C03","DCGIS.ADDRESSES_PT.ANC":"ANC 3C","MAR.VW_PLACE_NAME_CATEGORIES.CATEGORY":"MUSEUM / ZOO","DCGIS.PLACE_NAMES_PT.STATUS":"ACTIVE","DCGIS.PLACE_NAMES_PT.PLACE_NAME_ID":7125,"DCGIS.PLACE_NAMES_PT.MAR_ID":301370,"DCGIS.PLACE_NAMES_PT.BEFORE_DATE":null,"DCGIS.PLACE_NAMES_PT.BEFORE_DATE_SOURCE":null,"DCGIS.PLACE_NAMES_PT.BEGIN_DATE":null,"DCGIS.PLACE_NAMES_PT.BEGIN_DATE_SOURCE":null,"DCGIS.PLACE_NAMES_PT.FIRST_KNOWN_DATE":null,"DCGIS.PLACE_NAMES_PT.FIRST_KNOWN_DATE_SOURCE":null,"DCGIS.PLACE_NAMES_PT.CREATED_DATE":1147576510000,"DCGIS.PLACE_NAMES_PT.LAST_EDITED_DATE":1147576510000,"DCGIS.PLACE_NAMES_PT.SE_ANNO_CAD_DATA":null,"DCGIS.PLACE_NAMES_PT.OBJECTID":32753664,"DCGIS.ADDRESSES_PT.OBJECTID":218910158,"DCGIS.ADDRESSES_PT.SE_ANNO_CAD_DATA":null}},{"type":"Feature","id":32753665,"geometry":{"type":"Point","coordinates":[-77.05186687117518,38.929546850142536]},"properties":{"DCGIS.PLACE_NAMES_PT.NAME":"NATIONAL ZOO BIRD HOUSE","DCGIS.ADDRESSES_PT.ADDRESS":null,"DCGIS.ADDRESSES_PT.WARD":"Ward 3","DCGIS.ADDRESSES_PT.SMD":"SMD 3C03","DCGIS.ADDRESSES_PT.ANC":"ANC 3C","MAR.VW_PLACE_NAME_CATEGORIES.CATEGORY":"MUSEUM / ZOO","DCGIS.PLACE_NAMES_PT.STATUS":"ACTIVE","DCGIS.PLACE_NAMES_PT.PLACE_NAME_ID":7126,"DCGIS.PLACE_NAMES_PT.MAR_ID":301371,"DCGIS.PLACE_NAMES_PT.BEFORE_DATE":null,"DCGIS.PLACE_NAMES_PT.BEFORE_DATE_SOURCE":null,"DCGIS.PLACE_NAMES_PT.BEGIN_DATE":null,"DCGIS.PLACE_NAMES_PT.BEGIN_DATE_SOURCE":null,"DCGIS.PLACE_NAMES_PT.FIRST_KNOWN_DATE":null,"DCGIS.PLACE_NAMES_PT.FIRST_KNOWN_DATE_SOURCE":null,"DCGIS.PLACE_NAMES_PT.CREATED_DATE":1147576510000,"DCGIS.PLACE_NAMES_PT.LAST_EDITED_DATE":1147576510000,"DCGIS.PLACE_NAMES_PT.SE_ANNO_CAD_DATA":null,"DCGIS.PLACE_NAMES_PT.OBJECTID":32753665,"DCGIS.ADDRESSES_PT.OBJECTID":218910293,"DCGIS.ADDRESSES_PT.SE_ANNO_CAD_DATA":null}},{"type":"Feature","id":32753093,"geometry":{"type":"Point","coordinates":[-77.04706574893818,38.92875624080992]},"properties":{"DCGIS.PLACE_NAMES_PT.NAME":"NATIONAL ZOO SPEEDWELL FOUNDATION CONSERVATION CAROUSEL","DCGIS.ADDRESSES_PT.ADDRESS":null,"DCGIS.ADDRESSES_PT.WARD":"Ward 3","DCGIS.ADDRESSES_PT.SMD":"SMD 3C03","DCGIS.ADDRESSES_PT.ANC":"ANC 3C","MAR.VW_PLACE_NAME_CATEGORIES.CATEGORY":"MUSEUM / ZOO","DCGIS.PLACE_NAMES_PT.STATUS":"ACTIVE","DCGIS.PLACE_NAMES_PT.PLACE_NAME_ID":16187,"DCGIS.PLACE_NAMES_PT.MAR_ID":317392,"DCGIS.PLACE_NAMES_PT.BEFORE_DATE":null,"DCGIS.PLACE_NAMES_PT.BEFORE_DATE_SOURCE":null,"DCGIS.PLACE_NAMES_PT.BEGIN_DATE":null,"DCGIS.PLACE_NAMES_PT.BEGIN_DATE_SOURCE":null,"DCGIS.PLACE_NAMES_PT.FIRST_KNOWN_DATE":null,"DCGIS.PLACE_NAMES_PT.FIRST_KNOWN_DATE_SOURCE":null,"DCGIS.PLACE_NAMES_PT.CREATED_DATE":1517403895000,"DCGIS.PLACE_NAMES_PT.LAST_EDITED_DATE":1517403895000,"DCGIS.PLACE_NAMES_PT.SE_ANNO_CAD_DATA":null,"DCGIS.PLACE_NAMES_PT.OBJECTID":32753093,"DCGIS.ADDRESSES_PT.OBJECTID":218930309,"DCGIS.ADDRESSES_PT.SE_ANNO_CAD_DATA":null}},{"type":"Feature","id":32753553,"geometry":{"type":"Point","coordinates":[-77.02734981490975,38.88827567501342]},"properties":{"DCGIS.PLACE_NAMES_PT.NAME":"FREER GALLERY OF ART","DCGIS.ADDRESSES_PT.ADDRESS":null,"DCGIS.ADDRESSES_PT.WARD":"Ward 2","DCGIS.ADDRESSES_PT.SMD":"SMD 2C03","DCGIS.ADDRESSES_PT.ANC":"ANC 2C","MAR.VW_PLACE_NAME_CATEGORIES.CATEGORY":"MUSEUM / ZOO","DCGIS.PLACE_NAMES_PT.STATUS":"ACTIVE","DCGIS.PLACE_NAMES_PT.PLACE_NAME_ID":11246,"DCGIS.PLACE_NAMES_PT.MAR_ID":294417,"DCGIS.PLACE_NAMES_PT.BEFORE_DATE":null,"DCGIS.PLACE_NAMES_PT.BEFORE_DATE_SOURCE":null,"DCGIS.PLACE_NAMES_PT.BEGIN_DATE":null,"DCGIS.PLACE_NAMES_PT.BEGIN_DATE_SOURCE":null,"DCGIS.PLACE_NAMES_PT.FIRST_KNOWN_DATE":null,"DCGIS.PLACE_NAMES_PT.FIRST_KNOWN_DATE_SOURCE":null,"DCGIS.PLACE_NAMES_PT.CREATED_DATE":1318337651000,"DCGIS.PLACE_NAMES_PT.LAST_EDITED_DATE":1318337651000,"DCGIS.PLACE_NAMES_PT.SE_ANNO_CAD_DATA":null,"DCGIS.PLACE_NAMES_PT.OBJECTID":32753553,"DCGIS.ADDRESSES_PT.OBJECTID":218910695,"DCGIS.ADDRESSES_PT.SE_ANNO_CAD_DATA":null}},{"type":"Feature","id":32753562,"geometry":{"type":"Point","coordinates":[-77.02296283402555,38.88841426795474]},"properties":{"DCGIS.PLACE_NAMES_PT.NAME":"HIRSHHORN MUSEUM AND SCULPTURE GARDEN","DCGIS.ADDRESSES_PT.ADDRESS":null,"DCGIS.ADDRESSES_PT.WARD":"Ward 2","DCGIS.ADDRESSES_PT.SMD":"SMD 2C03","DCGIS.ADDRESSES_PT.ANC":"ANC 2C","MAR.VW_PLACE_NAME_CATEGORIES.CATEGORY":"MUSEUM / ZOO","DCGIS.PLACE_NAMES_PT.STATUS":"ACTIVE","DCGIS.PLACE_NAMES_PT.PLACE_NAME_ID":3638,"DCGIS.PLACE_NAMES_PT.MAR_ID":294428,"DCGIS.PLACE_NAMES_PT.BEFORE_DATE":null,"DCGIS.PLACE_NAMES_PT.BEFORE_DATE_SOURCE":null,"DCGIS.PLACE_NAMES_PT.BEGIN_DATE":null,"DCGIS.PLACE_NAMES_PT.BEGIN_DATE_SOURCE":null,"DCGIS.PLACE_NAMES_PT.FIRST_KNOWN_DATE":null,"DCGIS.PLACE_NAMES_PT.FIRST_KNOWN_DATE_SOURCE":null,"DCGIS.PLACE_NAMES_PT.CREATED_DATE":1124106359000,"DCGIS.PLACE_NAMES_PT.LAST_EDITED_DATE":1124106359000,"DCGIS.PLACE_NAMES_PT.SE_ANNO_CAD_DATA":null,"DCGIS.PLACE_NAMES_PT.OBJECTID":32753562,"DCGIS.ADDRESSES_PT.OBJECTID":218909266,"DCGIS.ADDRESSES_PT.SE_ANNO_CAD_DATA":null}},{"type":"Feature","id":32753563,"geometry":{"type":"Point","coordinates":[-77.01668244955061,38.88825759717717]},"properties":{"DCGIS.PLACE_NAMES_PT.NAME":"NATIONAL MUSEUM OF THE AMERICAN INDIAN","DCGIS.ADDRESSES_PT.ADDRESS":null,"DCGIS.ADDRESSES_PT.WARD":"Ward 2","DCGIS.ADDRESSES_PT.SMD":"SMD 2C03","DCGIS.ADDRESSES_PT.ANC":"ANC 2C","MAR.VW_PLACE_NAME_CATEGORIES.CATEGORY":"MUSEUM / ZOO","DCGIS.PLACE_NAMES_PT.STATUS":"ACTIVE","DCGIS.PLACE_NAMES_PT.PLACE_NAME_ID":3639,"DCGIS.PLACE_NAMES_PT.MAR_ID":294429,"DCGIS.PLACE_NAMES_PT.BEFORE_DATE":null,"DCGIS.PLACE_NAMES_PT.BEFORE_DATE_SOURCE":null,"DCGIS.PLACE_NAMES_PT.BEGIN_DATE":null,"DCGIS.PLACE_NAMES_PT.BEGIN_DATE_SOURCE":null,"DCGIS.PLACE_NAMES_PT.FIRST_KNOWN_DATE":null,"DCGIS.PLACE_NAMES_PT.FIRST_KNOWN_DATE_SOURCE":null,"DCGIS.PLACE_NAMES_PT.CREATED_DATE":1124106359000,"DCGIS.PLACE_NAMES_PT.LAST_EDITED_DATE":1124106359000,"DCGIS.PLACE_NAMES_PT.SE_ANNO_CAD_DATA":null,"DCGIS.PLACE_NAMES_PT.OBJECTID":32753563,"DCGIS.ADDRESSES_PT.OBJECTID":218823878,"DCGIS.ADDRESSES_PT.SE_ANNO_CAD_DATA":null}},{"type":"Feature","id":32752233,"geometry":{"type":"Point","coordinates":[-77.02886811080955,38.890966562339386]},"properties":{"DCGIS.PLACE_NAMES_PT.NAME":"NATIONAL MUSUEM OF AMERICAN HISTORY ANNEX","DCGIS.ADDRESSES_PT.ADDRESS":null,"DCGIS.ADDRESSES_PT.WARD":"Ward 2","DCGIS.ADDRESSES_PT.SMD":"SMD 2C03","DCGIS.ADDRESSES_PT.ANC":"ANC 2C","MAR.VW_PLACE_NAME_CATEGORIES.CATEGORY":"MUSEUM / ZOO","DCGIS.PLACE_NAMES_PT.STATUS":"ACTIVE","DCGIS.PLACE_NAMES_PT.PLACE_NAME_ID":7616,"DCGIS.PLACE_NAMES_PT.MAR_ID":302663,"DCGIS.PLACE_NAMES_PT.BEFORE_DATE":null,"DCGIS.PLACE_NAMES_PT.BEFORE_DATE_SOURCE":null,"DCGIS.PLACE_NAMES_PT.BEGIN_DATE":null,"DCGIS.PLACE_NAMES_PT.BEGIN_DATE_SOURCE":null,"DCGIS.PLACE_NAMES_PT.FIRST_KNOWN_DATE":null,"DCGIS.PLACE_NAMES_PT.FIRST_KNOWN_DATE_SOURCE":null,"DCGIS.PLACE_NAMES_PT.CREATED_DATE":1157115004000,"DCGIS.PLACE_NAMES_PT.LAST_EDITED_DATE":1157115004000,"DCGIS.PLACE_NAMES_PT.SE_ANNO_CAD_DATA":null,"DCGIS.PLACE_NAMES_PT.OBJECTID":32752233,"DCGIS.ADDRESSES_PT.OBJECTID":218910694,"DCGIS.ADDRESSES_PT.SE_ANNO_CAD_DATA":null}},{"type":"Feature","id":32752237,"geometry":{"type":"Point","coordinates":[-77.05414108148128,38.930032988252094]},"properties":{"DCGIS.PLACE_NAMES_PT.NAME":"NATIONAL ZOO ASIA TRAIL","DCGIS.ADDRESSES_PT.ADDRESS":null,"DCGIS.ADDRESSES_PT.WARD":"Ward 3","DCGIS.ADDRESSES_PT.SMD":"SMD 3C03","DCGIS.ADDRESSES_PT.ANC":"ANC 3C","MAR.VW_PLACE_NAME_CATEGORIES.CATEGORY":"MUSEUM / ZOO","DCGIS.PLACE_NAMES_PT.STATUS":"ACTIVE","DCGIS.PLACE_NAMES_PT.PLACE_NAME_ID":7738,"DCGIS.PLACE_NAMES_PT.MAR_ID":303040,"DCGIS.PLACE_NAMES_PT.BEFORE_DATE":null,"DCGIS.PLACE_NAMES_PT.BEFORE_DATE_SOURCE":null,"DCGIS.PLACE_NAMES_PT.BEGIN_DATE":null,"DCGIS.PLACE_NAMES_PT.BEGIN_DATE_SOURCE":null,"DCGIS.PLACE_NAMES_PT.FIRST_KNOWN_DATE":null,"DCGIS.PLACE_NAMES_PT.FIRST_KNOWN_DATE_SOURCE":null,"DCGIS.PLACE_NAMES_PT.CREATED_DATE":1161617261000,"DCGIS.PLACE_NAMES_PT.LAST_EDITED_DATE":1161617261000,"DCGIS.PLACE_NAMES_PT.SE_ANNO_CAD_DATA":null,"DCGIS.PLACE_NAMES_PT.OBJECTID":32752237,"DCGIS.ADDRESSES_PT.OBJECTID":218828064,"DCGIS.ADDRESSES_PT.SE_ANNO_CAD_DATA":null}},{"type":"Feature","id":32752253,"geometry":{"type":"Point","coordinates":[-76.9718824500297,38.91206540238518]},"properties":{"DCGIS.PLACE_NAMES_PT.NAME":"US NATIONAL ARBORETUM FRIENDSHIP GARDEN","DCGIS.ADDRESSES_PT.ADDRESS":null,"DCGIS.ADDRESSES_PT.WARD":"Ward 5","DCGIS.ADDRESSES_PT.SMD":"SMD 5C04","DCGIS.ADDRESSES_PT.ANC":"ANC 5C","MAR.VW_PLACE_NAME_CATEGORIES.CATEGORY":"MUSEUM / ZOO","DCGIS.PLACE_NAMES_PT.STATUS":"ACTIVE","DCGIS.PLACE_NAMES_PT.PLACE_NAME_ID":7838,"DCGIS.PLACE_NAMES_PT.MAR_ID":303189,"DCGIS.PLACE_NAMES_PT.BEFORE_DATE":null,"DCGIS.PLACE_NAMES_PT.BEFORE_DATE_SOURCE":null,"DCGIS.PLACE_NAMES_PT.BEGIN_DATE":null,"DCGIS.PLACE_NAMES_PT.BEGIN_DATE_SOURCE":null,"DCGIS.PLACE_NAMES_PT.FIRST_KNOWN_DATE":null,"DCGIS.PLACE_NAMES_PT.FIRST_KNOWN_DATE_SOURCE":null,"DCGIS.PLACE_NAMES_PT.CREATED_DATE":1164201219000,"DCGIS.PLACE_NAMES_PT.LAST_EDITED_DATE":1164201219000,"DCGIS.PLACE_NAMES_PT.SE_ANNO_CAD_DATA":null,"DCGIS.PLACE_NAMES_PT.OBJECTID":32752253,"DCGIS.ADDRESSES_PT.OBJECTID":218910420,"DCGIS.ADDRESSES_PT.SE_ANNO_CAD_DATA":null}},{"type":"Feature","id":32752254,"geometry":{"type":"Point","coordinates":[-76.97605260458869,38.911926251705744]},"properties":{"DCGIS.PLACE_NAMES_PT.NAME":"US NATIONAL ARBORETUM PERENNIAL COLLECTIONS","DCGIS.ADDRESSES_PT.ADDRESS":null,"DCGIS.ADDRESSES_PT.WARD":"Ward 5","DCGIS.ADDRESSES_PT.SMD":"SMD 5C04","DCGIS.ADDRESSES_PT.ANC":"ANC 5C","MAR.VW_PLACE_NAME_CATEGORIES.CATEGORY":"MUSEUM / ZOO","DCGIS.PLACE_NAMES_PT.STATUS":"ACTIVE","DCGIS.PLACE_NAMES_PT.PLACE_NAME_ID":7839,"DCGIS.PLACE_NAMES_PT.MAR_ID":303190,"DCGIS.PLACE_NAMES_PT.BEFORE_DATE":null,"DCGIS.PLACE_NAMES_PT.BEFORE_DATE_SOURCE":null,"DCGIS.PLACE_NAMES_PT.BEGIN_DATE":null,"DCGIS.PLACE_NAMES_PT.BEGIN_DATE_SOURCE":null,"DCGIS.PLACE_NAMES_PT.FIRST_KNOWN_DATE":null,"DCGIS.PLACE_NAMES_PT.FIRST_KNOWN_DATE_SOURCE":null,"DCGIS.PLACE_NAMES_PT.CREATED_DATE":1164201219000,"DCGIS.PLACE_NAMES_PT.LAST_EDITED_DATE":1164201219000,"DCGIS.PLACE_NAMES_PT.SE_ANNO_CAD_DATA":null,"DCGIS.PLACE_NAMES_PT.OBJECTID":32752254,"DCGIS.ADDRESSES_PT.OBJECTID":218910370,"DCGIS.ADDRESSES_PT.SE_ANNO_CAD_DATA":null}},{"type":"Feature","id":32752255,"geometry":{"type":"Point","coordinates":[-76.95729544328135,38.9157045845826]},"properties":{"DCGIS.PLACE_NAMES_PT.NAME":"US NATIONAL ARBORETUM GOTELLI DWARF AND SLOW-GROWING CONIFER COLLECTION","DCGIS.ADDRESSES_PT.ADDRESS":null,"DCGIS.ADDRESSES_PT.WARD":"Ward 5","DCGIS.ADDRESSES_PT.SMD":"SMD 5C04","DCGIS.ADDRESSES_PT.ANC":"ANC 5C","MAR.VW_PLACE_NAME_CATEGORIES.CATEGORY":"MUSEUM / ZOO","DCGIS.PLACE_NAMES_PT.STATUS":"ACTIVE","DCGIS.PLACE_NAMES_PT.PLACE_NAME_ID":7840,"DCGIS.PLACE_NAMES_PT.MAR_ID":303191,"DCGIS.PLACE_NAMES_PT.BEFORE_DATE":null,"DCGIS.PLACE_NAMES_PT.BEFORE_DATE_SOURCE":null,"DCGIS.PLACE_NAMES_PT.BEGIN_DATE":null,"DCGIS.PLACE_NAMES_PT.BEGIN_DATE_SOURCE":null,"DCGIS.PLACE_NAMES_PT.FIRST_KNOWN_DATE":null,"DCGIS.PLACE_NAMES_PT.FIRST_KNOWN_DATE_SOURCE":null,"DCGIS.PLACE_NAMES_PT.CREATED_DATE":1164201219000,"DCGIS.PLACE_NAMES_PT.LAST_EDITED_DATE":1164201219000,"DCGIS.PLACE_NAMES_PT.SE_ANNO_CAD_DATA":null,"DCGIS.PLACE_NAMES_PT.OBJECTID":32752255,"DCGIS.ADDRESSES_PT.OBJECTID":218825207,"DCGIS.ADDRESSES_PT.SE_ANNO_CAD_DATA":null}},{"type":"Feature","id":32752256,"geometry":{"type":"Point","coordinates":[-76.96573970482628,38.90762922487612]},"properties":{"DCGIS.PLACE_NAMES_PT.NAME":"US NATIONAL ARBORETUM YOUTH GARDEN","DCGIS.ADDRESSES_PT.ADDRESS":null,"DCGIS.ADDRESSES_PT.WARD":"Ward 5","DCGIS.ADDRESSES_PT.SMD":"SMD 5C04","DCGIS.ADDRESSES_PT.ANC":"ANC 5C","MAR.VW_PLACE_NAME_CATEGORIES.CATEGORY":"MUSEUM / ZOO","DCGIS.PLACE_NAMES_PT.STATUS":"ACTIVE","DCGIS.PLACE_NAMES_PT.PLACE_NAME_ID":7841,"DCGIS.PLACE_NAMES_PT.MAR_ID":303192,"DCGIS.PLACE_NAMES_PT.BEFORE_DATE":null,"DCGIS.PLACE_NAMES_PT.BEFORE_DATE_SOURCE":null,"DCGIS.PLACE_NAMES_PT.BEGIN_DATE":null,"DCGIS.PLACE_NAMES_PT.BEGIN_DATE_SOURCE":null,"DCGIS.PLACE_NAMES_PT.FIRST_KNOWN_DATE":null,"DCGIS.PLACE_NAMES_PT.FIRST_KNOWN_DATE_SOURCE":null,"DCGIS.PLACE_NAMES_PT.CREATED_DATE":1164201219000,"DCGIS.PLACE_NAMES_PT.LAST_EDITED_DATE":1164201219000,"DCGIS.PLACE_NAMES_PT.SE_ANNO_CAD_DATA":null,"DCGIS.PLACE_NAMES_PT.OBJECTID":32752256,"DCGIS.ADDRESSES_PT.OBJECTID":218937881,"DCGIS.ADDRESSES_PT.SE_ANNO_CAD_DATA":null}},{"type":"Feature","id":32752257,"geometry":{"type":"Point","coordinates":[-76.9688744819307,38.90780026968501]},"properties":{"DCGIS.PLACE_NAMES_PT.NAME":"US NATIONAL ARBORETUM NATIONAL GROVE OF STATE TREES","DCGIS.ADDRESSES_PT.ADDRESS":null,"DCGIS.ADDRESSES_PT.WARD":"Ward 5","DCGIS.ADDRESSES_PT.SMD":"SMD 5C04","DCGIS.ADDRESSES_PT.ANC":"ANC 5C","MAR.VW_PLACE_NAME_CATEGORIES.CATEGORY":"MUSEUM / ZOO","DCGIS.PLACE_NAMES_PT.STATUS":"ACTIVE","DCGIS.PLACE_NAMES_PT.PLACE_NAME_ID":7842,"DCGIS.PLACE_NAMES_PT.MAR_ID":303193,"DCGIS.PLACE_NAMES_PT.BEFORE_DATE":null,"DCGIS.PLACE_NAMES_PT.BEFORE_DATE_SOURCE":null,"DCGIS.PLACE_NAMES_PT.BEGIN_DATE":null,"DCGIS.PLACE_NAMES_PT.BEGIN_DATE_SOURCE":null,"DCGIS.PLACE_NAMES_PT.FIRST_KNOWN_DATE":null,"DCGIS.PLACE_NAMES_PT.FIRST_KNOWN_DATE_SOURCE":null,"DCGIS.PLACE_NAMES_PT.CREATED_DATE":1164201219000,"DCGIS.PLACE_NAMES_PT.LAST_EDITED_DATE":1164201219000,"DCGIS.PLACE_NAMES_PT.SE_ANNO_CAD_DATA":null,"DCGIS.PLACE_NAMES_PT.OBJECTID":32752257,"DCGIS.ADDRESSES_PT.OBJECTID":218910418,"DCGIS.ADDRESSES_PT.SE_ANNO_CAD_DATA":null}},{"type":"Feature","id":32752258,"geometry":{"type":"Point","coordinates":[-76.96501320239227,38.9091070992304]},"properties":{"DCGIS.PLACE_NAMES_PT.NAME":"US NATIONAL ARBORETUM FERN VALLEY","DCGIS.ADDRESSES_PT.ADDRESS":null,"DCGIS.ADDRESSES_PT.WARD":"Ward 5","DCGIS.ADDRESSES_PT.SMD":"SMD 5C04","DCGIS.ADDRESSES_PT.ANC":"ANC 5C","MAR.VW_PLACE_NAME_CATEGORIES.CATEGORY":"MUSEUM / ZOO","DCGIS.PLACE_NAMES_PT.STATUS":"ACTIVE","DCGIS.PLACE_NAMES_PT.PLACE_NAME_ID":7843,"DCGIS.PLACE_NAMES_PT.MAR_ID":303194,"DCGIS.PLACE_NAMES_PT.BEFORE_DATE":null,"DCGIS.PLACE_NAMES_PT.BEFORE_DATE_SOURCE":null,"DCGIS.PLACE_NAMES_PT.BEGIN_DATE":null,"DCGIS.PLACE_NAMES_PT.BEGIN_DATE_SOURCE":null,"DCGIS.PLACE_NAMES_PT.FIRST_KNOWN_DATE":null,"DCGIS.PLACE_NAMES_PT.FIRST_KNOWN_DATE_SOURCE":null,"DCGIS.PLACE_NAMES_PT.CREATED_DATE":1164201219000,"DCGIS.PLACE_NAMES_PT.LAST_EDITED_DATE":1164201219000,"DCGIS.PLACE_NAMES_PT.SE_ANNO_CAD_DATA":null,"DCGIS.PLACE_NAMES_PT.OBJECTID":32752258,"DCGIS.ADDRESSES_PT.OBJECTID":218910371,"DCGIS.ADDRESSES_PT.SE_ANNO_CAD_DATA":null}},{"type":"Feature","id":32752259,"geometry":{"type":"Point","coordinates":[-76.96759936456448,38.91024929238468]},"properties":{"DCGIS.PLACE_NAMES_PT.NAME":"US NATIONAL ARBORETUM NATIONAL CAPITOL COLUMNS","DCGIS.ADDRESSES_PT.ADDRESS":null,"DCGIS.ADDRESSES_PT.WARD":"Ward 5","DCGIS.ADDRESSES_PT.SMD":"SMD 5C04","DCGIS.ADDRESSES_PT.ANC":"ANC 5C","MAR.VW_PLACE_NAME_CATEGORIES.CATEGORY":"MUSEUM / ZOO","DCGIS.PLACE_NAMES_PT.STATUS":"ACTIVE","DCGIS.PLACE_NAMES_PT.PLACE_NAME_ID":7844,"DCGIS.PLACE_NAMES_PT.MAR_ID":303195,"DCGIS.PLACE_NAMES_PT.BEFORE_DATE":null,"DCGIS.PLACE_NAMES_PT.BEFORE_DATE_SOURCE":null,"DCGIS.PLACE_NAMES_PT.BEGIN_DATE":null,"DCGIS.PLACE_NAMES_PT.BEGIN_DATE_SOURCE":null,"DCGIS.PLACE_NAMES_PT.FIRST_KNOWN_DATE":null,"DCGIS.PLACE_NAMES_PT.FIRST_KNOWN_DATE_SOURCE":null,"DCGIS.PLACE_NAMES_PT.CREATED_DATE":1164201219000,"DCGIS.PLACE_NAMES_PT.LAST_EDITED_DATE":1164201219000,"DCGIS.PLACE_NAMES_PT.SE_ANNO_CAD_DATA":null,"DCGIS.PLACE_NAMES_PT.OBJECTID":32752259,"DCGIS.ADDRESSES_PT.OBJECTID":218910018,"DCGIS.ADDRESSES_PT.SE_ANNO_CAD_DATA":null}},{"type":"Feature","id":32752260,"geometry":{"type":"Point","coordinates":[-76.97170309177159,38.912227959643246]},"properties":{"DCGIS.PLACE_NAMES_PT.NAME":"US NATIONAL ARBORETUM ARBOR HOUSE","DCGIS.ADDRESSES_PT.ADDRESS":null,"DCGIS.ADDRESSES_PT.WARD":"Ward 5","DCGIS.ADDRESSES_PT.SMD":"SMD 5C04","DCGIS.ADDRESSES_PT.ANC":"ANC 5C","MAR.VW_PLACE_NAME_CATEGORIES.CATEGORY":"MUSEUM / ZOO","DCGIS.PLACE_NAMES_PT.STATUS":"ACTIVE","DCGIS.PLACE_NAMES_PT.PLACE_NAME_ID":7845,"DCGIS.PLACE_NAMES_PT.MAR_ID":303196,"DCGIS.PLACE_NAMES_PT.BEFORE_DATE":null,"DCGIS.PLACE_NAMES_PT.BEFORE_DATE_SOURCE":null,"DCGIS.PLACE_NAMES_PT.BEGIN_DATE":null,"DCGIS.PLACE_NAMES_PT.BEGIN_DATE_SOURCE":null,"DCGIS.PLACE_NAMES_PT.FIRST_KNOWN_DATE":null,"DCGIS.PLACE_NAMES_PT.FIRST_KNOWN_DATE_SOURCE":null,"DCGIS.PLACE_NAMES_PT.CREATED_DATE":1164201219000,"DCGIS.PLACE_NAMES_PT.LAST_EDITED_DATE":1164201219000,"DCGIS.PLACE_NAMES_PT.SE_ANNO_CAD_DATA":null,"DCGIS.PLACE_NAMES_PT.OBJECTID":32752260,"DCGIS.ADDRESSES_PT.OBJECTID":218827591,"DCGIS.ADDRESSES_PT.SE_ANNO_CAD_DATA":null}},{"type":"Feature","id":32752261,"geometry":{"type":"Point","coordinates":[-76.95594462654614,38.91475685654476]},"properties":{"DCGIS.PLACE_NAMES_PT.NAME":"US NATIONAL ARBORETUM DOGWOOD COLLECTION","DCGIS.ADDRESSES_PT.ADDRESS":null,"DCGIS.ADDRESSES_PT.WARD":"Ward 5","DCGIS.ADDRESSES_PT.SMD":"SMD 5C04","DCGIS.ADDRESSES_PT.ANC":"ANC 5C","MAR.VW_PLACE_NAME_CATEGORIES.CATEGORY":"MUSEUM / ZOO","DCGIS.PLACE_NAMES_PT.STATUS":"ACTIVE","DCGIS.PLACE_NAMES_PT.PLACE_NAME_ID":7846,"DCGIS.PLACE_NAMES_PT.MAR_ID":303197,"DCGIS.PLACE_NAMES_PT.BEFORE_DATE":null,"DCGIS.PLACE_NAMES_PT.BEFORE_DATE_SOURCE":null,"DCGIS.PLACE_NAMES_PT.BEGIN_DATE":null,"DCGIS.PLACE_NAMES_PT.BEGIN_DATE_SOURCE":null,"DCGIS.PLACE_NAMES_PT.FIRST_KNOWN_DATE":null,"DCGIS.PLACE_NAMES_PT.FIRST_KNOWN_DATE_SOURCE":null,"DCGIS.PLACE_NAMES_PT.CREATED_DATE":1164201219000,"DCGIS.PLACE_NAMES_PT.LAST_EDITED_DATE":1164201219000,"DCGIS.PLACE_NAMES_PT.SE_ANNO_CAD_DATA":null,"DCGIS.PLACE_NAMES_PT.OBJECTID":32752261,"DCGIS.ADDRESSES_PT.OBJECTID":218910019,"DCGIS.ADDRESSES_PT.SE_ANNO_CAD_DATA":null}},{"type":"Feature","id":32752262,"geometry":{"type":"Point","coordinates":[-76.95543633570527,38.91257880775662]},"properties":{"DCGIS.PLACE_NAMES_PT.NAME":"US NATIONAL ARBORETUM ASIAN COLLECTION","DCGIS.ADDRESSES_PT.ADDRESS":null,"DCGIS.ADDRESSES_PT.WARD":"Ward 5","DCGIS.ADDRESSES_PT.SMD":"SMD 5C04","DCGIS.ADDRESSES_PT.ANC":"ANC 5C","MAR.VW_PLACE_NAME_CATEGORIES.CATEGORY":"MUSEUM / ZOO","DCGIS.PLACE_NAMES_PT.STATUS":"ACTIVE","DCGIS.PLACE_NAMES_PT.PLACE_NAME_ID":7847,"DCGIS.PLACE_NAMES_PT.MAR_ID":303198,"DCGIS.PLACE_NAMES_PT.BEFORE_DATE":null,"DCGIS.PLACE_NAMES_PT.BEFORE_DATE_SOURCE":null,"DCGIS.PLACE_NAMES_PT.BEGIN_DATE":null,"DCGIS.PLACE_NAMES_PT.BEGIN_DATE_SOURCE":null,"DCGIS.PLACE_NAMES_PT.FIRST_KNOWN_DATE":null,"DCGIS.PLACE_NAMES_PT.FIRST_KNOWN_DATE_SOURCE":null,"DCGIS.PLACE_NAMES_PT.CREATED_DATE":1164201219000,"DCGIS.PLACE_NAMES_PT.LAST_EDITED_DATE":1164201219000,"DCGIS.PLACE_NAMES_PT.SE_ANNO_CAD_DATA":null,"DCGIS.PLACE_NAMES_PT.OBJECTID":32752262,"DCGIS.ADDRESSES_PT.OBJECTID":218825209,"DCGIS.ADDRESSES_PT.SE_ANNO_CAD_DATA":null}},{"type":"Feature","id":32752263,"geometry":{"type":"Point","coordinates":[-76.95986970903051,38.91073433486429]},"properties":{"DCGIS.PLACE_NAMES_PT.NAME":"US NATIONAL ARBORETUM HOLLY AND MANGOLIA COLLECTIONS","DCGIS.ADDRESSES_PT.ADDRESS":null,"DCGIS.ADDRESSES_PT.WARD":"Ward 5","DCGIS.ADDRESSES_PT.SMD":"SMD 5C04","DCGIS.ADDRESSES_PT.ANC":"ANC 5C","MAR.VW_PLACE_NAME_CATEGORIES.CATEGORY":"MUSEUM / ZOO","DCGIS.PLACE_NAMES_PT.STATUS":"ACTIVE","DCGIS.PLACE_NAMES_PT.PLACE_NAME_ID":7848,"DCGIS.PLACE_NAMES_PT.MAR_ID":303199,"DCGIS.PLACE_NAMES_PT.BEFORE_DATE":null,"DCGIS.PLACE_NAMES_PT.BEFORE_DATE_SOURCE":null,"DCGIS.PLACE_NAMES_PT.BEGIN_DATE":null,"DCGIS.PLACE_NAMES_PT.BEGIN_DATE_SOURCE":null,"DCGIS.PLACE_NAMES_PT.FIRST_KNOWN_DATE":null,"DCGIS.PLACE_NAMES_PT.FIRST_KNOWN_DATE_SOURCE":null,"DCGIS.PLACE_NAMES_PT.CREATED_DATE":1164201219000,"DCGIS.PLACE_NAMES_PT.LAST_EDITED_DATE":1164201219000,"DCGIS.PLACE_NAMES_PT.SE_ANNO_CAD_DATA":null,"DCGIS.PLACE_NAMES_PT.OBJECTID":32752263,"DCGIS.ADDRESSES_PT.OBJECTID":218910417,"DCGIS.ADDRESSES_PT.SE_ANNO_CAD_DATA":null}},{"type":"Feature","id":32752264,"geometry":{"type":"Point","coordinates":[-76.96886253772803,38.91218399721417]},"properties":{"DCGIS.PLACE_NAMES_PT.NAME":"US NATIONAL ARBORETUM NATIONAL BONSAI AND PENJING MUSEUM","DCGIS.ADDRESSES_PT.ADDRESS":null,"DCGIS.ADDRESSES_PT.WARD":"Ward 5","DCGIS.ADDRESSES_PT.SMD":"SMD 5C04","DCGIS.ADDRESSES_PT.ANC":"ANC 5C","MAR.VW_PLACE_NAME_CATEGORIES.CATEGORY":"MUSEUM / ZOO","DCGIS.PLACE_NAMES_PT.STATUS":"ACTIVE","DCGIS.PLACE_NAMES_PT.PLACE_NAME_ID":14675,"DCGIS.PLACE_NAMES_PT.MAR_ID":303200,"DCGIS.PLACE_NAMES_PT.BEFORE_DATE":null,"DCGIS.PLACE_NAMES_PT.BEFORE_DATE_SOURCE":null,"DCGIS.PLACE_NAMES_PT.BEGIN_DATE":null,"DCGIS.PLACE_NAMES_PT.BEGIN_DATE_SOURCE":null,"DCGIS.PLACE_NAMES_PT.FIRST_KNOWN_DATE":null,"DCGIS.PLACE_NAMES_PT.FIRST_KNOWN_DATE_SOURCE":null,"DCGIS.PLACE_NAMES_PT.CREATED_DATE":1431445253000,"DCGIS.PLACE_NAMES_PT.LAST_EDITED_DATE":1431445253000,"DCGIS.PLACE_NAMES_PT.SE_ANNO_CAD_DATA":null,"DCGIS.PLACE_NAMES_PT.OBJECTID":32752264,"DCGIS.ADDRESSES_PT.OBJECTID":218825208,"DCGIS.ADDRESSES_PT.SE_ANNO_CAD_DATA":null}},{"type":"Feature","id":32752265,"geometry":{"type":"Point","coordinates":[-76.969552321283,38.911528822142316]},"properties":{"DCGIS.PLACE_NAMES_PT.NAME":"US NATIONAL ARBORETUM NATIONAL HERB GARDEN","DCGIS.ADDRESSES_PT.ADDRESS":null,"DCGIS.ADDRESSES_PT.WARD":"Ward 5","DCGIS.ADDRESSES_PT.SMD":"SMD 5C04","DCGIS.ADDRESSES_PT.ANC":"ANC 5C","MAR.VW_PLACE_NAME_CATEGORIES.CATEGORY":"MUSEUM / ZOO","DCGIS.PLACE_NAMES_PT.STATUS":"ACTIVE","DCGIS.PLACE_NAMES_PT.PLACE_NAME_ID":7850,"DCGIS.PLACE_NAMES_PT.MAR_ID":303201,"DCGIS.PLACE_NAMES_PT.BEFORE_DATE":null,"DCGIS.PLACE_NAMES_PT.BEFORE_DATE_SOURCE":null,"DCGIS.PLACE_NAMES_PT.BEGIN_DATE":null,"DCGIS.PLACE_NAMES_PT.BEGIN_DATE_SOURCE":null,"DCGIS.PLACE_NAMES_PT.FIRST_KNOWN_DATE":null,"DCGIS.PLACE_NAMES_PT.FIRST_KNOWN_DATE_SOURCE":null,"DCGIS.PLACE_NAMES_PT.CREATED_DATE":1164201219000,"DCGIS.PLACE_NAMES_PT.LAST_EDITED_DATE":1164201219000,"DCGIS.PLACE_NAMES_PT.SE_ANNO_CAD_DATA":null,"DCGIS.PLACE_NAMES_PT.OBJECTID":32752265,"DCGIS.ADDRESSES_PT.OBJECTID":218827187,"DCGIS.ADDRESSES_PT.SE_ANNO_CAD_DATA":null}},{"type":"Feature","id":32752266,"geometry":{"type":"Point","coordinates":[-76.97358501470671,38.910445649290104]},"properties":{"DCGIS.PLACE_NAMES_PT.NAME":"US NATIONAL ARBORETUM AZALEA COLLECTIONS","DCGIS.ADDRESSES_PT.ADDRESS":null,"DCGIS.ADDRESSES_PT.WARD":"Ward 5","DCGIS.ADDRESSES_PT.SMD":"SMD 5C04","DCGIS.ADDRESSES_PT.ANC":"ANC 5C","MAR.VW_PLACE_NAME_CATEGORIES.CATEGORY":"MUSEUM / ZOO","DCGIS.PLACE_NAMES_PT.STATUS":"ACTIVE","DCGIS.PLACE_NAMES_PT.PLACE_NAME_ID":7851,"DCGIS.PLACE_NAMES_PT.MAR_ID":303202,"DCGIS.PLACE_NAMES_PT.BEFORE_DATE":null,"DCGIS.PLACE_NAMES_PT.BEFORE_DATE_SOURCE":null,"DCGIS.PLACE_NAMES_PT.BEGIN_DATE":null,"DCGIS.PLACE_NAMES_PT.BEGIN_DATE_SOURCE":null,"DCGIS.PLACE_NAMES_PT.FIRST_KNOWN_DATE":null,"DCGIS.PLACE_NAMES_PT.FIRST_KNOWN_DATE_SOURCE":null,"DCGIS.PLACE_NAMES_PT.CREATED_DATE":1164201219000,"DCGIS.PLACE_NAMES_PT.LAST_EDITED_DATE":1164201219000,"DCGIS.PLACE_NAMES_PT.SE_ANNO_CAD_DATA":null,"DCGIS.PLACE_NAMES_PT.OBJECTID":32752266,"DCGIS.ADDRESSES_PT.OBJECTID":218910419,"DCGIS.ADDRESSES_PT.SE_ANNO_CAD_DATA":null}},{"type":"Feature","id":32752267,"geometry":{"type":"Point","coordinates":[-76.9732415302671,38.91231426163157]},"properties":{"DCGIS.PLACE_NAMES_PT.NAME":"US NATIONAL ARBORETUM NATIONAL BOXWOOD COLLECTION","DCGIS.ADDRESSES_PT.ADDRESS":null,"DCGIS.ADDRESSES_PT.WARD":"Ward 5","DCGIS.ADDRESSES_PT.SMD":"SMD 5C04","DCGIS.ADDRESSES_PT.ANC":"ANC 5C","MAR.VW_PLACE_NAME_CATEGORIES.CATEGORY":"MUSEUM / ZOO","DCGIS.PLACE_NAMES_PT.STATUS":"ACTIVE","DCGIS.PLACE_NAMES_PT.PLACE_NAME_ID":7852,"DCGIS.PLACE_NAMES_PT.MAR_ID":303203,"DCGIS.PLACE_NAMES_PT.BEFORE_DATE":null,"DCGIS.PLACE_NAMES_PT.BEFORE_DATE_SOURCE":null,"DCGIS.PLACE_NAMES_PT.BEGIN_DATE":null,"DCGIS.PLACE_NAMES_PT.BEGIN_DATE_SOURCE":null,"DCGIS.PLACE_NAMES_PT.FIRST_KNOWN_DATE":null,"DCGIS.PLACE_NAMES_PT.FIRST_KNOWN_DATE_SOURCE":null,"DCGIS.PLACE_NAMES_PT.CREATED_DATE":1164201219000,"DCGIS.PLACE_NAMES_PT.LAST_EDITED_DATE":1164201219000,"DCGIS.PLACE_NAMES_PT.SE_ANNO_CAD_DATA":null,"DCGIS.PLACE_NAMES_PT.OBJECTID":32752267,"DCGIS.ADDRESSES_PT.OBJECTID":218914217,"DCGIS.ADDRESSES_PT.SE_ANNO_CAD_DATA":null}},{"type":"Feature","id":32752637,"geometry":{"type":"Point","coordinates":[-77.0473558934516,38.93080704604634]},"properties":{"DCGIS.PLACE_NAMES_PT.NAME":"NATIONAL ZOO ADMINISTRATION","DCGIS.ADDRESSES_PT.ADDRESS":null,"DCGIS.ADDRESSES_PT.WARD":"Ward 3","DCGIS.ADDRESSES_PT.SMD":"SMD 3C03","DCGIS.ADDRESSES_PT.ANC":"ANC 3C","MAR.VW_PLACE_NAME_CATEGORIES.CATEGORY":"MUSEUM / ZOO","DCGIS.PLACE_NAMES_PT.STATUS":"ACTIVE","DCGIS.PLACE_NAMES_PT.PLACE_NAME_ID":10044,"DCGIS.PLACE_NAMES_PT.MAR_ID":309257,"DCGIS.PLACE_NAMES_PT.BEFORE_DATE":null,"DCGIS.PLACE_NAMES_PT.BEFORE_DATE_SOURCE":null,"DCGIS.PLACE_NAMES_PT.BEGIN_DATE":null,"DCGIS.PLACE_NAMES_PT.BEGIN_DATE_SOURCE":null,"DCGIS.PLACE_NAMES_PT.FIRST_KNOWN_DATE":null,"DCGIS.PLACE_NAMES_PT.FIRST_KNOWN_DATE_SOURCE":null,"DCGIS.PLACE_NAMES_PT.CREATED_DATE":1291814543000,"DCGIS.PLACE_NAMES_PT.LAST_EDITED_DATE":1291814543000,"DCGIS.PLACE_NAMES_PT.SE_ANNO_CAD_DATA":null,"DCGIS.PLACE_NAMES_PT.OBJECTID":32752637,"DCGIS.ADDRESSES_PT.OBJECTID":218934167,"DCGIS.ADDRESSES_PT.SE_ANNO_CAD_DATA":null}},{"type":"Feature","id":32752638,"geometry":{"type":"Point","coordinates":[-77.02352327195337,38.89129593616685]},"properties":{"DCGIS.PLACE_NAMES_PT.NAME":"NATIONAL GALLERY OF ART SCULPTURE GARDEN CAFE PAVILLION","DCGIS.ADDRESSES_PT.ADDRESS":null,"DCGIS.ADDRESSES_PT.WARD":"Ward 2","DCGIS.ADDRESSES_PT.SMD":"SMD 2C03","DCGIS.ADDRESSES_PT.ANC":"ANC 2C","MAR.VW_PLACE_NAME_CATEGORIES.CATEGORY":"MUSEUM / ZOO","DCGIS.PLACE_NAMES_PT.STATUS":"ACTIVE","DCGIS.PLACE_NAMES_PT.PLACE_NAME_ID":10051,"DCGIS.PLACE_NAMES_PT.MAR_ID":309258,"DCGIS.PLACE_NAMES_PT.BEFORE_DATE":null,"DCGIS.PLACE_NAMES_PT.BEFORE_DATE_SOURCE":null,"DCGIS.PLACE_NAMES_PT.BEGIN_DATE":null,"DCGIS.PLACE_NAMES_PT.BEGIN_DATE_SOURCE":null,"DCGIS.PLACE_NAMES_PT.FIRST_KNOWN_DATE":null,"DCGIS.PLACE_NAMES_PT.FIRST_KNOWN_DATE_SOURCE":null,"DCGIS.PLACE_NAMES_PT.CREATED_DATE":1291970869000,"DCGIS.PLACE_NAMES_PT.LAST_EDITED_DATE":1291970869000,"DCGIS.PLACE_NAMES_PT.SE_ANNO_CAD_DATA":null,"DCGIS.PLACE_NAMES_PT.OBJECTID":32752638,"DCGIS.ADDRESSES_PT.OBJECTID":218916165,"DCGIS.ADDRESSES_PT.SE_ANNO_CAD_DATA":null}},{"type":"Feature","id":32751968,"geometry":{"type":"Point","coordinates":[-77.01663876900335,38.891240367062686]},"properties":{"DCGIS.PLACE_NAMES_PT.NAME":"NATIONAL GALLERY OF ART - EAST BUILDING","DCGIS.ADDRESSES_PT.ADDRESS":null,"DCGIS.ADDRESSES_PT.WARD":"Ward 2","DCGIS.ADDRESSES_PT.SMD":"SMD 2C03","DCGIS.ADDRESSES_PT.ANC":"ANC 2C","MAR.VW_PLACE_NAME_CATEGORIES.CATEGORY":"MUSEUM / ZOO","DCGIS.PLACE_NAMES_PT.STATUS":"ACTIVE","DCGIS.PLACE_NAMES_PT.PLACE_NAME_ID":3015,"DCGIS.PLACE_NAMES_PT.MAR_ID":293209,"DCGIS.PLACE_NAMES_PT.BEFORE_DATE":null,"DCGIS.PLACE_NAMES_PT.BEFORE_DATE_SOURCE":null,"DCGIS.PLACE_NAMES_PT.BEGIN_DATE":null,"DCGIS.PLACE_NAMES_PT.BEGIN_DATE_SOURCE":null,"DCGIS.PLACE_NAMES_PT.FIRST_KNOWN_DATE":null,"DCGIS.PLACE_NAMES_PT.FIRST_KNOWN_DATE_SOURCE":null,"DCGIS.PLACE_NAMES_PT.CREATED_DATE":1123862767000,"DCGIS.PLACE_NAMES_PT.LAST_EDITED_DATE":1123862767000,"DCGIS.PLACE_NAMES_PT.SE_ANNO_CAD_DATA":null,"DCGIS.PLACE_NAMES_PT.OBJECTID":32751968,"DCGIS.ADDRESSES_PT.OBJECTID":218909264,"DCGIS.ADDRESSES_PT.SE_ANNO_CAD_DATA":null}},{"type":"Feature","id":32751969,"geometry":{"type":"Point","coordinates":[-77.01992461124726,38.8913060642939]},"properties":{"DCGIS.PLACE_NAMES_PT.NAME":"NATIONAL GALLERY OF ART - WEST BUILDING","DCGIS.ADDRESSES_PT.ADDRESS":null,"DCGIS.ADDRESSES_PT.WARD":"Ward 2","DCGIS.ADDRESSES_PT.SMD":"SMD 2C03","DCGIS.ADDRESSES_PT.ANC":"ANC 2C","MAR.VW_PLACE_NAME_CATEGORIES.CATEGORY":"MUSEUM / ZOO","DCGIS.PLACE_NAMES_PT.STATUS":"ACTIVE","DCGIS.PLACE_NAMES_PT.PLACE_NAME_ID":3062,"DCGIS.PLACE_NAMES_PT.MAR_ID":293249,"DCGIS.PLACE_NAMES_PT.BEFORE_DATE":null,"DCGIS.PLACE_NAMES_PT.BEFORE_DATE_SOURCE":null,"DCGIS.PLACE_NAMES_PT.BEGIN_DATE":null,"DCGIS.PLACE_NAMES_PT.BEGIN_DATE_SOURCE":null,"DCGIS.PLACE_NAMES_PT.FIRST_KNOWN_DATE":null,"DCGIS.PLACE_NAMES_PT.FIRST_KNOWN_DATE_SOURCE":null,"DCGIS.PLACE_NAMES_PT.CREATED_DATE":1123862767000,"DCGIS.PLACE_NAMES_PT.LAST_EDITED_DATE":1123862767000,"DCGIS.PLACE_NAMES_PT.SE_ANNO_CAD_DATA":null,"DCGIS.PLACE_NAMES_PT.OBJECTID":32751969,"DCGIS.ADDRESSES_PT.OBJECTID":218909263,"DCGIS.ADDRESSES_PT.SE_ANNO_CAD_DATA":null}},{"type":"Feature","id":32751970,"geometry":{"type":"Point","coordinates":[-77.022945089815,38.89130091570359]},"properties":{"DCGIS.PLACE_NAMES_PT.NAME":"NATIONAL GALLERY OF ART SCULPTURE GARDEN ICE SKATING RINK","DCGIS.ADDRESSES_PT.ADDRESS":null,"DCGIS.ADDRESSES_PT.WARD":"Ward 2","DCGIS.ADDRESSES_PT.SMD":"SMD 2C03","DCGIS.ADDRESSES_PT.ANC":"ANC 2C","MAR.VW_PLACE_NAME_CATEGORIES.CATEGORY":"MUSEUM / ZOO","DCGIS.PLACE_NAMES_PT.STATUS":"ACTIVE","DCGIS.PLACE_NAMES_PT.PLACE_NAME_ID":3073,"DCGIS.PLACE_NAMES_PT.MAR_ID":293258,"DCGIS.PLACE_NAMES_PT.BEFORE_DATE":null,"DCGIS.PLACE_NAMES_PT.BEFORE_DATE_SOURCE":null,"DCGIS.PLACE_NAMES_PT.BEGIN_DATE":null,"DCGIS.PLACE_NAMES_PT.BEGIN_DATE_SOURCE":null,"DCGIS.PLACE_NAMES_PT.FIRST_KNOWN_DATE":null,"DCGIS.PLACE_NAMES_PT.FIRST_KNOWN_DATE_SOURCE":null,"DCGIS.PLACE_NAMES_PT.CREATED_DATE":1123862767000,"DCGIS.PLACE_NAMES_PT.LAST_EDITED_DATE":1167222791000,"DCGIS.PLACE_NAMES_PT.SE_ANNO_CAD_DATA":null,"DCGIS.PLACE_NAMES_PT.OBJECTID":32751970,"DCGIS.ADDRESSES_PT.OBJECTID":218909265,"DCGIS.ADDRESSES_PT.SE_ANNO_CAD_DATA":null}},{"type":"Feature","id":32751971,"geometry":{"type":"Point","coordinates":[-77.022945089815,38.89130091570359]},"properties":{"DCGIS.PLACE_NAMES_PT.NAME":"NATIONAL GALLERY OF ART SCULPTURE GARDEN","DCGIS.ADDRESSES_PT.ADDRESS":null,"DCGIS.ADDRESSES_PT.WARD":"Ward 2","DCGIS.ADDRESSES_PT.SMD":"SMD 2C03","DCGIS.ADDRESSES_PT.ANC":"ANC 2C","MAR.VW_PLACE_NAME_CATEGORIES.CATEGORY":"MUSEUM / ZOO","DCGIS.PLACE_NAMES_PT.STATUS":"ACTIVE","DCGIS.PLACE_NAMES_PT.PLACE_NAME_ID":3074,"DCGIS.PLACE_NAMES_PT.MAR_ID":293258,"DCGIS.PLACE_NAMES_PT.BEFORE_DATE":null,"DCGIS.PLACE_NAMES_PT.BEFORE_DATE_SOURCE":null,"DCGIS.PLACE_NAMES_PT.BEGIN_DATE":null,"DCGIS.PLACE_NAMES_PT.BEGIN_DATE_SOURCE":null,"DCGIS.PLACE_NAMES_PT.FIRST_KNOWN_DATE":null,"DCGIS.PLACE_NAMES_PT.FIRST_KNOWN_DATE_SOURCE":null,"DCGIS.PLACE_NAMES_PT.CREATED_DATE":1123862767000,"DCGIS.PLACE_NAMES_PT.LAST_EDITED_DATE":1167222791000,"DCGIS.PLACE_NAMES_PT.SE_ANNO_CAD_DATA":null,"DCGIS.PLACE_NAMES_PT.OBJECTID":32751971,"DCGIS.ADDRESSES_PT.OBJECTID":218909265,"DCGIS.ADDRESSES_PT.SE_ANNO_CAD_DATA":null}},{"type":"Feature","id":32752050,"geometry":{"type":"Point","coordinates":[-77.02297439592846,38.89818843863954]},"properties":{"DCGIS.PLACE_NAMES_PT.NAME":"NATIONAL PORTRAIT GALLERY","DCGIS.ADDRESSES_PT.ADDRESS":null,"DCGIS.ADDRESSES_PT.WARD":"Ward 2","DCGIS.ADDRESSES_PT.SMD":"SMD 2C01","DCGIS.ADDRESSES_PT.ANC":"ANC 2C","MAR.VW_PLACE_NAME_CATEGORIES.CATEGORY":"MUSEUM / ZOO","DCGIS.PLACE_NAMES_PT.STATUS":"ACTIVE","DCGIS.PLACE_NAMES_PT.PLACE_NAME_ID":3440,"DCGIS.PLACE_NAMES_PT.MAR_ID":294248,"DCGIS.PLACE_NAMES_PT.BEFORE_DATE":null,"DCGIS.PLACE_NAMES_PT.BEFORE_DATE_SOURCE":null,"DCGIS.PLACE_NAMES_PT.BEGIN_DATE":null,"DCGIS.PLACE_NAMES_PT.BEGIN_DATE_SOURCE":null,"DCGIS.PLACE_NAMES_PT.FIRST_KNOWN_DATE":null,"DCGIS.PLACE_NAMES_PT.FIRST_KNOWN_DATE_SOURCE":null,"DCGIS.PLACE_NAMES_PT.CREATED_DATE":1124106359000,"DCGIS.PLACE_NAMES_PT.LAST_EDITED_DATE":1124106359000,"DCGIS.PLACE_NAMES_PT.SE_ANNO_CAD_DATA":null,"DCGIS.PLACE_NAMES_PT.OBJECTID":32752050,"DCGIS.ADDRESSES_PT.OBJECTID":218910322,"DCGIS.ADDRESSES_PT.SE_ANNO_CAD_DATA":null}},{"type":"Feature","id":32752051,"geometry":{"type":"Point","coordinates":[-77.02297439592846,38.89818843863954]},"properties":{"DCGIS.PLACE_NAMES_PT.NAME":"DONALD W. REYNOLDS CENTER FOR AMERICAN ART AND PORTRAITURE","DCGIS.ADDRESSES_PT.ADDRESS":null,"DCGIS.ADDRESSES_PT.WARD":"Ward 2","DCGIS.ADDRESSES_PT.SMD":"SMD 2C01","DCGIS.ADDRESSES_PT.ANC":"ANC 2C","MAR.VW_PLACE_NAME_CATEGORIES.CATEGORY":"MUSEUM / ZOO","DCGIS.PLACE_NAMES_PT.STATUS":"ACTIVE","DCGIS.PLACE_NAMES_PT.PLACE_NAME_ID":10141,"DCGIS.PLACE_NAMES_PT.MAR_ID":294248,"DCGIS.PLACE_NAMES_PT.BEFORE_DATE":null,"DCGIS.PLACE_NAMES_PT.BEFORE_DATE_SOURCE":null,"DCGIS.PLACE_NAMES_PT.BEGIN_DATE":null,"DCGIS.PLACE_NAMES_PT.BEGIN_DATE_SOURCE":null,"DCGIS.PLACE_NAMES_PT.FIRST_KNOWN_DATE":null,"DCGIS.PLACE_NAMES_PT.FIRST_KNOWN_DATE_SOURCE":null,"DCGIS.PLACE_NAMES_PT.CREATED_DATE":1301392268000,"DCGIS.PLACE_NAMES_PT.LAST_EDITED_DATE":1301392268000,"DCGIS.PLACE_NAMES_PT.SE_ANNO_CAD_DATA":null,"DCGIS.PLACE_NAMES_PT.OBJECTID":32752051,"DCGIS.ADDRESSES_PT.OBJECTID":218910322,"DCGIS.ADDRESSES_PT.SE_ANNO_CAD_DATA":null}},{"type":"Feature","id":32752052,"geometry":{"type":"Point","coordinates":[-77.02297439592846,38.89818843863954]},"properties":{"DCGIS.PLACE_NAMES_PT.NAME":"SMITHSONIAN AMERICAN ART MUSEUM","DCGIS.ADDRESSES_PT.ADDRESS":null,"DCGIS.ADDRESSES_PT.WARD":"Ward 2","DCGIS.ADDRESSES_PT.SMD":"SMD 2C01","DCGIS.ADDRESSES_PT.ANC":"ANC 2C","MAR.VW_PLACE_NAME_CATEGORIES.CATEGORY":"MUSEUM / ZOO","DCGIS.PLACE_NAMES_PT.STATUS":"ACTIVE","DCGIS.PLACE_NAMES_PT.PLACE_NAME_ID":12539,"DCGIS.PLACE_NAMES_PT.MAR_ID":294248,"DCGIS.PLACE_NAMES_PT.BEFORE_DATE":null,"DCGIS.PLACE_NAMES_PT.BEFORE_DATE_SOURCE":null,"DCGIS.PLACE_NAMES_PT.BEGIN_DATE":null,"DCGIS.PLACE_NAMES_PT.BEGIN_DATE_SOURCE":null,"DCGIS.PLACE_NAMES_PT.FIRST_KNOWN_DATE":null,"DCGIS.PLACE_NAMES_PT.FIRST_KNOWN_DATE_SOURCE":null,"DCGIS.PLACE_NAMES_PT.CREATED_DATE":1347631693000,"DCGIS.PLACE_NAMES_PT.LAST_EDITED_DATE":1347631693000,"DCGIS.PLACE_NAMES_PT.SE_ANNO_CAD_DATA":null,"DCGIS.PLACE_NAMES_PT.OBJECTID":32752052,"DCGIS.ADDRESSES_PT.OBJECTID":218910322,"DCGIS.ADDRESSES_PT.SE_ANNO_CAD_DATA":null}},{"type":"Feature","id":32752111,"geometry":{"type":"Point","coordinates":[-77.05116599796435,38.93113397316209]},"properties":{"DCGIS.PLACE_NAMES_PT.NAME":"NATIONAL ZOO ELEPHANT HOUSE","DCGIS.ADDRESSES_PT.ADDRESS":null,"DCGIS.ADDRESSES_PT.WARD":"Ward 3","DCGIS.ADDRESSES_PT.SMD":"SMD 3C03","DCGIS.ADDRESSES_PT.ANC":"ANC 3C","MAR.VW_PLACE_NAME_CATEGORIES.CATEGORY":"MUSEUM / ZOO","DCGIS.PLACE_NAMES_PT.STATUS":"ACTIVE","DCGIS.PLACE_NAMES_PT.PLACE_NAME_ID":7127,"DCGIS.PLACE_NAMES_PT.MAR_ID":301372,"DCGIS.PLACE_NAMES_PT.BEFORE_DATE":null,"DCGIS.PLACE_NAMES_PT.BEFORE_DATE_SOURCE":null,"DCGIS.PLACE_NAMES_PT.BEGIN_DATE":null,"DCGIS.PLACE_NAMES_PT.BEGIN_DATE_SOURCE":null,"DCGIS.PLACE_NAMES_PT.FIRST_KNOWN_DATE":null,"DCGIS.PLACE_NAMES_PT.FIRST_KNOWN_DATE_SOURCE":null,"DCGIS.PLACE_NAMES_PT.CREATED_DATE":1147576510000,"DCGIS.PLACE_NAMES_PT.LAST_EDITED_DATE":1147576510000,"DCGIS.PLACE_NAMES_PT.SE_ANNO_CAD_DATA":null,"DCGIS.PLACE_NAMES_PT.OBJECTID":32752111,"DCGIS.ADDRESSES_PT.OBJECTID":218910161,"DCGIS.ADDRESSES_PT.SE_ANNO_CAD_DATA":null}},{"type":"Feature","id":32752112,"geometry":{"type":"Point","coordinates":[-77.05095029086444,38.93043844564551]},"properties":{"DCGIS.PLACE_NAMES_PT.NAME":"NATIONAL ZOO RESTROOMS","DCGIS.ADDRESSES_PT.ADDRESS":null,"DCGIS.ADDRESSES_PT.WARD":"Ward 3","DCGIS.ADDRESSES_PT.SMD":"SMD 3C03","DCGIS.ADDRESSES_PT.ANC":"ANC 3C","MAR.VW_PLACE_NAME_CATEGORIES.CATEGORY":"MUSEUM / ZOO","DCGIS.PLACE_NAMES_PT.STATUS":"ACTIVE","DCGIS.PLACE_NAMES_PT.PLACE_NAME_ID":7128,"DCGIS.PLACE_NAMES_PT.MAR_ID":301373,"DCGIS.PLACE_NAMES_PT.BEFORE_DATE":null,"DCGIS.PLACE_NAMES_PT.BEFORE_DATE_SOURCE":null,"DCGIS.PLACE_NAMES_PT.BEGIN_DATE":null,"DCGIS.PLACE_NAMES_PT.BEGIN_DATE_SOURCE":null,"DCGIS.PLACE_NAMES_PT.FIRST_KNOWN_DATE":null,"DCGIS.PLACE_NAMES_PT.FIRST_KNOWN_DATE_SOURCE":null,"DCGIS.PLACE_NAMES_PT.CREATED_DATE":1147576510000,"DCGIS.PLACE_NAMES_PT.LAST_EDITED_DATE":1147576510000,"DCGIS.PLACE_NAMES_PT.SE_ANNO_CAD_DATA":null,"DCGIS.PLACE_NAMES_PT.OBJECTID":32752112,"DCGIS.ADDRESSES_PT.OBJECTID":218909579,"DCGIS.ADDRESSES_PT.SE_ANNO_CAD_DATA":null}},{"type":"Feature","id":32752113,"geometry":{"type":"Point","coordinates":[-77.05087496695185,38.93106725855144]},"properties":{"DCGIS.PLACE_NAMES_PT.NAME":"NATIONAL ZOO HIPPOPOTAMUS","DCGIS.ADDRESSES_PT.ADDRESS":null,"DCGIS.ADDRESSES_PT.WARD":"Ward 3","DCGIS.ADDRESSES_PT.SMD":"SMD 3C03","DCGIS.ADDRESSES_PT.ANC":"ANC 3C","MAR.VW_PLACE_NAME_CATEGORIES.CATEGORY":"MUSEUM / ZOO","DCGIS.PLACE_NAMES_PT.STATUS":"ACTIVE","DCGIS.PLACE_NAMES_PT.PLACE_NAME_ID":7129,"DCGIS.PLACE_NAMES_PT.MAR_ID":301374,"DCGIS.PLACE_NAMES_PT.BEFORE_DATE":null,"DCGIS.PLACE_NAMES_PT.BEFORE_DATE_SOURCE":null,"DCGIS.PLACE_NAMES_PT.BEGIN_DATE":null,"DCGIS.PLACE_NAMES_PT.BEGIN_DATE_SOURCE":null,"DCGIS.PLACE_NAMES_PT.FIRST_KNOWN_DATE":null,"DCGIS.PLACE_NAMES_PT.FIRST_KNOWN_DATE_SOURCE":null,"DCGIS.PLACE_NAMES_PT.CREATED_DATE":1147576510000,"DCGIS.PLACE_NAMES_PT.LAST_EDITED_DATE":1147576510000,"DCGIS.PLACE_NAMES_PT.SE_ANNO_CAD_DATA":null,"DCGIS.PLACE_NAMES_PT.OBJECTID":32752113,"DCGIS.ADDRESSES_PT.OBJECTID":218910159,"DCGIS.ADDRESSES_PT.SE_ANNO_CAD_DATA":null}},{"type":"Feature","id":32752114,"geometry":{"type":"Point","coordinates":[-77.05046925923895,38.930296323045035]},"properties":{"DCGIS.PLACE_NAMES_PT.NAME":"NATIONAL ZOO GOLDEN LION TAMARINS","DCGIS.ADDRESSES_PT.ADDRESS":null,"DCGIS.ADDRESSES_PT.WARD":"Ward 3","DCGIS.ADDRESSES_PT.SMD":"SMD 3C03","DCGIS.ADDRESSES_PT.ANC":"ANC 3C","MAR.VW_PLACE_NAME_CATEGORIES.CATEGORY":"MUSEUM / ZOO","DCGIS.PLACE_NAMES_PT.STATUS":"ACTIVE","DCGIS.PLACE_NAMES_PT.PLACE_NAME_ID":7130,"DCGIS.PLACE_NAMES_PT.MAR_ID":301375,"DCGIS.PLACE_NAMES_PT.BEFORE_DATE":null,"DCGIS.PLACE_NAMES_PT.BEFORE_DATE_SOURCE":null,"DCGIS.PLACE_NAMES_PT.BEGIN_DATE":null,"DCGIS.PLACE_NAMES_PT.BEGIN_DATE_SOURCE":null,"DCGIS.PLACE_NAMES_PT.FIRST_KNOWN_DATE":null,"DCGIS.PLACE_NAMES_PT.FIRST_KNOWN_DATE_SOURCE":null,"DCGIS.PLACE_NAMES_PT.CREATED_DATE":1147576510000,"DCGIS.PLACE_NAMES_PT.LAST_EDITED_DATE":1147576510000,"DCGIS.PLACE_NAMES_PT.SE_ANNO_CAD_DATA":null,"DCGIS.PLACE_NAMES_PT.OBJECTID":32752114,"DCGIS.ADDRESSES_PT.OBJECTID":218909583,"DCGIS.ADDRESSES_PT.SE_ANNO_CAD_DATA":null}},{"type":"Feature","id":32752115,"geometry":{"type":"Point","coordinates":[-77.0498813583179,38.93021189731874]},"properties":{"DCGIS.PLACE_NAMES_PT.NAME":"NATIONAL ZOO OTTERS","DCGIS.ADDRESSES_PT.ADDRESS":null,"DCGIS.ADDRESSES_PT.WARD":"Ward 3","DCGIS.ADDRESSES_PT.SMD":"SMD 3C03","DCGIS.ADDRESSES_PT.ANC":"ANC 3C","MAR.VW_PLACE_NAME_CATEGORIES.CATEGORY":"MUSEUM / ZOO","DCGIS.PLACE_NAMES_PT.STATUS":"ACTIVE","DCGIS.PLACE_NAMES_PT.PLACE_NAME_ID":7131,"DCGIS.PLACE_NAMES_PT.MAR_ID":301376,"DCGIS.PLACE_NAMES_PT.BEFORE_DATE":null,"DCGIS.PLACE_NAMES_PT.BEFORE_DATE_SOURCE":null,"DCGIS.PLACE_NAMES_PT.BEGIN_DATE":null,"DCGIS.PLACE_NAMES_PT.BEGIN_DATE_SOURCE":null,"DCGIS.PLACE_NAMES_PT.FIRST_KNOWN_DATE":null,"DCGIS.PLACE_NAMES_PT.FIRST_KNOWN_DATE_SOURCE":null,"DCGIS.PLACE_NAMES_PT.CREATED_DATE":1147576510000,"DCGIS.PLACE_NAMES_PT.LAST_EDITED_DATE":1147576510000,"DCGIS.PLACE_NAMES_PT.SE_ANNO_CAD_DATA":null,"DCGIS.PLACE_NAMES_PT.OBJECTID":32752115,"DCGIS.ADDRESSES_PT.OBJECTID":218909584,"DCGIS.ADDRESSES_PT.SE_ANNO_CAD_DATA":null}},{"type":"Feature","id":32752116,"geometry":{"type":"Point","coordinates":[-77.04952724478139,38.929810817708066]},"properties":{"DCGIS.PLACE_NAMES_PT.NAME":"NATIONAL ZOO BALD EAGLES","DCGIS.ADDRESSES_PT.ADDRESS":null,"DCGIS.ADDRESSES_PT.WARD":"Ward 3","DCGIS.ADDRESSES_PT.SMD":"SMD 3C03","DCGIS.ADDRESSES_PT.ANC":"ANC 3C","MAR.VW_PLACE_NAME_CATEGORIES.CATEGORY":"MUSEUM / ZOO","DCGIS.PLACE_NAMES_PT.STATUS":"ACTIVE","DCGIS.PLACE_NAMES_PT.PLACE_NAME_ID":7132,"DCGIS.PLACE_NAMES_PT.MAR_ID":301377,"DCGIS.PLACE_NAMES_PT.BEFORE_DATE":null,"DCGIS.PLACE_NAMES_PT.BEFORE_DATE_SOURCE":null,"DCGIS.PLACE_NAMES_PT.BEGIN_DATE":null,"DCGIS.PLACE_NAMES_PT.BEGIN_DATE_SOURCE":null,"DCGIS.PLACE_NAMES_PT.FIRST_KNOWN_DATE":null,"DCGIS.PLACE_NAMES_PT.FIRST_KNOWN_DATE_SOURCE":null,"DCGIS.PLACE_NAMES_PT.CREATED_DATE":1147576510000,"DCGIS.PLACE_NAMES_PT.LAST_EDITED_DATE":1147576510000,"DCGIS.PLACE_NAMES_PT.SE_ANNO_CAD_DATA":null,"DCGIS.PLACE_NAMES_PT.OBJECTID":32752116,"DCGIS.ADDRESSES_PT.OBJECTID":218965163,"DCGIS.ADDRESSES_PT.SE_ANNO_CAD_DATA":null}},{"type":"Feature","id":32752117,"geometry":{"type":"Point","coordinates":[-77.04934373638825,38.92845145075073]},"properties":{"DCGIS.PLACE_NAMES_PT.NAME":"NATIONAL ZOO SLOTH BEARS","DCGIS.ADDRESSES_PT.ADDRESS":null,"DCGIS.ADDRESSES_PT.WARD":"Ward 3","DCGIS.ADDRESSES_PT.SMD":"SMD 3C03","DCGIS.ADDRESSES_PT.ANC":"ANC 3C","MAR.VW_PLACE_NAME_CATEGORIES.CATEGORY":"MUSEUM / ZOO","DCGIS.PLACE_NAMES_PT.STATUS":"ACTIVE","DCGIS.PLACE_NAMES_PT.PLACE_NAME_ID":7133,"DCGIS.PLACE_NAMES_PT.MAR_ID":301378,"DCGIS.PLACE_NAMES_PT.BEFORE_DATE":null,"DCGIS.PLACE_NAMES_PT.BEFORE_DATE_SOURCE":null,"DCGIS.PLACE_NAMES_PT.BEGIN_DATE":null,"DCGIS.PLACE_NAMES_PT.BEGIN_DATE_SOURCE":null,"DCGIS.PLACE_NAMES_PT.FIRST_KNOWN_DATE":null,"DCGIS.PLACE_NAMES_PT.FIRST_KNOWN_DATE_SOURCE":null,"DCGIS.PLACE_NAMES_PT.CREATED_DATE":1147576510000,"DCGIS.PLACE_NAMES_PT.LAST_EDITED_DATE":1147576510000,"DCGIS.PLACE_NAMES_PT.SE_ANNO_CAD_DATA":null,"DCGIS.PLACE_NAMES_PT.OBJECTID":32752117,"DCGIS.ADDRESSES_PT.OBJECTID":218916990,"DCGIS.ADDRESSES_PT.SE_ANNO_CAD_DATA":null}},{"type":"Feature","id":32752118,"geometry":{"type":"Point","coordinates":[-77.04932773477356,38.92999368074055]},"properties":{"DCGIS.PLACE_NAMES_PT.NAME":"NATIONAL ZOO MEXICAN WOLVES","DCGIS.ADDRESSES_PT.ADDRESS":null,"DCGIS.ADDRESSES_PT.WARD":"Ward 3","DCGIS.ADDRESSES_PT.SMD":"SMD 3C03","DCGIS.ADDRESSES_PT.ANC":"ANC 3C","MAR.VW_PLACE_NAME_CATEGORIES.CATEGORY":"MUSEUM / ZOO","DCGIS.PLACE_NAMES_PT.STATUS":"ACTIVE","DCGIS.PLACE_NAMES_PT.PLACE_NAME_ID":7134,"DCGIS.PLACE_NAMES_PT.MAR_ID":301379,"DCGIS.PLACE_NAMES_PT.BEFORE_DATE":null,"DCGIS.PLACE_NAMES_PT.BEFORE_DATE_SOURCE":null,"DCGIS.PLACE_NAMES_PT.BEGIN_DATE":null,"DCGIS.PLACE_NAMES_PT.BEGIN_DATE_SOURCE":null,"DCGIS.PLACE_NAMES_PT.FIRST_KNOWN_DATE":null,"DCGIS.PLACE_NAMES_PT.FIRST_KNOWN_DATE_SOURCE":null,"DCGIS.PLACE_NAMES_PT.CREATED_DATE":1147576510000,"DCGIS.PLACE_NAMES_PT.LAST_EDITED_DATE":1147576510000,"DCGIS.PLACE_NAMES_PT.SE_ANNO_CAD_DATA":null,"DCGIS.PLACE_NAMES_PT.OBJECTID":32752118,"DCGIS.ADDRESSES_PT.OBJECTID":218909580,"DCGIS.ADDRESSES_PT.SE_ANNO_CAD_DATA":null}},{"type":"Feature","id":32752119,"geometry":{"type":"Point","coordinates":[-77.0492473889987,38.9293830411212]},"properties":{"DCGIS.PLACE_NAMES_PT.NAME":"NATIONAL ZOO SEALS","DCGIS.ADDRESSES_PT.ADDRESS":null,"DCGIS.ADDRESSES_PT.WARD":"Ward 3","DCGIS.ADDRESSES_PT.SMD":"SMD 3C03","DCGIS.ADDRESSES_PT.ANC":"ANC 3C","MAR.VW_PLACE_NAME_CATEGORIES.CATEGORY":"MUSEUM / ZOO","DCGIS.PLACE_NAMES_PT.STATUS":"ACTIVE","DCGIS.PLACE_NAMES_PT.PLACE_NAME_ID":7135,"DCGIS.PLACE_NAMES_PT.MAR_ID":301380,"DCGIS.PLACE_NAMES_PT.BEFORE_DATE":null,"DCGIS.PLACE_NAMES_PT.BEFORE_DATE_SOURCE":null,"DCGIS.PLACE_NAMES_PT.BEGIN_DATE":null,"DCGIS.PLACE_NAMES_PT.BEGIN_DATE_SOURCE":null,"DCGIS.PLACE_NAMES_PT.FIRST_KNOWN_DATE":null,"DCGIS.PLACE_NAMES_PT.FIRST_KNOWN_DATE_SOURCE":null,"DCGIS.PLACE_NAMES_PT.CREATED_DATE":1147576510000,"DCGIS.PLACE_NAMES_PT.LAST_EDITED_DATE":1147576510000,"DCGIS.PLACE_NAMES_PT.SE_ANNO_CAD_DATA":null,"DCGIS.PLACE_NAMES_PT.OBJECTID":32752119,"DCGIS.ADDRESSES_PT.OBJECTID":218824759,"DCGIS.ADDRESSES_PT.SE_ANNO_CAD_DATA":null}},{"type":"Feature","id":32752120,"geometry":{"type":"Point","coordinates":[-77.04873502004222,38.9304538037145]},"properties":{"DCGIS.PLACE_NAMES_PT.NAME":"NATIONAL ZOO SMALL MAMMAL HOUSE","DCGIS.ADDRESSES_PT.ADDRESS":null,"DCGIS.ADDRESSES_PT.WARD":"Ward 3","DCGIS.ADDRESSES_PT.SMD":"SMD 3C03","DCGIS.ADDRESSES_PT.ANC":"ANC 3C","MAR.VW_PLACE_NAME_CATEGORIES.CATEGORY":"MUSEUM / ZOO","DCGIS.PLACE_NAMES_PT.STATUS":"ACTIVE","DCGIS.PLACE_NAMES_PT.PLACE_NAME_ID":7136,"DCGIS.PLACE_NAMES_PT.MAR_ID":301381,"DCGIS.PLACE_NAMES_PT.BEFORE_DATE":null,"DCGIS.PLACE_NAMES_PT.BEFORE_DATE_SOURCE":null,"DCGIS.PLACE_NAMES_PT.BEGIN_DATE":null,"DCGIS.PLACE_NAMES_PT.BEGIN_DATE_SOURCE":null,"DCGIS.PLACE_NAMES_PT.FIRST_KNOWN_DATE":null,"DCGIS.PLACE_NAMES_PT.FIRST_KNOWN_DATE_SOURCE":null,"DCGIS.PLACE_NAMES_PT.CREATED_DATE":1147576510000,"DCGIS.PLACE_NAMES_PT.LAST_EDITED_DATE":1147576510000,"DCGIS.PLACE_NAMES_PT.SE_ANNO_CAD_DATA":null,"DCGIS.PLACE_NAMES_PT.OBJECTID":32752120,"DCGIS.ADDRESSES_PT.OBJECTID":218909581,"DCGIS.ADDRESSES_PT.SE_ANNO_CAD_DATA":null}},{"type":"Feature","id":32752121,"geometry":{"type":"Point","coordinates":[-77.04832278433187,38.92920064841373]},"properties":{"DCGIS.PLACE_NAMES_PT.NAME":"NATIONAL ZOO GIBBON RIDGE","DCGIS.ADDRESSES_PT.ADDRESS":null,"DCGIS.ADDRESSES_PT.WARD":"Ward 3","DCGIS.ADDRESSES_PT.SMD":"SMD 3C03","DCGIS.ADDRESSES_PT.ANC":"ANC 3C","MAR.VW_PLACE_NAME_CATEGORIES.CATEGORY":"MUSEUM / ZOO","DCGIS.PLACE_NAMES_PT.STATUS":"ACTIVE","DCGIS.PLACE_NAMES_PT.PLACE_NAME_ID":7137,"DCGIS.PLACE_NAMES_PT.MAR_ID":301382,"DCGIS.PLACE_NAMES_PT.BEFORE_DATE":null,"DCGIS.PLACE_NAMES_PT.BEFORE_DATE_SOURCE":null,"DCGIS.PLACE_NAMES_PT.BEGIN_DATE":null,"DCGIS.PLACE_NAMES_PT.BEGIN_DATE_SOURCE":null,"DCGIS.PLACE_NAMES_PT.FIRST_KNOWN_DATE":null,"DCGIS.PLACE_NAMES_PT.FIRST_KNOWN_DATE_SOURCE":null,"DCGIS.PLACE_NAMES_PT.CREATED_DATE":1147576510000,"DCGIS.PLACE_NAMES_PT.LAST_EDITED_DATE":1147576510000,"DCGIS.PLACE_NAMES_PT.SE_ANNO_CAD_DATA":null,"DCGIS.PLACE_NAMES_PT.OBJECTID":32752121,"DCGIS.ADDRESSES_PT.OBJECTID":218824758,"DCGIS.ADDRESSES_PT.SE_ANNO_CAD_DATA":null}},{"type":"Feature","id":32752122,"geometry":{"type":"Point","coordinates":[-77.04823425681977,38.929949546014015]},"properties":{"DCGIS.PLACE_NAMES_PT.NAME":"NATIONAL ZOO GREAT APE HOUSE","DCGIS.ADDRESSES_PT.ADDRESS":null,"DCGIS.ADDRESSES_PT.WARD":"Ward 3","DCGIS.ADDRESSES_PT.SMD":"SMD 3C03","DCGIS.ADDRESSES_PT.ANC":"ANC 3C","MAR.VW_PLACE_NAME_CATEGORIES.CATEGORY":"MUSEUM / ZOO","DCGIS.PLACE_NAMES_PT.STATUS":"ACTIVE","DCGIS.PLACE_NAMES_PT.PLACE_NAME_ID":7138,"DCGIS.PLACE_NAMES_PT.MAR_ID":301383,"DCGIS.PLACE_NAMES_PT.BEFORE_DATE":null,"DCGIS.PLACE_NAMES_PT.BEFORE_DATE_SOURCE":null,"DCGIS.PLACE_NAMES_PT.BEGIN_DATE":null,"DCGIS.PLACE_NAMES_PT.BEGIN_DATE_SOURCE":null,"DCGIS.PLACE_NAMES_PT.FIRST_KNOWN_DATE":null,"DCGIS.PLACE_NAMES_PT.FIRST_KNOWN_DATE_SOURCE":null,"DCGIS.PLACE_NAMES_PT.CREATED_DATE":1147576510000,"DCGIS.PLACE_NAMES_PT.LAST_EDITED_DATE":1147576510000,"DCGIS.PLACE_NAMES_PT.SE_ANNO_CAD_DATA":null,"DCGIS.PLACE_NAMES_PT.OBJECTID":32752122,"DCGIS.ADDRESSES_PT.OBJECTID":218910294,"DCGIS.ADDRESSES_PT.SE_ANNO_CAD_DATA":null}},{"type":"Feature","id":32752123,"geometry":{"type":"Point","coordinates":[-77.04802530977167,38.92794176902668]},"properties":{"DCGIS.PLACE_NAMES_PT.NAME":"NATIONAL ZOO AMAZONIA","DCGIS.ADDRESSES_PT.ADDRESS":null,"DCGIS.ADDRESSES_PT.WARD":"Ward 3","DCGIS.ADDRESSES_PT.SMD":"SMD 3C03","DCGIS.ADDRESSES_PT.ANC":"ANC 3C","MAR.VW_PLACE_NAME_CATEGORIES.CATEGORY":"MUSEUM / ZOO","DCGIS.PLACE_NAMES_PT.STATUS":"ACTIVE","DCGIS.PLACE_NAMES_PT.PLACE_NAME_ID":7139,"DCGIS.PLACE_NAMES_PT.MAR_ID":301384,"DCGIS.PLACE_NAMES_PT.BEFORE_DATE":null,"DCGIS.PLACE_NAMES_PT.BEFORE_DATE_SOURCE":null,"DCGIS.PLACE_NAMES_PT.BEGIN_DATE":null,"DCGIS.PLACE_NAMES_PT.BEGIN_DATE_SOURCE":null,"DCGIS.PLACE_NAMES_PT.FIRST_KNOWN_DATE":null,"DCGIS.PLACE_NAMES_PT.FIRST_KNOWN_DATE_SOURCE":null,"DCGIS.PLACE_NAMES_PT.CREATED_DATE":1147576510000,"DCGIS.PLACE_NAMES_PT.LAST_EDITED_DATE":1147576510000,"DCGIS.PLACE_NAMES_PT.SE_ANNO_CAD_DATA":null,"DCGIS.PLACE_NAMES_PT.OBJECTID":32752123,"DCGIS.ADDRESSES_PT.OBJECTID":218910687,"DCGIS.ADDRESSES_PT.SE_ANNO_CAD_DATA":null}},{"type":"Feature","id":32752124,"geometry":{"type":"Point","coordinates":[-77.04760355831525,38.928978077915126]},"properties":{"DCGIS.PLACE_NAMES_PT.NAME":"NATIONAL ZOO LEMUR ISLAND","DCGIS.ADDRESSES_PT.ADDRESS":null,"DCGIS.ADDRESSES_PT.WARD":"Ward 3","DCGIS.ADDRESSES_PT.SMD":"SMD 3C03","DCGIS.ADDRESSES_PT.ANC":"ANC 3C","MAR.VW_PLACE_NAME_CATEGORIES.CATEGORY":"MUSEUM / ZOO","DCGIS.PLACE_NAMES_PT.STATUS":"ACTIVE","DCGIS.PLACE_NAMES_PT.PLACE_NAME_ID":7140,"DCGIS.PLACE_NAMES_PT.MAR_ID":301385,"DCGIS.PLACE_NAMES_PT.BEFORE_DATE":null,"DCGIS.PLACE_NAMES_PT.BEFORE_DATE_SOURCE":null,"DCGIS.PLACE_NAMES_PT.BEGIN_DATE":null,"DCGIS.PLACE_NAMES_PT.BEGIN_DATE_SOURCE":null,"DCGIS.PLACE_NAMES_PT.FIRST_KNOWN_DATE":null,"DCGIS.PLACE_NAMES_PT.FIRST_KNOWN_DATE_SOURCE":null,"DCGIS.PLACE_NAMES_PT.CREATED_DATE":1147576510000,"DCGIS.PLACE_NAMES_PT.LAST_EDITED_DATE":1147576510000,"DCGIS.PLACE_NAMES_PT.SE_ANNO_CAD_DATA":null,"DCGIS.PLACE_NAMES_PT.OBJECTID":32752124,"DCGIS.ADDRESSES_PT.OBJECTID":218909922,"DCGIS.ADDRESSES_PT.SE_ANNO_CAD_DATA":null}},{"type":"Feature","id":32752125,"geometry":{"type":"Point","coordinates":[-77.04744459909377,38.930137061974754]},"properties":{"DCGIS.PLACE_NAMES_PT.NAME":"NATIONAL ZOO KOMODO DRAGONS","DCGIS.ADDRESSES_PT.ADDRESS":null,"DCGIS.ADDRESSES_PT.WARD":"Ward 3","DCGIS.ADDRESSES_PT.SMD":"SMD 3C03","DCGIS.ADDRESSES_PT.ANC":"ANC 3C","MAR.VW_PLACE_NAME_CATEGORIES.CATEGORY":"MUSEUM / ZOO","DCGIS.PLACE_NAMES_PT.STATUS":"ACTIVE","DCGIS.PLACE_NAMES_PT.PLACE_NAME_ID":7141,"DCGIS.PLACE_NAMES_PT.MAR_ID":301386,"DCGIS.PLACE_NAMES_PT.BEFORE_DATE":null,"DCGIS.PLACE_NAMES_PT.BEFORE_DATE_SOURCE":null,"DCGIS.PLACE_NAMES_PT.BEGIN_DATE":null,"DCGIS.PLACE_NAMES_PT.BEGIN_DATE_SOURCE":null,"DCGIS.PLACE_NAMES_PT.FIRST_KNOWN_DATE":null,"DCGIS.PLACE_NAMES_PT.FIRST_KNOWN_DATE_SOURCE":null,"DCGIS.PLACE_NAMES_PT.CREATED_DATE":1147576511000,"DCGIS.PLACE_NAMES_PT.LAST_EDITED_DATE":1147576511000,"DCGIS.PLACE_NAMES_PT.SE_ANNO_CAD_DATA":null,"DCGIS.PLACE_NAMES_PT.OBJECTID":32752125,"DCGIS.ADDRESSES_PT.OBJECTID":218910688,"DCGIS.ADDRESSES_PT.SE_ANNO_CAD_DATA":null}},{"type":"Feature","id":32752126,"geometry":{"type":"Point","coordinates":[-77.04737939674847,38.92799338007447]},"properties":{"DCGIS.PLACE_NAMES_PT.NAME":"NATIONAL ZOO POLICE","DCGIS.ADDRESSES_PT.ADDRESS":null,"DCGIS.ADDRESSES_PT.WARD":"Ward 3","DCGIS.ADDRESSES_PT.SMD":"SMD 3C03","DCGIS.ADDRESSES_PT.ANC":"ANC 3C","MAR.VW_PLACE_NAME_CATEGORIES.CATEGORY":"MUSEUM / ZOO","DCGIS.PLACE_NAMES_PT.STATUS":"ACTIVE","DCGIS.PLACE_NAMES_PT.PLACE_NAME_ID":7142,"DCGIS.PLACE_NAMES_PT.MAR_ID":301387,"DCGIS.PLACE_NAMES_PT.BEFORE_DATE":null,"DCGIS.PLACE_NAMES_PT.BEFORE_DATE_SOURCE":null,"DCGIS.PLACE_NAMES_PT.BEGIN_DATE":null,"DCGIS.PLACE_NAMES_PT.BEGIN_DATE_SOURCE":null,"DCGIS.PLACE_NAMES_PT.FIRST_KNOWN_DATE":null,"DCGIS.PLACE_NAMES_PT.FIRST_KNOWN_DATE_SOURCE":null,"DCGIS.PLACE_NAMES_PT.CREATED_DATE":1147576511000,"DCGIS.PLACE_NAMES_PT.LAST_EDITED_DATE":1147576511000,"DCGIS.PLACE_NAMES_PT.SE_ANNO_CAD_DATA":null,"DCGIS.PLACE_NAMES_PT.OBJECTID":32752126,"DCGIS.ADDRESSES_PT.OBJECTID":218910160,"DCGIS.ADDRESSES_PT.SE_ANNO_CAD_DATA":null}},{"type":"Feature","id":32752127,"geometry":{"type":"Point","coordinates":[-77.04741586373885,38.92993654861593]},"properties":{"DCGIS.PLACE_NAMES_PT.NAME":"NATIONAL ZOO GORILLA GROVE","DCGIS.ADDRESSES_PT.ADDRESS":null,"DCGIS.ADDRESSES_PT.WARD":"Ward 3","DCGIS.ADDRESSES_PT.SMD":"SMD 3C03","DCGIS.ADDRESSES_PT.ANC":"ANC 3C","MAR.VW_PLACE_NAME_CATEGORIES.CATEGORY":"MUSEUM / ZOO","DCGIS.PLACE_NAMES_PT.STATUS":"ACTIVE","DCGIS.PLACE_NAMES_PT.PLACE_NAME_ID":7143,"DCGIS.PLACE_NAMES_PT.MAR_ID":301388,"DCGIS.PLACE_NAMES_PT.BEFORE_DATE":null,"DCGIS.PLACE_NAMES_PT.BEFORE_DATE_SOURCE":null,"DCGIS.PLACE_NAMES_PT.BEGIN_DATE":null,"DCGIS.PLACE_NAMES_PT.BEGIN_DATE_SOURCE":null,"DCGIS.PLACE_NAMES_PT.FIRST_KNOWN_DATE":null,"DCGIS.PLACE_NAMES_PT.FIRST_KNOWN_DATE_SOURCE":null,"DCGIS.PLACE_NAMES_PT.CREATED_DATE":1147576511000,"DCGIS.PLACE_NAMES_PT.LAST_EDITED_DATE":1147576511000,"DCGIS.PLACE_NAMES_PT.SE_ANNO_CAD_DATA":null,"DCGIS.PLACE_NAMES_PT.OBJECTID":32752127,"DCGIS.ADDRESSES_PT.OBJECTID":218910955,"DCGIS.ADDRESSES_PT.SE_ANNO_CAD_DATA":null}},{"type":"Feature","id":32752128,"geometry":{"type":"Point","coordinates":[-77.04738727345125,38.92978053624638]},"properties":{"DCGIS.PLACE_NAMES_PT.NAME":"NATIONAL ZOO REPTILE DISCOVERY CENTER","DCGIS.ADDRESSES_PT.ADDRESS":null,"DCGIS.ADDRESSES_PT.WARD":"Ward 3","DCGIS.ADDRESSES_PT.SMD":"SMD 3C03","DCGIS.ADDRESSES_PT.ANC":"ANC 3C","MAR.VW_PLACE_NAME_CATEGORIES.CATEGORY":"MUSEUM / ZOO","DCGIS.PLACE_NAMES_PT.STATUS":"ACTIVE","DCGIS.PLACE_NAMES_PT.PLACE_NAME_ID":7144,"DCGIS.PLACE_NAMES_PT.MAR_ID":301389,"DCGIS.PLACE_NAMES_PT.BEFORE_DATE":null,"DCGIS.PLACE_NAMES_PT.BEFORE_DATE_SOURCE":null,"DCGIS.PLACE_NAMES_PT.BEGIN_DATE":null,"DCGIS.PLACE_NAMES_PT.BEGIN_DATE_SOURCE":null,"DCGIS.PLACE_NAMES_PT.FIRST_KNOWN_DATE":null,"DCGIS.PLACE_NAMES_PT.FIRST_KNOWN_DATE_SOURCE":null,"DCGIS.PLACE_NAMES_PT.CREATED_DATE":1147576511000,"DCGIS.PLACE_NAMES_PT.LAST_EDITED_DATE":1147576511000,"DCGIS.PLACE_NAMES_PT.SE_ANNO_CAD_DATA":null,"DCGIS.PLACE_NAMES_PT.OBJECTID":32752128,"DCGIS.ADDRESSES_PT.OBJECTID":218965162,"DCGIS.ADDRESSES_PT.SE_ANNO_CAD_DATA":null}},{"type":"Feature","id":32752129,"geometry":{"type":"Point","coordinates":[-77.04693503975624,38.92764115407658]},"properties":{"DCGIS.PLACE_NAMES_PT.NAME":"NATIONAL ZOO MANE RESTURANT","DCGIS.ADDRESSES_PT.ADDRESS":null,"DCGIS.ADDRESSES_PT.WARD":"Ward 3","DCGIS.ADDRESSES_PT.SMD":"SMD 3C03","DCGIS.ADDRESSES_PT.ANC":"ANC 3C","MAR.VW_PLACE_NAME_CATEGORIES.CATEGORY":"MUSEUM / ZOO","DCGIS.PLACE_NAMES_PT.STATUS":"ACTIVE","DCGIS.PLACE_NAMES_PT.PLACE_NAME_ID":7145,"DCGIS.PLACE_NAMES_PT.MAR_ID":301390,"DCGIS.PLACE_NAMES_PT.BEFORE_DATE":null,"DCGIS.PLACE_NAMES_PT.BEFORE_DATE_SOURCE":null,"DCGIS.PLACE_NAMES_PT.BEGIN_DATE":null,"DCGIS.PLACE_NAMES_PT.BEGIN_DATE_SOURCE":null,"DCGIS.PLACE_NAMES_PT.FIRST_KNOWN_DATE":null,"DCGIS.PLACE_NAMES_PT.FIRST_KNOWN_DATE_SOURCE":null,"DCGIS.PLACE_NAMES_PT.CREATED_DATE":1147576511000,"DCGIS.PLACE_NAMES_PT.LAST_EDITED_DATE":1147576511000,"DCGIS.PLACE_NAMES_PT.SE_ANNO_CAD_DATA":null,"DCGIS.PLACE_NAMES_PT.OBJECTID":32752129,"DCGIS.ADDRESSES_PT.OBJECTID":218962489,"DCGIS.ADDRESSES_PT.SE_ANNO_CAD_DATA":null}},{"type":"Feature","id":32752130,"geometry":{"type":"Point","coordinates":[-77.04673589588921,38.92855945144003]},"properties":{"DCGIS.PLACE_NAMES_PT.NAME":"NATIONAL ZOO LIONS","DCGIS.ADDRESSES_PT.ADDRESS":null,"DCGIS.ADDRESSES_PT.WARD":"Ward 3","DCGIS.ADDRESSES_PT.SMD":"SMD 3C03","DCGIS.ADDRESSES_PT.ANC":"ANC 3C","MAR.VW_PLACE_NAME_CATEGORIES.CATEGORY":"MUSEUM / ZOO","DCGIS.PLACE_NAMES_PT.STATUS":"ACTIVE","DCGIS.PLACE_NAMES_PT.PLACE_NAME_ID":7146,"DCGIS.PLACE_NAMES_PT.MAR_ID":301391,"DCGIS.PLACE_NAMES_PT.BEFORE_DATE":null,"DCGIS.PLACE_NAMES_PT.BEFORE_DATE_SOURCE":null,"DCGIS.PLACE_NAMES_PT.BEGIN_DATE":null,"DCGIS.PLACE_NAMES_PT.BEGIN_DATE_SOURCE":null,"DCGIS.PLACE_NAMES_PT.FIRST_KNOWN_DATE":null,"DCGIS.PLACE_NAMES_PT.FIRST_KNOWN_DATE_SOURCE":null,"DCGIS.PLACE_NAMES_PT.CREATED_DATE":1147576511000,"DCGIS.PLACE_NAMES_PT.LAST_EDITED_DATE":1147576511000,"DCGIS.PLACE_NAMES_PT.SE_ANNO_CAD_DATA":null,"DCGIS.PLACE_NAMES_PT.OBJECTID":32752130,"DCGIS.ADDRESSES_PT.OBJECTID":218826775,"DCGIS.ADDRESSES_PT.SE_ANNO_CAD_DATA":null}},{"type":"Feature","id":32752131,"geometry":{"type":"Point","coordinates":[-77.04663942683834,38.92935735631422]},"properties":{"DCGIS.PLACE_NAMES_PT.NAME":"NATIONAL ZOO THINK TANK","DCGIS.ADDRESSES_PT.ADDRESS":null,"DCGIS.ADDRESSES_PT.WARD":"Ward 3","DCGIS.ADDRESSES_PT.SMD":"SMD 3C03","DCGIS.ADDRESSES_PT.ANC":"ANC 3C","MAR.VW_PLACE_NAME_CATEGORIES.CATEGORY":"MUSEUM / ZOO","DCGIS.PLACE_NAMES_PT.STATUS":"ACTIVE","DCGIS.PLACE_NAMES_PT.PLACE_NAME_ID":7147,"DCGIS.PLACE_NAMES_PT.MAR_ID":301392,"DCGIS.PLACE_NAMES_PT.BEFORE_DATE":null,"DCGIS.PLACE_NAMES_PT.BEFORE_DATE_SOURCE":null,"DCGIS.PLACE_NAMES_PT.BEGIN_DATE":null,"DCGIS.PLACE_NAMES_PT.BEGIN_DATE_SOURCE":null,"DCGIS.PLACE_NAMES_PT.FIRST_KNOWN_DATE":null,"DCGIS.PLACE_NAMES_PT.FIRST_KNOWN_DATE_SOURCE":null,"DCGIS.PLACE_NAMES_PT.CREATED_DATE":1147576511000,"DCGIS.PLACE_NAMES_PT.LAST_EDITED_DATE":1147576511000,"DCGIS.PLACE_NAMES_PT.SE_ANNO_CAD_DATA":null,"DCGIS.PLACE_NAMES_PT.OBJECTID":32752131,"DCGIS.ADDRESSES_PT.OBJECTID":218925074,"DCGIS.ADDRESSES_PT.SE_ANNO_CAD_DATA":null}},{"type":"Feature","id":32752132,"geometry":{"type":"Point","coordinates":[-77.04631962732189,38.92741835371355]},"properties":{"DCGIS.PLACE_NAMES_PT.NAME":"NATIONAL ZOO PICNIC PAVILION","DCGIS.ADDRESSES_PT.ADDRESS":null,"DCGIS.ADDRESSES_PT.WARD":"Ward 3","DCGIS.ADDRESSES_PT.SMD":"SMD 3C03","DCGIS.ADDRESSES_PT.ANC":"ANC 3C","MAR.VW_PLACE_NAME_CATEGORIES.CATEGORY":"MUSEUM / ZOO","DCGIS.PLACE_NAMES_PT.STATUS":"ACTIVE","DCGIS.PLACE_NAMES_PT.PLACE_NAME_ID":7148,"DCGIS.PLACE_NAMES_PT.MAR_ID":301393,"DCGIS.PLACE_NAMES_PT.BEFORE_DATE":null,"DCGIS.PLACE_NAMES_PT.BEFORE_DATE_SOURCE":null,"DCGIS.PLACE_NAMES_PT.BEGIN_DATE":null,"DCGIS.PLACE_NAMES_PT.BEGIN_DATE_SOURCE":null,"DCGIS.PLACE_NAMES_PT.FIRST_KNOWN_DATE":null,"DCGIS.PLACE_NAMES_PT.FIRST_KNOWN_DATE_SOURCE":null,"DCGIS.PLACE_NAMES_PT.CREATED_DATE":1147576511000,"DCGIS.PLACE_NAMES_PT.LAST_EDITED_DATE":1147576511000,"DCGIS.PLACE_NAMES_PT.SE_ANNO_CAD_DATA":null,"DCGIS.PLACE_NAMES_PT.OBJECTID":32752132,"DCGIS.ADDRESSES_PT.OBJECTID":218822975,"DCGIS.ADDRESSES_PT.SE_ANNO_CAD_DATA":null}},{"type":"Feature","id":32752133,"geometry":{"type":"Point","coordinates":[-77.04614240012289,38.92853293258447]},"properties":{"DCGIS.PLACE_NAMES_PT.NAME":"NATIONAL ZOO TIGERS","DCGIS.ADDRESSES_PT.ADDRESS":null,"DCGIS.ADDRESSES_PT.WARD":"Ward 3","DCGIS.ADDRESSES_PT.SMD":"SMD 3C03","DCGIS.ADDRESSES_PT.ANC":"ANC 3C","MAR.VW_PLACE_NAME_CATEGORIES.CATEGORY":"MUSEUM / ZOO","DCGIS.PLACE_NAMES_PT.STATUS":"ACTIVE","DCGIS.PLACE_NAMES_PT.PLACE_NAME_ID":7149,"DCGIS.PLACE_NAMES_PT.MAR_ID":301394,"DCGIS.PLACE_NAMES_PT.BEFORE_DATE":null,"DCGIS.PLACE_NAMES_PT.BEFORE_DATE_SOURCE":null,"DCGIS.PLACE_NAMES_PT.BEGIN_DATE":null,"DCGIS.PLACE_NAMES_PT.BEGIN_DATE_SOURCE":null,"DCGIS.PLACE_NAMES_PT.FIRST_KNOWN_DATE":null,"DCGIS.PLACE_NAMES_PT.FIRST_KNOWN_DATE_SOURCE":null,"DCGIS.PLACE_NAMES_PT.CREATED_DATE":1147576511000,"DCGIS.PLACE_NAMES_PT.LAST_EDITED_DATE":1147576511000,"DCGIS.PLACE_NAMES_PT.SE_ANNO_CAD_DATA":null,"DCGIS.PLACE_NAMES_PT.OBJECTID":32752133,"DCGIS.ADDRESSES_PT.OBJECTID":218925075,"DCGIS.ADDRESSES_PT.SE_ANNO_CAD_DATA":null}},{"type":"Feature","id":32752134,"geometry":{"type":"Point","coordinates":[-77.0461300195034,38.92704422324467]},"properties":{"DCGIS.PLACE_NAMES_PT.NAME":"NATIONAL ZOO KIDS' FARM","DCGIS.ADDRESSES_PT.ADDRESS":null,"DCGIS.ADDRESSES_PT.WARD":"Ward 3","DCGIS.ADDRESSES_PT.SMD":"SMD 3C03","DCGIS.ADDRESSES_PT.ANC":"ANC 3C","MAR.VW_PLACE_NAME_CATEGORIES.CATEGORY":"MUSEUM / ZOO","DCGIS.PLACE_NAMES_PT.STATUS":"ACTIVE","DCGIS.PLACE_NAMES_PT.PLACE_NAME_ID":7150,"DCGIS.PLACE_NAMES_PT.MAR_ID":301395,"DCGIS.PLACE_NAMES_PT.BEFORE_DATE":null,"DCGIS.PLACE_NAMES_PT.BEFORE_DATE_SOURCE":null,"DCGIS.PLACE_NAMES_PT.BEGIN_DATE":null,"DCGIS.PLACE_NAMES_PT.BEGIN_DATE_SOURCE":null,"DCGIS.PLACE_NAMES_PT.FIRST_KNOWN_DATE":null,"DCGIS.PLACE_NAMES_PT.FIRST_KNOWN_DATE_SOURCE":null,"DCGIS.PLACE_NAMES_PT.CREATED_DATE":1147576511000,"DCGIS.PLACE_NAMES_PT.LAST_EDITED_DATE":1147576511000,"DCGIS.PLACE_NAMES_PT.SE_ANNO_CAD_DATA":null,"DCGIS.PLACE_NAMES_PT.OBJECTID":32752134,"DCGIS.ADDRESSES_PT.OBJECTID":218909582,"DCGIS.ADDRESSES_PT.SE_ANNO_CAD_DATA":null}},{"type":"Feature","id":32752153,"geometry":{"type":"Point","coordinates":[-77.0303056127898,38.890158957641226]},"properties":{"DCGIS.PLACE_NAMES_PT.NAME":"NATIONAL MUSEUM OF AMERICAN HISTORY GSI KIOSK","DCGIS.ADDRESSES_PT.ADDRESS":null,"DCGIS.ADDRESSES_PT.WARD":"Ward 2","DCGIS.ADDRESSES_PT.SMD":"SMD 2C03","DCGIS.ADDRESSES_PT.ANC":"ANC 2C","MAR.VW_PLACE_NAME_CATEGORIES.CATEGORY":"MUSEUM / ZOO","DCGIS.PLACE_NAMES_PT.STATUS":"ACTIVE","DCGIS.PLACE_NAMES_PT.PLACE_NAME_ID":7248,"DCGIS.PLACE_NAMES_PT.MAR_ID":301620,"DCGIS.PLACE_NAMES_PT.BEFORE_DATE":null,"DCGIS.PLACE_NAMES_PT.BEFORE_DATE_SOURCE":null,"DCGIS.PLACE_NAMES_PT.BEGIN_DATE":null,"DCGIS.PLACE_NAMES_PT.BEGIN_DATE_SOURCE":null,"DCGIS.PLACE_NAMES_PT.FIRST_KNOWN_DATE":null,"DCGIS.PLACE_NAMES_PT.FIRST_KNOWN_DATE_SOURCE":null,"DCGIS.PLACE_NAMES_PT.CREATED_DATE":1149262837000,"DCGIS.PLACE_NAMES_PT.LAST_EDITED_DATE":1149262837000,"DCGIS.PLACE_NAMES_PT.SE_ANNO_CAD_DATA":null,"DCGIS.PLACE_NAMES_PT.OBJECTID":32752153,"DCGIS.ADDRESSES_PT.OBJECTID":218910468,"DCGIS.ADDRESSES_PT.SE_ANNO_CAD_DATA":null}},{"type":"Feature","id":32752154,"geometry":{"type":"Point","coordinates":[-77.03012542327788,38.89036403490148]},"properties":{"DCGIS.PLACE_NAMES_PT.NAME":"NATIONAL MUSEUM OF AMERICAN HISTORY TOURMOBILE KIOSK","DCGIS.ADDRESSES_PT.ADDRESS":null,"DCGIS.ADDRESSES_PT.WARD":"Ward 2","DCGIS.ADDRESSES_PT.SMD":"SMD 2C03","DCGIS.ADDRESSES_PT.ANC":"ANC 2C","MAR.VW_PLACE_NAME_CATEGORIES.CATEGORY":"MUSEUM / ZOO","DCGIS.PLACE_NAMES_PT.STATUS":"ACTIVE","DCGIS.PLACE_NAMES_PT.PLACE_NAME_ID":7249,"DCGIS.PLACE_NAMES_PT.MAR_ID":301621,"DCGIS.PLACE_NAMES_PT.BEFORE_DATE":null,"DCGIS.PLACE_NAMES_PT.BEFORE_DATE_SOURCE":null,"DCGIS.PLACE_NAMES_PT.BEGIN_DATE":null,"DCGIS.PLACE_NAMES_PT.BEGIN_DATE_SOURCE":null,"DCGIS.PLACE_NAMES_PT.FIRST_KNOWN_DATE":null,"DCGIS.PLACE_NAMES_PT.FIRST_KNOWN_DATE_SOURCE":null,"DCGIS.PLACE_NAMES_PT.CREATED_DATE":1149262837000,"DCGIS.PLACE_NAMES_PT.LAST_EDITED_DATE":1149262837000,"DCGIS.PLACE_NAMES_PT.SE_ANNO_CAD_DATA":null,"DCGIS.PLACE_NAMES_PT.OBJECTID":32752154,"DCGIS.ADDRESSES_PT.OBJECTID":218830073,"DCGIS.ADDRESSES_PT.SE_ANNO_CAD_DATA":null}},{"type":"Feature","id":32751400,"geometry":{"type":"Point","coordinates":[-77.02930690952313,38.90213115199736]},"properties":{"DCGIS.PLACE_NAMES_PT.NAME":"PLANET WORD","DCGIS.ADDRESSES_PT.ADDRESS":"925 13TH STREET NW","DCGIS.ADDRESSES_PT.WARD":"Ward 2","DCGIS.ADDRESSES_PT.SMD":"SMD 2C01","DCGIS.ADDRESSES_PT.ANC":"ANC 2C","MAR.VW_PLACE_NAME_CATEGORIES.CATEGORY":"MUSEUM / ZOO","DCGIS.PLACE_NAMES_PT.STATUS":"ACTIVE","DCGIS.PLACE_NAMES_PT.PLACE_NAME_ID":17702,"DCGIS.PLACE_NAMES_PT.MAR_ID":240926,"DCGIS.PLACE_NAMES_PT.BEFORE_DATE":null,"DCGIS.PLACE_NAMES_PT.BEFORE_DATE_SOURCE":null,"DCGIS.PLACE_NAMES_PT.BEGIN_DATE":null,"DCGIS.PLACE_NAMES_PT.BEGIN_DATE_SOURCE":null,"DCGIS.PLACE_NAMES_PT.FIRST_KNOWN_DATE":null,"DCGIS.PLACE_NAMES_PT.FIRST_KNOWN_DATE_SOURCE":null,"DCGIS.PLACE_NAMES_PT.CREATED_DATE":1633610774000,"DCGIS.PLACE_NAMES_PT.LAST_EDITED_DATE":1633610774000,"DCGIS.PLACE_NAMES_PT.SE_ANNO_CAD_DATA":null,"DCGIS.PLACE_NAMES_PT.OBJECTID":32751400,"DCGIS.ADDRESSES_PT.OBJECTID":218916437,"DCGIS.ADDRESSES_PT.SE_ANNO_CAD_DATA":null}},{"type":"Feature","id":32751410,"geometry":{"type":"Point","coordinates":[-77.02458074260663,38.900002395779865]},"properties":{"DCGIS.PLACE_NAMES_PT.NAME":"MUSEUM OF ILLUSIONS","DCGIS.ADDRESSES_PT.ADDRESS":"927 H STREET NW","DCGIS.ADDRESSES_PT.WARD":"Ward 2","DCGIS.ADDRESSES_PT.SMD":"SMD 2C04","DCGIS.ADDRESSES_PT.ANC":"ANC 2C","MAR.VW_PLACE_NAME_CATEGORIES.CATEGORY":"MUSEUM / ZOO","DCGIS.PLACE_NAMES_PT.STATUS":"ACTIVE","DCGIS.PLACE_NAMES_PT.PLACE_NAME_ID":23012,"DCGIS.PLACE_NAMES_PT.MAR_ID":331068,"DCGIS.PLACE_NAMES_PT.BEFORE_DATE":null,"DCGIS.PLACE_NAMES_PT.BEFORE_DATE_SOURCE":null,"DCGIS.PLACE_NAMES_PT.BEGIN_DATE":null,"DCGIS.PLACE_NAMES_PT.BEGIN_DATE_SOURCE":null,"DCGIS.PLACE_NAMES_PT.FIRST_KNOWN_DATE":null,"DCGIS.PLACE_NAMES_PT.FIRST_KNOWN_DATE_SOURCE":null,"DCGIS.PLACE_NAMES_PT.CREATED_DATE":1668608809000,"DCGIS.PLACE_NAMES_PT.LAST_EDITED_DATE":1668608809000,"DCGIS.PLACE_NAMES_PT.SE_ANNO_CAD_DATA":null,"DCGIS.PLACE_NAMES_PT.OBJECTID":32751410,"DCGIS.ADDRESSES_PT.OBJECTID":218935221,"DCGIS.ADDRESSES_PT.SE_ANNO_CAD_DATA":null}},{"type":"Feature","id":32751457,"geometry":{"type":"Point","coordinates":[-77.02550918302255,38.88796214949842]},"properties":{"DCGIS.PLACE_NAMES_PT.NAME":"NATIONAL MUSEUM OF AFRICAN ART","DCGIS.ADDRESSES_PT.ADDRESS":"950 INDEPENDENCE AVENUE SW","DCGIS.ADDRESSES_PT.WARD":"Ward 2","DCGIS.ADDRESSES_PT.SMD":"SMD 2C03","DCGIS.ADDRESSES_PT.ANC":"ANC 2C","MAR.VW_PLACE_NAME_CATEGORIES.CATEGORY":"MUSEUM / ZOO","DCGIS.PLACE_NAMES_PT.STATUS":"ACTIVE","DCGIS.PLACE_NAMES_PT.PLACE_NAME_ID":3078,"DCGIS.PLACE_NAMES_PT.MAR_ID":293262,"DCGIS.PLACE_NAMES_PT.BEFORE_DATE":null,"DCGIS.PLACE_NAMES_PT.BEFORE_DATE_SOURCE":null,"DCGIS.PLACE_NAMES_PT.BEGIN_DATE":null,"DCGIS.PLACE_NAMES_PT.BEGIN_DATE_SOURCE":null,"DCGIS.PLACE_NAMES_PT.FIRST_KNOWN_DATE":null,"DCGIS.PLACE_NAMES_PT.FIRST_KNOWN_DATE_SOURCE":null,"DCGIS.PLACE_NAMES_PT.CREATED_DATE":1123862767000,"DCGIS.PLACE_NAMES_PT.LAST_EDITED_DATE":1123862767000,"DCGIS.PLACE_NAMES_PT.SE_ANNO_CAD_DATA":null,"DCGIS.PLACE_NAMES_PT.OBJECTID":32751457,"DCGIS.ADDRESSES_PT.OBJECTID":218937152,"DCGIS.ADDRESSES_PT.SE_ANNO_CAD_DATA":null}},{"type":"Feature","id":32751809,"geometry":{"type":"Point","coordinates":[-77.01177069271216,38.94170780329429]},"properties":{"DCGIS.PLACE_NAMES_PT.NAME":"LINCOLN'S COTTAGE","DCGIS.ADDRESSES_PT.ADDRESS":null,"DCGIS.ADDRESSES_PT.WARD":"Ward 5","DCGIS.ADDRESSES_PT.SMD":"SMD 5A05","DCGIS.ADDRESSES_PT.ANC":"ANC 5A","MAR.VW_PLACE_NAME_CATEGORIES.CATEGORY":"MUSEUM / ZOO","DCGIS.PLACE_NAMES_PT.STATUS":"ACTIVE","DCGIS.PLACE_NAMES_PT.PLACE_NAME_ID":12537,"DCGIS.PLACE_NAMES_PT.MAR_ID":292871,"DCGIS.PLACE_NAMES_PT.BEFORE_DATE":null,"DCGIS.PLACE_NAMES_PT.BEFORE_DATE_SOURCE":null,"DCGIS.PLACE_NAMES_PT.BEGIN_DATE":null,"DCGIS.PLACE_NAMES_PT.BEGIN_DATE_SOURCE":null,"DCGIS.PLACE_NAMES_PT.FIRST_KNOWN_DATE":null,"DCGIS.PLACE_NAMES_PT.FIRST_KNOWN_DATE_SOURCE":null,"DCGIS.PLACE_NAMES_PT.CREATED_DATE":1347631375000,"DCGIS.PLACE_NAMES_PT.LAST_EDITED_DATE":1347631375000,"DCGIS.PLACE_NAMES_PT.SE_ANNO_CAD_DATA":null,"DCGIS.PLACE_NAMES_PT.OBJECTID":32751809,"DCGIS.ADDRESSES_PT.OBJECTID":218910089,"DCGIS.ADDRESSES_PT.SE_ANNO_CAD_DATA":null}},{"type":"Feature","id":32745338,"geometry":{"type":"Point","coordinates":[-77.0231594748953,38.92676555953278]},"properties":{"DCGIS.PLACE_NAMES_PT.NAME":"THE HISTORY OF CANNABIS MUSEUM","DCGIS.ADDRESSES_PT.ADDRESS":"2822 GEORGIA AVENUE NW","DCGIS.ADDRESSES_PT.WARD":"Ward 1","DCGIS.ADDRESSES_PT.SMD":"SMD 1E05","DCGIS.ADDRESSES_PT.ANC":"ANC 1E","MAR.VW_PLACE_NAME_CATEGORIES.CATEGORY":"MUSEUM / ZOO","DCGIS.PLACE_NAMES_PT.STATUS":"ACTIVE","DCGIS.PLACE_NAMES_PT.PLACE_NAME_ID":16698,"DCGIS.PLACE_NAMES_PT.MAR_ID":232586,"DCGIS.PLACE_NAMES_PT.BEFORE_DATE":null,"DCGIS.PLACE_NAMES_PT.BEFORE_DATE_SOURCE":null,"DCGIS.PLACE_NAMES_PT.BEGIN_DATE":null,"DCGIS.PLACE_NAMES_PT.BEGIN_DATE_SOURCE":null,"DCGIS.PLACE_NAMES_PT.FIRST_KNOWN_DATE":null,"DCGIS.PLACE_NAMES_PT.FIRST_KNOWN_DATE_SOURCE":null,"DCGIS.PLACE_NAMES_PT.CREATED_DATE":1539698566000,"DCGIS.PLACE_NAMES_PT.LAST_EDITED_DATE":1539698566000,"DCGIS.PLACE_NAMES_PT.SE_ANNO_CAD_DATA":null,"DCGIS.PLACE_NAMES_PT.OBJECTID":32745338,"DCGIS.ADDRESSES_PT.OBJECTID":218868961,"DCGIS.ADDRESSES_PT.SE_ANNO_CAD_DATA":null}},{"type":"Feature","id":32745349,"geometry":{"type":"Point","coordinates":[-77.03603665344193,38.925552300777]},"properties":{"DCGIS.PLACE_NAMES_PT.NAME":"MEXICAN CULTURAL INSTITUTE","DCGIS.ADDRESSES_PT.ADDRESS":"2829 16TH STREET NW","DCGIS.ADDRESSES_PT.WARD":"Ward 1","DCGIS.ADDRESSES_PT.SMD":"SMD 1A01","DCGIS.ADDRESSES_PT.ANC":"ANC 1A","MAR.VW_PLACE_NAME_CATEGORIES.CATEGORY":"MUSEUM / ZOO","DCGIS.PLACE_NAMES_PT.STATUS":"ACTIVE","DCGIS.PLACE_NAMES_PT.PLACE_NAME_ID":2965,"DCGIS.PLACE_NAMES_PT.MAR_ID":235878,"DCGIS.PLACE_NAMES_PT.BEFORE_DATE":null,"DCGIS.PLACE_NAMES_PT.BEFORE_DATE_SOURCE":null,"DCGIS.PLACE_NAMES_PT.BEGIN_DATE":null,"DCGIS.PLACE_NAMES_PT.BEGIN_DATE_SOURCE":null,"DCGIS.PLACE_NAMES_PT.FIRST_KNOWN_DATE":null,"DCGIS.PLACE_NAMES_PT.FIRST_KNOWN_DATE_SOURCE":null,"DCGIS.PLACE_NAMES_PT.CREATED_DATE":1123851414000,"DCGIS.PLACE_NAMES_PT.LAST_EDITED_DATE":1123851414000,"DCGIS.PLACE_NAMES_PT.SE_ANNO_CAD_DATA":null,"DCGIS.PLACE_NAMES_PT.OBJECTID":32745349,"DCGIS.ADDRESSES_PT.OBJECTID":218924263,"DCGIS.ADDRESSES_PT.SE_ANNO_CAD_DATA":null}},{"type":"Feature","id":32745580,"geometry":{"type":"Point","coordinates":[-77.05438014415903,38.93061490427813]},"properties":{"DCGIS.PLACE_NAMES_PT.NAME":"NATIONAL ZOO","DCGIS.ADDRESSES_PT.ADDRESS":"3001 CONNECTICUT AVENUE NW","DCGIS.ADDRESSES_PT.WARD":"Ward 3","DCGIS.ADDRESSES_PT.SMD":"SMD 3C03","DCGIS.ADDRESSES_PT.ANC":"ANC 3C","MAR.VW_PLACE_NAME_CATEGORIES.CATEGORY":"MUSEUM / ZOO","DCGIS.PLACE_NAMES_PT.STATUS":"ACTIVE","DCGIS.PLACE_NAMES_PT.PLACE_NAME_ID":3039,"DCGIS.PLACE_NAMES_PT.MAR_ID":293230,"DCGIS.PLACE_NAMES_PT.BEFORE_DATE":null,"DCGIS.PLACE_NAMES_PT.BEFORE_DATE_SOURCE":null,"DCGIS.PLACE_NAMES_PT.BEGIN_DATE":null,"DCGIS.PLACE_NAMES_PT.BEGIN_DATE_SOURCE":null,"DCGIS.PLACE_NAMES_PT.FIRST_KNOWN_DATE":null,"DCGIS.PLACE_NAMES_PT.FIRST_KNOWN_DATE_SOURCE":null,"DCGIS.PLACE_NAMES_PT.CREATED_DATE":1123862767000,"DCGIS.PLACE_NAMES_PT.LAST_EDITED_DATE":1123862767000,"DCGIS.PLACE_NAMES_PT.SE_ANNO_CAD_DATA":null,"DCGIS.PLACE_NAMES_PT.OBJECTID":32745580,"DCGIS.ADDRESSES_PT.OBJECTID":218964975,"DCGIS.ADDRESSES_PT.SE_ANNO_CAD_DATA":null}},{"type":"Feature","id":32745581,"geometry":{"type":"Point","coordinates":[-77.05438014415903,38.93061490427813]},"properties":{"DCGIS.PLACE_NAMES_PT.NAME":"NATIONAL ZOO VISITOR CENTER","DCGIS.ADDRESSES_PT.ADDRESS":"3001 CONNECTICUT AVENUE NW","DCGIS.ADDRESSES_PT.WARD":"Ward 3","DCGIS.ADDRESSES_PT.SMD":"SMD 3C03","DCGIS.ADDRESSES_PT.ANC":"ANC 3C","MAR.VW_PLACE_NAME_CATEGORIES.CATEGORY":"MUSEUM / ZOO","DCGIS.PLACE_NAMES_PT.STATUS":"ACTIVE","DCGIS.PLACE_NAMES_PT.PLACE_NAME_ID":7153,"DCGIS.PLACE_NAMES_PT.MAR_ID":293230,"DCGIS.PLACE_NAMES_PT.BEFORE_DATE":null,"DCGIS.PLACE_NAMES_PT.BEFORE_DATE_SOURCE":null,"DCGIS.PLACE_NAMES_PT.BEGIN_DATE":null,"DCGIS.PLACE_NAMES_PT.BEGIN_DATE_SOURCE":null,"DCGIS.PLACE_NAMES_PT.FIRST_KNOWN_DATE":null,"DCGIS.PLACE_NAMES_PT.FIRST_KNOWN_DATE_SOURCE":null,"DCGIS.PLACE_NAMES_PT.CREATED_DATE":1147577345000,"DCGIS.PLACE_NAMES_PT.LAST_EDITED_DATE":1147577345000,"DCGIS.PLACE_NAMES_PT.SE_ANNO_CAD_DATA":null,"DCGIS.PLACE_NAMES_PT.OBJECTID":32745581,"DCGIS.ADDRESSES_PT.OBJECTID":218964975,"DCGIS.ADDRESSES_PT.SE_ANNO_CAD_DATA":null}},{"type":"Feature","id":32745582,"geometry":{"type":"Point","coordinates":[-77.05438014415903,38.93061490427813]},"properties":{"DCGIS.PLACE_NAMES_PT.NAME":"SMITHSONIAN NATIONAL ZOOLOGICAL PARK","DCGIS.ADDRESSES_PT.ADDRESS":"3001 CONNECTICUT AVENUE NW","DCGIS.ADDRESSES_PT.WARD":"Ward 3","DCGIS.ADDRESSES_PT.SMD":"SMD 3C03","DCGIS.ADDRESSES_PT.ANC":"ANC 3C","MAR.VW_PLACE_NAME_CATEGORIES.CATEGORY":"MUSEUM / ZOO","DCGIS.PLACE_NAMES_PT.STATUS":"ACTIVE","DCGIS.PLACE_NAMES_PT.PLACE_NAME_ID":11250,"DCGIS.PLACE_NAMES_PT.MAR_ID":293230,"DCGIS.PLACE_NAMES_PT.BEFORE_DATE":null,"DCGIS.PLACE_NAMES_PT.BEFORE_DATE_SOURCE":null,"DCGIS.PLACE_NAMES_PT.BEGIN_DATE":null,"DCGIS.PLACE_NAMES_PT.BEGIN_DATE_SOURCE":null,"DCGIS.PLACE_NAMES_PT.FIRST_KNOWN_DATE":null,"DCGIS.PLACE_NAMES_PT.FIRST_KNOWN_DATE_SOURCE":null,"DCGIS.PLACE_NAMES_PT.CREATED_DATE":1318426879000,"DCGIS.PLACE_NAMES_PT.LAST_EDITED_DATE":1318426879000,"DCGIS.PLACE_NAMES_PT.SE_ANNO_CAD_DATA":null,"DCGIS.PLACE_NAMES_PT.OBJECTID":32745582,"DCGIS.ADDRESSES_PT.OBJECTID":218964975,"DCGIS.ADDRESSES_PT.SE_ANNO_CAD_DATA":null}},{"type":"Feature","id":32739511,"geometry":{"type":"Point","coordinates":[-77.03810019425808,38.90516371009203]},"properties":{"DCGIS.PLACE_NAMES_PT.NAME":"NATIONAL GEOGRAPHIC MUSEUM","DCGIS.ADDRESSES_PT.ADDRESS":"1145 17TH STREET NW","DCGIS.ADDRESSES_PT.WARD":"Ward 2","DCGIS.ADDRESSES_PT.SMD":"SMD 2C02","DCGIS.ADDRESSES_PT.ANC":"ANC 2C","MAR.VW_PLACE_NAME_CATEGORIES.CATEGORY":"MUSEUM / ZOO","DCGIS.PLACE_NAMES_PT.STATUS":"ACTIVE","DCGIS.PLACE_NAMES_PT.PLACE_NAME_ID":9695,"DCGIS.PLACE_NAMES_PT.MAR_ID":290192,"DCGIS.PLACE_NAMES_PT.BEFORE_DATE":null,"DCGIS.PLACE_NAMES_PT.BEFORE_DATE_SOURCE":null,"DCGIS.PLACE_NAMES_PT.BEGIN_DATE":null,"DCGIS.PLACE_NAMES_PT.BEGIN_DATE_SOURCE":null,"DCGIS.PLACE_NAMES_PT.FIRST_KNOWN_DATE":null,"DCGIS.PLACE_NAMES_PT.FIRST_KNOWN_DATE_SOURCE":null,"DCGIS.PLACE_NAMES_PT.CREATED_DATE":1283934845000,"DCGIS.PLACE_NAMES_PT.LAST_EDITED_DATE":1283934845000,"DCGIS.PLACE_NAMES_PT.SE_ANNO_CAD_DATA":null,"DCGIS.PLACE_NAMES_PT.OBJECTID":32739511,"DCGIS.ADDRESSES_PT.OBJECTID":218836141,"DCGIS.ADDRESSES_PT.SE_ANNO_CAD_DATA":null}},{"type":"Feature","id":32739512,"geometry":{"type":"Point","coordinates":[-77.03810019425808,38.90516371009203]},"properties":{"DCGIS.PLACE_NAMES_PT.NAME":"NATIONAL GEOGRAPHIC SOCIETY EXPLORERS HALL","DCGIS.ADDRESSES_PT.ADDRESS":"1145 17TH STREET NW","DCGIS.ADDRESSES_PT.WARD":"Ward 2","DCGIS.ADDRESSES_PT.SMD":"SMD 2C02","DCGIS.ADDRESSES_PT.ANC":"ANC 2C","MAR.VW_PLACE_NAME_CATEGORIES.CATEGORY":"MUSEUM / ZOO","DCGIS.PLACE_NAMES_PT.STATUS":"ACTIVE","DCGIS.PLACE_NAMES_PT.PLACE_NAME_ID":17273,"DCGIS.PLACE_NAMES_PT.MAR_ID":290192,"DCGIS.PLACE_NAMES_PT.BEFORE_DATE":null,"DCGIS.PLACE_NAMES_PT.BEFORE_DATE_SOURCE":null,"DCGIS.PLACE_NAMES_PT.BEGIN_DATE":null,"DCGIS.PLACE_NAMES_PT.BEGIN_DATE_SOURCE":null,"DCGIS.PLACE_NAMES_PT.FIRST_KNOWN_DATE":null,"DCGIS.PLACE_NAMES_PT.FIRST_KNOWN_DATE_SOURCE":null,"DCGIS.PLACE_NAMES_PT.CREATED_DATE":1564146499000,"DCGIS.PLACE_NAMES_PT.LAST_EDITED_DATE":1564146499000,"DCGIS.PLACE_NAMES_PT.SE_ANNO_CAD_DATA":null,"DCGIS.PLACE_NAMES_PT.OBJECTID":32739512,"DCGIS.ADDRESSES_PT.OBJECTID":218836141,"DCGIS.ADDRESSES_PT.SE_ANNO_CAD_DATA":null}},{"type":"Feature","id":32738732,"geometry":{"type":"Point","coordinates":[-77.00956144228859,38.8981258068195]},"properties":{"DCGIS.PLACE_NAMES_PT.NAME":"NATIONAL GUARD MEMORIAL MUSEUM","DCGIS.ADDRESSES_PT.ADDRESS":"1 MASSACHUSETTS AVENUE NW","DCGIS.ADDRESSES_PT.WARD":"Ward 6","DCGIS.ADDRESSES_PT.SMD":"SMD 6E07","DCGIS.ADDRESSES_PT.ANC":"ANC 6E","MAR.VW_PLACE_NAME_CATEGORIES.CATEGORY":"MUSEUM / ZOO","DCGIS.PLACE_NAMES_PT.STATUS":"ACTIVE","DCGIS.PLACE_NAMES_PT.PLACE_NAME_ID":12766,"DCGIS.PLACE_NAMES_PT.MAR_ID":238009,"DCGIS.PLACE_NAMES_PT.BEFORE_DATE":null,"DCGIS.PLACE_NAMES_PT.BEFORE_DATE_SOURCE":null,"DCGIS.PLACE_NAMES_PT.BEGIN_DATE":null,"DCGIS.PLACE_NAMES_PT.BEGIN_DATE_SOURCE":null,"DCGIS.PLACE_NAMES_PT.FIRST_KNOWN_DATE":null,"DCGIS.PLACE_NAMES_PT.FIRST_KNOWN_DATE_SOURCE":null,"DCGIS.PLACE_NAMES_PT.CREATED_DATE":1363604078000,"DCGIS.PLACE_NAMES_PT.LAST_EDITED_DATE":1363604078000,"DCGIS.PLACE_NAMES_PT.SE_ANNO_CAD_DATA":null,"DCGIS.PLACE_NAMES_PT.OBJECTID":32738732,"DCGIS.ADDRESSES_PT.OBJECTID":218963268,"DCGIS.ADDRESSES_PT.SE_ANNO_CAD_DATA":null}},{"type":"Feature","id":32738793,"geometry":{"type":"Point","coordinates":[-77.03272713036445,38.88665926951634]},"properties":{"DCGIS.PLACE_NAMES_PT.NAME":"UNITED STATES HOLOCAUST MEMORIAL MUSEUM","DCGIS.ADDRESSES_PT.ADDRESS":"100 RAOUL WALLENBERG PLACE SW","DCGIS.ADDRESSES_PT.WARD":"Ward 2","DCGIS.ADDRESSES_PT.SMD":"SMD 2A01","DCGIS.ADDRESSES_PT.ANC":"ANC 2A","MAR.VW_PLACE_NAME_CATEGORIES.CATEGORY":"MUSEUM / ZOO","DCGIS.PLACE_NAMES_PT.STATUS":"ACTIVE","DCGIS.PLACE_NAMES_PT.PLACE_NAME_ID":2990,"DCGIS.PLACE_NAMES_PT.MAR_ID":293186,"DCGIS.PLACE_NAMES_PT.BEFORE_DATE":null,"DCGIS.PLACE_NAMES_PT.BEFORE_DATE_SOURCE":null,"DCGIS.PLACE_NAMES_PT.BEGIN_DATE":null,"DCGIS.PLACE_NAMES_PT.BEGIN_DATE_SOURCE":null,"DCGIS.PLACE_NAMES_PT.FIRST_KNOWN_DATE":null,"DCGIS.PLACE_NAMES_PT.FIRST_KNOWN_DATE_SOURCE":null,"DCGIS.PLACE_NAMES_PT.CREATED_DATE":1123862767000,"DCGIS.PLACE_NAMES_PT.LAST_EDITED_DATE":1123862767000,"DCGIS.PLACE_NAMES_PT.SE_ANNO_CAD_DATA":null,"DCGIS.PLACE_NAMES_PT.OBJECTID":32738793,"DCGIS.ADDRESSES_PT.OBJECTID":218887288,"DCGIS.ADDRESSES_PT.SE_ANNO_CAD_DATA":null}},{"type":"Feature","id":32738802,"geometry":{"type":"Point","coordinates":[-77.02597800670533,38.89126776028204]},"properties":{"DCGIS.PLACE_NAMES_PT.NAME":"NATIONAL MUSEUM OF NATURAL HISTORY","DCGIS.ADDRESSES_PT.ADDRESS":"1000 CONSTITUTION AVENUE NW","DCGIS.ADDRESSES_PT.WARD":"Ward 2","DCGIS.ADDRESSES_PT.SMD":"SMD 2C03","DCGIS.ADDRESSES_PT.ANC":"ANC 2C","MAR.VW_PLACE_NAME_CATEGORIES.CATEGORY":"MUSEUM / ZOO","DCGIS.PLACE_NAMES_PT.STATUS":"ACTIVE","DCGIS.PLACE_NAMES_PT.PLACE_NAME_ID":24207,"DCGIS.PLACE_NAMES_PT.MAR_ID":358451,"DCGIS.PLACE_NAMES_PT.BEFORE_DATE":null,"DCGIS.PLACE_NAMES_PT.BEFORE_DATE_SOURCE":null,"DCGIS.PLACE_NAMES_PT.BEGIN_DATE":null,"DCGIS.PLACE_NAMES_PT.BEGIN_DATE_SOURCE":null,"DCGIS.PLACE_NAMES_PT.FIRST_KNOWN_DATE":null,"DCGIS.PLACE_NAMES_PT.FIRST_KNOWN_DATE_SOURCE":null,"DCGIS.PLACE_NAMES_PT.CREATED_DATE":1777284831000,"DCGIS.PLACE_NAMES_PT.LAST_EDITED_DATE":1777284831000,"DCGIS.PLACE_NAMES_PT.SE_ANNO_CAD_DATA":null,"DCGIS.PLACE_NAMES_PT.OBJECTID":32738802,"DCGIS.ADDRESSES_PT.OBJECTID":218965794,"DCGIS.ADDRESSES_PT.SE_ANNO_CAD_DATA":null}},{"type":"Feature","id":32738806,"geometry":{"type":"Point","coordinates":[-77.02595808208343,38.888779470923104]},"properties":{"DCGIS.PLACE_NAMES_PT.NAME":"SMITHSONIAN INSTITUTION - CASTLE","DCGIS.ADDRESSES_PT.ADDRESS":"1000 JEFFERSON DRIVE SW","DCGIS.ADDRESSES_PT.WARD":"Ward 2","DCGIS.ADDRESSES_PT.SMD":"SMD 2C03","DCGIS.ADDRESSES_PT.ANC":"ANC 2C","MAR.VW_PLACE_NAME_CATEGORIES.CATEGORY":"MUSEUM / ZOO","DCGIS.PLACE_NAMES_PT.STATUS":"ACTIVE","DCGIS.PLACE_NAMES_PT.PLACE_NAME_ID":2991,"DCGIS.PLACE_NAMES_PT.MAR_ID":293187,"DCGIS.PLACE_NAMES_PT.BEFORE_DATE":null,"DCGIS.PLACE_NAMES_PT.BEFORE_DATE_SOURCE":null,"DCGIS.PLACE_NAMES_PT.BEGIN_DATE":null,"DCGIS.PLACE_NAMES_PT.BEGIN_DATE_SOURCE":null,"DCGIS.PLACE_NAMES_PT.FIRST_KNOWN_DATE":null,"DCGIS.PLACE_NAMES_PT.FIRST_KNOWN_DATE_SOURCE":null,"DCGIS.PLACE_NAMES_PT.CREATED_DATE":1123862767000,"DCGIS.PLACE_NAMES_PT.LAST_EDITED_DATE":1123862767000,"DCGIS.PLACE_NAMES_PT.SE_ANNO_CAD_DATA":null,"DCGIS.PLACE_NAMES_PT.OBJECTID":32738806,"DCGIS.ADDRESSES_PT.OBJECTID":218908879,"DCGIS.ADDRESSES_PT.SE_ANNO_CAD_DATA":null}},{"type":"Feature","id":32738807,"geometry":{"type":"Point","coordinates":[-77.02595808208343,38.888779470923104]},"properties":{"DCGIS.PLACE_NAMES_PT.NAME":"THE CASTLE","DCGIS.ADDRESSES_PT.ADDRESS":"1000 JEFFERSON DRIVE SW","DCGIS.ADDRESSES_PT.WARD":"Ward 2","DCGIS.ADDRESSES_PT.SMD":"SMD 2C03","DCGIS.ADDRESSES_PT.ANC":"ANC 2C","MAR.VW_PLACE_NAME_CATEGORIES.CATEGORY":"MUSEUM / ZOO","DCGIS.PLACE_NAMES_PT.STATUS":"ACTIVE","DCGIS.PLACE_NAMES_PT.PLACE_NAME_ID":9829,"DCGIS.PLACE_NAMES_PT.MAR_ID":293187,"DCGIS.PLACE_NAMES_PT.BEFORE_DATE":null,"DCGIS.PLACE_NAMES_PT.BEFORE_DATE_SOURCE":null,"DCGIS.PLACE_NAMES_PT.BEGIN_DATE":null,"DCGIS.PLACE_NAMES_PT.BEGIN_DATE_SOURCE":null,"DCGIS.PLACE_NAMES_PT.FIRST_KNOWN_DATE":null,"DCGIS.PLACE_NAMES_PT.FIRST_KNOWN_DATE_SOURCE":null,"DCGIS.PLACE_NAMES_PT.CREATED_DATE":1287051834000,"DCGIS.PLACE_NAMES_PT.LAST_EDITED_DATE":1287051834000,"DCGIS.PLACE_NAMES_PT.SE_ANNO_CAD_DATA":null,"DCGIS.PLACE_NAMES_PT.OBJECTID":32738807,"DCGIS.ADDRESSES_PT.OBJECTID":218908879,"DCGIS.ADDRESSES_PT.SE_ANNO_CAD_DATA":null}},{"type":"Feature","id":32738826,"geometry":{"type":"Point","coordinates":[-77.02617396306248,38.89755384694803]},"properties":{"DCGIS.PLACE_NAMES_PT.NAME":"MADAME TUSSAUDS","DCGIS.ADDRESSES_PT.ADDRESS":"1001 F STREET NW","DCGIS.ADDRESSES_PT.WARD":"Ward 2","DCGIS.ADDRESSES_PT.SMD":"SMD 2C01","DCGIS.ADDRESSES_PT.ANC":"ANC 2C","MAR.VW_PLACE_NAME_CATEGORIES.CATEGORY":"MUSEUM / ZOO","DCGIS.PLACE_NAMES_PT.STATUS":"ACTIVE","DCGIS.PLACE_NAMES_PT.PLACE_NAME_ID":10282,"DCGIS.PLACE_NAMES_PT.MAR_ID":243407,"DCGIS.PLACE_NAMES_PT.BEFORE_DATE":null,"DCGIS.PLACE_NAMES_PT.BEFORE_DATE_SOURCE":null,"DCGIS.PLACE_NAMES_PT.BEGIN_DATE":null,"DCGIS.PLACE_NAMES_PT.BEGIN_DATE_SOURCE":null,"DCGIS.PLACE_NAMES_PT.FIRST_KNOWN_DATE":null,"DCGIS.PLACE_NAMES_PT.FIRST_KNOWN_DATE_SOURCE":null,"DCGIS.PLACE_NAMES_PT.CREATED_DATE":1309186990000,"DCGIS.PLACE_NAMES_PT.LAST_EDITED_DATE":1309186990000,"DCGIS.PLACE_NAMES_PT.SE_ANNO_CAD_DATA":null,"DCGIS.PLACE_NAMES_PT.OBJECTID":32738826,"DCGIS.ADDRESSES_PT.OBJECTID":218830434,"DCGIS.ADDRESSES_PT.SE_ANNO_CAD_DATA":null}},{"type":"Feature","id":32739102,"geometry":{"type":"Point","coordinates":[-77.02644626678214,38.8879610402322]},"properties":{"DCGIS.PLACE_NAMES_PT.NAME":"ARTHUR M. SACKLER GALLERY","DCGIS.ADDRESSES_PT.ADDRESS":"1050 INDEPENDENCE AVENUE SW","DCGIS.ADDRESSES_PT.WARD":"Ward 2","DCGIS.ADDRESSES_PT.SMD":"SMD 2C03","DCGIS.ADDRESSES_PT.ANC":"ANC 2C","MAR.VW_PLACE_NAME_CATEGORIES.CATEGORY":"MUSEUM / ZOO","DCGIS.PLACE_NAMES_PT.STATUS":"ACTIVE","DCGIS.PLACE_NAMES_PT.PLACE_NAME_ID":2995,"DCGIS.PLACE_NAMES_PT.MAR_ID":293191,"DCGIS.PLACE_NAMES_PT.BEFORE_DATE":null,"DCGIS.PLACE_NAMES_PT.BEFORE_DATE_SOURCE":null,"DCGIS.PLACE_NAMES_PT.BEGIN_DATE":null,"DCGIS.PLACE_NAMES_PT.BEGIN_DATE_SOURCE":null,"DCGIS.PLACE_NAMES_PT.FIRST_KNOWN_DATE":null,"DCGIS.PLACE_NAMES_PT.FIRST_KNOWN_DATE_SOURCE":null,"DCGIS.PLACE_NAMES_PT.CREATED_DATE":1123862767000,"DCGIS.PLACE_NAMES_PT.LAST_EDITED_DATE":1123862767000,"DCGIS.PLACE_NAMES_PT.SE_ANNO_CAD_DATA":null,"DCGIS.PLACE_NAMES_PT.OBJECTID":32739102,"DCGIS.ADDRESSES_PT.OBJECTID":218908880,"DCGIS.ADDRESSES_PT.SE_ANNO_CAD_DATA":null}},{"type":"Feature","id":32739242,"geometry":{"type":"Point","coordinates":[-77.0268772306523,38.888565944614975]},"properties":{"DCGIS.PLACE_NAMES_PT.NAME":"S. DILLON RIPLEY CENTER","DCGIS.ADDRESSES_PT.ADDRESS":"1100 JEFFERSON DRIVE SW","DCGIS.ADDRESSES_PT.WARD":"Ward 2","DCGIS.ADDRESSES_PT.SMD":"SMD 2C03","DCGIS.ADDRESSES_PT.ANC":"ANC 2C","MAR.VW_PLACE_NAME_CATEGORIES.CATEGORY":"MUSEUM / ZOO","DCGIS.PLACE_NAMES_PT.STATUS":"ACTIVE","DCGIS.PLACE_NAMES_PT.PLACE_NAME_ID":9688,"DCGIS.PLACE_NAMES_PT.MAR_ID":308882,"DCGIS.PLACE_NAMES_PT.BEFORE_DATE":null,"DCGIS.PLACE_NAMES_PT.BEFORE_DATE_SOURCE":null,"DCGIS.PLACE_NAMES_PT.BEGIN_DATE":null,"DCGIS.PLACE_NAMES_PT.BEGIN_DATE_SOURCE":null,"DCGIS.PLACE_NAMES_PT.FIRST_KNOWN_DATE":null,"DCGIS.PLACE_NAMES_PT.FIRST_KNOWN_DATE_SOURCE":null,"DCGIS.PLACE_NAMES_PT.CREATED_DATE":1283854180000,"DCGIS.PLACE_NAMES_PT.LAST_EDITED_DATE":1283854180000,"DCGIS.PLACE_NAMES_PT.SE_ANNO_CAD_DATA":null,"DCGIS.PLACE_NAMES_PT.OBJECTID":32739242,"DCGIS.ADDRESSES_PT.OBJECTID":218906203,"DCGIS.ADDRESSES_PT.SE_ANNO_CAD_DATA":null}},{"type":"Feature","id":32751231,"geometry":{"type":"Point","coordinates":[-77.04730884678044,38.91222144699158]},"properties":{"DCGIS.PLACE_NAMES_PT.NAME":"INTERNATIONAL ARTS & ARTISTS","DCGIS.ADDRESSES_PT.ADDRESS":"9 HILLYER COURT NW","DCGIS.ADDRESSES_PT.WARD":"Ward 2","DCGIS.ADDRESSES_PT.SMD":"SMD 2B02","DCGIS.ADDRESSES_PT.ANC":"ANC 2B","MAR.VW_PLACE_NAME_CATEGORIES.CATEGORY":"MUSEUM / ZOO","DCGIS.PLACE_NAMES_PT.STATUS":"ACTIVE","DCGIS.PLACE_NAMES_PT.PLACE_NAME_ID":15645,"DCGIS.PLACE_NAMES_PT.MAR_ID":279975,"DCGIS.PLACE_NAMES_PT.BEFORE_DATE":null,"DCGIS.PLACE_NAMES_PT.BEFORE_DATE_SOURCE":null,"DCGIS.PLACE_NAMES_PT.BEGIN_DATE":null,"DCGIS.PLACE_NAMES_PT.BEGIN_DATE_SOURCE":null,"DCGIS.PLACE_NAMES_PT.FIRST_KNOWN_DATE":null,"DCGIS.PLACE_NAMES_PT.FIRST_KNOWN_DATE_SOURCE":null,"DCGIS.PLACE_NAMES_PT.CREATED_DATE":1468838340000,"DCGIS.PLACE_NAMES_PT.LAST_EDITED_DATE":1468838340000,"DCGIS.PLACE_NAMES_PT.SE_ANNO_CAD_DATA":null,"DCGIS.PLACE_NAMES_PT.OBJECTID":32751231,"DCGIS.ADDRESSES_PT.OBJECTID":218911318,"DCGIS.ADDRESSES_PT.SE_ANNO_CAD_DATA":null}},{"type":"Feature","id":32751245,"geometry":{"type":"Point","coordinates":[-77.03482950464642,38.901583549331995]},"properties":{"DCGIS.PLACE_NAMES_PT.NAME":"VICTIMS OF COMMUNISM MUSEUM","DCGIS.ADDRESSES_PT.ADDRESS":"900 15TH STREET NW","DCGIS.ADDRESSES_PT.WARD":"Ward 2","DCGIS.ADDRESSES_PT.SMD":"SMD 2C02","DCGIS.ADDRESSES_PT.ANC":"ANC 2C","MAR.VW_PLACE_NAME_CATEGORIES.CATEGORY":"MUSEUM / ZOO","DCGIS.PLACE_NAMES_PT.STATUS":"ACTIVE","DCGIS.PLACE_NAMES_PT.PLACE_NAME_ID":23415,"DCGIS.PLACE_NAMES_PT.MAR_ID":279976,"DCGIS.PLACE_NAMES_PT.BEFORE_DATE":null,"DCGIS.PLACE_NAMES_PT.BEFORE_DATE_SOURCE":null,"DCGIS.PLACE_NAMES_PT.BEGIN_DATE":null,"DCGIS.PLACE_NAMES_PT.BEGIN_DATE_SOURCE":null,"DCGIS.PLACE_NAMES_PT.FIRST_KNOWN_DATE":null,"DCGIS.PLACE_NAMES_PT.FIRST_KNOWN_DATE_SOURCE":null,"DCGIS.PLACE_NAMES_PT.CREATED_DATE":1709823765000,"DCGIS.PLACE_NAMES_PT.LAST_EDITED_DATE":1709823765000,"DCGIS.PLACE_NAMES_PT.SE_ANNO_CAD_DATA":null,"DCGIS.PLACE_NAMES_PT.OBJECTID":32751245,"DCGIS.ADDRESSES_PT.OBJECTID":218835368,"DCGIS.ADDRESSES_PT.SE_ANNO_CAD_DATA":null}},{"type":"Feature","id":32751261,"geometry":{"type":"Point","coordinates":[-77.02449621563876,38.888179918718116]},"properties":{"DCGIS.PLACE_NAMES_PT.NAME":"ARTS AND INDUSTRIES BUILDING","DCGIS.ADDRESSES_PT.ADDRESS":"900 JEFFERSON DRIVE SW","DCGIS.ADDRESSES_PT.WARD":"Ward 2","DCGIS.ADDRESSES_PT.SMD":"SMD 2C03","DCGIS.ADDRESSES_PT.ANC":"ANC 2C","MAR.VW_PLACE_NAME_CATEGORIES.CATEGORY":"MUSEUM / ZOO","DCGIS.PLACE_NAMES_PT.STATUS":"ACTIVE","DCGIS.PLACE_NAMES_PT.PLACE_NAME_ID":3076,"DCGIS.PLACE_NAMES_PT.MAR_ID":293260,"DCGIS.PLACE_NAMES_PT.BEFORE_DATE":null,"DCGIS.PLACE_NAMES_PT.BEFORE_DATE_SOURCE":null,"DCGIS.PLACE_NAMES_PT.BEGIN_DATE":null,"DCGIS.PLACE_NAMES_PT.BEGIN_DATE_SOURCE":null,"DCGIS.PLACE_NAMES_PT.FIRST_KNOWN_DATE":null,"DCGIS.PLACE_NAMES_PT.FIRST_KNOWN_DATE_SOURCE":null,"DCGIS.PLACE_NAMES_PT.CREATED_DATE":1123862767000,"DCGIS.PLACE_NAMES_PT.LAST_EDITED_DATE":1123862767000,"DCGIS.PLACE_NAMES_PT.SE_ANNO_CAD_DATA":null,"DCGIS.PLACE_NAMES_PT.OBJECTID":32751261,"DCGIS.ADDRESSES_PT.OBJECTID":218849371,"DCGIS.ADDRESSES_PT.SE_ANNO_CAD_DATA":null}},{"type":"Feature","id":32750619,"geometry":{"type":"Point","coordinates":[-76.9953229752289,38.87382572243646]},"properties":{"DCGIS.PLACE_NAMES_PT.NAME":"NATIONAL MUSEUM OF UNITED STATES NAVY","DCGIS.ADDRESSES_PT.ADDRESS":"736 SICARD STREET SE","DCGIS.ADDRESSES_PT.WARD":"Ward 8","DCGIS.ADDRESSES_PT.SMD":"SMD 8F01","DCGIS.ADDRESSES_PT.ANC":"ANC 8F","MAR.VW_PLACE_NAME_CATEGORIES.CATEGORY":"MUSEUM / ZOO","DCGIS.PLACE_NAMES_PT.STATUS":"ACTIVE","DCGIS.PLACE_NAMES_PT.PLACE_NAME_ID":15639,"DCGIS.PLACE_NAMES_PT.MAR_ID":311896,"DCGIS.PLACE_NAMES_PT.BEFORE_DATE":null,"DCGIS.PLACE_NAMES_PT.BEFORE_DATE_SOURCE":null,"DCGIS.PLACE_NAMES_PT.BEGIN_DATE":null,"DCGIS.PLACE_NAMES_PT.BEGIN_DATE_SOURCE":null,"DCGIS.PLACE_NAMES_PT.FIRST_KNOWN_DATE":null,"DCGIS.PLACE_NAMES_PT.FIRST_KNOWN_DATE_SOURCE":null,"DCGIS.PLACE_NAMES_PT.CREATED_DATE":1468837444000,"DCGIS.PLACE_NAMES_PT.LAST_EDITED_DATE":1468837444000,"DCGIS.PLACE_NAMES_PT.SE_ANNO_CAD_DATA":null,"DCGIS.PLACE_NAMES_PT.OBJECTID":32750619,"DCGIS.ADDRESSES_PT.OBJECTID":218925905,"DCGIS.ADDRESSES_PT.SE_ANNO_CAD_DATA":null}},{"type":"Feature","id":32750658,"geometry":{"type":"Point","coordinates":[-77.03821757075451,38.900020170221104]},"properties":{"DCGIS.PLACE_NAMES_PT.NAME":"DECATUR HOUSE MUSEUM","DCGIS.ADDRESSES_PT.ADDRESS":"748 JACKSON PLACE NW","DCGIS.ADDRESSES_PT.WARD":"Ward 2","DCGIS.ADDRESSES_PT.SMD":"SMD 2A07","DCGIS.ADDRESSES_PT.ANC":"ANC 2A","MAR.VW_PLACE_NAME_CATEGORIES.CATEGORY":"MUSEUM / ZOO","DCGIS.PLACE_NAMES_PT.STATUS":"ACTIVE","DCGIS.PLACE_NAMES_PT.PLACE_NAME_ID":10245,"DCGIS.PLACE_NAMES_PT.MAR_ID":293257,"DCGIS.PLACE_NAMES_PT.BEFORE_DATE":null,"DCGIS.PLACE_NAMES_PT.BEFORE_DATE_SOURCE":null,"DCGIS.PLACE_NAMES_PT.BEGIN_DATE":null,"DCGIS.PLACE_NAMES_PT.BEGIN_DATE_SOURCE":null,"DCGIS.PLACE_NAMES_PT.FIRST_KNOWN_DATE":null,"DCGIS.PLACE_NAMES_PT.FIRST_KNOWN_DATE_SOURCE":null,"DCGIS.PLACE_NAMES_PT.CREATED_DATE":1307456755000,"DCGIS.PLACE_NAMES_PT.LAST_EDITED_DATE":1307456755000,"DCGIS.PLACE_NAMES_PT.SE_ANNO_CAD_DATA":null,"DCGIS.PLACE_NAMES_PT.OBJECTID":32750658,"DCGIS.ADDRESSES_PT.OBJECTID":218850325,"DCGIS.ADDRESSES_PT.SE_ANNO_CAD_DATA":null}},{"type":"Feature","id":32750846,"geometry":{"type":"Point","coordinates":[-77.022945045025,38.90262956584669]},"properties":{"DCGIS.PLACE_NAMES_PT.NAME":"HISTORICAL SOCIETY OF WASHINGTON DC","DCGIS.ADDRESSES_PT.ADDRESS":"801 K STREET NW","DCGIS.ADDRESSES_PT.WARD":"Ward 2","DCGIS.ADDRESSES_PT.SMD":"SMD 2G05","DCGIS.ADDRESSES_PT.ANC":"ANC 2G","MAR.VW_PLACE_NAME_CATEGORIES.CATEGORY":"MUSEUM / ZOO","DCGIS.PLACE_NAMES_PT.STATUS":"ACTIVE","DCGIS.PLACE_NAMES_PT.PLACE_NAME_ID":12532,"DCGIS.PLACE_NAMES_PT.MAR_ID":238956,"DCGIS.PLACE_NAMES_PT.BEFORE_DATE":null,"DCGIS.PLACE_NAMES_PT.BEFORE_DATE_SOURCE":null,"DCGIS.PLACE_NAMES_PT.BEGIN_DATE":null,"DCGIS.PLACE_NAMES_PT.BEGIN_DATE_SOURCE":null,"DCGIS.PLACE_NAMES_PT.FIRST_KNOWN_DATE":null,"DCGIS.PLACE_NAMES_PT.FIRST_KNOWN_DATE_SOURCE":null,"DCGIS.PLACE_NAMES_PT.CREATED_DATE":1347629431000,"DCGIS.PLACE_NAMES_PT.LAST_EDITED_DATE":1347629431000,"DCGIS.PLACE_NAMES_PT.SE_ANNO_CAD_DATA":null,"DCGIS.PLACE_NAMES_PT.OBJECTID":32750846,"DCGIS.ADDRESSES_PT.OBJECTID":218956581,"DCGIS.ADDRESSES_PT.SE_ANNO_CAD_DATA":null}},{"type":"Feature","id":32750866,"geometry":{"type":"Point","coordinates":[-76.99442465841095,38.89183453077949]},"properties":{"DCGIS.PLACE_NAMES_PT.NAME":"SHOOK MUSEUM FOUNDATION","DCGIS.ADDRESSES_PT.ADDRESS":"802 MASSACHUSETTS AVENUE NE","DCGIS.ADDRESSES_PT.WARD":"Ward 6","DCGIS.ADDRESSES_PT.SMD":"SMD 6A07","DCGIS.ADDRESSES_PT.ANC":"ANC 6A","MAR.VW_PLACE_NAME_CATEGORIES.CATEGORY":"MUSEUM / ZOO","DCGIS.PLACE_NAMES_PT.STATUS":"ACTIVE","DCGIS.PLACE_NAMES_PT.PLACE_NAME_ID":15647,"DCGIS.PLACE_NAMES_PT.MAR_ID":79669,"DCGIS.PLACE_NAMES_PT.BEFORE_DATE":null,"DCGIS.PLACE_NAMES_PT.BEFORE_DATE_SOURCE":null,"DCGIS.PLACE_NAMES_PT.BEGIN_DATE":null,"DCGIS.PLACE_NAMES_PT.BEGIN_DATE_SOURCE":null,"DCGIS.PLACE_NAMES_PT.FIRST_KNOWN_DATE":null,"DCGIS.PLACE_NAMES_PT.FIRST_KNOWN_DATE_SOURCE":null,"DCGIS.PLACE_NAMES_PT.CREATED_DATE":1468838491000,"DCGIS.PLACE_NAMES_PT.LAST_EDITED_DATE":1468838491000,"DCGIS.PLACE_NAMES_PT.SE_ANNO_CAD_DATA":null,"DCGIS.PLACE_NAMES_PT.OBJECTID":32750866,"DCGIS.ADDRESSES_PT.OBJECTID":218919731,"DCGIS.ADDRESSES_PT.SE_ANNO_CAD_DATA":null}},{"type":"Feature","id":32750907,"geometry":{"type":"Point","coordinates":[-76.99459148607825,38.87465698610293]},"properties":{"DCGIS.PLACE_NAMES_PT.NAME":"WASHINGTON NAVY YARD U.S. NAVY MUSEUM","DCGIS.ADDRESSES_PT.ADDRESS":"805 KIDDER BREESE STREET SE","DCGIS.ADDRESSES_PT.WARD":"Ward 8","DCGIS.ADDRESSES_PT.SMD":"SMD 8F01","DCGIS.ADDRESSES_PT.ANC":"ANC 8F","MAR.VW_PLACE_NAME_CATEGORIES.CATEGORY":"MUSEUM / ZOO","DCGIS.PLACE_NAMES_PT.STATUS":"ACTIVE","DCGIS.PLACE_NAMES_PT.PLACE_NAME_ID":9606,"DCGIS.PLACE_NAMES_PT.MAR_ID":291854,"DCGIS.PLACE_NAMES_PT.BEFORE_DATE":null,"DCGIS.PLACE_NAMES_PT.BEFORE_DATE_SOURCE":null,"DCGIS.PLACE_NAMES_PT.BEGIN_DATE":null,"DCGIS.PLACE_NAMES_PT.BEGIN_DATE_SOURCE":null,"DCGIS.PLACE_NAMES_PT.FIRST_KNOWN_DATE":null,"DCGIS.PLACE_NAMES_PT.FIRST_KNOWN_DATE_SOURCE":null,"DCGIS.PLACE_NAMES_PT.CREATED_DATE":1282034056000,"DCGIS.PLACE_NAMES_PT.LAST_EDITED_DATE":1282034056000,"DCGIS.PLACE_NAMES_PT.SE_ANNO_CAD_DATA":null,"DCGIS.PLACE_NAMES_PT.OBJECTID":32750907,"DCGIS.ADDRESSES_PT.OBJECTID":218861518,"DCGIS.ADDRESSES_PT.SE_ANNO_CAD_DATA":null}},{"type":"Feature","id":32750909,"geometry":{"type":"Point","coordinates":[-76.99459148607825,38.87465698610293]},"properties":{"DCGIS.PLACE_NAMES_PT.NAME":"US NAVY MUSEUM","DCGIS.ADDRESSES_PT.ADDRESS":"805 KIDDER BREESE STREET SE","DCGIS.ADDRESSES_PT.WARD":"Ward 8","DCGIS.ADDRESSES_PT.SMD":"SMD 8F01","DCGIS.ADDRESSES_PT.ANC":"ANC 8F","MAR.VW_PLACE_NAME_CATEGORIES.CATEGORY":"MUSEUM / ZOO","DCGIS.PLACE_NAMES_PT.STATUS":"ACTIVE","DCGIS.PLACE_NAMES_PT.PLACE_NAME_ID":12765,"DCGIS.PLACE_NAMES_PT.MAR_ID":291854,"DCGIS.PLACE_NAMES_PT.BEFORE_DATE":null,"DCGIS.PLACE_NAMES_PT.BEFORE_DATE_SOURCE":null,"DCGIS.PLACE_NAMES_PT.BEGIN_DATE":null,"DCGIS.PLACE_NAMES_PT.BEGIN_DATE_SOURCE":null,"DCGIS.PLACE_NAMES_PT.FIRST_KNOWN_DATE":null,"DCGIS.PLACE_NAMES_PT.FIRST_KNOWN_DATE_SOURCE":null,"DCGIS.PLACE_NAMES_PT.CREATED_DATE":1363603796000,"DCGIS.PLACE_NAMES_PT.LAST_EDITED_DATE":1363603796000,"DCGIS.PLACE_NAMES_PT.SE_ANNO_CAD_DATA":null,"DCGIS.PLACE_NAMES_PT.OBJECTID":32750909,"DCGIS.ADDRESSES_PT.OBJECTID":218861518,"DCGIS.ADDRESSES_PT.SE_ANNO_CAD_DATA":null}},{"type":"Feature","id":32748153,"geometry":{"type":"Point","coordinates":[-77.02318046977783,38.89521194375286]},"properties":{"DCGIS.PLACE_NAMES_PT.NAME":"STABLES ART CENTER","DCGIS.ADDRESSES_PT.ADDRESS":"410 8TH STREET NW","DCGIS.ADDRESSES_PT.WARD":"Ward 2","DCGIS.ADDRESSES_PT.SMD":"SMD 2C03","DCGIS.ADDRESSES_PT.ANC":"ANC 2C","MAR.VW_PLACE_NAME_CATEGORIES.CATEGORY":"MUSEUM / ZOO","DCGIS.PLACE_NAMES_PT.STATUS":"ACTIVE","DCGIS.PLACE_NAMES_PT.PLACE_NAME_ID":1085,"DCGIS.PLACE_NAMES_PT.MAR_ID":279758,"DCGIS.PLACE_NAMES_PT.BEFORE_DATE":null,"DCGIS.PLACE_NAMES_PT.BEFORE_DATE_SOURCE":null,"DCGIS.PLACE_NAMES_PT.BEGIN_DATE":null,"DCGIS.PLACE_NAMES_PT.BEGIN_DATE_SOURCE":null,"DCGIS.PLACE_NAMES_PT.FIRST_KNOWN_DATE":null,"DCGIS.PLACE_NAMES_PT.FIRST_KNOWN_DATE_SOURCE":null,"DCGIS.PLACE_NAMES_PT.CREATED_DATE":1123072324000,"DCGIS.PLACE_NAMES_PT.LAST_EDITED_DATE":1224268494000,"DCGIS.PLACE_NAMES_PT.SE_ANNO_CAD_DATA":null,"DCGIS.PLACE_NAMES_PT.OBJECTID":32748153,"DCGIS.ADDRESSES_PT.OBJECTID":218951907,"DCGIS.ADDRESSES_PT.SE_ANNO_CAD_DATA":null}},{"type":"Feature","id":32748243,"geometry":{"type":"Point","coordinates":[-77.0526196505072,38.94364171194317]},"properties":{"DCGIS.PLACE_NAMES_PT.NAME":"HILLWOOD MUSEUM","DCGIS.ADDRESSES_PT.ADDRESS":"4155 LINNEAN AVENUE NW","DCGIS.ADDRESSES_PT.WARD":"Ward 3","DCGIS.ADDRESSES_PT.SMD":"SMD 3F03","DCGIS.ADDRESSES_PT.ANC":"ANC 3F","MAR.VW_PLACE_NAME_CATEGORIES.CATEGORY":"MUSEUM / ZOO","DCGIS.PLACE_NAMES_PT.STATUS":"ACTIVE","DCGIS.PLACE_NAMES_PT.PLACE_NAME_ID":2833,"DCGIS.PLACE_NAMES_PT.MAR_ID":284839,"DCGIS.PLACE_NAMES_PT.BEFORE_DATE":null,"DCGIS.PLACE_NAMES_PT.BEFORE_DATE_SOURCE":null,"DCGIS.PLACE_NAMES_PT.BEGIN_DATE":null,"DCGIS.PLACE_NAMES_PT.BEGIN_DATE_SOURCE":null,"DCGIS.PLACE_NAMES_PT.FIRST_KNOWN_DATE":null,"DCGIS.PLACE_NAMES_PT.FIRST_KNOWN_DATE_SOURCE":null,"DCGIS.PLACE_NAMES_PT.CREATED_DATE":1123851409000,"DCGIS.PLACE_NAMES_PT.LAST_EDITED_DATE":1123851409000,"DCGIS.PLACE_NAMES_PT.SE_ANNO_CAD_DATA":null,"DCGIS.PLACE_NAMES_PT.OBJECTID":32748243,"DCGIS.ADDRESSES_PT.OBJECTID":218932278,"DCGIS.ADDRESSES_PT.SE_ANNO_CAD_DATA":null}},{"type":"Feature","id":32748244,"geometry":{"type":"Point","coordinates":[-77.0526196505072,38.94364171194317]},"properties":{"DCGIS.PLACE_NAMES_PT.NAME":"HILLWOOD ESTATE MUSEUM AND GARDENS","DCGIS.ADDRESSES_PT.ADDRESS":"4155 LINNEAN AVENUE NW","DCGIS.ADDRESSES_PT.WARD":"Ward 3","DCGIS.ADDRESSES_PT.SMD":"SMD 3F03","DCGIS.ADDRESSES_PT.ANC":"ANC 3F","MAR.VW_PLACE_NAME_CATEGORIES.CATEGORY":"MUSEUM / ZOO","DCGIS.PLACE_NAMES_PT.STATUS":"ACTIVE","DCGIS.PLACE_NAMES_PT.PLACE_NAME_ID":16316,"DCGIS.PLACE_NAMES_PT.MAR_ID":284839,"DCGIS.PLACE_NAMES_PT.BEFORE_DATE":null,"DCGIS.PLACE_NAMES_PT.BEFORE_DATE_SOURCE":null,"DCGIS.PLACE_NAMES_PT.BEGIN_DATE":null,"DCGIS.PLACE_NAMES_PT.BEGIN_DATE_SOURCE":null,"DCGIS.PLACE_NAMES_PT.FIRST_KNOWN_DATE":null,"DCGIS.PLACE_NAMES_PT.FIRST_KNOWN_DATE_SOURCE":null,"DCGIS.PLACE_NAMES_PT.CREATED_DATE":1520514864000,"DCGIS.PLACE_NAMES_PT.LAST_EDITED_DATE":1520514864000,"DCGIS.PLACE_NAMES_PT.SE_ANNO_CAD_DATA":null,"DCGIS.PLACE_NAMES_PT.OBJECTID":32748244,"DCGIS.ADDRESSES_PT.OBJECTID":218932278,"DCGIS.ADDRESSES_PT.SE_ANNO_CAD_DATA":null}},{"type":"Feature","id":32749205,"geometry":{"type":"Point","coordinates":[-77.02577828793548,38.89680236702947]},"properties":{"DCGIS.PLACE_NAMES_PT.NAME":"FORDS THEATRE TICKET OFFICE","DCGIS.ADDRESSES_PT.ADDRESS":"517 10TH STREET NW","DCGIS.ADDRESSES_PT.WARD":"Ward 2","DCGIS.ADDRESSES_PT.SMD":"SMD 2C03","DCGIS.ADDRESSES_PT.ANC":"ANC 2C","MAR.VW_PLACE_NAME_CATEGORIES.CATEGORY":"MUSEUM / ZOO","DCGIS.PLACE_NAMES_PT.STATUS":"ACTIVE","DCGIS.PLACE_NAMES_PT.PLACE_NAME_ID":15064,"DCGIS.PLACE_NAMES_PT.MAR_ID":297633,"DCGIS.PLACE_NAMES_PT.BEFORE_DATE":null,"DCGIS.PLACE_NAMES_PT.BEFORE_DATE_SOURCE":null,"DCGIS.PLACE_NAMES_PT.BEGIN_DATE":null,"DCGIS.PLACE_NAMES_PT.BEGIN_DATE_SOURCE":null,"DCGIS.PLACE_NAMES_PT.FIRST_KNOWN_DATE":null,"DCGIS.PLACE_NAMES_PT.FIRST_KNOWN_DATE_SOURCE":null,"DCGIS.PLACE_NAMES_PT.CREATED_DATE":1449759652000,"DCGIS.PLACE_NAMES_PT.LAST_EDITED_DATE":1449759652000,"DCGIS.PLACE_NAMES_PT.SE_ANNO_CAD_DATA":null,"DCGIS.PLACE_NAMES_PT.OBJECTID":32749205,"DCGIS.ADDRESSES_PT.OBJECTID":218908284,"DCGIS.ADDRESSES_PT.SE_ANNO_CAD_DATA":null}},{"type":"Feature","id":32749235,"geometry":{"type":"Point","coordinates":[-77.05168605510627,38.95996368044335]},"properties":{"DCGIS.PLACE_NAMES_PT.NAME":"ROCK CREEK PARK NATURE CENTER & PLANETARIUM","DCGIS.ADDRESSES_PT.ADDRESS":"5200 GLOVER ROAD NW","DCGIS.ADDRESSES_PT.WARD":"Ward 3","DCGIS.ADDRESSES_PT.SMD":"SMD 3F03","DCGIS.ADDRESSES_PT.ANC":"ANC 3F","MAR.VW_PLACE_NAME_CATEGORIES.CATEGORY":"MUSEUM / ZOO","DCGIS.PLACE_NAMES_PT.STATUS":"ACTIVE","DCGIS.PLACE_NAMES_PT.PLACE_NAME_ID":9336,"DCGIS.PLACE_NAMES_PT.MAR_ID":308551,"DCGIS.PLACE_NAMES_PT.BEFORE_DATE":null,"DCGIS.PLACE_NAMES_PT.BEFORE_DATE_SOURCE":null,"DCGIS.PLACE_NAMES_PT.BEGIN_DATE":null,"DCGIS.PLACE_NAMES_PT.BEGIN_DATE_SOURCE":null,"DCGIS.PLACE_NAMES_PT.FIRST_KNOWN_DATE":null,"DCGIS.PLACE_NAMES_PT.FIRST_KNOWN_DATE_SOURCE":null,"DCGIS.PLACE_NAMES_PT.CREATED_DATE":1280755844000,"DCGIS.PLACE_NAMES_PT.LAST_EDITED_DATE":1280755844000,"DCGIS.PLACE_NAMES_PT.SE_ANNO_CAD_DATA":null,"DCGIS.PLACE_NAMES_PT.OBJECTID":32749235,"DCGIS.ADDRESSES_PT.OBJECTID":218861182,"DCGIS.ADDRESSES_PT.SE_ANNO_CAD_DATA":null}},{"type":"Feature","id":32748401,"geometry":{"type":"Point","coordinates":[-77.04020650871894,38.894867528410636]},"properties":{"DCGIS.PLACE_NAMES_PT.NAME":"AMERICAN RED CROSS COMPASSION CENTER","DCGIS.ADDRESSES_PT.ADDRESS":"430 17TH STREET NW","DCGIS.ADDRESSES_PT.WARD":"Ward 2","DCGIS.ADDRESSES_PT.SMD":"SMD 2A01","DCGIS.ADDRESSES_PT.ANC":"ANC 2A","MAR.VW_PLACE_NAME_CATEGORIES.CATEGORY":"MUSEUM / ZOO","DCGIS.PLACE_NAMES_PT.STATUS":"ACTIVE","DCGIS.PLACE_NAMES_PT.PLACE_NAME_ID":7035,"DCGIS.PLACE_NAMES_PT.MAR_ID":300987,"DCGIS.PLACE_NAMES_PT.BEFORE_DATE":null,"DCGIS.PLACE_NAMES_PT.BEFORE_DATE_SOURCE":null,"DCGIS.PLACE_NAMES_PT.BEGIN_DATE":null,"DCGIS.PLACE_NAMES_PT.BEGIN_DATE_SOURCE":null,"DCGIS.PLACE_NAMES_PT.FIRST_KNOWN_DATE":null,"DCGIS.PLACE_NAMES_PT.FIRST_KNOWN_DATE_SOURCE":null,"DCGIS.PLACE_NAMES_PT.CREATED_DATE":1144474736000,"DCGIS.PLACE_NAMES_PT.LAST_EDITED_DATE":1224268494000,"DCGIS.PLACE_NAMES_PT.SE_ANNO_CAD_DATA":null,"DCGIS.PLACE_NAMES_PT.OBJECTID":32748401,"DCGIS.ADDRESSES_PT.OBJECTID":218872089,"DCGIS.ADDRESSES_PT.SE_ANNO_CAD_DATA":null}},{"type":"Feature","id":32746652,"geometry":{"type":"Point","coordinates":[-77.04706825719744,38.894818932254914]},"properties":{"DCGIS.PLACE_NAMES_PT.NAME":"NATIONAL MUSEUM OF AMERICAN DIPLOMACY","DCGIS.ADDRESSES_PT.ADDRESS":"330 21ST STREET NW","DCGIS.ADDRESSES_PT.WARD":"Ward 2","DCGIS.ADDRESSES_PT.SMD":"SMD 2A01","DCGIS.ADDRESSES_PT.ANC":"ANC 2A","MAR.VW_PLACE_NAME_CATEGORIES.CATEGORY":"MUSEUM / ZOO","DCGIS.PLACE_NAMES_PT.STATUS":"ACTIVE","DCGIS.PLACE_NAMES_PT.PLACE_NAME_ID":23586,"DCGIS.PLACE_NAMES_PT.MAR_ID":343294,"DCGIS.PLACE_NAMES_PT.BEFORE_DATE":null,"DCGIS.PLACE_NAMES_PT.BEFORE_DATE_SOURCE":null,"DCGIS.PLACE_NAMES_PT.BEGIN_DATE":null,"DCGIS.PLACE_NAMES_PT.BEGIN_DATE_SOURCE":null,"DCGIS.PLACE_NAMES_PT.FIRST_KNOWN_DATE":null,"DCGIS.PLACE_NAMES_PT.FIRST_KNOWN_DATE_SOURCE":null,"DCGIS.PLACE_NAMES_PT.CREATED_DATE":1727173799000,"DCGIS.PLACE_NAMES_PT.LAST_EDITED_DATE":1727173799000,"DCGIS.PLACE_NAMES_PT.SE_ANNO_CAD_DATA":null,"DCGIS.PLACE_NAMES_PT.OBJECTID":32746652,"DCGIS.ADDRESSES_PT.OBJECTID":218938356,"DCGIS.ADDRESSES_PT.SE_ANNO_CAD_DATA":null}},{"type":"Feature","id":32747613,"geometry":{"type":"Point","coordinates":[-77.02507063070703,38.90639083718997]},"properties":{"DCGIS.PLACE_NAMES_PT.NAME":"DC ALLEY MUSEUM","DCGIS.ADDRESSES_PT.ADDRESS":"38 BLAGDEN ALLEY NW","DCGIS.ADDRESSES_PT.WARD":"Ward 2","DCGIS.ADDRESSES_PT.SMD":"SMD 2G04","DCGIS.ADDRESSES_PT.ANC":"ANC 2G","MAR.VW_PLACE_NAME_CATEGORIES.CATEGORY":"MUSEUM / ZOO","DCGIS.PLACE_NAMES_PT.STATUS":"ACTIVE","DCGIS.PLACE_NAMES_PT.PLACE_NAME_ID":23822,"DCGIS.PLACE_NAMES_PT.MAR_ID":308581,"DCGIS.PLACE_NAMES_PT.BEFORE_DATE":null,"DCGIS.PLACE_NAMES_PT.BEFORE_DATE_SOURCE":null,"DCGIS.PLACE_NAMES_PT.BEGIN_DATE":null,"DCGIS.PLACE_NAMES_PT.BEGIN_DATE_SOURCE":null,"DCGIS.PLACE_NAMES_PT.FIRST_KNOWN_DATE":null,"DCGIS.PLACE_NAMES_PT.FIRST_KNOWN_DATE_SOURCE":null,"DCGIS.PLACE_NAMES_PT.CREATED_DATE":1749489302000,"DCGIS.PLACE_NAMES_PT.LAST_EDITED_DATE":1749489302000,"DCGIS.PLACE_NAMES_PT.SE_ANNO_CAD_DATA":null,"DCGIS.PLACE_NAMES_PT.OBJECTID":32747613,"DCGIS.ADDRESSES_PT.OBJECTID":218945819,"DCGIS.ADDRESSES_PT.SE_ANNO_CAD_DATA":null}},{"type":"Feature","id":32748519,"geometry":{"type":"Point","coordinates":[-77.02169593737644,38.895867948016594]},"properties":{"DCGIS.PLACE_NAMES_PT.NAME":"CLARA BARTON MISSING SOLDIERS OFFICE MUSEUM","DCGIS.ADDRESSES_PT.ADDRESS":"437 7TH STREET NW","DCGIS.ADDRESSES_PT.WARD":"Ward 2","DCGIS.ADDRESSES_PT.SMD":"SMD 2C03","DCGIS.ADDRESSES_PT.ANC":"ANC 2C","MAR.VW_PLACE_NAME_CATEGORIES.CATEGORY":"MUSEUM / ZOO","DCGIS.PLACE_NAMES_PT.STATUS":"ACTIVE","DCGIS.PLACE_NAMES_PT.PLACE_NAME_ID":16177,"DCGIS.PLACE_NAMES_PT.MAR_ID":279777,"DCGIS.PLACE_NAMES_PT.BEFORE_DATE":null,"DCGIS.PLACE_NAMES_PT.BEFORE_DATE_SOURCE":null,"DCGIS.PLACE_NAMES_PT.BEGIN_DATE":null,"DCGIS.PLACE_NAMES_PT.BEGIN_DATE_SOURCE":null,"DCGIS.PLACE_NAMES_PT.FIRST_KNOWN_DATE":null,"DCGIS.PLACE_NAMES_PT.FIRST_KNOWN_DATE_SOURCE":null,"DCGIS.PLACE_NAMES_PT.CREATED_DATE":1517315804000,"DCGIS.PLACE_NAMES_PT.LAST_EDITED_DATE":1517315804000,"DCGIS.PLACE_NAMES_PT.SE_ANNO_CAD_DATA":null,"DCGIS.PLACE_NAMES_PT.OBJECTID":32748519,"DCGIS.ADDRESSES_PT.OBJECTID":218846296,"DCGIS.ADDRESSES_PT.SE_ANNO_CAD_DATA":null}},{"type":"Feature","id":32748558,"geometry":{"type":"Point","coordinates":[-77.08841713128702,38.939089213908844]},"properties":{"DCGIS.PLACE_NAMES_PT.NAME":"AMERICAN UNIVERSITY PRESIDENT'S OFFICE BUILDING","DCGIS.ADDRESSES_PT.ADDRESS":"4400 MASSACHUSETTS AVENUE NW","DCGIS.ADDRESSES_PT.WARD":"Ward 3","DCGIS.ADDRESSES_PT.SMD":"SMD 3E07","DCGIS.ADDRESSES_PT.ANC":"ANC 3E","MAR.VW_PLACE_NAME_CATEGORIES.CATEGORY":"MUSEUM / ZOO","DCGIS.PLACE_NAMES_PT.STATUS":"ACTIVE","DCGIS.PLACE_NAMES_PT.PLACE_NAME_ID":9718,"DCGIS.PLACE_NAMES_PT.MAR_ID":223994,"DCGIS.PLACE_NAMES_PT.BEFORE_DATE":null,"DCGIS.PLACE_NAMES_PT.BEFORE_DATE_SOURCE":null,"DCGIS.PLACE_NAMES_PT.BEGIN_DATE":null,"DCGIS.PLACE_NAMES_PT.BEGIN_DATE_SOURCE":null,"DCGIS.PLACE_NAMES_PT.FIRST_KNOWN_DATE":null,"DCGIS.PLACE_NAMES_PT.FIRST_KNOWN_DATE_SOURCE":null,"DCGIS.PLACE_NAMES_PT.CREATED_DATE":1284120770000,"DCGIS.PLACE_NAMES_PT.LAST_EDITED_DATE":1284120770000,"DCGIS.PLACE_NAMES_PT.SE_ANNO_CAD_DATA":null,"DCGIS.PLACE_NAMES_PT.OBJECTID":32748558,"DCGIS.ADDRESSES_PT.OBJECTID":218831749,"DCGIS.ADDRESSES_PT.SE_ANNO_CAD_DATA":null}},{"type":"Feature","id":32748599,"geometry":{"type":"Point","coordinates":[-77.01786167507036,38.89596363555239]},"properties":{"DCGIS.PLACE_NAMES_PT.NAME":"NATIONAL LAW ENFORCEMENT MUSEUM","DCGIS.ADDRESSES_PT.ADDRESS":"444 E STREET NW","DCGIS.ADDRESSES_PT.WARD":"Ward 6","DCGIS.ADDRESSES_PT.SMD":"SMD 6E08","DCGIS.ADDRESSES_PT.ANC":"ANC 6E","MAR.VW_PLACE_NAME_CATEGORIES.CATEGORY":"MUSEUM / ZOO","DCGIS.PLACE_NAMES_PT.STATUS":"ACTIVE","DCGIS.PLACE_NAMES_PT.PLACE_NAME_ID":16697,"DCGIS.PLACE_NAMES_PT.MAR_ID":306555,"DCGIS.PLACE_NAMES_PT.BEFORE_DATE":null,"DCGIS.PLACE_NAMES_PT.BEFORE_DATE_SOURCE":null,"DCGIS.PLACE_NAMES_PT.BEGIN_DATE":null,"DCGIS.PLACE_NAMES_PT.BEGIN_DATE_SOURCE":null,"DCGIS.PLACE_NAMES_PT.FIRST_KNOWN_DATE":null,"DCGIS.PLACE_NAMES_PT.FIRST_KNOWN_DATE_SOURCE":null,"DCGIS.PLACE_NAMES_PT.CREATED_DATE":1539698481000,"DCGIS.PLACE_NAMES_PT.LAST_EDITED_DATE":1539698481000,"DCGIS.PLACE_NAMES_PT.SE_ANNO_CAD_DATA":null,"DCGIS.PLACE_NAMES_PT.OBJECTID":32748599,"DCGIS.ADDRESSES_PT.OBJECTID":218940646,"DCGIS.ADDRESSES_PT.SE_ANNO_CAD_DATA":null}},{"type":"Feature","id":32747825,"geometry":{"type":"Point","coordinates":[-77.00491127923468,38.93768753088935]},"properties":{"DCGIS.PLACE_NAMES_PT.NAME":"NATIONAL SHRINE OF SAINT JOHN PAUL II","DCGIS.ADDRESSES_PT.ADDRESS":"3900 HAREWOOD ROAD NE","DCGIS.ADDRESSES_PT.WARD":"Ward 5","DCGIS.ADDRESSES_PT.SMD":"SMD 5A05","DCGIS.ADDRESSES_PT.ANC":"ANC 5A","MAR.VW_PLACE_NAME_CATEGORIES.CATEGORY":"MUSEUM / ZOO","DCGIS.PLACE_NAMES_PT.STATUS":"ACTIVE","DCGIS.PLACE_NAMES_PT.PLACE_NAME_ID":13070,"DCGIS.PLACE_NAMES_PT.MAR_ID":288031,"DCGIS.PLACE_NAMES_PT.BEFORE_DATE":null,"DCGIS.PLACE_NAMES_PT.BEFORE_DATE_SOURCE":null,"DCGIS.PLACE_NAMES_PT.BEGIN_DATE":null,"DCGIS.PLACE_NAMES_PT.BEGIN_DATE_SOURCE":null,"DCGIS.PLACE_NAMES_PT.FIRST_KNOWN_DATE":null,"DCGIS.PLACE_NAMES_PT.FIRST_KNOWN_DATE_SOURCE":null,"DCGIS.PLACE_NAMES_PT.CREATED_DATE":1398782765000,"DCGIS.PLACE_NAMES_PT.LAST_EDITED_DATE":1398782765000,"DCGIS.PLACE_NAMES_PT.SE_ANNO_CAD_DATA":null,"DCGIS.PLACE_NAMES_PT.OBJECTID":32747825,"DCGIS.ADDRESSES_PT.OBJECTID":218908868,"DCGIS.ADDRESSES_PT.SE_ANNO_CAD_DATA":null}},{"type":"Feature","id":32747027,"geometry":{"type":"Point","coordinates":[-77.0869570113552,38.939212551899615]},"properties":{"DCGIS.PLACE_NAMES_PT.NAME":"AMERICAN UNIVERSITY MUSEUM","DCGIS.ADDRESSES_PT.ADDRESS":"3500 NEBRASKA AVENUE NW","DCGIS.ADDRESSES_PT.WARD":"Ward 3","DCGIS.ADDRESSES_PT.SMD":"SMD 3E07","DCGIS.ADDRESSES_PT.ANC":"ANC 3E","MAR.VW_PLACE_NAME_CATEGORIES.CATEGORY":"MUSEUM / ZOO","DCGIS.PLACE_NAMES_PT.STATUS":"ACTIVE","DCGIS.PLACE_NAMES_PT.PLACE_NAME_ID":12529,"DCGIS.PLACE_NAMES_PT.MAR_ID":223996,"DCGIS.PLACE_NAMES_PT.BEFORE_DATE":null,"DCGIS.PLACE_NAMES_PT.BEFORE_DATE_SOURCE":null,"DCGIS.PLACE_NAMES_PT.BEGIN_DATE":null,"DCGIS.PLACE_NAMES_PT.BEGIN_DATE_SOURCE":null,"DCGIS.PLACE_NAMES_PT.FIRST_KNOWN_DATE":null,"DCGIS.PLACE_NAMES_PT.FIRST_KNOWN_DATE_SOURCE":null,"DCGIS.PLACE_NAMES_PT.CREATED_DATE":1347629046000,"DCGIS.PLACE_NAMES_PT.LAST_EDITED_DATE":1347629046000,"DCGIS.PLACE_NAMES_PT.SE_ANNO_CAD_DATA":null,"DCGIS.PLACE_NAMES_PT.OBJECTID":32747027,"DCGIS.ADDRESSES_PT.OBJECTID":218828928,"DCGIS.ADDRESSES_PT.SE_ANNO_CAD_DATA":null}},{"type":"Feature","id":32747040,"geometry":{"type":"Point","coordinates":[-76.96989266235563,38.91241055668925]},"properties":{"DCGIS.PLACE_NAMES_PT.NAME":"THE NATIONAL BONSAI & PENJING MUSEUM","DCGIS.ADDRESSES_PT.ADDRESS":"3501 NEW YORK AVENUE NE","DCGIS.ADDRESSES_PT.WARD":"Ward 5","DCGIS.ADDRESSES_PT.SMD":"SMD 5C04","DCGIS.ADDRESSES_PT.ANC":"ANC 5C","MAR.VW_PLACE_NAME_CATEGORIES.CATEGORY":"MUSEUM / ZOO","DCGIS.PLACE_NAMES_PT.STATUS":"ACTIVE","DCGIS.PLACE_NAMES_PT.PLACE_NAME_ID":15638,"DCGIS.PLACE_NAMES_PT.MAR_ID":293238,"DCGIS.PLACE_NAMES_PT.BEFORE_DATE":null,"DCGIS.PLACE_NAMES_PT.BEFORE_DATE_SOURCE":null,"DCGIS.PLACE_NAMES_PT.BEGIN_DATE":null,"DCGIS.PLACE_NAMES_PT.BEGIN_DATE_SOURCE":null,"DCGIS.PLACE_NAMES_PT.FIRST_KNOWN_DATE":null,"DCGIS.PLACE_NAMES_PT.FIRST_KNOWN_DATE_SOURCE":null,"DCGIS.PLACE_NAMES_PT.CREATED_DATE":1468837039000,"DCGIS.PLACE_NAMES_PT.LAST_EDITED_DATE":1468837039000,"DCGIS.PLACE_NAMES_PT.SE_ANNO_CAD_DATA":null,"DCGIS.PLACE_NAMES_PT.OBJECTID":32747040,"DCGIS.ADDRESSES_PT.OBJECTID":218940466,"DCGIS.ADDRESSES_PT.SE_ANNO_CAD_DATA":null}},{"type":"Feature","id":32747971,"geometry":{"type":"Point","coordinates":[-77.01714002886557,38.88483821939961]},"properties":{"DCGIS.PLACE_NAMES_PT.NAME":"MUSEUM OF THE BIBLE","DCGIS.ADDRESSES_PT.ADDRESS":"400 4TH STREET SW","DCGIS.ADDRESSES_PT.WARD":"Ward 6","DCGIS.ADDRESSES_PT.SMD":"SMD 6D02","DCGIS.ADDRESSES_PT.ANC":"ANC 6D","MAR.VW_PLACE_NAME_CATEGORIES.CATEGORY":"MUSEUM / ZOO","DCGIS.PLACE_NAMES_PT.STATUS":"ACTIVE","DCGIS.PLACE_NAMES_PT.PLACE_NAME_ID":16029,"DCGIS.PLACE_NAMES_PT.MAR_ID":311513,"DCGIS.PLACE_NAMES_PT.BEFORE_DATE":null,"DCGIS.PLACE_NAMES_PT.BEFORE_DATE_SOURCE":null,"DCGIS.PLACE_NAMES_PT.BEGIN_DATE":null,"DCGIS.PLACE_NAMES_PT.BEGIN_DATE_SOURCE":null,"DCGIS.PLACE_NAMES_PT.FIRST_KNOWN_DATE":null,"DCGIS.PLACE_NAMES_PT.FIRST_KNOWN_DATE_SOURCE":null,"DCGIS.PLACE_NAMES_PT.CREATED_DATE":1509952834000,"DCGIS.PLACE_NAMES_PT.LAST_EDITED_DATE":1509952834000,"DCGIS.PLACE_NAMES_PT.SE_ANNO_CAD_DATA":null,"DCGIS.PLACE_NAMES_PT.OBJECTID":32747971,"DCGIS.ADDRESSES_PT.OBJECTID":218830301,"DCGIS.ADDRESSES_PT.SE_ANNO_CAD_DATA":null}},{"type":"Feature","id":32747972,"geometry":{"type":"Point","coordinates":[-77.01714002886557,38.88483821939961]},"properties":{"DCGIS.PLACE_NAMES_PT.NAME":"BIBLE MUSEUM","DCGIS.ADDRESSES_PT.ADDRESS":"400 4TH STREET SW","DCGIS.ADDRESSES_PT.WARD":"Ward 6","DCGIS.ADDRESSES_PT.SMD":"SMD 6D02","DCGIS.ADDRESSES_PT.ANC":"ANC 6D","MAR.VW_PLACE_NAME_CATEGORIES.CATEGORY":"MUSEUM / ZOO","DCGIS.PLACE_NAMES_PT.STATUS":"ACTIVE","DCGIS.PLACE_NAMES_PT.PLACE_NAME_ID":16030,"DCGIS.PLACE_NAMES_PT.MAR_ID":311513,"DCGIS.PLACE_NAMES_PT.BEFORE_DATE":null,"DCGIS.PLACE_NAMES_PT.BEFORE_DATE_SOURCE":null,"DCGIS.PLACE_NAMES_PT.BEGIN_DATE":null,"DCGIS.PLACE_NAMES_PT.BEGIN_DATE_SOURCE":null,"DCGIS.PLACE_NAMES_PT.FIRST_KNOWN_DATE":null,"DCGIS.PLACE_NAMES_PT.FIRST_KNOWN_DATE_SOURCE":null,"DCGIS.PLACE_NAMES_PT.CREATED_DATE":1509952834000,"DCGIS.PLACE_NAMES_PT.LAST_EDITED_DATE":1509952834000,"DCGIS.PLACE_NAMES_PT.SE_ANNO_CAD_DATA":null,"DCGIS.PLACE_NAMES_PT.OBJECTID":32747972,"DCGIS.ADDRESSES_PT.OBJECTID":218830301,"DCGIS.ADDRESSES_PT.SE_ANNO_CAD_DATA":null}},{"type":"Feature","id":32748061,"geometry":{"type":"Point","coordinates":[-77.01755352543518,38.897762562776364]},"properties":{"DCGIS.PLACE_NAMES_PT.NAME":"NATIONAL BUILDING MUSEUM","DCGIS.ADDRESSES_PT.ADDRESS":"401 F STREET NW","DCGIS.ADDRESSES_PT.WARD":"Ward 6","DCGIS.ADDRESSES_PT.SMD":"SMD 6E08","DCGIS.ADDRESSES_PT.ANC":"ANC 6E","MAR.VW_PLACE_NAME_CATEGORIES.CATEGORY":"MUSEUM / ZOO","DCGIS.PLACE_NAMES_PT.STATUS":"ACTIVE","DCGIS.PLACE_NAMES_PT.PLACE_NAME_ID":73,"DCGIS.PLACE_NAMES_PT.MAR_ID":242924,"DCGIS.PLACE_NAMES_PT.BEFORE_DATE":null,"DCGIS.PLACE_NAMES_PT.BEFORE_DATE_SOURCE":null,"DCGIS.PLACE_NAMES_PT.BEGIN_DATE":null,"DCGIS.PLACE_NAMES_PT.BEGIN_DATE_SOURCE":null,"DCGIS.PLACE_NAMES_PT.FIRST_KNOWN_DATE":null,"DCGIS.PLACE_NAMES_PT.FIRST_KNOWN_DATE_SOURCE":null,"DCGIS.PLACE_NAMES_PT.CREATED_DATE":1115856000000,"DCGIS.PLACE_NAMES_PT.LAST_EDITED_DATE":1115856000000,"DCGIS.PLACE_NAMES_PT.SE_ANNO_CAD_DATA":null,"DCGIS.PLACE_NAMES_PT.OBJECTID":32748061,"DCGIS.ADDRESSES_PT.OBJECTID":218866704,"DCGIS.ADDRESSES_PT.SE_ANNO_CAD_DATA":null}},{"type":"Feature","id":32749022,"geometry":{"type":"Point","coordinates":[-77.03974273622137,38.895854463819965]},"properties":{"DCGIS.PLACE_NAMES_PT.NAME":"CORCORAN MUSEUM AND COLLEGE OF ART + DESIGN","DCGIS.ADDRESSES_PT.ADDRESS":"500 17TH STREET NW","DCGIS.ADDRESSES_PT.WARD":"Ward 2","DCGIS.ADDRESSES_PT.SMD":"SMD 2A01","DCGIS.ADDRESSES_PT.ANC":"ANC 2A","MAR.VW_PLACE_NAME_CATEGORIES.CATEGORY":"MUSEUM / ZOO","DCGIS.PLACE_NAMES_PT.STATUS":"ACTIVE","DCGIS.PLACE_NAMES_PT.PLACE_NAME_ID":2939,"DCGIS.PLACE_NAMES_PT.MAR_ID":279802,"DCGIS.PLACE_NAMES_PT.BEFORE_DATE":null,"DCGIS.PLACE_NAMES_PT.BEFORE_DATE_SOURCE":null,"DCGIS.PLACE_NAMES_PT.BEGIN_DATE":null,"DCGIS.PLACE_NAMES_PT.BEGIN_DATE_SOURCE":null,"DCGIS.PLACE_NAMES_PT.FIRST_KNOWN_DATE":null,"DCGIS.PLACE_NAMES_PT.FIRST_KNOWN_DATE_SOURCE":null,"DCGIS.PLACE_NAMES_PT.CREATED_DATE":1123851413000,"DCGIS.PLACE_NAMES_PT.LAST_EDITED_DATE":1224268493000,"DCGIS.PLACE_NAMES_PT.SE_ANNO_CAD_DATA":null,"DCGIS.PLACE_NAMES_PT.OBJECTID":32749022,"DCGIS.ADDRESSES_PT.OBJECTID":218860344,"DCGIS.ADDRESSES_PT.SE_ANNO_CAD_DATA":null}},{"type":"Feature","id":32749024,"geometry":{"type":"Point","coordinates":[-77.03974273622137,38.895854463819965]},"properties":{"DCGIS.PLACE_NAMES_PT.NAME":"LUTHER W. BRADY ART GALLERY","DCGIS.ADDRESSES_PT.ADDRESS":"500 17TH STREET NW","DCGIS.ADDRESSES_PT.WARD":"Ward 2","DCGIS.ADDRESSES_PT.SMD":"SMD 2A01","DCGIS.ADDRESSES_PT.ANC":"ANC 2A","MAR.VW_PLACE_NAME_CATEGORIES.CATEGORY":"MUSEUM / ZOO","DCGIS.PLACE_NAMES_PT.STATUS":"ACTIVE","DCGIS.PLACE_NAMES_PT.PLACE_NAME_ID":17862,"DCGIS.PLACE_NAMES_PT.MAR_ID":279802,"DCGIS.PLACE_NAMES_PT.BEFORE_DATE":null,"DCGIS.PLACE_NAMES_PT.BEFORE_DATE_SOURCE":null,"DCGIS.PLACE_NAMES_PT.BEGIN_DATE":null,"DCGIS.PLACE_NAMES_PT.BEGIN_DATE_SOURCE":null,"DCGIS.PLACE_NAMES_PT.FIRST_KNOWN_DATE":null,"DCGIS.PLACE_NAMES_PT.FIRST_KNOWN_DATE_SOURCE":null,"DCGIS.PLACE_NAMES_PT.CREATED_DATE":1652436864000,"DCGIS.PLACE_NAMES_PT.LAST_EDITED_DATE":1652436864000,"DCGIS.PLACE_NAMES_PT.SE_ANNO_CAD_DATA":null,"DCGIS.PLACE_NAMES_PT.OBJECTID":32749024,"DCGIS.ADDRESSES_PT.OBJECTID":218860344,"DCGIS.ADDRESSES_PT.SE_ANNO_CAD_DATA":null}},{"type":"Feature","id":32741709,"geometry":{"type":"Point","coordinates":[-77.04685455166891,38.911509790859284]},"properties":{"DCGIS.PLACE_NAMES_PT.NAME":"PHILLIPS COLLECTION","DCGIS.ADDRESSES_PT.ADDRESS":"1600 21ST STREET NW","DCGIS.ADDRESSES_PT.WARD":"Ward 2","DCGIS.ADDRESSES_PT.SMD":"SMD 2B02","DCGIS.ADDRESSES_PT.ANC":"ANC 2B","MAR.VW_PLACE_NAME_CATEGORIES.CATEGORY":"MUSEUM / ZOO","DCGIS.PLACE_NAMES_PT.STATUS":"ACTIVE","DCGIS.PLACE_NAMES_PT.PLACE_NAME_ID":7577,"DCGIS.PLACE_NAMES_PT.MAR_ID":243333,"DCGIS.PLACE_NAMES_PT.BEFORE_DATE":null,"DCGIS.PLACE_NAMES_PT.BEFORE_DATE_SOURCE":null,"DCGIS.PLACE_NAMES_PT.BEGIN_DATE":null,"DCGIS.PLACE_NAMES_PT.BEGIN_DATE_SOURCE":null,"DCGIS.PLACE_NAMES_PT.FIRST_KNOWN_DATE":null,"DCGIS.PLACE_NAMES_PT.FIRST_KNOWN_DATE_SOURCE":null,"DCGIS.PLACE_NAMES_PT.CREATED_DATE":1155487719000,"DCGIS.PLACE_NAMES_PT.LAST_EDITED_DATE":1224268494000,"DCGIS.PLACE_NAMES_PT.SE_ANNO_CAD_DATA":null,"DCGIS.PLACE_NAMES_PT.OBJECTID":32741709,"DCGIS.ADDRESSES_PT.OBJECTID":218873941,"DCGIS.ADDRESSES_PT.SE_ANNO_CAD_DATA":null}},{"type":"Feature","id":32741710,"geometry":{"type":"Point","coordinates":[-77.04685455166891,38.911509790859284]},"properties":{"DCGIS.PLACE_NAMES_PT.NAME":"THE PHILLIPS COLLECTION","DCGIS.ADDRESSES_PT.ADDRESS":"1600 21ST STREET NW","DCGIS.ADDRESSES_PT.WARD":"Ward 2","DCGIS.ADDRESSES_PT.SMD":"SMD 2B02","DCGIS.ADDRESSES_PT.ANC":"ANC 2B","MAR.VW_PLACE_NAME_CATEGORIES.CATEGORY":"MUSEUM / ZOO","DCGIS.PLACE_NAMES_PT.STATUS":"ACTIVE","DCGIS.PLACE_NAMES_PT.PLACE_NAME_ID":15352,"DCGIS.PLACE_NAMES_PT.MAR_ID":243333,"DCGIS.PLACE_NAMES_PT.BEFORE_DATE":null,"DCGIS.PLACE_NAMES_PT.BEFORE_DATE_SOURCE":null,"DCGIS.PLACE_NAMES_PT.BEGIN_DATE":null,"DCGIS.PLACE_NAMES_PT.BEGIN_DATE_SOURCE":null,"DCGIS.PLACE_NAMES_PT.FIRST_KNOWN_DATE":null,"DCGIS.PLACE_NAMES_PT.FIRST_KNOWN_DATE_SOURCE":null,"DCGIS.PLACE_NAMES_PT.CREATED_DATE":1463048766000,"DCGIS.PLACE_NAMES_PT.LAST_EDITED_DATE":1463048766000,"DCGIS.PLACE_NAMES_PT.SE_ANNO_CAD_DATA":null,"DCGIS.PLACE_NAMES_PT.OBJECTID":32741710,"DCGIS.ADDRESSES_PT.OBJECTID":218873941,"DCGIS.ADDRESSES_PT.SE_ANNO_CAD_DATA":null}},{"type":"Feature","id":32741723,"geometry":{"type":"Point","coordinates":[-77.03720759474777,38.90534263341406]},"properties":{"DCGIS.PLACE_NAMES_PT.NAME":"NATIONAL GEOGRAPHIC SOCIETY HEADQUARTERS","DCGIS.ADDRESSES_PT.ADDRESS":"1600 M STREET NW","DCGIS.ADDRESSES_PT.WARD":"Ward 2","DCGIS.ADDRESSES_PT.SMD":"SMD 2C02","DCGIS.ADDRESSES_PT.ANC":"ANC 2C","MAR.VW_PLACE_NAME_CATEGORIES.CATEGORY":"MUSEUM / ZOO","DCGIS.PLACE_NAMES_PT.STATUS":"ACTIVE","DCGIS.PLACE_NAMES_PT.PLACE_NAME_ID":7595,"DCGIS.PLACE_NAMES_PT.MAR_ID":302627,"DCGIS.PLACE_NAMES_PT.BEFORE_DATE":null,"DCGIS.PLACE_NAMES_PT.BEFORE_DATE_SOURCE":null,"DCGIS.PLACE_NAMES_PT.BEGIN_DATE":null,"DCGIS.PLACE_NAMES_PT.BEGIN_DATE_SOURCE":null,"DCGIS.PLACE_NAMES_PT.FIRST_KNOWN_DATE":null,"DCGIS.PLACE_NAMES_PT.FIRST_KNOWN_DATE_SOURCE":null,"DCGIS.PLACE_NAMES_PT.CREATED_DATE":1156509485000,"DCGIS.PLACE_NAMES_PT.LAST_EDITED_DATE":1156509485000,"DCGIS.PLACE_NAMES_PT.SE_ANNO_CAD_DATA":null,"DCGIS.PLACE_NAMES_PT.OBJECTID":32741723,"DCGIS.ADDRESSES_PT.OBJECTID":218910030,"DCGIS.ADDRESSES_PT.SE_ANNO_CAD_DATA":null}},{"type":"Feature","id":32740786,"geometry":{"type":"Point","coordinates":[-77.03271690956232,38.891013562312914]},"properties":{"DCGIS.PLACE_NAMES_PT.NAME":"NATIONAL MUSUEM OF AFRICAN AMERICAN HISTORY AND CULTURE","DCGIS.ADDRESSES_PT.ADDRESS":"1400 CONSTITUTION AVENUE NW","DCGIS.ADDRESSES_PT.WARD":"Ward 2","DCGIS.ADDRESSES_PT.SMD":"SMD 2C03","DCGIS.ADDRESSES_PT.ANC":"ANC 2C","MAR.VW_PLACE_NAME_CATEGORIES.CATEGORY":"MUSEUM / ZOO","DCGIS.PLACE_NAMES_PT.STATUS":"ACTIVE","DCGIS.PLACE_NAMES_PT.PLACE_NAME_ID":15654,"DCGIS.PLACE_NAMES_PT.MAR_ID":310702,"DCGIS.PLACE_NAMES_PT.BEFORE_DATE":null,"DCGIS.PLACE_NAMES_PT.BEFORE_DATE_SOURCE":null,"DCGIS.PLACE_NAMES_PT.BEGIN_DATE":null,"DCGIS.PLACE_NAMES_PT.BEGIN_DATE_SOURCE":null,"DCGIS.PLACE_NAMES_PT.FIRST_KNOWN_DATE":null,"DCGIS.PLACE_NAMES_PT.FIRST_KNOWN_DATE_SOURCE":null,"DCGIS.PLACE_NAMES_PT.CREATED_DATE":1473171150000,"DCGIS.PLACE_NAMES_PT.LAST_EDITED_DATE":1473171150000,"DCGIS.PLACE_NAMES_PT.SE_ANNO_CAD_DATA":null,"DCGIS.PLACE_NAMES_PT.OBJECTID":32740786,"DCGIS.ADDRESSES_PT.OBJECTID":218920514,"DCGIS.ADDRESSES_PT.SE_ANNO_CAD_DATA":null}},{"type":"Feature","id":32740787,"geometry":{"type":"Point","coordinates":[-77.03271690956232,38.891013562312914]},"properties":{"DCGIS.PLACE_NAMES_PT.NAME":"AFRICAN AMERICAN HISTORY MUSEUM","DCGIS.ADDRESSES_PT.ADDRESS":"1400 CONSTITUTION AVENUE NW","DCGIS.ADDRESSES_PT.WARD":"Ward 2","DCGIS.ADDRESSES_PT.SMD":"SMD 2C03","DCGIS.ADDRESSES_PT.ANC":"ANC 2C","MAR.VW_PLACE_NAME_CATEGORIES.CATEGORY":"MUSEUM / ZOO","DCGIS.PLACE_NAMES_PT.STATUS":"ACTIVE","DCGIS.PLACE_NAMES_PT.PLACE_NAME_ID":16028,"DCGIS.PLACE_NAMES_PT.MAR_ID":310702,"DCGIS.PLACE_NAMES_PT.BEFORE_DATE":null,"DCGIS.PLACE_NAMES_PT.BEFORE_DATE_SOURCE":null,"DCGIS.PLACE_NAMES_PT.BEGIN_DATE":null,"DCGIS.PLACE_NAMES_PT.BEGIN_DATE_SOURCE":null,"DCGIS.PLACE_NAMES_PT.FIRST_KNOWN_DATE":null,"DCGIS.PLACE_NAMES_PT.FIRST_KNOWN_DATE_SOURCE":null,"DCGIS.PLACE_NAMES_PT.CREATED_DATE":1509952546000,"DCGIS.PLACE_NAMES_PT.LAST_EDITED_DATE":1509952546000,"DCGIS.PLACE_NAMES_PT.SE_ANNO_CAD_DATA":null,"DCGIS.PLACE_NAMES_PT.OBJECTID":32740787,"DCGIS.ADDRESSES_PT.OBJECTID":218920514,"DCGIS.ADDRESSES_PT.SE_ANNO_CAD_DATA":null}},{"type":"Feature","id":32741787,"geometry":{"type":"Point","coordinates":[-77.04695929450712,38.9117607212309]},"properties":{"DCGIS.PLACE_NAMES_PT.NAME":"PHILLIPS COLLECTION","DCGIS.ADDRESSES_PT.ADDRESS":"1612 21ST STREET NW","DCGIS.ADDRESSES_PT.WARD":"Ward 2","DCGIS.ADDRESSES_PT.SMD":"SMD 2B02","DCGIS.ADDRESSES_PT.ANC":"ANC 2B","MAR.VW_PLACE_NAME_CATEGORIES.CATEGORY":"MUSEUM / ZOO","DCGIS.PLACE_NAMES_PT.STATUS":"ACTIVE","DCGIS.PLACE_NAMES_PT.PLACE_NAME_ID":8392,"DCGIS.PLACE_NAMES_PT.MAR_ID":302497,"DCGIS.PLACE_NAMES_PT.BEFORE_DATE":null,"DCGIS.PLACE_NAMES_PT.BEFORE_DATE_SOURCE":null,"DCGIS.PLACE_NAMES_PT.BEGIN_DATE":null,"DCGIS.PLACE_NAMES_PT.BEGIN_DATE_SOURCE":null,"DCGIS.PLACE_NAMES_PT.FIRST_KNOWN_DATE":null,"DCGIS.PLACE_NAMES_PT.FIRST_KNOWN_DATE_SOURCE":null,"DCGIS.PLACE_NAMES_PT.CREATED_DATE":1178792514000,"DCGIS.PLACE_NAMES_PT.LAST_EDITED_DATE":1178792514000,"DCGIS.PLACE_NAMES_PT.SE_ANNO_CAD_DATA":null,"DCGIS.PLACE_NAMES_PT.OBJECTID":32741787,"DCGIS.ADDRESSES_PT.OBJECTID":218909213,"DCGIS.ADDRESSES_PT.SE_ANNO_CAD_DATA":null}},{"type":"Feature","id":32742820,"geometry":{"type":"Point","coordinates":[-77.04260257010687,38.89445283458713]},"properties":{"DCGIS.PLACE_NAMES_PT.NAME":"DEPARTMENT OF THE INTERIOR MUSEUM","DCGIS.ADDRESSES_PT.ADDRESS":"1849 C STREET NW","DCGIS.ADDRESSES_PT.WARD":"Ward 2","DCGIS.ADDRESSES_PT.SMD":"SMD 2A01","DCGIS.ADDRESSES_PT.ANC":"ANC 2A","MAR.VW_PLACE_NAME_CATEGORIES.CATEGORY":"MUSEUM / ZOO","DCGIS.PLACE_NAMES_PT.STATUS":"ACTIVE","DCGIS.PLACE_NAMES_PT.PLACE_NAME_ID":9699,"DCGIS.PLACE_NAMES_PT.MAR_ID":293214,"DCGIS.PLACE_NAMES_PT.BEFORE_DATE":null,"DCGIS.PLACE_NAMES_PT.BEFORE_DATE_SOURCE":null,"DCGIS.PLACE_NAMES_PT.BEGIN_DATE":null,"DCGIS.PLACE_NAMES_PT.BEGIN_DATE_SOURCE":null,"DCGIS.PLACE_NAMES_PT.FIRST_KNOWN_DATE":null,"DCGIS.PLACE_NAMES_PT.FIRST_KNOWN_DATE_SOURCE":null,"DCGIS.PLACE_NAMES_PT.CREATED_DATE":1283935250000,"DCGIS.PLACE_NAMES_PT.LAST_EDITED_DATE":1283935250000,"DCGIS.PLACE_NAMES_PT.SE_ANNO_CAD_DATA":null,"DCGIS.PLACE_NAMES_PT.OBJECTID":32742820,"DCGIS.ADDRESSES_PT.OBJECTID":218893846,"DCGIS.ADDRESSES_PT.SE_ANNO_CAD_DATA":null}},{"type":"Feature","id":32742821,"geometry":{"type":"Point","coordinates":[-77.04260257010687,38.89445283458713]},"properties":{"DCGIS.PLACE_NAMES_PT.NAME":"INTERIOR MUSEUM","DCGIS.ADDRESSES_PT.ADDRESS":"1849 C STREET NW","DCGIS.ADDRESSES_PT.WARD":"Ward 2","DCGIS.ADDRESSES_PT.SMD":"SMD 2A01","DCGIS.ADDRESSES_PT.ANC":"ANC 2A","MAR.VW_PLACE_NAME_CATEGORIES.CATEGORY":"MUSEUM / ZOO","DCGIS.PLACE_NAMES_PT.STATUS":"ACTIVE","DCGIS.PLACE_NAMES_PT.PLACE_NAME_ID":13191,"DCGIS.PLACE_NAMES_PT.MAR_ID":293214,"DCGIS.PLACE_NAMES_PT.BEFORE_DATE":null,"DCGIS.PLACE_NAMES_PT.BEFORE_DATE_SOURCE":null,"DCGIS.PLACE_NAMES_PT.BEGIN_DATE":null,"DCGIS.PLACE_NAMES_PT.BEGIN_DATE_SOURCE":null,"DCGIS.PLACE_NAMES_PT.FIRST_KNOWN_DATE":null,"DCGIS.PLACE_NAMES_PT.FIRST_KNOWN_DATE_SOURCE":null,"DCGIS.PLACE_NAMES_PT.CREATED_DATE":1406731708000,"DCGIS.PLACE_NAMES_PT.LAST_EDITED_DATE":1406731708000,"DCGIS.PLACE_NAMES_PT.SE_ANNO_CAD_DATA":null,"DCGIS.PLACE_NAMES_PT.OBJECTID":32742821,"DCGIS.ADDRESSES_PT.OBJECTID":218893846,"DCGIS.ADDRESSES_PT.SE_ANNO_CAD_DATA":null}},{"type":"Feature","id":32742878,"geometry":{"type":"Point","coordinates":[-77.0418581778475,38.915739301181745]},"properties":{"DCGIS.PLACE_NAMES_PT.NAME":"MUSEUM OF THE PALESTINIAN PEOPLE","DCGIS.ADDRESSES_PT.ADDRESS":"1900 18TH STREET NW","DCGIS.ADDRESSES_PT.WARD":"Ward 2","DCGIS.ADDRESSES_PT.SMD":"SMD 2B08","DCGIS.ADDRESSES_PT.ANC":"ANC 2B","MAR.VW_PLACE_NAME_CATEGORIES.CATEGORY":"MUSEUM / ZOO","DCGIS.PLACE_NAMES_PT.STATUS":"ACTIVE","DCGIS.PLACE_NAMES_PT.PLACE_NAME_ID":24077,"DCGIS.PLACE_NAMES_PT.MAR_ID":303492,"DCGIS.PLACE_NAMES_PT.BEFORE_DATE":null,"DCGIS.PLACE_NAMES_PT.BEFORE_DATE_SOURCE":null,"DCGIS.PLACE_NAMES_PT.BEGIN_DATE":null,"DCGIS.PLACE_NAMES_PT.BEGIN_DATE_SOURCE":null,"DCGIS.PLACE_NAMES_PT.FIRST_KNOWN_DATE":null,"DCGIS.PLACE_NAMES_PT.FIRST_KNOWN_DATE_SOURCE":null,"DCGIS.PLACE_NAMES_PT.CREATED_DATE":1768222501000,"DCGIS.PLACE_NAMES_PT.LAST_EDITED_DATE":1768222501000,"DCGIS.PLACE_NAMES_PT.SE_ANNO_CAD_DATA":null,"DCGIS.PLACE_NAMES_PT.OBJECTID":32742878,"DCGIS.ADDRESSES_PT.OBJECTID":218954821,"DCGIS.ADDRESSES_PT.SE_ANNO_CAD_DATA":null}},{"type":"Feature","id":32739999,"geometry":{"type":"Point","coordinates":[-77.02916830305203,38.90007601967253]},"properties":{"DCGIS.PLACE_NAMES_PT.NAME":"NATIONAL MUSEUM OF WOMEN IN THE ARTS","DCGIS.ADDRESSES_PT.ADDRESS":"1250 NEW YORK AVENUE NW","DCGIS.ADDRESSES_PT.WARD":"Ward 2","DCGIS.ADDRESSES_PT.SMD":"SMD 2C01","DCGIS.ADDRESSES_PT.ANC":"ANC 2C","MAR.VW_PLACE_NAME_CATEGORIES.CATEGORY":"MUSEUM / ZOO","DCGIS.PLACE_NAMES_PT.STATUS":"ACTIVE","DCGIS.PLACE_NAMES_PT.PLACE_NAME_ID":206,"DCGIS.PLACE_NAMES_PT.MAR_ID":279010,"DCGIS.PLACE_NAMES_PT.BEFORE_DATE":null,"DCGIS.PLACE_NAMES_PT.BEFORE_DATE_SOURCE":null,"DCGIS.PLACE_NAMES_PT.BEGIN_DATE":null,"DCGIS.PLACE_NAMES_PT.BEGIN_DATE_SOURCE":null,"DCGIS.PLACE_NAMES_PT.FIRST_KNOWN_DATE":null,"DCGIS.PLACE_NAMES_PT.FIRST_KNOWN_DATE_SOURCE":null,"DCGIS.PLACE_NAMES_PT.CREATED_DATE":1115856000000,"DCGIS.PLACE_NAMES_PT.LAST_EDITED_DATE":1115856000000,"DCGIS.PLACE_NAMES_PT.SE_ANNO_CAD_DATA":null,"DCGIS.PLACE_NAMES_PT.OBJECTID":32739999,"DCGIS.ADDRESSES_PT.OBJECTID":218846817,"DCGIS.ADDRESSES_PT.SE_ANNO_CAD_DATA":null}},{"type":"Feature","id":32740989,"geometry":{"type":"Point","coordinates":[-77.03700105647391,38.909463388099304]},"properties":{"DCGIS.PLACE_NAMES_PT.NAME":"L. RON HUBBARD HOUSE","DCGIS.ADDRESSES_PT.ADDRESS":"1424 16TH STREET NW","DCGIS.ADDRESSES_PT.WARD":"Ward 2","DCGIS.ADDRESSES_PT.SMD":"SMD 2B04","DCGIS.ADDRESSES_PT.ANC":"ANC 2B","MAR.VW_PLACE_NAME_CATEGORIES.CATEGORY":"MUSEUM / ZOO","DCGIS.PLACE_NAMES_PT.STATUS":"ACTIVE","DCGIS.PLACE_NAMES_PT.PLACE_NAME_ID":12534,"DCGIS.PLACE_NAMES_PT.MAR_ID":242012,"DCGIS.PLACE_NAMES_PT.BEFORE_DATE":null,"DCGIS.PLACE_NAMES_PT.BEFORE_DATE_SOURCE":null,"DCGIS.PLACE_NAMES_PT.BEGIN_DATE":null,"DCGIS.PLACE_NAMES_PT.BEGIN_DATE_SOURCE":null,"DCGIS.PLACE_NAMES_PT.FIRST_KNOWN_DATE":null,"DCGIS.PLACE_NAMES_PT.FIRST_KNOWN_DATE_SOURCE":null,"DCGIS.PLACE_NAMES_PT.CREATED_DATE":1347629706000,"DCGIS.PLACE_NAMES_PT.LAST_EDITED_DATE":1347629706000,"DCGIS.PLACE_NAMES_PT.SE_ANNO_CAD_DATA":null,"DCGIS.PLACE_NAMES_PT.OBJECTID":32740989,"DCGIS.ADDRESSES_PT.OBJECTID":218959208,"DCGIS.ADDRESSES_PT.SE_ANNO_CAD_DATA":null}},{"type":"Feature","id":32743357,"geometry":{"type":"Point","coordinates":[-77.0459629303104,38.91240116011934]},"properties":{"DCGIS.PLACE_NAMES_PT.NAME":"MARSHA MATEYKA GALLERY","DCGIS.ADDRESSES_PT.ADDRESS":"2012 R STREET NW","DCGIS.ADDRESSES_PT.WARD":"Ward 2","DCGIS.ADDRESSES_PT.SMD":"SMD 2B02","DCGIS.ADDRESSES_PT.ANC":"ANC 2B","MAR.VW_PLACE_NAME_CATEGORIES.CATEGORY":"MUSEUM / ZOO","DCGIS.PLACE_NAMES_PT.STATUS":"ACTIVE","DCGIS.PLACE_NAMES_PT.PLACE_NAME_ID":11239,"DCGIS.PLACE_NAMES_PT.MAR_ID":242708,"DCGIS.PLACE_NAMES_PT.BEFORE_DATE":null,"DCGIS.PLACE_NAMES_PT.BEFORE_DATE_SOURCE":null,"DCGIS.PLACE_NAMES_PT.BEGIN_DATE":null,"DCGIS.PLACE_NAMES_PT.BEGIN_DATE_SOURCE":null,"DCGIS.PLACE_NAMES_PT.FIRST_KNOWN_DATE":null,"DCGIS.PLACE_NAMES_PT.FIRST_KNOWN_DATE_SOURCE":null,"DCGIS.PLACE_NAMES_PT.CREATED_DATE":1317660586000,"DCGIS.PLACE_NAMES_PT.LAST_EDITED_DATE":1317660586000,"DCGIS.PLACE_NAMES_PT.SE_ANNO_CAD_DATA":null,"DCGIS.PLACE_NAMES_PT.OBJECTID":32743357,"DCGIS.ADDRESSES_PT.OBJECTID":218896127,"DCGIS.ADDRESSES_PT.SE_ANNO_CAD_DATA":null}},{"type":"Feature","id":32743379,"geometry":{"type":"Point","coordinates":[-77.04571070869981,38.90835588179081]},"properties":{"DCGIS.PLACE_NAMES_PT.NAME":"O STREET MUSEUM FOUNDATION","DCGIS.ADDRESSES_PT.ADDRESS":"2016 O STREET NW","DCGIS.ADDRESSES_PT.WARD":"Ward 2","DCGIS.ADDRESSES_PT.SMD":"SMD 2B05","DCGIS.ADDRESSES_PT.ANC":"ANC 2B","MAR.VW_PLACE_NAME_CATEGORIES.CATEGORY":"MUSEUM / ZOO","DCGIS.PLACE_NAMES_PT.STATUS":"ACTIVE","DCGIS.PLACE_NAMES_PT.PLACE_NAME_ID":14676,"DCGIS.PLACE_NAMES_PT.MAR_ID":242704,"DCGIS.PLACE_NAMES_PT.BEFORE_DATE":null,"DCGIS.PLACE_NAMES_PT.BEFORE_DATE_SOURCE":null,"DCGIS.PLACE_NAMES_PT.BEGIN_DATE":null,"DCGIS.PLACE_NAMES_PT.BEGIN_DATE_SOURCE":null,"DCGIS.PLACE_NAMES_PT.FIRST_KNOWN_DATE":null,"DCGIS.PLACE_NAMES_PT.FIRST_KNOWN_DATE_SOURCE":null,"DCGIS.PLACE_NAMES_PT.CREATED_DATE":1431445321000,"DCGIS.PLACE_NAMES_PT.LAST_EDITED_DATE":1431445321000,"DCGIS.PLACE_NAMES_PT.SE_ANNO_CAD_DATA":null,"DCGIS.PLACE_NAMES_PT.OBJECTID":32743379,"DCGIS.ADDRESSES_PT.OBJECTID":218843388,"DCGIS.ADDRESSES_PT.SE_ANNO_CAD_DATA":null}},{"type":"Feature","id":32743020,"geometry":{"type":"Point","coordinates":[-76.98859269679961,38.866936440198074]},"properties":{"DCGIS.PLACE_NAMES_PT.NAME":"GO GO MUSEUM AND CAFE","DCGIS.ADDRESSES_PT.ADDRESS":"1920 MARTIN LUTHER KING JR AVENUE SE","DCGIS.ADDRESSES_PT.WARD":"Ward 8","DCGIS.ADDRESSES_PT.SMD":"SMD 8A06","DCGIS.ADDRESSES_PT.ANC":"ANC 8A","MAR.VW_PLACE_NAME_CATEGORIES.CATEGORY":"MUSEUM / ZOO","DCGIS.PLACE_NAMES_PT.STATUS":"ACTIVE","DCGIS.PLACE_NAMES_PT.PLACE_NAME_ID":23686,"DCGIS.PLACE_NAMES_PT.MAR_ID":53960,"DCGIS.PLACE_NAMES_PT.BEFORE_DATE":null,"DCGIS.PLACE_NAMES_PT.BEFORE_DATE_SOURCE":null,"DCGIS.PLACE_NAMES_PT.BEGIN_DATE":null,"DCGIS.PLACE_NAMES_PT.BEGIN_DATE_SOURCE":null,"DCGIS.PLACE_NAMES_PT.FIRST_KNOWN_DATE":null,"DCGIS.PLACE_NAMES_PT.FIRST_KNOWN_DATE_SOURCE":null,"DCGIS.PLACE_NAMES_PT.CREATED_DATE":1731921085000,"DCGIS.PLACE_NAMES_PT.LAST_EDITED_DATE":1731921085000,"DCGIS.PLACE_NAMES_PT.SE_ANNO_CAD_DATA":null,"DCGIS.PLACE_NAMES_PT.OBJECTID":32743020,"DCGIS.ADDRESSES_PT.OBJECTID":218874460,"DCGIS.ADDRESSES_PT.SE_ANNO_CAD_DATA":null}},{"type":"Feature","id":32740130,"geometry":{"type":"Point","coordinates":[-77.02999266309698,38.89125004279792]},"properties":{"DCGIS.PLACE_NAMES_PT.NAME":"NATIONAL MUSEUM OF AMERICAN HISTORY","DCGIS.ADDRESSES_PT.ADDRESS":"1300 CONSTITUTION AVENUE NW","DCGIS.ADDRESSES_PT.WARD":"Ward 2","DCGIS.ADDRESSES_PT.SMD":"SMD 2C03","DCGIS.ADDRESSES_PT.ANC":"ANC 2C","MAR.VW_PLACE_NAME_CATEGORIES.CATEGORY":"MUSEUM / ZOO","DCGIS.PLACE_NAMES_PT.STATUS":"ACTIVE","DCGIS.PLACE_NAMES_PT.PLACE_NAME_ID":23414,"DCGIS.PLACE_NAMES_PT.MAR_ID":340101,"DCGIS.PLACE_NAMES_PT.BEFORE_DATE":null,"DCGIS.PLACE_NAMES_PT.BEFORE_DATE_SOURCE":null,"DCGIS.PLACE_NAMES_PT.BEGIN_DATE":null,"DCGIS.PLACE_NAMES_PT.BEGIN_DATE_SOURCE":null,"DCGIS.PLACE_NAMES_PT.FIRST_KNOWN_DATE":null,"DCGIS.PLACE_NAMES_PT.FIRST_KNOWN_DATE_SOURCE":null,"DCGIS.PLACE_NAMES_PT.CREATED_DATE":1709714607000,"DCGIS.PLACE_NAMES_PT.LAST_EDITED_DATE":1709714607000,"DCGIS.PLACE_NAMES_PT.SE_ANNO_CAD_DATA":null,"DCGIS.PLACE_NAMES_PT.OBJECTID":32740130,"DCGIS.ADDRESSES_PT.OBJECTID":218935309,"DCGIS.ADDRESSES_PT.SE_ANNO_CAD_DATA":null}},{"type":"Feature","id":32740147,"geometry":{"type":"Point","coordinates":[-77.03021416003615,38.89494738185481]},"properties":{"DCGIS.PLACE_NAMES_PT.NAME":"NATIONAL CHILDRENS MUSUEM","DCGIS.ADDRESSES_PT.ADDRESS":"1300 PENNSYLVANIA AVENUE NW","DCGIS.ADDRESSES_PT.WARD":"Ward 2","DCGIS.ADDRESSES_PT.SMD":"SMD 2C03","DCGIS.ADDRESSES_PT.ANC":"ANC 2C","MAR.VW_PLACE_NAME_CATEGORIES.CATEGORY":"MUSEUM / ZOO","DCGIS.PLACE_NAMES_PT.STATUS":"ACTIVE","DCGIS.PLACE_NAMES_PT.PLACE_NAME_ID":17701,"DCGIS.PLACE_NAMES_PT.MAR_ID":293198,"DCGIS.PLACE_NAMES_PT.BEFORE_DATE":null,"DCGIS.PLACE_NAMES_PT.BEFORE_DATE_SOURCE":null,"DCGIS.PLACE_NAMES_PT.BEGIN_DATE":null,"DCGIS.PLACE_NAMES_PT.BEGIN_DATE_SOURCE":null,"DCGIS.PLACE_NAMES_PT.FIRST_KNOWN_DATE":null,"DCGIS.PLACE_NAMES_PT.FIRST_KNOWN_DATE_SOURCE":null,"DCGIS.PLACE_NAMES_PT.CREATED_DATE":1633610597000,"DCGIS.PLACE_NAMES_PT.LAST_EDITED_DATE":1633610597000,"DCGIS.PLACE_NAMES_PT.SE_ANNO_CAD_DATA":null,"DCGIS.PLACE_NAMES_PT.OBJECTID":32740147,"DCGIS.ADDRESSES_PT.OBJECTID":218898488,"DCGIS.ADDRESSES_PT.SE_ANNO_CAD_DATA":null}},{"type":"Feature","id":32741099,"geometry":{"type":"Point","coordinates":[-77.00375672477834,38.89227195977045]},"properties":{"DCGIS.PLACE_NAMES_PT.NAME":"SEWALL-BELMONT HOUSE","DCGIS.ADDRESSES_PT.ADDRESS":"144 CONSTITUTION AVENUE NE","DCGIS.ADDRESSES_PT.WARD":"Ward 6","DCGIS.ADDRESSES_PT.SMD":"SMD 6C02","DCGIS.ADDRESSES_PT.ANC":"ANC 6C","MAR.VW_PLACE_NAME_CATEGORIES.CATEGORY":"MUSEUM / ZOO","DCGIS.PLACE_NAMES_PT.STATUS":"ACTIVE","DCGIS.PLACE_NAMES_PT.PLACE_NAME_ID":16707,"DCGIS.PLACE_NAMES_PT.MAR_ID":286201,"DCGIS.PLACE_NAMES_PT.BEFORE_DATE":null,"DCGIS.PLACE_NAMES_PT.BEFORE_DATE_SOURCE":null,"DCGIS.PLACE_NAMES_PT.BEGIN_DATE":null,"DCGIS.PLACE_NAMES_PT.BEGIN_DATE_SOURCE":null,"DCGIS.PLACE_NAMES_PT.FIRST_KNOWN_DATE":null,"DCGIS.PLACE_NAMES_PT.FIRST_KNOWN_DATE_SOURCE":null,"DCGIS.PLACE_NAMES_PT.CREATED_DATE":1542361466000,"DCGIS.PLACE_NAMES_PT.LAST_EDITED_DATE":1542361466000,"DCGIS.PLACE_NAMES_PT.SE_ANNO_CAD_DATA":null,"DCGIS.PLACE_NAMES_PT.OBJECTID":32741099,"DCGIS.ADDRESSES_PT.OBJECTID":218916939,"DCGIS.ADDRESSES_PT.SE_ANNO_CAD_DATA":null}},{"type":"Feature","id":32741100,"geometry":{"type":"Point","coordinates":[-77.00375672477834,38.89227195977045]},"properties":{"DCGIS.PLACE_NAMES_PT.NAME":"BELMONT-PAUL WOMENS EQUALITY NATIONAL MONUMENT","DCGIS.ADDRESSES_PT.ADDRESS":"144 CONSTITUTION AVENUE NE","DCGIS.ADDRESSES_PT.WARD":"Ward 6","DCGIS.ADDRESSES_PT.SMD":"SMD 6C02","DCGIS.ADDRESSES_PT.ANC":"ANC 6C","MAR.VW_PLACE_NAME_CATEGORIES.CATEGORY":"MUSEUM / ZOO","DCGIS.PLACE_NAMES_PT.STATUS":"ACTIVE","DCGIS.PLACE_NAMES_PT.PLACE_NAME_ID":16708,"DCGIS.PLACE_NAMES_PT.MAR_ID":286201,"DCGIS.PLACE_NAMES_PT.BEFORE_DATE":null,"DCGIS.PLACE_NAMES_PT.BEFORE_DATE_SOURCE":null,"DCGIS.PLACE_NAMES_PT.BEGIN_DATE":null,"DCGIS.PLACE_NAMES_PT.BEGIN_DATE_SOURCE":null,"DCGIS.PLACE_NAMES_PT.FIRST_KNOWN_DATE":null,"DCGIS.PLACE_NAMES_PT.FIRST_KNOWN_DATE_SOURCE":null,"DCGIS.PLACE_NAMES_PT.CREATED_DATE":1542361467000,"DCGIS.PLACE_NAMES_PT.LAST_EDITED_DATE":1542361467000,"DCGIS.PLACE_NAMES_PT.SE_ANNO_CAD_DATA":null,"DCGIS.PLACE_NAMES_PT.OBJECTID":32741100,"DCGIS.ADDRESSES_PT.OBJECTID":218916939,"DCGIS.ADDRESSES_PT.SE_ANNO_CAD_DATA":null}},{"type":"Feature","id":32742050,"geometry":{"type":"Point","coordinates":[-77.03995791109759,38.89865698302566]},"properties":{"DCGIS.PLACE_NAMES_PT.NAME":"THE PEOPLES HOUSE A WHITE HOUSE EXPERIENCE","DCGIS.ADDRESSES_PT.ADDRESS":"1700 PENNSYLVANIA AVENUE NW","DCGIS.ADDRESSES_PT.WARD":"Ward 2","DCGIS.ADDRESSES_PT.SMD":"SMD 2A07","DCGIS.ADDRESSES_PT.ANC":"ANC 2A","MAR.VW_PLACE_NAME_CATEGORIES.CATEGORY":"MUSEUM / ZOO","DCGIS.PLACE_NAMES_PT.STATUS":"ACTIVE","DCGIS.PLACE_NAMES_PT.PLACE_NAME_ID":23675,"DCGIS.PLACE_NAMES_PT.MAR_ID":218408,"DCGIS.PLACE_NAMES_PT.BEFORE_DATE":null,"DCGIS.PLACE_NAMES_PT.BEFORE_DATE_SOURCE":null,"DCGIS.PLACE_NAMES_PT.BEGIN_DATE":null,"DCGIS.PLACE_NAMES_PT.BEGIN_DATE_SOURCE":null,"DCGIS.PLACE_NAMES_PT.FIRST_KNOWN_DATE":null,"DCGIS.PLACE_NAMES_PT.FIRST_KNOWN_DATE_SOURCE":null,"DCGIS.PLACE_NAMES_PT.CREATED_DATE":1729611906000,"DCGIS.PLACE_NAMES_PT.LAST_EDITED_DATE":1729611906000,"DCGIS.PLACE_NAMES_PT.SE_ANNO_CAD_DATA":null,"DCGIS.PLACE_NAMES_PT.OBJECTID":32742050,"DCGIS.ADDRESSES_PT.OBJECTID":218952236,"DCGIS.ADDRESSES_PT.SE_ANNO_CAD_DATA":null}},{"type":"Feature","id":32742051,"geometry":{"type":"Point","coordinates":[-77.03995791109759,38.89865698302566]},"properties":{"DCGIS.PLACE_NAMES_PT.NAME":"THE PEOPLES HOUSE","DCGIS.ADDRESSES_PT.ADDRESS":"1700 PENNSYLVANIA AVENUE NW","DCGIS.ADDRESSES_PT.WARD":"Ward 2","DCGIS.ADDRESSES_PT.SMD":"SMD 2A07","DCGIS.ADDRESSES_PT.ANC":"ANC 2A","MAR.VW_PLACE_NAME_CATEGORIES.CATEGORY":"MUSEUM / ZOO","DCGIS.PLACE_NAMES_PT.STATUS":"ACTIVE","DCGIS.PLACE_NAMES_PT.PLACE_NAME_ID":23676,"DCGIS.PLACE_NAMES_PT.MAR_ID":218408,"DCGIS.PLACE_NAMES_PT.BEFORE_DATE":null,"DCGIS.PLACE_NAMES_PT.BEFORE_DATE_SOURCE":null,"DCGIS.PLACE_NAMES_PT.BEGIN_DATE":null,"DCGIS.PLACE_NAMES_PT.BEGIN_DATE_SOURCE":null,"DCGIS.PLACE_NAMES_PT.FIRST_KNOWN_DATE":null,"DCGIS.PLACE_NAMES_PT.FIRST_KNOWN_DATE_SOURCE":null,"DCGIS.PLACE_NAMES_PT.CREATED_DATE":1729611906000,"DCGIS.PLACE_NAMES_PT.LAST_EDITED_DATE":1729611906000,"DCGIS.PLACE_NAMES_PT.SE_ANNO_CAD_DATA":null,"DCGIS.PLACE_NAMES_PT.OBJECTID":32742051,"DCGIS.ADDRESSES_PT.OBJECTID":218952236,"DCGIS.ADDRESSES_PT.SE_ANNO_CAD_DATA":null}},{"type":"Feature","id":32743415,"geometry":{"type":"Point","coordinates":[-77.0458542619504,38.90837204056352]},"properties":{"DCGIS.PLACE_NAMES_PT.NAME":"O STREET MUSEUM FOUNDATION","DCGIS.ADDRESSES_PT.ADDRESS":"2020 O STREET NW","DCGIS.ADDRESSES_PT.WARD":"Ward 2","DCGIS.ADDRESSES_PT.SMD":"SMD 2B05","DCGIS.ADDRESSES_PT.ANC":"ANC 2B","MAR.VW_PLACE_NAME_CATEGORIES.CATEGORY":"MUSEUM / ZOO","DCGIS.PLACE_NAMES_PT.STATUS":"ACTIVE","DCGIS.PLACE_NAMES_PT.PLACE_NAME_ID":12535,"DCGIS.PLACE_NAMES_PT.MAR_ID":243057,"DCGIS.PLACE_NAMES_PT.BEFORE_DATE":null,"DCGIS.PLACE_NAMES_PT.BEFORE_DATE_SOURCE":null,"DCGIS.PLACE_NAMES_PT.BEGIN_DATE":null,"DCGIS.PLACE_NAMES_PT.BEGIN_DATE_SOURCE":null,"DCGIS.PLACE_NAMES_PT.FIRST_KNOWN_DATE":null,"DCGIS.PLACE_NAMES_PT.FIRST_KNOWN_DATE_SOURCE":null,"DCGIS.PLACE_NAMES_PT.CREATED_DATE":1347630408000,"DCGIS.PLACE_NAMES_PT.LAST_EDITED_DATE":1347630408000,"DCGIS.PLACE_NAMES_PT.SE_ANNO_CAD_DATA":null,"DCGIS.PLACE_NAMES_PT.OBJECTID":32743415,"DCGIS.ADDRESSES_PT.OBJECTID":218843389,"DCGIS.ADDRESSES_PT.SE_ANNO_CAD_DATA":null}},{"type":"Feature","id":32740235,"geometry":{"type":"Point","coordinates":[-77.04455099251715,38.90805229802802]},"properties":{"DCGIS.PLACE_NAMES_PT.NAME":"HEURICH HOUSE MANSION","DCGIS.ADDRESSES_PT.ADDRESS":"1307 NEW HAMPSHIRE AVENUE NW","DCGIS.ADDRESSES_PT.WARD":"Ward 2","DCGIS.ADDRESSES_PT.SMD":"SMD 2B05","DCGIS.ADDRESSES_PT.ANC":"ANC 2B","MAR.VW_PLACE_NAME_CATEGORIES.CATEGORY":"MUSEUM / ZOO","DCGIS.PLACE_NAMES_PT.STATUS":"ACTIVE","DCGIS.PLACE_NAMES_PT.PLACE_NAME_ID":2954,"DCGIS.PLACE_NAMES_PT.MAR_ID":241060,"DCGIS.PLACE_NAMES_PT.BEFORE_DATE":null,"DCGIS.PLACE_NAMES_PT.BEFORE_DATE_SOURCE":null,"DCGIS.PLACE_NAMES_PT.BEGIN_DATE":null,"DCGIS.PLACE_NAMES_PT.BEGIN_DATE_SOURCE":null,"DCGIS.PLACE_NAMES_PT.FIRST_KNOWN_DATE":null,"DCGIS.PLACE_NAMES_PT.FIRST_KNOWN_DATE_SOURCE":null,"DCGIS.PLACE_NAMES_PT.CREATED_DATE":1123851414000,"DCGIS.PLACE_NAMES_PT.LAST_EDITED_DATE":1224268494000,"DCGIS.PLACE_NAMES_PT.SE_ANNO_CAD_DATA":null,"DCGIS.PLACE_NAMES_PT.OBJECTID":32740235,"DCGIS.ADDRESSES_PT.OBJECTID":218831309,"DCGIS.ADDRESSES_PT.SE_ANNO_CAD_DATA":null}},{"type":"Feature","id":32740236,"geometry":{"type":"Point","coordinates":[-77.04455099251715,38.90805229802802]},"properties":{"DCGIS.PLACE_NAMES_PT.NAME":"CHRISTIAN HEURICH HOUSE MUSEUM","DCGIS.ADDRESSES_PT.ADDRESS":"1307 NEW HAMPSHIRE AVENUE NW","DCGIS.ADDRESSES_PT.WARD":"Ward 2","DCGIS.ADDRESSES_PT.SMD":"SMD 2B05","DCGIS.ADDRESSES_PT.ANC":"ANC 2B","MAR.VW_PLACE_NAME_CATEGORIES.CATEGORY":"MUSEUM / ZOO","DCGIS.PLACE_NAMES_PT.STATUS":"ACTIVE","DCGIS.PLACE_NAMES_PT.PLACE_NAME_ID":9803,"DCGIS.PLACE_NAMES_PT.MAR_ID":241060,"DCGIS.PLACE_NAMES_PT.BEFORE_DATE":null,"DCGIS.PLACE_NAMES_PT.BEFORE_DATE_SOURCE":null,"DCGIS.PLACE_NAMES_PT.BEGIN_DATE":null,"DCGIS.PLACE_NAMES_PT.BEGIN_DATE_SOURCE":null,"DCGIS.PLACE_NAMES_PT.FIRST_KNOWN_DATE":null,"DCGIS.PLACE_NAMES_PT.FIRST_KNOWN_DATE_SOURCE":null,"DCGIS.PLACE_NAMES_PT.CREATED_DATE":1286965484000,"DCGIS.PLACE_NAMES_PT.LAST_EDITED_DATE":1286965484000,"DCGIS.PLACE_NAMES_PT.SE_ANNO_CAD_DATA":null,"DCGIS.PLACE_NAMES_PT.OBJECTID":32740236,"DCGIS.ADDRESSES_PT.OBJECTID":218831309,"DCGIS.ADDRESSES_PT.SE_ANNO_CAD_DATA":null}},{"type":"Feature","id":32743052,"geometry":{"type":"Point","coordinates":[-77.02535421806144,38.91635571393697]},"properties":{"DCGIS.PLACE_NAMES_PT.NAME":"AFRICAN AMERICAN CIVIL WAR MEMORIAL MUSEUM","DCGIS.ADDRESSES_PT.ADDRESS":"1925 VERMONT AVENUE NW","DCGIS.ADDRESSES_PT.WARD":"Ward 1","DCGIS.ADDRESSES_PT.SMD":"SMD 1B02","DCGIS.ADDRESSES_PT.ANC":"ANC 1B","MAR.VW_PLACE_NAME_CATEGORIES.CATEGORY":"MUSEUM / ZOO","DCGIS.PLACE_NAMES_PT.STATUS":"ACTIVE","DCGIS.PLACE_NAMES_PT.PLACE_NAME_ID":12528,"DCGIS.PLACE_NAMES_PT.MAR_ID":310615,"DCGIS.PLACE_NAMES_PT.BEFORE_DATE":null,"DCGIS.PLACE_NAMES_PT.BEFORE_DATE_SOURCE":null,"DCGIS.PLACE_NAMES_PT.BEGIN_DATE":null,"DCGIS.PLACE_NAMES_PT.BEGIN_DATE_SOURCE":null,"DCGIS.PLACE_NAMES_PT.FIRST_KNOWN_DATE":null,"DCGIS.PLACE_NAMES_PT.FIRST_KNOWN_DATE_SOURCE":null,"DCGIS.PLACE_NAMES_PT.CREATED_DATE":1347628990000,"DCGIS.PLACE_NAMES_PT.LAST_EDITED_DATE":1347628990000,"DCGIS.PLACE_NAMES_PT.SE_ANNO_CAD_DATA":null,"DCGIS.PLACE_NAMES_PT.OBJECTID":32743052,"DCGIS.ADDRESSES_PT.OBJECTID":218830083,"DCGIS.ADDRESSES_PT.SE_ANNO_CAD_DATA":null}},{"type":"Feature","id":32741262,"geometry":{"type":"Point","coordinates":[-77.03415914420185,38.90836370388775]},"properties":{"DCGIS.PLACE_NAMES_PT.NAME":"U.S. DAUGHTERS OF 1812 - 1812 LIBRARY AND MUSEUM","DCGIS.ADDRESSES_PT.ADDRESS":"1463 RHODE ISLAND AVENUE NW","DCGIS.ADDRESSES_PT.WARD":"Ward 2","DCGIS.ADDRESSES_PT.SMD":"SMD 2F03","DCGIS.ADDRESSES_PT.ANC":"ANC 2F","MAR.VW_PLACE_NAME_CATEGORIES.CATEGORY":"MUSEUM / ZOO","DCGIS.PLACE_NAMES_PT.STATUS":"ACTIVE","DCGIS.PLACE_NAMES_PT.PLACE_NAME_ID":11232,"DCGIS.PLACE_NAMES_PT.MAR_ID":240224,"DCGIS.PLACE_NAMES_PT.BEFORE_DATE":null,"DCGIS.PLACE_NAMES_PT.BEFORE_DATE_SOURCE":null,"DCGIS.PLACE_NAMES_PT.BEGIN_DATE":null,"DCGIS.PLACE_NAMES_PT.BEGIN_DATE_SOURCE":null,"DCGIS.PLACE_NAMES_PT.FIRST_KNOWN_DATE":null,"DCGIS.PLACE_NAMES_PT.FIRST_KNOWN_DATE_SOURCE":null,"DCGIS.PLACE_NAMES_PT.CREATED_DATE":1316092846000,"DCGIS.PLACE_NAMES_PT.LAST_EDITED_DATE":1316092846000,"DCGIS.PLACE_NAMES_PT.SE_ANNO_CAD_DATA":null,"DCGIS.PLACE_NAMES_PT.OBJECTID":32741262,"DCGIS.ADDRESSES_PT.OBJECTID":218871322,"DCGIS.ADDRESSES_PT.SE_ANNO_CAD_DATA":null}},{"type":"Feature","id":32742273,"geometry":{"type":"Point","coordinates":[-77.04505760096684,38.913896086435095]},"properties":{"DCGIS.PLACE_NAMES_PT.NAME":"LAOGAI MUSEUM","DCGIS.ADDRESSES_PT.ADDRESS":"1734 20TH STREET NW","DCGIS.ADDRESSES_PT.WARD":"Ward 2","DCGIS.ADDRESSES_PT.SMD":"SMD 2B01","DCGIS.ADDRESSES_PT.ANC":"ANC 2B","MAR.VW_PLACE_NAME_CATEGORIES.CATEGORY":"MUSEUM / ZOO","DCGIS.PLACE_NAMES_PT.STATUS":"ACTIVE","DCGIS.PLACE_NAMES_PT.PLACE_NAME_ID":12533,"DCGIS.PLACE_NAMES_PT.MAR_ID":285655,"DCGIS.PLACE_NAMES_PT.BEFORE_DATE":null,"DCGIS.PLACE_NAMES_PT.BEFORE_DATE_SOURCE":null,"DCGIS.PLACE_NAMES_PT.BEGIN_DATE":null,"DCGIS.PLACE_NAMES_PT.BEGIN_DATE_SOURCE":null,"DCGIS.PLACE_NAMES_PT.FIRST_KNOWN_DATE":null,"DCGIS.PLACE_NAMES_PT.FIRST_KNOWN_DATE_SOURCE":null,"DCGIS.PLACE_NAMES_PT.CREATED_DATE":1347629631000,"DCGIS.PLACE_NAMES_PT.LAST_EDITED_DATE":1347629631000,"DCGIS.PLACE_NAMES_PT.SE_ANNO_CAD_DATA":null,"DCGIS.PLACE_NAMES_PT.OBJECTID":32742273,"DCGIS.ADDRESSES_PT.OBJECTID":218955250,"DCGIS.ADDRESSES_PT.SE_ANNO_CAD_DATA":null}},{"type":"Feature","id":32743223,"geometry":{"type":"Point","coordinates":[-77.01030267856403,38.865356196539096]},"properties":{"DCGIS.PLACE_NAMES_PT.NAME":"MATTHEW HENSON EARTH CONSERVATION CENTER","DCGIS.ADDRESSES_PT.ADDRESS":"2000 HALF STREET SW","DCGIS.ADDRESSES_PT.WARD":"Ward 6","DCGIS.ADDRESSES_PT.SMD":"SMD 6D08","DCGIS.ADDRESSES_PT.ANC":"ANC 6D","MAR.VW_PLACE_NAME_CATEGORIES.CATEGORY":"MUSEUM / ZOO","DCGIS.PLACE_NAMES_PT.STATUS":"ACTIVE","DCGIS.PLACE_NAMES_PT.PLACE_NAME_ID":10034,"DCGIS.PLACE_NAMES_PT.MAR_ID":277758,"DCGIS.PLACE_NAMES_PT.BEFORE_DATE":null,"DCGIS.PLACE_NAMES_PT.BEFORE_DATE_SOURCE":null,"DCGIS.PLACE_NAMES_PT.BEGIN_DATE":null,"DCGIS.PLACE_NAMES_PT.BEGIN_DATE_SOURCE":null,"DCGIS.PLACE_NAMES_PT.FIRST_KNOWN_DATE":null,"DCGIS.PLACE_NAMES_PT.FIRST_KNOWN_DATE_SOURCE":null,"DCGIS.PLACE_NAMES_PT.CREATED_DATE":1291193336000,"DCGIS.PLACE_NAMES_PT.LAST_EDITED_DATE":1291193336000,"DCGIS.PLACE_NAMES_PT.SE_ANNO_CAD_DATA":null,"DCGIS.PLACE_NAMES_PT.OBJECTID":32743223,"DCGIS.ADDRESSES_PT.OBJECTID":218895299,"DCGIS.ADDRESSES_PT.SE_ANNO_CAD_DATA":null}},{"type":"Feature","id":32740357,"geometry":{"type":"Point","coordinates":[-77.03086564758621,38.90817580546505]},"properties":{"DCGIS.PLACE_NAMES_PT.NAME":"BETHUNE MEMORIAL MUSEUM","DCGIS.ADDRESSES_PT.ADDRESS":"1318 VERMONT AVENUE NW","DCGIS.ADDRESSES_PT.WARD":"Ward 2","DCGIS.ADDRESSES_PT.SMD":"SMD 2F04","DCGIS.ADDRESSES_PT.ANC":"ANC 2F","MAR.VW_PLACE_NAME_CATEGORIES.CATEGORY":"MUSEUM / ZOO","DCGIS.PLACE_NAMES_PT.STATUS":"ACTIVE","DCGIS.PLACE_NAMES_PT.PLACE_NAME_ID":15643,"DCGIS.PLACE_NAMES_PT.MAR_ID":225385,"DCGIS.PLACE_NAMES_PT.BEFORE_DATE":null,"DCGIS.PLACE_NAMES_PT.BEFORE_DATE_SOURCE":null,"DCGIS.PLACE_NAMES_PT.BEGIN_DATE":null,"DCGIS.PLACE_NAMES_PT.BEGIN_DATE_SOURCE":null,"DCGIS.PLACE_NAMES_PT.FIRST_KNOWN_DATE":null,"DCGIS.PLACE_NAMES_PT.FIRST_KNOWN_DATE_SOURCE":null,"DCGIS.PLACE_NAMES_PT.CREATED_DATE":1468838108000,"DCGIS.PLACE_NAMES_PT.LAST_EDITED_DATE":1468838108000,"DCGIS.PLACE_NAMES_PT.SE_ANNO_CAD_DATA":null,"DCGIS.PLACE_NAMES_PT.OBJECTID":32740357,"DCGIS.ADDRESSES_PT.OBJECTID":218904340,"DCGIS.ADDRESSES_PT.SE_ANNO_CAD_DATA":null}},{"type":"Feature","id":32742915,"geometry":{"type":"Point","coordinates":[-76.97684539496375,38.856580513725206]},"properties":{"DCGIS.PLACE_NAMES_PT.NAME":"ANACOSTIA COMMUNITY MUSEUM","DCGIS.ADDRESSES_PT.ADDRESS":"1901 FORT PLACE SE","DCGIS.ADDRESSES_PT.WARD":"Ward 8","DCGIS.ADDRESSES_PT.SMD":"SMD 8B03","DCGIS.ADDRESSES_PT.ANC":"ANC 8B","MAR.VW_PLACE_NAME_CATEGORIES.CATEGORY":"MUSEUM / ZOO","DCGIS.PLACE_NAMES_PT.STATUS":"ACTIVE","DCGIS.PLACE_NAMES_PT.PLACE_NAME_ID":9801,"DCGIS.PLACE_NAMES_PT.MAR_ID":286524,"DCGIS.PLACE_NAMES_PT.BEFORE_DATE":null,"DCGIS.PLACE_NAMES_PT.BEFORE_DATE_SOURCE":null,"DCGIS.PLACE_NAMES_PT.BEGIN_DATE":null,"DCGIS.PLACE_NAMES_PT.BEGIN_DATE_SOURCE":null,"DCGIS.PLACE_NAMES_PT.FIRST_KNOWN_DATE":null,"DCGIS.PLACE_NAMES_PT.FIRST_KNOWN_DATE_SOURCE":null,"DCGIS.PLACE_NAMES_PT.CREATED_DATE":1286965004000,"DCGIS.PLACE_NAMES_PT.LAST_EDITED_DATE":1286965004000,"DCGIS.PLACE_NAMES_PT.SE_ANNO_CAD_DATA":null,"DCGIS.PLACE_NAMES_PT.OBJECTID":32742915,"DCGIS.ADDRESSES_PT.OBJECTID":218869046,"DCGIS.ADDRESSES_PT.SE_ANNO_CAD_DATA":null}},{"type":"Feature","id":32742406,"geometry":{"type":"Point","coordinates":[-77.04145866647067,38.89635085903851]},"properties":{"DCGIS.PLACE_NAMES_PT.NAME":"OCTAGON HOUSE","DCGIS.ADDRESSES_PT.ADDRESS":"1799 NEW YORK AVENUE NW","DCGIS.ADDRESSES_PT.WARD":"Ward 2","DCGIS.ADDRESSES_PT.SMD":"SMD 2A01","DCGIS.ADDRESSES_PT.ANC":"ANC 2A","MAR.VW_PLACE_NAME_CATEGORIES.CATEGORY":"MUSEUM / ZOO","DCGIS.PLACE_NAMES_PT.STATUS":"ACTIVE","DCGIS.PLACE_NAMES_PT.PLACE_NAME_ID":141,"DCGIS.PLACE_NAMES_PT.MAR_ID":218490,"DCGIS.PLACE_NAMES_PT.BEFORE_DATE":null,"DCGIS.PLACE_NAMES_PT.BEFORE_DATE_SOURCE":null,"DCGIS.PLACE_NAMES_PT.BEGIN_DATE":null,"DCGIS.PLACE_NAMES_PT.BEGIN_DATE_SOURCE":null,"DCGIS.PLACE_NAMES_PT.FIRST_KNOWN_DATE":null,"DCGIS.PLACE_NAMES_PT.FIRST_KNOWN_DATE_SOURCE":null,"DCGIS.PLACE_NAMES_PT.CREATED_DATE":1115856000000,"DCGIS.PLACE_NAMES_PT.LAST_EDITED_DATE":1115856000000,"DCGIS.PLACE_NAMES_PT.SE_ANNO_CAD_DATA":null,"DCGIS.PLACE_NAMES_PT.OBJECTID":32742406,"DCGIS.ADDRESSES_PT.OBJECTID":218868244,"DCGIS.ADDRESSES_PT.SE_ANNO_CAD_DATA":null}},{"type":"Feature","id":32743145,"geometry":{"type":"Point","coordinates":[-77.00818190629579,38.8981858172254]},"properties":{"DCGIS.PLACE_NAMES_PT.NAME":"NATIONAL POSTAL MUSEUM","DCGIS.ADDRESSES_PT.ADDRESS":"2 MASSACHUSETTS AVENUE NE","DCGIS.ADDRESSES_PT.WARD":"Ward 6","DCGIS.ADDRESSES_PT.SMD":"SMD 6E07","DCGIS.ADDRESSES_PT.ANC":"ANC 6E","MAR.VW_PLACE_NAME_CATEGORIES.CATEGORY":"MUSEUM / ZOO","DCGIS.PLACE_NAMES_PT.STATUS":"ACTIVE","DCGIS.PLACE_NAMES_PT.PLACE_NAME_ID":3023,"DCGIS.PLACE_NAMES_PT.MAR_ID":293217,"DCGIS.PLACE_NAMES_PT.BEFORE_DATE":null,"DCGIS.PLACE_NAMES_PT.BEFORE_DATE_SOURCE":null,"DCGIS.PLACE_NAMES_PT.BEGIN_DATE":null,"DCGIS.PLACE_NAMES_PT.BEGIN_DATE_SOURCE":null,"DCGIS.PLACE_NAMES_PT.FIRST_KNOWN_DATE":null,"DCGIS.PLACE_NAMES_PT.FIRST_KNOWN_DATE_SOURCE":null,"DCGIS.PLACE_NAMES_PT.CREATED_DATE":1123862767000,"DCGIS.PLACE_NAMES_PT.LAST_EDITED_DATE":1123862767000,"DCGIS.PLACE_NAMES_PT.SE_ANNO_CAD_DATA":null,"DCGIS.PLACE_NAMES_PT.OBJECTID":32743145,"DCGIS.ADDRESSES_PT.OBJECTID":218911370,"DCGIS.ADDRESSES_PT.SE_ANNO_CAD_DATA":null}},{"type":"Feature","id":32741498,"geometry":{"type":"Point","coordinates":[-77.03550659685065,38.932438147264286]},"properties":{"DCGIS.PLACE_NAMES_PT.NAME":"POWHATAN MUSEUM","DCGIS.ADDRESSES_PT.ADDRESS":"1519 MONROE STREET NW","DCGIS.ADDRESSES_PT.WARD":"Ward 1","DCGIS.ADDRESSES_PT.SMD":"SMD 1A05","DCGIS.ADDRESSES_PT.ANC":"ANC 1A","MAR.VW_PLACE_NAME_CATEGORIES.CATEGORY":"MUSEUM / ZOO","DCGIS.PLACE_NAMES_PT.STATUS":"ACTIVE","DCGIS.PLACE_NAMES_PT.PLACE_NAME_ID":15646,"DCGIS.PLACE_NAMES_PT.MAR_ID":234557,"DCGIS.PLACE_NAMES_PT.BEFORE_DATE":null,"DCGIS.PLACE_NAMES_PT.BEFORE_DATE_SOURCE":null,"DCGIS.PLACE_NAMES_PT.BEGIN_DATE":null,"DCGIS.PLACE_NAMES_PT.BEGIN_DATE_SOURCE":null,"DCGIS.PLACE_NAMES_PT.FIRST_KNOWN_DATE":null,"DCGIS.PLACE_NAMES_PT.FIRST_KNOWN_DATE_SOURCE":null,"DCGIS.PLACE_NAMES_PT.CREATED_DATE":1468838455000,"DCGIS.PLACE_NAMES_PT.LAST_EDITED_DATE":1468838455000,"DCGIS.PLACE_NAMES_PT.SE_ANNO_CAD_DATA":null,"DCGIS.PLACE_NAMES_PT.OBJECTID":32741498,"DCGIS.ADDRESSES_PT.OBJECTID":218913261,"DCGIS.ADDRESSES_PT.SE_ANNO_CAD_DATA":null}},{"type":"Feature","id":32743312,"geometry":{"type":"Point","coordinates":[-77.04149364075722,38.89286208513166]},"properties":{"DCGIS.PLACE_NAMES_PT.NAME":"ART MUSEUM OF THE AMERICAS","DCGIS.ADDRESSES_PT.ADDRESS":"201 18TH STREET NW","DCGIS.ADDRESSES_PT.WARD":"Ward 2","DCGIS.ADDRESSES_PT.SMD":"SMD 2A01","DCGIS.ADDRESSES_PT.ANC":"ANC 2A","MAR.VW_PLACE_NAME_CATEGORIES.CATEGORY":"MUSEUM / ZOO","DCGIS.PLACE_NAMES_PT.STATUS":"ACTIVE","DCGIS.PLACE_NAMES_PT.PLACE_NAME_ID":3379,"DCGIS.PLACE_NAMES_PT.MAR_ID":294191,"DCGIS.PLACE_NAMES_PT.BEFORE_DATE":null,"DCGIS.PLACE_NAMES_PT.BEFORE_DATE_SOURCE":null,"DCGIS.PLACE_NAMES_PT.BEGIN_DATE":null,"DCGIS.PLACE_NAMES_PT.BEGIN_DATE_SOURCE":null,"DCGIS.PLACE_NAMES_PT.FIRST_KNOWN_DATE":null,"DCGIS.PLACE_NAMES_PT.FIRST_KNOWN_DATE_SOURCE":null,"DCGIS.PLACE_NAMES_PT.CREATED_DATE":1124106359000,"DCGIS.PLACE_NAMES_PT.LAST_EDITED_DATE":1124106359000,"DCGIS.PLACE_NAMES_PT.SE_ANNO_CAD_DATA":null,"DCGIS.PLACE_NAMES_PT.OBJECTID":32743312,"DCGIS.ADDRESSES_PT.OBJECTID":218965353,"DCGIS.ADDRESSES_PT.SE_ANNO_CAD_DATA":null}},{"type":"Feature","id":32743313,"geometry":{"type":"Point","coordinates":[-77.04149364075722,38.89286208513166]},"properties":{"DCGIS.PLACE_NAMES_PT.NAME":"OAS ART MUSEUM OF THE AMERICAS","DCGIS.ADDRESSES_PT.ADDRESS":"201 18TH STREET NW","DCGIS.ADDRESSES_PT.WARD":"Ward 2","DCGIS.ADDRESSES_PT.SMD":"SMD 2A01","DCGIS.ADDRESSES_PT.ANC":"ANC 2A","MAR.VW_PLACE_NAME_CATEGORIES.CATEGORY":"MUSEUM / ZOO","DCGIS.PLACE_NAMES_PT.STATUS":"ACTIVE","DCGIS.PLACE_NAMES_PT.PLACE_NAME_ID":11430,"DCGIS.PLACE_NAMES_PT.MAR_ID":294191,"DCGIS.PLACE_NAMES_PT.BEFORE_DATE":null,"DCGIS.PLACE_NAMES_PT.BEFORE_DATE_SOURCE":null,"DCGIS.PLACE_NAMES_PT.BEGIN_DATE":null,"DCGIS.PLACE_NAMES_PT.BEGIN_DATE_SOURCE":null,"DCGIS.PLACE_NAMES_PT.FIRST_KNOWN_DATE":null,"DCGIS.PLACE_NAMES_PT.FIRST_KNOWN_DATE_SOURCE":null,"DCGIS.PLACE_NAMES_PT.CREATED_DATE":1324483800000,"DCGIS.PLACE_NAMES_PT.LAST_EDITED_DATE":1324483800000,"DCGIS.PLACE_NAMES_PT.SE_ANNO_CAD_DATA":null,"DCGIS.PLACE_NAMES_PT.OBJECTID":32743313,"DCGIS.ADDRESSES_PT.OBJECTID":218965353,"DCGIS.ADDRESSES_PT.SE_ANNO_CAD_DATA":null}},{"type":"Feature","id":32742518,"geometry":{"type":"Point","coordinates":[-77.04211578053797,38.9128205972082]},"properties":{"DCGIS.PLACE_NAMES_PT.NAME":"NATIONAL MUSEUM OF AMERICAN JEWISH MILITARY HISTORY","DCGIS.ADDRESSES_PT.ADDRESS":"1811 R STREET NW","DCGIS.ADDRESSES_PT.WARD":"Ward 2","DCGIS.ADDRESSES_PT.SMD":"SMD 2B03","DCGIS.ADDRESSES_PT.ANC":"ANC 2B","MAR.VW_PLACE_NAME_CATEGORIES.CATEGORY":"MUSEUM / ZOO","DCGIS.PLACE_NAMES_PT.STATUS":"ACTIVE","DCGIS.PLACE_NAMES_PT.PLACE_NAME_ID":2949,"DCGIS.PLACE_NAMES_PT.MAR_ID":243292,"DCGIS.PLACE_NAMES_PT.BEFORE_DATE":null,"DCGIS.PLACE_NAMES_PT.BEFORE_DATE_SOURCE":null,"DCGIS.PLACE_NAMES_PT.BEGIN_DATE":null,"DCGIS.PLACE_NAMES_PT.BEGIN_DATE_SOURCE":null,"DCGIS.PLACE_NAMES_PT.FIRST_KNOWN_DATE":null,"DCGIS.PLACE_NAMES_PT.FIRST_KNOWN_DATE_SOURCE":null,"DCGIS.PLACE_NAMES_PT.CREATED_DATE":1123851413000,"DCGIS.PLACE_NAMES_PT.LAST_EDITED_DATE":1123851413000,"DCGIS.PLACE_NAMES_PT.SE_ANNO_CAD_DATA":null,"DCGIS.PLACE_NAMES_PT.OBJECTID":32742518,"DCGIS.ADDRESSES_PT.OBJECTID":218906327,"DCGIS.ADDRESSES_PT.SE_ANNO_CAD_DATA":null}},{"type":"Feature","id":32742523,"geometry":{"type":"Point","coordinates":[-77.04373583432982,38.914595996039075]},"properties":{"DCGIS.PLACE_NAMES_PT.NAME":"L. RON HUBBARD HOUSE","DCGIS.ADDRESSES_PT.ADDRESS":"1812 19TH STREET NW","DCGIS.ADDRESSES_PT.WARD":"Ward 2","DCGIS.ADDRESSES_PT.SMD":"SMD 2B01","DCGIS.ADDRESSES_PT.ANC":"ANC 2B","MAR.VW_PLACE_NAME_CATEGORIES.CATEGORY":"MUSEUM / ZOO","DCGIS.PLACE_NAMES_PT.STATUS":"ACTIVE","DCGIS.PLACE_NAMES_PT.PLACE_NAME_ID":15353,"DCGIS.PLACE_NAMES_PT.MAR_ID":240991,"DCGIS.PLACE_NAMES_PT.BEFORE_DATE":null,"DCGIS.PLACE_NAMES_PT.BEFORE_DATE_SOURCE":null,"DCGIS.PLACE_NAMES_PT.BEGIN_DATE":null,"DCGIS.PLACE_NAMES_PT.BEGIN_DATE_SOURCE":null,"DCGIS.PLACE_NAMES_PT.FIRST_KNOWN_DATE":null,"DCGIS.PLACE_NAMES_PT.FIRST_KNOWN_DATE_SOURCE":null,"DCGIS.PLACE_NAMES_PT.CREATED_DATE":1463049010000,"DCGIS.PLACE_NAMES_PT.LAST_EDITED_DATE":1463049010000,"DCGIS.PLACE_NAMES_PT.SE_ANNO_CAD_DATA":null,"DCGIS.PLACE_NAMES_PT.OBJECTID":32742523,"DCGIS.ADDRESSES_PT.OBJECTID":218844882,"DCGIS.ADDRESSES_PT.SE_ANNO_CAD_DATA":null}},{"type":"Feature","id":32739647,"geometry":{"type":"Point","coordinates":[-77.03814708976215,38.90597426630629]},"properties":{"DCGIS.PLACE_NAMES_PT.NAME":"CHARLES SUMNER SCHOOL","DCGIS.ADDRESSES_PT.ADDRESS":"1201 17TH STREET NW","DCGIS.ADDRESSES_PT.WARD":"Ward 2","DCGIS.ADDRESSES_PT.SMD":"SMD 2C02","DCGIS.ADDRESSES_PT.ANC":"ANC 2C","MAR.VW_PLACE_NAME_CATEGORIES.CATEGORY":"MUSEUM / ZOO","DCGIS.PLACE_NAMES_PT.STATUS":"ACTIVE","DCGIS.PLACE_NAMES_PT.PLACE_NAME_ID":11282,"DCGIS.PLACE_NAMES_PT.MAR_ID":301200,"DCGIS.PLACE_NAMES_PT.BEFORE_DATE":null,"DCGIS.PLACE_NAMES_PT.BEFORE_DATE_SOURCE":null,"DCGIS.PLACE_NAMES_PT.BEGIN_DATE":null,"DCGIS.PLACE_NAMES_PT.BEGIN_DATE_SOURCE":null,"DCGIS.PLACE_NAMES_PT.FIRST_KNOWN_DATE":null,"DCGIS.PLACE_NAMES_PT.FIRST_KNOWN_DATE_SOURCE":null,"DCGIS.PLACE_NAMES_PT.CREATED_DATE":1318500320000,"DCGIS.PLACE_NAMES_PT.LAST_EDITED_DATE":1318500320000,"DCGIS.PLACE_NAMES_PT.SE_ANNO_CAD_DATA":null,"DCGIS.PLACE_NAMES_PT.OBJECTID":32739647,"DCGIS.ADDRESSES_PT.OBJECTID":218826109,"DCGIS.ADDRESSES_PT.SE_ANNO_CAD_DATA":null}},{"type":"Feature","id":32739648,"geometry":{"type":"Point","coordinates":[-77.03814708976215,38.90597426630629]},"properties":{"DCGIS.PLACE_NAMES_PT.NAME":"CHARLES SUMNER SCHOOL MUSEUM & ARCHIVES","DCGIS.ADDRESSES_PT.ADDRESS":"1201 17TH STREET NW","DCGIS.ADDRESSES_PT.WARD":"Ward 2","DCGIS.ADDRESSES_PT.SMD":"SMD 2C02","DCGIS.ADDRESSES_PT.ANC":"ANC 2C","MAR.VW_PLACE_NAME_CATEGORIES.CATEGORY":"MUSEUM / ZOO","DCGIS.PLACE_NAMES_PT.STATUS":"ACTIVE","DCGIS.PLACE_NAMES_PT.PLACE_NAME_ID":18089,"DCGIS.PLACE_NAMES_PT.MAR_ID":301200,"DCGIS.PLACE_NAMES_PT.BEFORE_DATE":null,"DCGIS.PLACE_NAMES_PT.BEFORE_DATE_SOURCE":null,"DCGIS.PLACE_NAMES_PT.BEGIN_DATE":null,"DCGIS.PLACE_NAMES_PT.BEGIN_DATE_SOURCE":null,"DCGIS.PLACE_NAMES_PT.FIRST_KNOWN_DATE":null,"DCGIS.PLACE_NAMES_PT.FIRST_KNOWN_DATE_SOURCE":null,"DCGIS.PLACE_NAMES_PT.CREATED_DATE":1654164574000,"DCGIS.PLACE_NAMES_PT.LAST_EDITED_DATE":1654164574000,"DCGIS.PLACE_NAMES_PT.SE_ANNO_CAD_DATA":null,"DCGIS.PLACE_NAMES_PT.OBJECTID":32739648,"DCGIS.ADDRESSES_PT.OBJECTID":218826109,"DCGIS.ADDRESSES_PT.SE_ANNO_CAD_DATA":null}},{"type":"Feature","id":32745146,"geometry":{"type":"Point","coordinates":[-77.0558676658036,38.91086101152459]},"properties":{"DCGIS.PLACE_NAMES_PT.NAME":"DUMBARTON HOUSE","DCGIS.ADDRESSES_PT.ADDRESS":"2715 Q STREET NW","DCGIS.ADDRESSES_PT.WARD":"Ward 2","DCGIS.ADDRESSES_PT.SMD":"SMD 2E07","DCGIS.ADDRESSES_PT.ANC":"ANC 2E","MAR.VW_PLACE_NAME_CATEGORIES.CATEGORY":"MUSEUM / ZOO","DCGIS.PLACE_NAMES_PT.STATUS":"ACTIVE","DCGIS.PLACE_NAMES_PT.PLACE_NAME_ID":2955,"DCGIS.PLACE_NAMES_PT.MAR_ID":273151,"DCGIS.PLACE_NAMES_PT.BEFORE_DATE":null,"DCGIS.PLACE_NAMES_PT.BEFORE_DATE_SOURCE":null,"DCGIS.PLACE_NAMES_PT.BEGIN_DATE":null,"DCGIS.PLACE_NAMES_PT.BEGIN_DATE_SOURCE":null,"DCGIS.PLACE_NAMES_PT.FIRST_KNOWN_DATE":null,"DCGIS.PLACE_NAMES_PT.FIRST_KNOWN_DATE_SOURCE":null,"DCGIS.PLACE_NAMES_PT.CREATED_DATE":1123851414000,"DCGIS.PLACE_NAMES_PT.LAST_EDITED_DATE":1123851414000,"DCGIS.PLACE_NAMES_PT.SE_ANNO_CAD_DATA":null,"DCGIS.PLACE_NAMES_PT.OBJECTID":32745146,"DCGIS.ADDRESSES_PT.OBJECTID":218835515,"DCGIS.ADDRESSES_PT.SE_ANNO_CAD_DATA":null}},{"type":"Feature","id":32744316,"geometry":{"type":"Point","coordinates":[-77.05118109390658,38.915370841896056]},"properties":{"DCGIS.PLACE_NAMES_PT.NAME":"NATIONAL MUSEUM OF THE JEWISH PEOPLE","DCGIS.ADDRESSES_PT.ADDRESS":"2312 CALIFORNIA STREET NW","DCGIS.ADDRESSES_PT.WARD":"Ward 2","DCGIS.ADDRESSES_PT.SMD":"SMD 2D02","DCGIS.ADDRESSES_PT.ANC":"ANC 2D","MAR.VW_PLACE_NAME_CATEGORIES.CATEGORY":"MUSEUM / ZOO","DCGIS.PLACE_NAMES_PT.STATUS":"ACTIVE","DCGIS.PLACE_NAMES_PT.PLACE_NAME_ID":15641,"DCGIS.PLACE_NAMES_PT.MAR_ID":234961,"DCGIS.PLACE_NAMES_PT.BEFORE_DATE":null,"DCGIS.PLACE_NAMES_PT.BEFORE_DATE_SOURCE":null,"DCGIS.PLACE_NAMES_PT.BEGIN_DATE":null,"DCGIS.PLACE_NAMES_PT.BEGIN_DATE_SOURCE":null,"DCGIS.PLACE_NAMES_PT.FIRST_KNOWN_DATE":null,"DCGIS.PLACE_NAMES_PT.FIRST_KNOWN_DATE_SOURCE":null,"DCGIS.PLACE_NAMES_PT.CREATED_DATE":1468837610000,"DCGIS.PLACE_NAMES_PT.LAST_EDITED_DATE":1468837610000,"DCGIS.PLACE_NAMES_PT.SE_ANNO_CAD_DATA":null,"DCGIS.PLACE_NAMES_PT.OBJECTID":32744316,"DCGIS.ADDRESSES_PT.OBJECTID":218957277,"DCGIS.ADDRESSES_PT.SE_ANNO_CAD_DATA":null}},{"type":"Feature","id":32744347,"geometry":{"type":"Point","coordinates":[-77.05109828725084,38.9138996364093]},"properties":{"DCGIS.PLACE_NAMES_PT.NAME":"MARTHA TUCKER HOUSE","DCGIS.ADDRESSES_PT.ADDRESS":"2320 S STREET NW","DCGIS.ADDRESSES_PT.WARD":"Ward 2","DCGIS.ADDRESSES_PT.SMD":"SMD 2D02","DCGIS.ADDRESSES_PT.ANC":"ANC 2D","MAR.VW_PLACE_NAME_CATEGORIES.CATEGORY":"MUSEUM / ZOO","DCGIS.PLACE_NAMES_PT.STATUS":"ACTIVE","DCGIS.PLACE_NAMES_PT.PLACE_NAME_ID":8278,"DCGIS.PLACE_NAMES_PT.MAR_ID":243164,"DCGIS.PLACE_NAMES_PT.BEFORE_DATE":null,"DCGIS.PLACE_NAMES_PT.BEFORE_DATE_SOURCE":null,"DCGIS.PLACE_NAMES_PT.BEGIN_DATE":null,"DCGIS.PLACE_NAMES_PT.BEGIN_DATE_SOURCE":null,"DCGIS.PLACE_NAMES_PT.FIRST_KNOWN_DATE":null,"DCGIS.PLACE_NAMES_PT.FIRST_KNOWN_DATE_SOURCE":null,"DCGIS.PLACE_NAMES_PT.CREATED_DATE":1178792514000,"DCGIS.PLACE_NAMES_PT.LAST_EDITED_DATE":1178792514000,"DCGIS.PLACE_NAMES_PT.SE_ANNO_CAD_DATA":null,"DCGIS.PLACE_NAMES_PT.OBJECTID":32744347,"DCGIS.ADDRESSES_PT.OBJECTID":218834209,"DCGIS.ADDRESSES_PT.SE_ANNO_CAD_DATA":null}},{"type":"Feature","id":32744486,"geometry":{"type":"Point","coordinates":[-77.0887809936663,38.92191197499129]},"properties":{"DCGIS.PLACE_NAMES_PT.NAME":"KREEGER MUSEUM","DCGIS.ADDRESSES_PT.ADDRESS":"2401 FOXHALL ROAD NW","DCGIS.ADDRESSES_PT.WARD":"Ward 3","DCGIS.ADDRESSES_PT.SMD":"SMD 3D07","DCGIS.ADDRESSES_PT.ANC":"ANC 3D","MAR.VW_PLACE_NAME_CATEGORIES.CATEGORY":"MUSEUM / ZOO","DCGIS.PLACE_NAMES_PT.STATUS":"ACTIVE","DCGIS.PLACE_NAMES_PT.PLACE_NAME_ID":2948,"DCGIS.PLACE_NAMES_PT.MAR_ID":271251,"DCGIS.PLACE_NAMES_PT.BEFORE_DATE":null,"DCGIS.PLACE_NAMES_PT.BEFORE_DATE_SOURCE":null,"DCGIS.PLACE_NAMES_PT.BEGIN_DATE":null,"DCGIS.PLACE_NAMES_PT.BEGIN_DATE_SOURCE":null,"DCGIS.PLACE_NAMES_PT.FIRST_KNOWN_DATE":null,"DCGIS.PLACE_NAMES_PT.FIRST_KNOWN_DATE_SOURCE":null,"DCGIS.PLACE_NAMES_PT.CREATED_DATE":1123851413000,"DCGIS.PLACE_NAMES_PT.LAST_EDITED_DATE":1123851413000,"DCGIS.PLACE_NAMES_PT.SE_ANNO_CAD_DATA":null,"DCGIS.PLACE_NAMES_PT.OBJECTID":32744486,"DCGIS.ADDRESSES_PT.OBJECTID":218845710,"DCGIS.ADDRESSES_PT.SE_ANNO_CAD_DATA":null}},{"type":"Feature","id":32743713,"geometry":{"type":"Point","coordinates":[-77.0473702090563,38.912427803231246]},"properties":{"DCGIS.PLACE_NAMES_PT.NAME":"FONDO DEL SOL VISUAL ARTS CENTER","DCGIS.ADDRESSES_PT.ADDRESS":"2112 R STREET NW","DCGIS.ADDRESSES_PT.WARD":"Ward 2","DCGIS.ADDRESSES_PT.SMD":"SMD 2B02","DCGIS.ADDRESSES_PT.ANC":"ANC 2B","MAR.VW_PLACE_NAME_CATEGORIES.CATEGORY":"MUSEUM / ZOO","DCGIS.PLACE_NAMES_PT.STATUS":"ACTIVE","DCGIS.PLACE_NAMES_PT.PLACE_NAME_ID":12530,"DCGIS.PLACE_NAMES_PT.MAR_ID":242393,"DCGIS.PLACE_NAMES_PT.BEFORE_DATE":null,"DCGIS.PLACE_NAMES_PT.BEFORE_DATE_SOURCE":null,"DCGIS.PLACE_NAMES_PT.BEGIN_DATE":null,"DCGIS.PLACE_NAMES_PT.BEGIN_DATE_SOURCE":null,"DCGIS.PLACE_NAMES_PT.FIRST_KNOWN_DATE":null,"DCGIS.PLACE_NAMES_PT.FIRST_KNOWN_DATE_SOURCE":null,"DCGIS.PLACE_NAMES_PT.CREATED_DATE":1347629283000,"DCGIS.PLACE_NAMES_PT.LAST_EDITED_DATE":1347629283000,"DCGIS.PLACE_NAMES_PT.SE_ANNO_CAD_DATA":null,"DCGIS.PLACE_NAMES_PT.OBJECTID":32743713,"DCGIS.ADDRESSES_PT.OBJECTID":218859413,"DCGIS.ADDRESSES_PT.SE_ANNO_CAD_DATA":null}},{"type":"Feature","id":32744624,"geometry":{"type":"Point","coordinates":[-77.0200330040613,38.92428875968172]},"properties":{"DCGIS.PLACE_NAMES_PT.NAME":"HOWARD UNIVERSITY GALLERY OF ART","DCGIS.ADDRESSES_PT.ADDRESS":"2449 6TH STREET NW","DCGIS.ADDRESSES_PT.WARD":"Ward 1","DCGIS.ADDRESSES_PT.SMD":"SMD 1E05","DCGIS.ADDRESSES_PT.ANC":"ANC 1E","MAR.VW_PLACE_NAME_CATEGORIES.CATEGORY":"MUSEUM / ZOO","DCGIS.PLACE_NAMES_PT.STATUS":"ACTIVE","DCGIS.PLACE_NAMES_PT.PLACE_NAME_ID":15354,"DCGIS.PLACE_NAMES_PT.MAR_ID":311626,"DCGIS.PLACE_NAMES_PT.BEFORE_DATE":null,"DCGIS.PLACE_NAMES_PT.BEFORE_DATE_SOURCE":null,"DCGIS.PLACE_NAMES_PT.BEGIN_DATE":null,"DCGIS.PLACE_NAMES_PT.BEGIN_DATE_SOURCE":null,"DCGIS.PLACE_NAMES_PT.FIRST_KNOWN_DATE":null,"DCGIS.PLACE_NAMES_PT.FIRST_KNOWN_DATE_SOURCE":null,"DCGIS.PLACE_NAMES_PT.CREATED_DATE":1463481420000,"DCGIS.PLACE_NAMES_PT.LAST_EDITED_DATE":1463481420000,"DCGIS.PLACE_NAMES_PT.SE_ANNO_CAD_DATA":null,"DCGIS.PLACE_NAMES_PT.OBJECTID":32744624,"DCGIS.ADDRESSES_PT.OBJECTID":218926166,"DCGIS.ADDRESSES_PT.SE_ANNO_CAD_DATA":null}}]}
