{
  "type": "FeatureCollection",
  "features": [
    {
      "type": "Feature",
      "id": "us-cd:119:13:01",
      "properties": {
        "boundary_id": "us-cd:119:13:01",
        "boundary_type": "congressional_district",
        "name": "1",
        "stateFips": "13",
        "congress": 119,
        "district": "01",
        "bbox": [
          -82.7010390004073,
          30.355901000356624,
          -80.78296000023906,
          32.378767999732204
        ]
      },
      "geometry": {
        "type": "Polygon",
        "coordinates": [
          [
            [
              -82.7010390004073,
              31.223888000132217
            ],
            [
              -82.68970499958671,
              31.221379000292774
            ],
            [
              -82.59207100016262,
              31.018487000358576
            ],
            [
              -82.55059000014103,
              31.00085600016958
            ],
            [
              -82.52012400019949,
              30.96313199990653
            ],
            [
              -82.49055799988324,
              30.96316600035048
            ],
            [
              -82.49547600028099,
              30.8195530000307
            ],
            [
              -82.43585199955388,
              30.820067999744595
            ],
            [
              -82.43524200035684,
              30.729148999661476
            ],
            [
              -82.42012800021173,
              30.729198000193307
            ],
            [
              -82.41999000011947,
              30.71663699982972
            ],
            [
              -82.43511199976216,
              30.71656599976065
            ],
            [
              -82.4308620000844,
              30.61284800007083
            ],
            [
              -82.4187930003933,
              30.613131999642338
            ],
            [
              -82.41891399986879,
              30.581766999740577
            ],
            [
              -82.21467700023841,
              30.568556000025172
            ],
            [
              -82.23418599982621,
              30.557650000167058
            ],
            [
              -82.24040300005743,
              30.53777000010055
            ],
            [
              -82.20124000021856,
              30.48511399971443
            ],
            [
              -82.21086000020568,
              30.42537900023317
            ],
            [
              -82.19278599999546,
              30.3790650003143
            ],
            [
              -82.16177699990573,
              30.35711100034852
            ],
            [
              -82.10524100018857,
              30.36889600015014
            ],
            [
              -82.0655560001179,
              30.355901000356624
            ],
            [
              -82.03715700028893,
              30.372033000098412
            ],
            [
              -82.04376199995932,
              30.414868999680806
            ],
            [
              -82.03406499997928,
              30.42003200034102
            ],
            [
              -82.0400010000031,
              30.43666099966532
            ],
            [
              -82.01690600036127,
              30.47511099980155
            ],
            [
              -82.01904999956841,
              30.53301200020643
            ],
            [
              -82.00540099983644,
              30.563573999793128
            ],
            [
              -82.01508699994582,
              30.60060200022389
            ],
            [
              -82.0272290003302,
              30.60666100017607
            ],
            [
              -82.04902299959045,
              30.65529500013045
            ],
            [
              -82.05025500037506,
              30.676115000015084
            ],
            [
              -82.03592700005244,
              30.706204999857896
            ],
            [
              -82.04560800013896,
              30.727551999720223
            ],
            [
              -82.03677300014935,
              30.754434000349935
            ],
            [
              -82.01160299999904,
              30.761878000301902
            ],
            [
              -82.02288000001991,
              30.78770599997278
            ],
            [
              -82.00767399981332,
              30.79303700011491
            ],
            [
              -81.97364000025941,
              30.778719000354457
            ],
            [
              -81.96217300026774,
              30.796977999963897
            ],
            [
              -81.96448499970437,
              30.81729699985539
            ],
            [
              -81.94980599975246,
              30.827763999821332
            ],
            [
              -81.90911099955332,
              30.815680000182535
            ],
            [
              -81.9012449996843,
              30.829880000007353
            ],
            [
              -81.8685149999867,
              30.792906000096785
            ],
            [
              -81.80744900020933,
              30.790118999767266
            ],
            [
              -81.79717200027115,
              30.78146900001117
            ],
            [
              -81.79307499985596,
              30.78725100007753
            ],
            [
              -81.78262999968828,
              30.761453999994178
            ],
            [
              -81.7617200001598,
              30.775698000299716
            ],
            [
              -81.72013000035824,
              30.744719000012715
            ],
            [
              -81.6938930001781,
              30.748471999766164
            ],
            [
              -81.67249400002973,
              30.738790000169253
            ],
            [
              -81.670836999996,
              30.747395999876332
            ],
            [
              -81.68309599965792,
              30.748491999977507
            ],
            [
              -81.66232300039677,
              30.754177000128834
            ],
            [
              -81.6521529996904,
              30.72887000031871
            ],
            [
              -81.63043200022508,
              30.72808800003222
            ],
            [
              -81.62436599960661,
              30.73634000005435
            ],
            [
              -81.6229780000847,
              30.723466999898797
            ],
            [
              -81.6098699999528,
              30.71593299980419
            ],
            [
              -81.60188199988504,
              30.72958599979044
            ],
            [
              -81.596176000015,
              30.718665999614505
            ],
            [
              -81.57421799982491,
              30.722503999679883
            ],
            [
              -81.5614240004107,
              30.71167200008611
            ],
            [
              -81.54837700037817,
              30.718279000177294
            ],
            [
              -81.53839099979483,
              30.70865599989769
            ],
            [
              -81.53229499993743,
              30.724091000303147
            ],
            [
              -81.48846399994606,
              30.72630900034118
            ],
            [
              -81.45124099999813,
              30.7094840001921
            ],
            [
              -81.34701500042411,
              30.712443999929246
            ],
            [
              -81.35914600003953,
              30.744314000290277
            ],
            [
              -81.40048200029615,
              30.766426000303078
            ],
            [
              -81.36268199986485,
              30.845926000167704
            ],
            [
              -81.34520699987934,
              30.93150300007076
            ],
            [
              -81.31753500032158,
              30.948500000059404
            ],
            [
              -81.30483200024565,
              30.970773999860324
            ],
            [
              -81.31070899981991,
              30.997328999630447
            ],
            [
              -81.34449800004977,
              31.01810999978988
            ],
            [
              -81.35341599988003,
              31.03712100005364
            ],
            [
              -81.34530599961354,
              31.05936200010213
            ],
            [
              -81.29787400039783,
              31.08095199976563
            ],
            [
              -81.28588099997637,
              31.10944400030835
            ],
            [
              -81.29641700038061,
              31.151879999776952
            ],
            [
              -81.23433700027684,
              31.17025800025734
            ],
            [
              -81.18767500009174,
              31.246257999621694
            ],
            [
              -81.18611900034036,
              31.32679600017311
            ],
            [
              -81.17108899986086,
              31.370322999709387
            ],
            [
              -81.19075800018054,
              31.399875999689616
            ],
            [
              -81.1669389997422,
              31.423444999715848
            ],
            [
              -81.14384499992528,
              31.471521000145195
            ],
            [
              -81.11499800038264,
              31.48701100011416
            ],
            [
              -81.08706700035881,
              31.529158000381898
            ],
            [
              -81.06663499978289,
              31.657327999934832
            ],
            [
              -81.04978900015931,
              31.688633000044554
            ],
            [
              -81.05662300015858,
              31.714875000240525
            ],
            [
              -81.01381200034139,
              31.728643000247434
            ],
            [
              -80.9707260001646,
              31.798352999680898
            ],
            [
              -80.92858900001688,
              31.816981999665614
            ],
            [
              -80.85533900002234,
              31.910809000286903
            ],
            [
              -80.79627199968715,
              31.953458999753824
            ],
            [
              -80.78296000023906,
              31.995954000083838
            ],
            [
              -80.8227619995873,
              32.03424399978109
            ],
            [
              -80.92508499997861,
              32.04193900021629
            ],
            [
              -81.00430500033217,
              32.102367000312505
            ],
            [
              -81.03812499962584,
              32.08373400004597
            ],
            [
              -81.11536699955528,
              32.11470499973997
            ],
            [
              -81.11993699979848,
              32.13529999972459
            ],
            [
              -81.1122359997859,
              32.15080400019812
            ],
            [
              -81.12975599997726,
              32.16583899989254
            ],
            [
              -81.11113199994614,
              32.17270299982294
            ],
            [
              -81.12043899993883,
              32.17869999993252
            ],
            [
              -81.11403199973681,
              32.195701000072674
            ],
            [
              -81.15206399997172,
              32.222042000126116
            ],
            [
              -81.14363400003809,
              32.22926599965129
            ],
            [
              -81.15660699955244,
              32.24328399994224
            ],
            [
              -81.13692999973516,
              32.266114999658186
            ],
            [
              -81.14210800042392,
              32.27157600021745
            ],
            [
              -81.12350500030917,
              32.27514300014281
            ],
            [
              -81.119628000002,
              32.28677800003153
            ],
            [
              -81.13801299965853,
              32.328240000144895
            ],
            [
              -81.12912099976754,
              32.34089299978128
            ],
            [
              -81.14385699962084,
              32.351543000061795
            ],
            [
              -81.1597289999993,
              32.34024400016812
            ],
            [
              -81.15460800011027,
              32.35006800025134
            ],
            [
              -81.1810750004442,
              32.378767999732204
            ],
            [
              -81.25766799992023,
              32.33558300012798
            ],
            [
              -81.32604999974572,
              32.363000000123506
            ],
            [
              -81.3369329995813,
              32.356660999630726
            ],
            [
              -81.3305460003691,
              32.34947500019997
            ],
            [
              -81.34454900010338,
              32.339671999673065
            ],
            [
              -81.34291800000892,
              32.33002499964623
            ],
            [
              -81.39264700038929,
              32.330318000117266
            ],
            [
              -81.38942899968296,
              32.293677000232265
            ],
            [
              -81.40665599997136,
              32.295246000203335
            ],
            [
              -81.41896700041012,
              32.30780800022327
            ],
            [
              -81.45325399968404,
              32.29462000009708
            ],
            [
              -81.43823900017146,
              32.27159099980294
            ],
            [
              -81.43582999975214,
              32.241289000015875
            ],
            [
              -81.78154099991713,
              32.15252400030376
            ],
            [
              -81.75680599996,
              32.104780999767286
            ],
            [
              -81.71865800027246,
              32.089350999724495
            ],
            [
              -81.76173500022841,
              32.04789999992423
            ],
            [
              -81.82440500033607,
              32.01488200022228
            ],
            [
              -81.87606799986128,
              31.968376000006906
            ],
            [
              -81.88962600025496,
              31.948962999908648
            ],
            [
              -81.88198899981649,
              31.9182299997531
            ],
            [
              -81.89254799978698,
              31.89503299989048
            ],
            [
              -81.91246800017682,
              31.886959000203262
            ],
            [
              -81.92230200042421,
              31.851463000047378
            ],
            [
              -81.94502999964492,
              31.8356669999567
            ],
            [
              -81.95513199968092,
              31.80985099977328
            ],
            [
              -81.97991199984389,
              31.804549999750805
            ],
            [
              -81.98103300030044,
              31.791367000277628
            ],
            [
              -81.96905199957453,
              31.789324000291128
            ],
            [
              -81.97553999996741,
              31.782707000261162
            ],
            [
              -82.00677699966278,
              31.800046999778672
            ],
            [
              -82.01639599982502,
              31.823730999770593
            ],
            [
              -82.02607600008662,
              31.81509500032555
            ],
            [
              -82.0415219995944,
              31.820422000118057
            ],
            [
              -82.11547799994378,
              31.862845999902326
            ],
            [
              -82.10784200022852,
              31.883701000334803
            ],
            [
              -82.11291500043697,
              31.900939000357315
            ],
            [
              -82.1195419998487,
              31.886000999727045
            ],
            [
              -82.13554300009858,
              31.891699999823267
            ],
            [
              -82.13424300044022,
              31.90800000033428
            ],
            [
              -82.14514299999425,
              31.898099999636557
            ],
            [
              -82.19134400004688,
              31.90049900001158
            ],
            [
              -82.2358260001415,
              31.920399000363815
            ],
            [
              -82.24681000025943,
              31.91509999974357
            ],
            [
              -82.25603699988619,
              31.9320890003771
            ],
            [
              -82.26677900015476,
              31.928407999771725
            ],
            [
              -82.28641800033724,
              31.94244299988455
            ],
            [
              -82.30111200035773,
              31.933269999816776
            ],
            [
              -82.31390999996991,
              31.94712199989614
            ],
            [
              -82.30768100004313,
              31.937269999909155
            ],
            [
              -82.31448200043044,
              31.930782999783432
            ],
            [
              -82.37764899975727,
              31.94189299970782
            ],
            [
              -82.37154899970191,
              31.95349300000951
            ],
            [
              -82.38445599999234,
              31.960022000298153
            ],
            [
              -82.38713800022315,
              31.94818399973641
            ],
            [
              -82.4008420002067,
              31.960285999856247
            ],
            [
              -82.40724500021075,
              31.949487999945784
            ],
            [
              -82.431530999731,
              31.966182000035573
            ],
            [
              -82.4313619996766,
              31.837992999882058
            ],
            [
              -82.52025100042108,
              31.838388000218025
            ],
            [
              -82.52015799963635,
              31.749190000077757
            ],
            [
              -82.55069100042337,
              31.749111999890268
            ],
            [
              -82.55071399998958,
              31.736334000283737
            ],
            [
              -82.52056699989028,
              31.73620099974838
            ],
            [
              -82.52139299989571,
              31.672512000237827
            ],
            [
              -82.6273419996257,
              31.672672000237835
            ],
            [
              -82.62827300011143,
              31.558329000040068
            ],
            [
              -82.59628300020553,
              31.5578990003072
            ],
            [
              -82.59632900023631,
              31.548212000318998
            ],
            [
              -82.59750900024406,
              31.469293000306802
            ],
            [
              -82.62818100004993,
              31.469351000191473
            ],
            [
              -82.62962200017358,
              31.27472600026396
            ],
            [
              -82.66376799988049,
              31.28808100024893
            ],
            [
              -82.69920599974816,
              31.27810400018559
            ],
            [
              -82.70099099982842,
              31.22696599985282
            ],
            [
              -82.7010390004073,
              31.223888000132217
            ]
          ]
        ]
      }
    },
    {
      "type": "Feature",
      "id": "us-cd:119:13:02",
      "properties": {
        "boundary_id": "us-cd:119:13:02",
        "boundary_type": "congressional_district",
        "name": "2",
        "stateFips": "13",
        "congress": 119,
        "district": "02",
        "bbox": [
          -85.14187599996372,
          30.658396000206245,
          -83.48942999981443,
          32.88783600023487
        ]
      },
      "geometry": {
        "type": "Polygon",
        "coordinates": [
          [
            [
              -85.14187599996372,
              31.78218099976158
            ],
            [
              -85.12523000035668,
              31.76706299972062
            ],
            [
              -85.11893000028478,
              31.73266400016003
            ],
            [
              -85.12552999993234,
              31.694964999791395
            ],
            [
              -85.07912899986313,
              31.654766000122724
            ],
            [
              -85.0862290000012,
              31.638567000277458
            ],
            [
              -85.05816900010593,
              31.62022699966094
            ],
            [
              -85.05795999986856,
              31.570839999749012
            ],
            [
              -85.04136100011719,
              31.54249500019577
            ],
            [
              -85.07162100019441,
              31.46838399975736
            ],
            [
              -85.06601200040873,
              31.430528999942734
            ],
            [
              -85.07589299961347,
              31.424927999891352
            ],
            [
              -85.09232700040671,
              31.364048999904902
            ],
            [
              -85.08369699955821,
              31.323846000071157
            ],
            [
              -85.08977400004736,
              31.29502599986442
            ],
            [
              -85.114601000066,
              31.27733300002733
            ],
            [
              -85.09676299985733,
              31.2256509997755
            ],
            [
              -85.10751599999656,
              31.186451000263965
            ],
            [
              -85.09850699992968,
              31.18015300013366
            ],
            [
              -85.10020699962114,
              31.165490000073966
            ],
            [
              -85.07662800028064,
              31.156927000135077
            ],
            [
              -85.05467699976323,
              31.12081800018656
            ],
            [
              -85.03561500006417,
              31.108192000222814
            ],
            [
              -84.99942800018398,
              31.013844000331733
            ],
            [
              -85.00573400010364,
              30.97590800024934
            ],
            [
              -84.98252700030882,
              30.965585999900405
            ],
            [
              -84.98312700035844,
              30.93478599993984
            ],
            [
              -84.93442400000005,
              30.883587999848313
            ],
            [
              -84.93982400044668,
              30.87258800027872
            ],
            [
              -84.92566500017844,
              30.842684999967236
            ],
            [
              -84.93742400024819,
              30.820889000165955
            ],
            [
              -84.92012300033994,
              30.765990000163598
            ],
            [
              -84.8646930001124,
              30.711541999938845
            ],
            [
              -83.7437289999111,
              30.658396000206245
            ],
            [
              -83.73615799959485,
              31.03767900027645
            ],
            [
              -83.78082999966027,
              31.03850199987836
            ],
            [
              -83.7811479996776,
              31.02584600019165
            ],
            [
              -83.79305099968737,
              31.0259509997704
            ],
            [
              -83.79573100026833,
              31.038732999814183
            ],
            [
              -84.00387600016803,
              31.041582000146786
            ],
            [
              -84.00320099977534,
              31.10234900026957
            ],
            [
              -84.01385099998242,
              31.10243599973459
            ],
            [
              -84.01373700017959,
              31.11184300013503
            ],
            [
              -84.00297700036766,
              31.111889999939446
            ],
            [
              -83.9976790000283,
              31.462773000069973
            ],
            [
              -83.98258199960165,
              31.4626780002631
            ],
            [
              -83.9824150000954,
              31.473490000109663
            ],
            [
              -83.99746800014111,
              31.476009999870616
            ],
            [
              -83.9966649997019,
              31.5516630002444
            ],
            [
              -83.98168100015148,
              31.551617000367255
            ],
            [
              -83.98160599980841,
              31.56332199984488
            ],
            [
              -83.9965669997926,
              31.563518000097975
            ],
            [
              -83.99624600030056,
              31.625169000175617
            ],
            [
              -84.01270100011189,
              31.624590000169356
            ],
            [
              -83.99337400009897,
              31.65003399974914
            ],
            [
              -84.01840399960888,
              31.650273999981444
            ],
            [
              -84.0124769998059,
              31.663518999955965
            ],
            [
              -84.0328800000695,
              31.71532100018079
            ],
            [
              -83.98639000031187,
              31.76542600013674
            ],
            [
              -84.00844499968802,
              31.801644999911424
            ],
            [
              -83.97688400012753,
              31.803328999619556
            ],
            [
              -83.96836700015525,
              31.833534000024322
            ],
            [
              -83.92652399973542,
              31.863291999909663
            ],
            [
              -83.93243299999506,
              31.897114999930846
            ],
            [
              -83.91930899996964,
              31.924629999843233
            ],
            [
              -83.96127799988787,
              32.03059500012298
            ],
            [
              -83.60966300038443,
              32.0279379996737
            ],
            [
              -83.60690699963546,
              32.237841999725376
            ],
            [
              -83.61580299972442,
              32.25119199964668
            ],
            [
              -83.6063679996852,
              32.251332999818004
            ],
            [
              -83.60639699999753,
              32.288434999710105
            ],
            [
              -83.70036200042523,
              32.28999099994359
            ],
            [
              -83.70032999973986,
              32.28258300036785
            ],
            [
              -83.71875899977732,
              32.28307399970835
            ],
            [
              -83.71843400008731,
              32.29016199969405
            ],
            [
              -83.84837899980764,
              32.290969999699435
            ],
            [
              -83.84683099955386,
              32.35773800007358
            ],
            [
              -83.85658699998343,
              32.35777400036146
            ],
            [
              -83.85654000012777,
              32.3823989996284
            ],
            [
              -83.83704099968739,
              32.382195000273896
            ],
            [
              -83.83671900037042,
              32.41466499984182
            ],
            [
              -83.84667599974316,
              32.468514000025145
            ],
            [
              -83.82778499974833,
              32.45755699980504
            ],
            [
              -83.82763699961032,
              32.43914799978401
            ],
            [
              -83.79771200016717,
              32.44699000013254
            ],
            [
              -83.79769399972551,
              32.496568000317794
            ],
            [
              -83.7877520004214,
              32.49652999985564
            ],
            [
              -83.78730700018248,
              32.512848000224686
            ],
            [
              -83.74900700015895,
              32.50524799969887
            ],
            [
              -83.74869699963925,
              32.5341569996465
            ],
            [
              -83.72313900004973,
              32.52112200032906
            ],
            [
              -83.7127299998671,
              32.61057699977338
            ],
            [
              -83.71857800002735,
              32.63141099985501
            ],
            [
              -83.68982799967078,
              32.61755000011694
            ],
            [
              -83.6448700002734,
              32.61828799986709
            ],
            [
              -83.65254799982145,
              32.61293700008144
            ],
            [
              -83.62102200042108,
              32.59782099986833
            ],
            [
              -83.62206599998639,
              32.58321599999073
            ],
            [
              -83.5367179999884,
              32.57463499974914
            ],
            [
              -83.53798300038498,
              32.60285100029929
            ],
            [
              -83.54897300035067,
              32.616360000169855
            ],
            [
              -83.54149699957067,
              32.620253999986026
            ],
            [
              -83.55577700021273,
              32.65251599999838
            ],
            [
              -83.59765599971927,
              32.664338000197695
            ],
            [
              -83.61156899994019,
              32.694878999890236
            ],
            [
              -83.5968349997367,
              32.71288399980209
            ],
            [
              -83.6041769997241,
              32.71726899989333
            ],
            [
              -83.59505200020459,
              32.73179699994652
            ],
            [
              -83.60235999985679,
              32.74126700013808
            ],
            [
              -83.57871500039403,
              32.73811800014661
            ],
            [
              -83.49293800005066,
              32.80514900031389
            ],
            [
              -83.49846099962258,
              32.815058000164086
            ],
            [
              -83.48942999981443,
              32.82405999995232
            ],
            [
              -83.56506999996172,
              32.877164000124125
            ],
            [
              -83.57863199965504,
              32.86514199999023
            ],
            [
              -83.59818700017192,
              32.88783600023487
            ],
            [
              -83.65860100002115,
              32.88783600023487
            ],
            [
              -83.64473499965588,
              32.87523500019699
            ],
            [
              -83.6625059999174,
              32.87321900023303
            ],
            [
              -83.66243499977229,
              32.85378199994175
            ],
            [
              -83.71135800023872,
              32.85816499979539
            ],
            [
              -83.70483399986084,
              32.8333599997104
            ],
            [
              -83.74453499982505,
              32.86103700023869
            ],
            [
              -83.74514300027059,
              32.83445700035316
            ],
            [
              -83.76978799981603,
              32.82939699985524
            ],
            [
              -83.7668849996523,
              32.81943700029341
            ],
            [
              -83.81296500022943,
              32.822155999730384
            ],
            [
              -83.87275200026484,
              32.8594890002664
            ],
            [
              -83.89192199991892,
              32.84835100006966
            ],
            [
              -83.96842099968362,
              32.84885999977691
            ],
            [
              -83.96830900042895,
              32.85713600015988
            ],
            [
              -83.97810900034115,
              32.85713600015988
            ],
            [
              -83.97840899991678,
              32.84893599965026
            ],
            [
              -84.12427500041937,
              32.84956199976511
            ],
            [
              -84.12433200032079,
              32.800934999842355
            ],
            [
              -84.14932800039384,
              32.8012059997538
            ],
            [
              -84.2026279998613,
              32.6900180003065
            ],
            [
              -84.21937599957559,
              32.72029399968275
            ],
            [
              -84.23630300028833,
              32.72104300018372
            ],
            [
              -84.22918499970861,
              32.732296999869064
            ],
            [
              -84.23580299979781,
              32.738283999655174
            ],
            [
              -84.25644000041316,
              32.7227170003285
            ],
            [
              -84.26270600014986,
              32.73930599978609
            ],
            [
              -84.28426400030689,
              32.74451700008506
            ],
            [
              -84.30139299978767,
              32.76133800014528
            ],
            [
              -84.3361319998715,
              32.7597079998026
            ],
            [
              -84.35357900026791,
              32.783580000301086
            ],
            [
              -84.35557900043334,
              32.77356399986538
            ],
            [
              -84.38254200016151,
              32.78028100022435
            ],
            [
              -84.42117299972281,
              32.83880600006462
            ],
            [
              -84.43417899974745,
              32.83806299966036
            ],
            [
              -84.44272900023,
              32.82520799966882
            ],
            [
              -84.45664099972771,
              32.82866199987525
            ],
            [
              -84.46731000020135,
              32.853005999842914
            ],
            [
              -84.49008600000097,
              32.856899000050916
            ],
            [
              -84.47743800017662,
              32.877654000067864
            ],
            [
              -84.50688800014194,
              32.88178799987962
            ],
            [
              -84.57066899976208,
              32.84517899981831
            ],
            [
              -84.70053800021273,
              32.84464000023559
            ],
            [
              -84.69242799994625,
              32.82939299993652
            ],
            [
              -84.69305700030819,
              32.738812000214786
            ],
            [
              -84.68287599973115,
              32.7303499999469
            ],
            [
              -84.70319600015408,
              32.70071799983196
            ],
            [
              -84.70316299964381,
              32.686196999752426
            ],
            [
              -84.69382700023712,
              32.685665000354454
            ],
            [
              -84.69460300001383,
              32.58394499971759
            ],
            [
              -84.90788300004628,
              32.58343300009301
            ],
            [
              -84.90769300007547,
              32.60760800008343
            ],
            [
              -84.98178999999186,
              32.6076710003272
            ],
            [
              -84.96688099988617,
              32.54199400016219
            ],
            [
              -84.93734300005731,
              32.562877000084846
            ],
            [
              -84.92403999993176,
              32.53966799988506
            ],
            [
              -84.93376299985107,
              32.539593999813334
            ],
            [
              -84.935081999776,
              32.51966899973155
            ],
            [
              -84.92250300044692,
              32.52213199973574
            ],
            [
              -84.9596800003641,
              32.49922800035309
            ],
            [
              -84.95694999955441,
              32.48489000020079
            ],
            [
              -84.96731600007935,
              32.482159999754025
            ],
            [
              -84.96742300020948,
              32.491824000204346
            ],
            [
              -84.98371800018724,
              32.4905380001011
            ],
            [
              -84.9701499997478,
              32.51645999965001
            ],
            [
              -84.98902599967403,
              32.5215229998309
            ],
            [
              -84.99934100014534,
              32.50726100002991
            ],
            [
              -84.99532999994386,
              32.453242999797666
            ],
            [
              -84.97183100007098,
              32.442843000067214
            ],
            [
              -84.96303000041658,
              32.42424400030305
            ],
            [
              -84.98095399994067,
              32.406064000170936
            ],
            [
              -84.96873000043884,
              32.39145700010012
            ],
            [
              -84.98840999973086,
              32.38521599966361
            ],
            [
              -84.97215400011116,
              32.37691400002421
            ],
            [
              -84.9853219996192,
              32.372514000102505
            ],
            [
              -85.00710300025729,
              32.32836200010526
            ],
            [
              -84.93464800030605,
              32.29891599979449
            ],
            [
              -84.88827800019901,
              32.25933400022539
            ],
            [
              -84.92442700044435,
              32.250149000307935
            ],
            [
              -84.91272699992587,
              32.243350000284465
            ],
            [
              -84.92822699986033,
              32.21985099966706
            ],
            [
              -84.97332800027115,
              32.21765000027511
            ],
            [
              -84.98022900021758,
              32.20775100035002
            ],
            [
              -84.96372800037548,
              32.195851999890046
            ],
            [
              -85.01126699972133,
              32.180493000151785
            ],
            [
              -85.06190699959762,
              32.13286300020205
            ],
            [
              -85.0447610003984,
              32.08583599976434
            ],
            [
              -85.05581300028837,
              32.07443900031409
            ],
            [
              -85.05883000025493,
              32.04695600022781
            ],
            [
              -85.04882500030331,
              32.02170099978984
            ],
            [
              -85.06732999961045,
              31.995557000137765
            ],
            [
              -85.06782900027603,
              31.967358000215533
            ],
            [
              -85.08673000031662,
              31.959158000248873
            ],
            [
              -85.07892999967152,
              31.94015900020066
            ],
            [
              -85.11313099963,
              31.911859000055834
            ],
            [
              -85.11203000016327,
              31.89476000006298
            ],
            [
              -85.13413099957019,
              31.89216000003798
            ],
            [
              -85.12843100044624,
              31.87756000008474
            ],
            [
              -85.14183099975787,
              31.839261000306042
            ],
            [
              -85.13193100028656,
              31.827061999755582
            ],
            [
              -85.1322309998622,
              31.795162000178173
            ],
            [
              -85.14183099975787,
              31.78236299971838
            ],
            [
              -85.14187599996372,
              31.78218099976158
            ]
          ]
        ]
      }
    },
    {
      "type": "Feature",
      "id": "us-cd:119:13:03",
      "properties": {
        "boundary_id": "us-cd:119:13:03",
        "boundary_type": "congressional_district",
        "name": "3",
        "stateFips": "13",
        "congress": 119,
        "district": "03",
        "bbox": [
          -85.3865810000125,
          32.48489000020079,
          -84.04091400016803,
          33.90432700014616
        ]
      },
      "geometry": {
        "type": "Polygon",
        "coordinates": [
          [
            [
              -85.3865810000125,
              33.90171899971196
            ],
            [
              -85.18439999972573,
              32.861316999941685
            ],
            [
              -85.15628899977683,
              32.8505239998691
            ],
            [
              -85.16804799984656,
              32.811840999722776
            ],
            [
              -85.12232600036803,
              32.774382999785594
            ],
            [
              -85.14298700037449,
              32.75993400023688
            ],
            [
              -85.11332899999672,
              32.73575099986731
            ],
            [
              -85.12273800009667,
              32.71603200015825
            ],
            [
              -85.11703700024951,
              32.692032999970984
            ],
            [
              -85.0884829997115,
              32.65775800033805
            ],
            [
              -85.10453199964198,
              32.6410110001585
            ],
            [
              -85.08311800032331,
              32.63616100010944
            ],
            [
              -85.09088600028305,
              32.62513499966023
            ],
            [
              -85.06753499964985,
              32.57954600010977
            ],
            [
              -85.0207970001951,
              32.54276400037016
            ],
            [
              -84.99934100014534,
              32.50726100002991
            ],
            [
              -84.98902599967403,
              32.5215229998309
            ],
            [
              -84.9701499997478,
              32.51645999965001
            ],
            [
              -84.9835609998284,
              32.48866400033868
            ],
            [
              -84.95694999955441,
              32.48489000020079
            ],
            [
              -84.9596800003641,
              32.49922800035309
            ],
            [
              -84.92245200039332,
              32.52335199966727
            ],
            [
              -84.935081999776,
              32.51966899973155
            ],
            [
              -84.93376299985107,
              32.539593999813334
            ],
            [
              -84.92403999993176,
              32.53966799988506
            ],
            [
              -84.93734300005731,
              32.562877000084846
            ],
            [
              -84.96688099988617,
              32.54199400016219
            ],
            [
              -84.98178999999186,
              32.6076710003272
            ],
            [
              -84.90769300007547,
              32.60760800008343
            ],
            [
              -84.90788300004628,
              32.58343300009301
            ],
            [
              -84.69460300001383,
              32.58394499971759
            ],
            [
              -84.69382700023712,
              32.685665000354454
            ],
            [
              -84.70316299964381,
              32.686196999752426
            ],
            [
              -84.70319600015408,
              32.70071799983196
            ],
            [
              -84.68287599973115,
              32.7303499999469
            ],
            [
              -84.69305700030819,
              32.738812000214786
            ],
            [
              -84.69242799994625,
              32.82939299993652
            ],
            [
              -84.70053800021273,
              32.84464000023559
            ],
            [
              -84.57066899976208,
              32.84517899981831
            ],
            [
              -84.50688800014194,
              32.88178799987962
            ],
            [
              -84.47743800017662,
              32.877654000067864
            ],
            [
              -84.49008600000097,
              32.856899000050916
            ],
            [
              -84.46731000020135,
              32.853005999842914
            ],
            [
              -84.45664099972771,
              32.82866199987525
            ],
            [
              -84.44272900023,
              32.82520799966882
            ],
            [
              -84.43417899974745,
              32.83806299966036
            ],
            [
              -84.42117299972281,
              32.83880600006462
            ],
            [
              -84.38254200016151,
              32.78028100022435
            ],
            [
              -84.35557900043334,
              32.77356399986538
            ],
            [
              -84.35357900026791,
              32.783580000301086
            ],
            [
              -84.3361319998715,
              32.7597079998026
            ],
            [
              -84.30139299978767,
              32.76133800014528
            ],
            [
              -84.28426400030689,
              32.74451700008506
            ],
            [
              -84.26270600014986,
              32.73930599978609
            ],
            [
              -84.25644000041316,
              32.7227170003285
            ],
            [
              -84.23580299979781,
              32.738283999655174
            ],
            [
              -84.22918499970861,
              32.732296999869064
            ],
            [
              -84.23630300028833,
              32.72104300018372
            ],
            [
              -84.21937599957559,
              32.72029399968275
            ],
            [
              -84.2026279998613,
              32.6900180003065
            ],
            [
              -84.14932800039384,
              32.8012059997538
            ],
            [
              -84.12433200032079,
              32.800934999842355
            ],
            [
              -84.1233399997357,
              32.93218399972269
            ],
            [
              -84.05417499956248,
              32.931496999965894
            ],
            [
              -84.05357799988589,
              32.948031000146436
            ],
            [
              -84.04411299970944,
              32.94787399974304
            ],
            [
              -84.04091400016803,
              33.16764099981767
            ],
            [
              -84.04149800032413,
              33.202629000011825
            ],
            [
              -84.12376700043126,
              33.20282400030396
            ],
            [
              -84.12262300040854,
              33.25266799982043
            ],
            [
              -84.0889909996392,
              33.2856460002587
            ],
            [
              -84.10294999989088,
              33.29886900014139
            ],
            [
              -84.1509090002596,
              33.31298199993783
            ],
            [
              -84.15058100019654,
              33.33563900018258
            ],
            [
              -84.24726899996459,
              33.33581300012043
            ],
            [
              -84.24694500009949,
              33.37095200019858
            ],
            [
              -84.21938499979642,
              33.377607000266686
            ],
            [
              -84.2154699998544,
              33.4058679999718
            ],
            [
              -84.18138799972161,
              33.4274609997015
            ],
            [
              -84.20337600004893,
              33.45189000015102
            ],
            [
              -84.30432299971558,
              33.435726999791605
            ],
            [
              -84.30422999982916,
              33.42743299992279
            ],
            [
              -84.3535840002908,
              33.43616500007891
            ],
            [
              -84.3544000002505,
              33.35251400028526
            ],
            [
              -84.38811800033521,
              33.352464999859315
            ],
            [
              -84.39480900021935,
              33.39436799970007
            ],
            [
              -84.38408700004224,
              33.402470000191684
            ],
            [
              -84.39307299964459,
              33.420041000351105
            ],
            [
              -84.40231500023829,
              33.42012500006458
            ],
            [
              -84.40219600041257,
              33.43636799977383
            ],
            [
              -84.38372999966688,
              33.44442299996241
            ],
            [
              -84.38163900016319,
              33.463042999741255
            ],
            [
              -84.39747899985626,
              33.48573799986607
            ],
            [
              -84.42241399982994,
              33.45600000016596
            ],
            [
              -84.46940200042827,
              33.48813699975021
            ],
            [
              -84.47349100044755,
              33.47399899972069
            ],
            [
              -84.48581299985867,
              33.47432800034601
            ],
            [
              -84.48461000028469,
              33.44859999968743
            ],
            [
              -84.49584600029769,
              33.448379999843084
            ],
            [
              -84.50948400015899,
              33.49412000009998
            ],
            [
              -84.55726400042757,
              33.51479199985842
            ],
            [
              -84.55687699991498,
              33.528488000291254
            ],
            [
              -84.59422399971143,
              33.519440999994224
            ],
            [
              -84.60936700016886,
              33.50258200017927
            ],
            [
              -84.62112600023856,
              33.503126000095584
            ],
            [
              -84.62130500033871,
              33.51129100002446
            ],
            [
              -84.85115800018325,
              33.51105800020583
            ],
            [
              -84.81551799975091,
              33.52105299991618
            ],
            [
              -84.83305600038393,
              33.54574700002851
            ],
            [
              -84.82558499962681,
              33.56229999979133
            ],
            [
              -84.75292499963612,
              33.62869999988112
            ],
            [
              -84.76783799993976,
              33.643832999770304
            ],
            [
              -84.75235999974662,
              33.65858299968954
            ],
            [
              -84.76358999991183,
              33.672233999710194
            ],
            [
              -84.75880499958346,
              33.68219699967746
            ],
            [
              -84.74736799972901,
              33.67123400008614
            ],
            [
              -84.74924999989364,
              33.68831399963747
            ],
            [
              -84.76531600044085,
              33.702963999880204
            ],
            [
              -84.74748800027793,
              33.70845399979684
            ],
            [
              -84.76597900023965,
              33.71659499993187
            ],
            [
              -84.76213299989462,
              33.72793500007084
            ],
            [
              -84.77682799974004,
              33.72323100030459
            ],
            [
              -84.78118799992097,
              33.75062799971003
            ],
            [
              -84.76749399998317,
              33.78689499972005
            ],
            [
              -84.87915100013136,
              33.77475799981797
            ],
            [
              -85.03792700039912,
              33.81188599995669
            ],
            [
              -85.03668399974386,
              33.90432700014616
            ],
            [
              -85.38384500025334,
              33.901702000082935
            ],
            [
              -85.3865810000125,
              33.90171899971196
            ]
          ]
        ]
      }
    },
    {
      "type": "Feature",
      "id": "us-cd:119:13:04",
      "properties": {
        "boundary_id": "us-cd:119:13:04",
        "boundary_type": "congressional_district",
        "name": "4",
        "stateFips": "13",
        "congress": 119,
        "district": "04",
        "bbox": [
          -84.34819399988993,
          33.61466599962651,
          -84.02371299981888,
          34.03259300012887
        ]
      },
      "geometry": {
        "type": "Polygon",
        "coordinates": [
          [
            [
              -84.34819399988993,
              33.886142999656826
            ],
            [
              -84.3302319998327,
              33.873808000151875
            ],
            [
              -84.30943399955888,
              33.87679800023415
            ],
            [
              -84.31317600014684,
              33.84057300002166
            ],
            [
              -84.28940699993721,
              33.85676999982659
            ],
            [
              -84.24700399965072,
              33.84643499979822
            ],
            [
              -84.25005400012755,
              33.803215000110676
            ],
            [
              -84.26392200014263,
              33.79360200028175
            ],
            [
              -84.24742399977528,
              33.80252100035792
            ],
            [
              -84.24125799959769,
              33.77803300003384
            ],
            [
              -84.2515789999168,
              33.768641000003505
            ],
            [
              -84.24971000017098,
              33.750097999645696
            ],
            [
              -84.25972400034341,
              33.74446199966336
            ],
            [
              -84.25199099964547,
              33.73793399975192
            ],
            [
              -84.2694749998518,
              33.73823800033482
            ],
            [
              -84.26708600042228,
              33.731664999979856
            ],
            [
              -84.2832249998661,
              33.73183400011482
            ],
            [
              -84.3056340001429,
              33.715279000316656
            ],
            [
              -84.30283300008642,
              33.69594100007288
            ],
            [
              -84.32157099992037,
              33.68676600012865
            ],
            [
              -84.30794999977749,
              33.67961200024508
            ],
            [
              -84.30603300035108,
              33.662395000357755
            ],
            [
              -84.27261099964404,
              33.661406999714856
            ],
            [
              -84.25684799994386,
              33.66771499983589
            ],
            [
              -84.25760500035231,
              33.67927199999001
            ],
            [
              -84.24392399993498,
              33.679783000067445
            ],
            [
              -84.23680999955322,
              33.663909999818785
            ],
            [
              -84.21009399969725,
              33.65832399978148
            ],
            [
              -84.21128200010094,
              33.66574700014952
            ],
            [
              -84.19719300015292,
              33.66542799986675
            ],
            [
              -84.1874419997462,
              33.64617300000086
            ],
            [
              -84.16158899970557,
              33.63775000002024
            ],
            [
              -84.15447000019928,
              33.64574800026923
            ],
            [
              -84.11579100005908,
              33.61466599962651
            ],
            [
              -84.05661400011903,
              33.72660800028557
            ],
            [
              -84.02371299981888,
              33.7528079998547
            ],
            [
              -84.07591400036776,
              33.777506999897874
            ],
            [
              -84.1579640001918,
              33.85329099984864
            ],
            [
              -84.20769900041994,
              33.87793099990302
            ],
            [
              -84.18118600005525,
              33.88172200020151
            ],
            [
              -84.16716400005437,
              33.89397500020149
            ],
            [
              -84.17234199984482,
              33.899616999707554
            ],
            [
              -84.16275000034508,
              33.895843999750255
            ],
            [
              -84.13253799994845,
              33.91216400001326
            ],
            [
              -84.13900700007474,
              33.921835000328876
            ],
            [
              -84.10105600003068,
              33.91664900018881
            ],
            [
              -84.10788900020503,
              33.94112699977362
            ],
            [
              -84.0903489999222,
              33.93865699986832
            ],
            [
              -84.09265600023427,
              33.952266000326
            ],
            [
              -84.07949000037605,
              33.96246899992193
            ],
            [
              -84.0605609998481,
              33.960496999680885
            ],
            [
              -84.0840420001776,
              33.987431999886205
            ],
            [
              -84.07397699995154,
              34.00124999978284
            ],
            [
              -84.09673500020779,
              34.016738000142986
            ],
            [
              -84.09859800010587,
              34.02711599974711
            ],
            [
              -84.08918999983084,
              34.03259300012887
            ],
            [
              -84.16878900030108,
              34.02849699972684
            ],
            [
              -84.19267399996333,
              33.990836000033106
            ],
            [
              -84.20440999956851,
              33.98974699992024
            ],
            [
              -84.21291900004317,
              34.00390000021434
            ],
            [
              -84.24749900011837,
              33.998605000332454
            ],
            [
              -84.26317499977992,
              33.98639300008791
            ],
            [
              -84.25808900005097,
              33.96818399992219
            ],
            [
              -84.28036799973312,
              33.95604500015731
            ],
            [
              -84.34741200026544,
              33.96810899987852
            ],
            [
              -84.34818899986705,
              33.88785800030156
            ],
            [
              -84.34819399988993,
              33.886142999656826
            ]
          ]
        ]
      }
    },
    {
      "type": "Feature",
      "id": "us-cd:119:13:05",
      "properties": {
        "boundary_id": "us-cd:119:13:05",
        "boundary_type": "congressional_district",
        "name": "5",
        "stateFips": "13",
        "congress": 119,
        "district": "05",
        "bbox": [
          -84.52281900007159,
          33.48683399970808,
          -84.24125799959769,
          33.88210799999728
        ]
      },
      "geometry": {
        "type": "Polygon",
        "coordinates": [
          [
            [
              -84.52281900007159,
              33.66440200026225
            ],
            [
              -84.5216159995993,
              33.65583500013547
            ],
            [
              -84.49776000024937,
              33.65660599998658
            ],
            [
              -84.49034499956873,
              33.63332399983511
            ],
            [
              -84.47734500029019,
              33.63324499974106
            ],
            [
              -84.47903099973794,
              33.62414099970279
            ],
            [
              -84.47239099990743,
              33.635853999660796
            ],
            [
              -84.4579639998506,
              33.629245000214574
            ],
            [
              -84.45866500018256,
              33.550932999791605
            ],
            [
              -84.4394479997745,
              33.550719999990264
            ],
            [
              -84.42064899984118,
              33.49401000032889
            ],
            [
              -84.39539300037545,
              33.48683399970808
            ],
            [
              -84.3816750001482,
              33.508054000281945
            ],
            [
              -84.39067199962119,
              33.51703800019927
            ],
            [
              -84.38002999981003,
              33.517970000194964
            ],
            [
              -84.37512200035631,
              33.539129000135006
            ],
            [
              -84.38597099985671,
              33.55808900008354
            ],
            [
              -84.33339500028744,
              33.552969999899275
            ],
            [
              -84.320079999568,
              33.56494599989874
            ],
            [
              -84.32850200000404,
              33.5730020002939
            ],
            [
              -84.30793200023415,
              33.57216100029706
            ],
            [
              -84.30194699980653,
              33.59349000013524
            ],
            [
              -84.29418100039494,
              33.59163599992007
            ],
            [
              -84.31563499989656,
              33.6434290000509
            ],
            [
              -84.29636599960995,
              33.64746800034916
            ],
            [
              -84.32341999957474,
              33.647727999849344
            ],
            [
              -84.30195400037755,
              33.660489999875125
            ],
            [
              -84.32151999986675,
              33.688935000322296
            ],
            [
              -84.30624099986522,
              33.68990099986051
            ],
            [
              -84.29942899960726,
              33.706284999831674
            ],
            [
              -84.3056340001429,
              33.715279000316656
            ],
            [
              -84.29132000006398,
              33.727371000361984
            ],
            [
              -84.25199099964547,
              33.73793399975192
            ],
            [
              -84.25972400034341,
              33.74446199966336
            ],
            [
              -84.24971000017098,
              33.750097999645696
            ],
            [
              -84.2515789999168,
              33.768641000003505
            ],
            [
              -84.24125799959769,
              33.77803300003384
            ],
            [
              -84.24742399977528,
              33.80252100035792
            ],
            [
              -84.26392200014263,
              33.79360200028175
            ],
            [
              -84.25005400012755,
              33.803215000110676
            ],
            [
              -84.24700399965072,
              33.84643499979822
            ],
            [
              -84.28940699993721,
              33.85676999982659
            ],
            [
              -84.31317600014684,
              33.84057300002166
            ],
            [
              -84.30943399955888,
              33.87679800023415
            ],
            [
              -84.34812399956972,
              33.88210799999728
            ],
            [
              -84.34849000016594,
              33.825123999869525
            ],
            [
              -84.38598599992531,
              33.81182400019032
            ],
            [
              -84.40761400040253,
              33.82030799980324
            ],
            [
              -84.40780600002316,
              33.803099999966335
            ],
            [
              -84.4240659998408,
              33.80110500006538
            ],
            [
              -84.41989300015594,
              33.78710399977514
            ],
            [
              -84.45171700038048,
              33.79359099998693
            ],
            [
              -84.48267899971626,
              33.766451999807494
            ],
            [
              -84.48189399971871,
              33.75481899976297
            ],
            [
              -84.5017820003215,
              33.74949100018994
            ],
            [
              -84.50840999955814,
              33.73963100034478
            ],
            [
              -84.49642999955547,
              33.71911199985916
            ],
            [
              -84.50594599978554,
              33.715408000251934
            ],
            [
              -84.5227830000866,
              33.66470299985444
            ],
            [
              -84.52281900007159,
              33.66440200026225
            ]
          ]
        ]
      }
    },
    {
      "type": "Feature",
      "id": "us-cd:119:13:06",
      "properties": {
        "boundary_id": "us-cd:119:13:06",
        "boundary_type": "congressional_district",
        "name": "6",
        "stateFips": "13",
        "congress": 119,
        "district": "06",
        "bbox": [
          -84.85056900000428,
          33.448379999843084,
          -84.34775299984896,
          33.92983600004415
        ]
      },
      "geometry": {
        "type": "Polygon",
        "coordinates": [
          [
            [
              -84.85056900000428,
              33.511868000365574
            ],
            [
              -84.62130500033871,
              33.51129100002446
            ],
            [
              -84.62112600023856,
              33.503126000095584
            ],
            [
              -84.60936700016886,
              33.50258200017927
            ],
            [
              -84.59422399971143,
              33.519440999994224
            ],
            [
              -84.55687699991498,
              33.528488000291254
            ],
            [
              -84.55726400042757,
              33.51479199985842
            ],
            [
              -84.50948400015899,
              33.49412000009998
            ],
            [
              -84.49584600029769,
              33.448379999843084
            ],
            [
              -84.48461000028469,
              33.44859999968743
            ],
            [
              -84.48581299985867,
              33.47432800034601
            ],
            [
              -84.47349100044755,
              33.47399899972069
            ],
            [
              -84.46940200042827,
              33.48813699975021
            ],
            [
              -84.42241399982994,
              33.45600000016596
            ],
            [
              -84.39747899985626,
              33.48573799986607
            ],
            [
              -84.42064899984118,
              33.49401000032889
            ],
            [
              -84.4394479997745,
              33.550719999990264
            ],
            [
              -84.45866500018256,
              33.550932999791605
            ],
            [
              -84.4579639998506,
              33.629245000214574
            ],
            [
              -84.47239099990743,
              33.635853999660796
            ],
            [
              -84.47903099973794,
              33.62414099970279
            ],
            [
              -84.47734500029019,
              33.63324499974106
            ],
            [
              -84.49034499956873,
              33.63332399983511
            ],
            [
              -84.49776000024937,
              33.65660599998658
            ],
            [
              -84.5216159995993,
              33.65583500013547
            ],
            [
              -84.52275399977428,
              33.66489699975624
            ],
            [
              -84.50594599978554,
              33.715408000251934
            ],
            [
              -84.49642999955547,
              33.71911199985916
            ],
            [
              -84.50840999955814,
              33.73963100034478
            ],
            [
              -84.48189399971871,
              33.75481899976297
            ],
            [
              -84.48267899971626,
              33.766451999807494
            ],
            [
              -84.46446300011412,
              33.787511000265425
            ],
            [
              -84.45738399989246,
              33.78290599968398
            ],
            [
              -84.44907500033266,
              33.79450099991795
            ],
            [
              -84.42082000044373,
              33.78659099995088
            ],
            [
              -84.4240659998408,
              33.80110500006538
            ],
            [
              -84.40780600002316,
              33.803099999966335
            ],
            [
              -84.40761400040253,
              33.82030799980324
            ],
            [
              -84.38598599992531,
              33.81182400019032
            ],
            [
              -84.34849000016594,
              33.825123999869525
            ],
            [
              -84.34775299984896,
              33.92983600004415
            ],
            [
              -84.4034369996214,
              33.92811699965068
            ],
            [
              -84.40667500041921,
              33.91583600032695
            ],
            [
              -84.4470309997863,
              33.89982500024107
            ],
            [
              -84.46389700039968,
              33.90537499985308
            ],
            [
              -84.4667710002511,
              33.91803199965825
            ],
            [
              -84.48750699970233,
              33.91718600019552
            ],
            [
              -84.51497099974593,
              33.898605000324956
            ],
            [
              -84.54425800040293,
              33.921618999946276
            ],
            [
              -84.55761599988175,
              33.902206000363826
            ],
            [
              -84.57286800011912,
              33.89847800017458
            ],
            [
              -84.59366999969257,
              33.90193599967849
            ],
            [
              -84.59679600033739,
              33.91107700011443
            ],
            [
              -84.64580099992125,
              33.896722999889164
            ],
            [
              -84.72409399998702,
              33.90358299965462
            ],
            [
              -84.72411900010138,
              33.788604000098175
            ],
            [
              -84.76749399998317,
              33.78689499972005
            ],
            [
              -84.78082100039818,
              33.7595120000919
            ],
            [
              -84.77682799974004,
              33.72323100030459
            ],
            [
              -84.76213299989462,
              33.72793500007084
            ],
            [
              -84.76597900023965,
              33.71659499993187
            ],
            [
              -84.74748800027793,
              33.70845399979684
            ],
            [
              -84.76531600044085,
              33.702963999880204
            ],
            [
              -84.74924999989364,
              33.68831399963747
            ],
            [
              -84.74736799972901,
              33.67123400008614
            ],
            [
              -84.75880499958346,
              33.68219699967746
            ],
            [
              -84.76358999991183,
              33.672233999710194
            ],
            [
              -84.75235999974662,
              33.65858299968954
            ],
            [
              -84.76783799993976,
              33.643832999770304
            ],
            [
              -84.75292499963612,
              33.62869999988112
            ],
            [
              -84.82558499962681,
              33.56229999979133
            ],
            [
              -84.83305600038393,
              33.54574700002851
            ],
            [
              -84.81551799975091,
              33.52105299991618
            ],
            [
              -84.84960300025675,
              33.512680000216136
            ],
            [
              -84.85056900000428,
              33.511868000365574
            ]
          ]
        ]
      }
    },
    {
      "type": "Feature",
      "id": "us-cd:119:13:07",
      "properties": {
        "boundary_id": "us-cd:119:13:07",
        "boundary_type": "congressional_district",
        "name": "7",
        "stateFips": "13",
        "congress": 119,
        "district": "07",
        "bbox": [
          -84.44772799992032,
          33.90157000008515,
          -83.83286499962946,
          34.73489300002412
        ]
      },
      "geometry": {
        "type": "Polygon",
        "coordinates": [
          [
            [
              -84.44772799992032,
              33.9088450000812
            ],
            [
              -84.4426370001685,
              33.90157000008515
            ],
            [
              -84.40667500041921,
              33.91583600032695
            ],
            [
              -84.4034369996214,
              33.92811699965068
            ],
            [
              -84.34775299984896,
              33.92983600004415
            ],
            [
              -84.34741200026544,
              33.96810899987852
            ],
            [
              -84.28036799973312,
              33.95604500015731
            ],
            [
              -84.25808900005097,
              33.96818399992219
            ],
            [
              -84.26317499977992,
              33.98639300008791
            ],
            [
              -84.24831599990296,
              33.998262000112355
            ],
            [
              -84.21291900004317,
              34.00390000021434
            ],
            [
              -84.20440999956851,
              33.98974699992024
            ],
            [
              -84.19267399996333,
              33.990836000033106
            ],
            [
              -84.16897900027186,
              34.02839600030142
            ],
            [
              -84.11664999967647,
              34.03617700008995
            ],
            [
              -84.09763700038123,
              34.05026999990874
            ],
            [
              -84.11792699976861,
              34.06556400029647
            ],
            [
              -84.1101110001283,
              34.098045000176285
            ],
            [
              -84.08580899981621,
              34.148313999932064
            ],
            [
              -84.06218699991967,
              34.168540999668224
            ],
            [
              -83.9020790002065,
              34.11070400005067
            ],
            [
              -83.87801399972088,
              34.12338100003152
            ],
            [
              -83.88567299990068,
              34.14441000011438
            ],
            [
              -83.86558500017965,
              34.15184700021178
            ],
            [
              -83.85445399974863,
              34.18676699981884
            ],
            [
              -83.91873800023232,
              34.19995700002609
            ],
            [
              -83.89129599993005,
              34.25476899976908
            ],
            [
              -83.87299900013704,
              34.257356999989106
            ],
            [
              -83.8598290000809,
              34.274364000189145
            ],
            [
              -83.87739199992996,
              34.2799959998881
            ],
            [
              -83.86511999984924,
              34.28339599988091
            ],
            [
              -83.86449600040848,
              34.29543700005394
            ],
            [
              -83.88380099978178,
              34.301580999872456
            ],
            [
              -83.87985400005272,
              34.32189499983987
            ],
            [
              -83.90555399993245,
              34.3351170000793
            ],
            [
              -83.89691399993653,
              34.356209000345366
            ],
            [
              -83.87111600014751,
              34.37246799997427
            ],
            [
              -83.8765030001753,
              34.392540000010335
            ],
            [
              -83.93509299958623,
              34.44900300029436
            ],
            [
              -83.92068499979598,
              34.451126000072435
            ],
            [
              -83.93188599964887,
              34.4693449998188
            ],
            [
              -83.88762700003532,
              34.459936000262644
            ],
            [
              -83.88760399957079,
              34.46878799993386
            ],
            [
              -83.84331499982002,
              34.497021999646634
            ],
            [
              -83.84312999987209,
              34.51535700024625
            ],
            [
              -83.83286499962946,
              34.523524000223695
            ],
            [
              -83.85368200016987,
              34.55069300025125
            ],
            [
              -83.86444899965451,
              34.55059300020839
            ],
            [
              -83.8644560002255,
              34.615580999741184
            ],
            [
              -83.87741799986921,
              34.628660000256446
            ],
            [
              -83.87460699976698,
              34.67459300004848
            ],
            [
              -83.86050600012341,
              34.696191999767166
            ],
            [
              -83.85748699960871,
              34.72295299971683
            ],
            [
              -83.91823600009198,
              34.73489300002412
            ],
            [
              -83.91656599963947,
              34.727015000187095
            ],
            [
              -83.96429700040257,
              34.7270969998084
            ],
            [
              -83.98946400017981,
              34.707572999725215
            ],
            [
              -83.99469800004677,
              34.67821100005083
            ],
            [
              -84.02461199961925,
              34.67019700013144
            ],
            [
              -84.03650999960615,
              34.641934000177
            ],
            [
              -84.06765000011548,
              34.648003000260395
            ],
            [
              -84.07154800033905,
              34.657012999994706
            ],
            [
              -84.08848600002413,
              34.651271000013146
            ],
            [
              -84.12795699983457,
              34.66418400029228
            ],
            [
              -84.14632099957471,
              34.6465870001305
            ],
            [
              -84.15803500033691,
              34.64824300026541
            ],
            [
              -84.18855700035495,
              34.60269199985272
            ],
            [
              -84.19675399976177,
              34.61792399996356
            ],
            [
              -84.22390700035906,
              34.59699200017168
            ],
            [
              -84.25467700007421,
              34.597496000191626
            ],
            [
              -84.25511200026739,
              34.56833300005622
            ],
            [
              -84.29218299987934,
              34.56901199978506
            ],
            [
              -84.32871200006632,
              34.583623000340076
            ],
            [
              -84.33657799993533,
              34.579215999823724
            ],
            [
              -84.33150499972687,
              34.572529000350364
            ],
            [
              -84.34638899971819,
              34.56653900008661
            ],
            [
              -84.31967899970999,
              34.46785699998706
            ],
            [
              -84.25686700021043,
              34.467326999671265
            ],
            [
              -84.25758600008574,
              34.3809919996562
            ],
            [
              -84.41380599962108,
              34.377762999656596
            ],
            [
              -84.39894099989634,
              34.371272000155415
            ],
            [
              -84.40484699978293,
              34.364410999921425
            ],
            [
              -84.39809899999739,
              34.355107000352646
            ],
            [
              -84.40952599980609,
              34.36138400021034
            ],
            [
              -84.41838199971208,
              34.35398599967497
            ],
            [
              -84.40191400038029,
              34.33115699978891
            ],
            [
              -84.41101499961034,
              34.3361940001357
            ],
            [
              -84.41947200020647,
              34.32445899972003
            ],
            [
              -84.39344799956332,
              34.30198299998056
            ],
            [
              -84.40979699996774,
              34.29959900034366
            ],
            [
              -84.39747899985626,
              34.291934999831916
            ],
            [
              -84.40702400039865,
              34.277776000012665
            ],
            [
              -84.4313159997667,
              34.27712700032486
            ],
            [
              -84.40654599964947,
              34.24791299983847
            ],
            [
              -84.41117299979409,
              34.23837099995171
            ],
            [
              -84.39653200037533,
              34.212144000056966
            ],
            [
              -84.4220430001092,
              34.19572199967404
            ],
            [
              -84.44557299994422,
              34.19460199988894
            ],
            [
              -84.43513299979941,
              34.18220699973153
            ],
            [
              -84.44233800041776,
              34.167932999747016
            ],
            [
              -84.41568500031099,
              34.16919100002371
            ],
            [
              -84.42317100023841,
              34.13973399999981
            ],
            [
              -84.430872000251,
              34.139842999955206
            ],
            [
              -84.42684699980582,
              34.12493100027959
            ],
            [
              -84.38832000000158,
              34.11823899983722
            ],
            [
              -84.41842799974285,
              34.109042999965325
            ],
            [
              -84.41913400009767,
              34.055165999803194
            ],
            [
              -84.40214000033609,
              34.03512200030297
            ],
            [
              -84.40082899990877,
              34.008264999998104
            ],
            [
              -84.37511599961022,
              33.97854299972446
            ],
            [
              -84.44771399967661,
              33.90894200014144
            ],
            [
              -84.44772799992032,
              33.9088450000812
            ]
          ]
        ]
      }
    },
    {
      "type": "Feature",
      "id": "us-cd:119:13:08",
      "properties": {
        "boundary_id": "us-cd:119:13:08",
        "boundary_type": "congressional_district",
        "name": "8",
        "stateFips": "13",
        "congress": 119,
        "district": "08",
        "bbox": [
          -84.12427100022143,
          30.581766999740577,
          -82.4187930003933,
          33.202629000011825
        ]
      },
      "geometry": {
        "type": "Polygon",
        "coordinates": [
          [
            [
              -84.12427100022143,
              32.85251000008309
            ],
            [
              -83.97840899991678,
              32.84893599965026
            ],
            [
              -83.97810900034115,
              32.85713600015988
            ],
            [
              -83.96830900042895,
              32.85713600015988
            ],
            [
              -83.96842099968362,
              32.84885999977691
            ],
            [
              -83.89192199991892,
              32.84835100006966
            ],
            [
              -83.87275200026484,
              32.8594890002664
            ],
            [
              -83.83723499985615,
              32.83276199993908
            ],
            [
              -83.7895049998163,
              32.81787400027935
            ],
            [
              -83.76637599983928,
              32.819507999799534
            ],
            [
              -83.76978799981603,
              32.82939699985524
            ],
            [
              -83.74514300027059,
              32.83445700035316
            ],
            [
              -83.74445600018232,
              32.86106900024948
            ],
            [
              -83.70483399986084,
              32.8333599997104
            ],
            [
              -83.71135800023872,
              32.85816499979539
            ],
            [
              -83.66243499977229,
              32.85378199994175
            ],
            [
              -83.6625059999174,
              32.87321900023303
            ],
            [
              -83.64473499965588,
              32.87523500019699
            ],
            [
              -83.65860100002115,
              32.88783600023487
            ],
            [
              -83.59818700017192,
              32.88783600023487
            ],
            [
              -83.57863199965504,
              32.86514199999023
            ],
            [
              -83.56506999996172,
              32.877164000124125
            ],
            [
              -83.48942999981443,
              32.82405999995232
            ],
            [
              -83.49846099962258,
              32.815058000164086
            ],
            [
              -83.49293800005066,
              32.80514900031389
            ],
            [
              -83.57871500039403,
              32.73811800014661
            ],
            [
              -83.60235999985679,
              32.74126700013808
            ],
            [
              -83.59505200020459,
              32.73179699994652
            ],
            [
              -83.6041769997241,
              32.71726899989333
            ],
            [
              -83.5968349997367,
              32.71288399980209
            ],
            [
              -83.61156899994019,
              32.694878999890236
            ],
            [
              -83.59765599971927,
              32.664338000197695
            ],
            [
              -83.55577700021273,
              32.65251599999838
            ],
            [
              -83.54149699957067,
              32.620253999986026
            ],
            [
              -83.54897300035067,
              32.616360000169855
            ],
            [
              -83.53798300038498,
              32.60285100029929
            ],
            [
              -83.5367179999884,
              32.57463499974914
            ],
            [
              -83.62206599998639,
              32.58321599999073
            ],
            [
              -83.62102200042108,
              32.59782099986833
            ],
            [
              -83.65254799982145,
              32.61293700008144
            ],
            [
              -83.6448700002734,
              32.61828799986709
            ],
            [
              -83.68982799967078,
              32.61755000011694
            ],
            [
              -83.71857800002735,
              32.63141099985501
            ],
            [
              -83.7127299998671,
              32.61057699977338
            ],
            [
              -83.72313900004973,
              32.52112200032906
            ],
            [
              -83.74869699963925,
              32.5341569996465
            ],
            [
              -83.74900700015895,
              32.50524799969887
            ],
            [
              -83.78730700018248,
              32.512848000224686
            ],
            [
              -83.7877520004214,
              32.49652999985564
            ],
            [
              -83.79769399972551,
              32.496568000317794
            ],
            [
              -83.79771200016717,
              32.44699000013254
            ],
            [
              -83.82763699961032,
              32.43914799978401
            ],
            [
              -83.82778499974833,
              32.45755699980504
            ],
            [
              -83.84667599974316,
              32.468514000025145
            ],
            [
              -83.83671900037042,
              32.41466499984182
            ],
            [
              -83.83704099968739,
              32.382195000273896
            ],
            [
              -83.85654000012777,
              32.3823989996284
            ],
            [
              -83.85658699998343,
              32.35777400036146
            ],
            [
              -83.84683099955386,
              32.35773800007358
            ],
            [
              -83.84837899980764,
              32.290969999699435
            ],
            [
              -83.71843400008731,
              32.29016199969405
            ],
            [
              -83.71875899977732,
              32.28307399970835
            ],
            [
              -83.70032999973986,
              32.28258300036785
            ],
            [
              -83.70036200042523,
              32.28999099994359
            ],
            [
              -83.60639699999753,
              32.288434999710105
            ],
            [
              -83.6063679996852,
              32.251332999818004
            ],
            [
              -83.61580299972442,
              32.25119199964668
            ],
            [
              -83.60690699963546,
              32.237841999725376
            ],
            [
              -83.60966300038443,
              32.0279379996737
            ],
            [
              -83.96127799988787,
              32.03059500012298
            ],
            [
              -83.91930899996964,
              31.924629999843233
            ],
            [
              -83.93243299999506,
              31.897114999930846
            ],
            [
              -83.92652399973542,
              31.863291999909663
            ],
            [
              -83.96836700015525,
              31.833534000024322
            ],
            [
              -83.97688400012753,
              31.803328999619556
            ],
            [
              -84.00844499968802,
              31.801644999911424
            ],
            [
              -83.98639000031187,
              31.76542600013674
            ],
            [
              -84.0328800000695,
              31.71532100018079
            ],
            [
              -84.0124769998059,
              31.663518999955965
            ],
            [
              -84.01840399960888,
              31.650273999981444
            ],
            [
              -83.99337400009897,
              31.65003399974914
            ],
            [
              -84.01270100011189,
              31.624590000169356
            ],
            [
              -83.99624600030056,
              31.625169000175617
            ],
            [
              -83.9965669997926,
              31.563518000097975
            ],
            [
              -83.98160599980841,
              31.56332199984488
            ],
            [
              -83.98168100015148,
              31.551617000367255
            ],
            [
              -83.9966649997019,
              31.5516630002444
            ],
            [
              -83.99746800014111,
              31.476009999870616
            ],
            [
              -83.9824150000954,
              31.473490000109663
            ],
            [
              -83.98258199960165,
              31.4626780002631
            ],
            [
              -83.9976790000283,
              31.462773000069973
            ],
            [
              -84.00297700036766,
              31.111889999939446
            ],
            [
              -84.01373700017959,
              31.11184300013503
            ],
            [
              -84.01385099998242,
              31.10243599973459
            ],
            [
              -84.00320099977534,
              31.10234900026957
            ],
            [
              -84.00387600016803,
              31.041582000146786
            ],
            [
              -83.79573100026833,
              31.038732999814183
            ],
            [
              -83.79305099968737,
              31.0259509997704
            ],
            [
              -83.7811479996776,
              31.02584600019165
            ],
            [
              -83.78082999966027,
              31.03850199987836
            ],
            [
              -83.73615799959485,
              31.03767900027645
            ],
            [
              -83.7437289999111,
              30.658396000206245
            ],
            [
              -82.41891399986879,
              30.581766999740577
            ],
            [
              -82.4187930003933,
              30.613131999642338
            ],
            [
              -82.4308620000844,
              30.61284800007083
            ],
            [
              -82.43511199976216,
              30.71656599976065
            ],
            [
              -82.41999000011947,
              30.71663699982972
            ],
            [
              -82.42012800021173,
              30.729198000193307
            ],
            [
              -82.43524200035684,
              30.729148999661476
            ],
            [
              -82.43585199955388,
              30.820067999744595
            ],
            [
              -82.49547600028099,
              30.8195530000307
            ],
            [
              -82.49055799988324,
              30.96316600035048
            ],
            [
              -82.52012400019949,
              30.96313199990653
            ],
            [
              -82.55059000014103,
              31.00085600016958
            ],
            [
              -82.59207100016262,
              31.018487000358576
            ],
            [
              -82.68970499958671,
              31.221379000292774
            ],
            [
              -82.70105000027796,
              31.223216999859
            ],
            [
              -82.69920599974816,
              31.27810400018559
            ],
            [
              -82.66376799988049,
              31.28808100024893
            ],
            [
              -82.62962200017358,
              31.27472600026396
            ],
            [
              -82.62818100004993,
              31.469351000191473
            ],
            [
              -82.59750900024406,
              31.469293000306802
            ],
            [
              -82.59628300020553,
              31.5578990003072
            ],
            [
              -82.62827300011143,
              31.558329000040068
            ],
            [
              -82.6273419996257,
              31.672672000237835
            ],
            [
              -82.52139299989571,
              31.672512000237827
            ],
            [
              -82.52056699989028,
              31.73620099974838
            ],
            [
              -82.55071399998958,
              31.736334000283737
            ],
            [
              -82.55069100042337,
              31.749111999890268
            ],
            [
              -82.52015799963635,
              31.749190000077757
            ],
            [
              -82.52025100042108,
              31.838388000218025
            ],
            [
              -82.4313619996766,
              31.837992999882058
            ],
            [
              -82.431530999731,
              31.966182000035573
            ],
            [
              -82.49187400033341,
              31.968539999634693
            ],
            [
              -82.49913000010709,
              31.957208000151496
            ],
            [
              -82.4799110000492,
              31.955786999624127
            ],
            [
              -82.4923170000242,
              31.94861600017709
            ],
            [
              -82.53309699971383,
              31.961350999703566
            ],
            [
              -82.56335599996615,
              31.957585999815
            ],
            [
              -82.59475699969308,
              31.931584999875824
            ],
            [
              -82.60245699988074,
              31.938083999635463
            ],
            [
              -82.64565900040849,
              31.91888299963245
            ],
            [
              -82.69517799982826,
              31.956882999666856
            ],
            [
              -82.72542899968462,
              32.004472000358234
            ],
            [
              -82.78288300036701,
              32.01976799975144
            ],
            [
              -82.80805299961904,
              32.049539999861814
            ],
            [
              -82.88765700011214,
              32.079890999919854
            ],
            [
              -82.91465099980243,
              32.12324099968052
            ],
            [
              -82.94024199990224,
              32.12489200006676
            ],
            [
              -82.87178999975654,
              32.18272999977936
            ],
            [
              -82.88696400017609,
              32.19797399988888
            ],
            [
              -82.99096700016734,
              32.1472740003545
            ],
            [
              -82.99410499960942,
              32.152798999902515
            ],
            [
              -83.22653599992766,
              32.58420099994721
            ],
            [
              -82.9570659997845,
              32.70831800026568
            ],
            [
              -82.94726300039758,
              32.73655400024793
            ],
            [
              -82.94696499957344,
              32.75945699984462
            ],
            [
              -82.9601620002921,
              32.759961000196945
            ],
            [
              -82.95425800005533,
              32.801560000355295
            ],
            [
              -82.97185799971432,
              32.82306599979364
            ],
            [
              -82.97056300007881,
              32.83515499987159
            ],
            [
              -82.98896700000195,
              32.85265500020535
            ],
            [
              -83.02703600004678,
              32.856133000230415
            ],
            [
              -83.03780000005666,
              32.88048500014705
            ],
            [
              -83.0489189998938,
              32.88281000015307
            ],
            [
              -83.04641900013618,
              32.905357999920355
            ],
            [
              -83.06289999988677,
              32.91967999968353
            ],
            [
              -83.06110200028606,
              32.934590000186674
            ],
            [
              -83.07132599962246,
              32.93307600029678
            ],
            [
              -83.069265000256,
              32.972069000244964
            ],
            [
              -83.04884400044904,
              32.98638299969207
            ],
            [
              -83.06771299980424,
              33.02737099962929
            ],
            [
              -83.04432699990927,
              33.06401399974361
            ],
            [
              -83.05219699997627,
              33.080681999833914
            ],
            [
              -83.10284299970034,
              33.051366000249104
            ],
            [
              -83.11882899988159,
              33.08706600016536
            ],
            [
              -83.09750699972614,
              33.15140999986309
            ],
            [
              -83.29110400009351,
              33.19040000005443
            ],
            [
              -83.30379799994861,
              33.18076499986067
            ],
            [
              -83.31867100006927,
              33.18336599986
            ],
            [
              -83.3182230003556,
              33.16956299971774
            ],
            [
              -83.3282550000714,
              33.1751290000207
            ],
            [
              -83.33061799956164,
              33.16749100028747
            ],
            [
              -83.35440900041088,
              33.17977000032714
            ],
            [
              -83.36358800035707,
              33.1799049997249
            ],
            [
              -83.36323600000456,
              33.16905500003999
            ],
            [
              -83.37425199990953,
              33.171967000375695
            ],
            [
              -83.38808099956655,
              33.18558900017924
            ],
            [
              -83.41806700000738,
              33.17730599997411
            ],
            [
              -83.43684400019941,
              33.18583699971714
            ],
            [
              -83.81604800031823,
              33.131816000215174
            ],
            [
              -83.82226100035146,
              33.180237999756
            ],
            [
              -83.8428699995811,
              33.19687299977669
            ],
            [
              -84.04149800032413,
              33.202629000011825
            ],
            [
              -84.04411299970944,
              32.94787399974304
            ],
            [
              -84.05357799988589,
              32.948031000146436
            ],
            [
              -84.05417499956248,
              32.931496999965894
            ],
            [
              -84.1233399997357,
              32.93218399972269
            ],
            [
              -84.12427100022143,
              32.852697000035164
            ],
            [
              -84.12427100022143,
              32.85251000008309
            ]
          ]
        ]
      }
    },
    {
      "type": "Feature",
      "id": "us-cd:119:13:09",
      "properties": {
        "boundary_id": "us-cd:119:13:09",
        "boundary_type": "congressional_district",
        "name": "9",
        "stateFips": "13",
        "congress": 119,
        "district": "09",
        "bbox": [
          -84.65709800003361,
          33.92325499974244,
          -83.09824400004311,
          35.00130300022481
        ]
      },
      "geometry": {
        "type": "Polygon",
        "coordinates": [
          [
            [
              -84.65709800003361,
              34.728904999727014
            ],
            [
              -84.6540559999527,
              34.548951000340374
            ],
            [
              -84.52138999964349,
              34.550463000268934
            ],
            [
              -84.50260999997677,
              34.563680999963196
            ],
            [
              -84.50281199964313,
              34.55047599990208
            ],
            [
              -84.47672699979893,
              34.55012799968812
            ],
            [
              -84.48579799979005,
              34.563267000105704
            ],
            [
              -84.4679889998937,
              34.563488000268165
            ],
            [
              -84.46786300039533,
              34.54996700022779
            ],
            [
              -84.43242700017748,
              34.54944100004477
            ],
            [
              -84.428712000252,
              34.55749499984177
            ],
            [
              -84.42455600028559,
              34.54933199999465
            ],
            [
              -84.37135200017926,
              34.54849500033677
            ],
            [
              -84.37149600011932,
              34.56291199972675
            ],
            [
              -84.345552999667,
              34.56273500016153
            ],
            [
              -84.32871200006632,
              34.583623000340076
            ],
            [
              -84.29218299987934,
              34.56901199978506
            ],
            [
              -84.25511200026739,
              34.56833300005622
            ],
            [
              -84.25467700007421,
              34.597496000191626
            ],
            [
              -84.22390700035906,
              34.59699200017168
            ],
            [
              -84.19675399976177,
              34.61792399996356
            ],
            [
              -84.18855700035495,
              34.60269199985272
            ],
            [
              -84.15803500033691,
              34.64824300026541
            ],
            [
              -84.14584299972383,
              34.64684300029567
            ],
            [
              -84.13639099996617,
              34.6612969996443
            ],
            [
              -84.08848600002413,
              34.651271000013146
            ],
            [
              -84.07154800033905,
              34.657012999994706
            ],
            [
              -84.06765000011548,
              34.648003000260395
            ],
            [
              -84.03650999960615,
              34.641934000177
            ],
            [
              -84.02461199961925,
              34.67019700013144
            ],
            [
              -83.99469800004677,
              34.67821100005083
            ],
            [
              -83.98946400017981,
              34.707572999725215
            ],
            [
              -83.96429700040257,
              34.7270969998084
            ],
            [
              -83.91656599963947,
              34.727015000187095
            ],
            [
              -83.91823600009198,
              34.73489300002412
            ],
            [
              -83.85748699960871,
              34.72295299971683
            ],
            [
              -83.86050600012341,
              34.696191999767166
            ],
            [
              -83.87460699976698,
              34.67459300004848
            ],
            [
              -83.87741799986921,
              34.628660000256446
            ],
            [
              -83.8644560002255,
              34.615580999741184
            ],
            [
              -83.86444899965451,
              34.55059300020839
            ],
            [
              -83.85368200016987,
              34.55069300025125
            ],
            [
              -83.83286499962946,
              34.523524000223695
            ],
            [
              -83.84312999987209,
              34.51535700024625
            ],
            [
              -83.84331499982002,
              34.497021999646634
            ],
            [
              -83.88760399957079,
              34.46878799993386
            ],
            [
              -83.88762700003532,
              34.459936000262644
            ],
            [
              -83.93188599964887,
              34.4693449998188
            ],
            [
              -83.92068499979598,
              34.451126000072435
            ],
            [
              -83.93509299958623,
              34.44900300029436
            ],
            [
              -83.874354000047,
              34.38711300021313
            ],
            [
              -83.87111600014751,
              34.37246799997427
            ],
            [
              -83.89691399993653,
              34.356209000345366
            ],
            [
              -83.90555399993245,
              34.3351170000793
            ],
            [
              -83.87985400005272,
              34.32189499983987
            ],
            [
              -83.88380099978178,
              34.301580999872456
            ],
            [
              -83.86449600040848,
              34.29543700005394
            ],
            [
              -83.86511999984924,
              34.28339599988091
            ],
            [
              -83.87739199992996,
              34.2799959998881
            ],
            [
              -83.85979800011874,
              34.274492000357256
            ],
            [
              -83.87299900013704,
              34.257356999989106
            ],
            [
              -83.89129599993005,
              34.25476899976908
            ],
            [
              -83.91873800023232,
              34.19995700002609
            ],
            [
              -83.89800500025584,
              34.19128000033601
            ],
            [
              -83.85846900014808,
              34.19349199987404
            ],
            [
              -83.86393700036675,
              34.15580500028016
            ],
            [
              -83.88567299990068,
              34.14441000011438
            ],
            [
              -83.87801399972088,
              34.12338100003152
            ],
            [
              -83.9020790002065,
              34.11070400005067
            ],
            [
              -84.05400600040639,
              34.16618299966991
            ],
            [
              -84.0739669999058,
              34.164034999898014
            ],
            [
              -84.1178630001945,
              34.067439000166345
            ],
            [
              -84.09766900016827,
              34.05004799990843
            ],
            [
              -84.12022099966188,
              34.028868999802356
            ],
            [
              -84.08918999983084,
              34.03259300012887
            ],
            [
              -84.09859800010587,
              34.02711599974711
            ],
            [
              -84.09673500020779,
              34.016738000142986
            ],
            [
              -84.07397699995154,
              34.00124999978284
            ],
            [
              -84.0840420001776,
              33.987431999886205
            ],
            [
              -84.0605609998481,
              33.960496999680885
            ],
            [
              -84.03712300007457,
              33.95905199971542
            ],
            [
              -84.00720000028124,
              33.97280300018668
            ],
            [
              -84.00779199993495,
              33.965593999704836
            ],
            [
              -83.95554699990346,
              33.932071999750896
            ],
            [
              -83.93347499991054,
              33.93510899968693
            ],
            [
              -83.91661900024124,
              33.92325499974244
            ],
            [
              -83.91993199958547,
              33.943649999645935
            ],
            [
              -83.90555399993245,
              33.942405999880975
            ],
            [
              -83.90843799982962,
              33.965554000061076
            ],
            [
              -83.92692600031664,
              33.96240299971405
            ],
            [
              -83.92554600029233,
              33.974835999823725
            ],
            [
              -83.93918699962838,
              33.978601000324986
            ],
            [
              -83.90797599987226,
              33.99625099971194
            ],
            [
              -83.91060799987434,
              34.01483500023519
            ],
            [
              -83.86487399980193,
              34.013481999753544
            ],
            [
              -83.81688699984413,
              34.12743399983084
            ],
            [
              -83.81506999997683,
              34.113575999690575
            ],
            [
              -83.79227099971268,
              34.10035399982463
            ],
            [
              -83.79078699993131,
              34.08688399997229
            ],
            [
              -83.76383900027174,
              34.06468299966164
            ],
            [
              -83.73360400030889,
              34.06730300005371
            ],
            [
              -83.70917999979807,
              34.04512699976735
            ],
            [
              -83.69459499955748,
              34.05625500034437
            ],
            [
              -83.68509699976907,
              34.04691799987746
            ],
            [
              -83.65727200005045,
              34.053379000204785
            ],
            [
              -83.64875799955291,
              34.04589799981368
            ],
            [
              -83.61464700000612,
              34.0471610002283
            ],
            [
              -83.6005379999666,
              34.035299999803385
            ],
            [
              -83.57373900026995,
              34.03931300034671
            ],
            [
              -83.53689999956327,
              33.966177999960934
            ],
            [
              -83.4982430000627,
              33.98752899980404
            ],
            [
              -83.50305400033034,
              33.999576999920755
            ],
            [
              -83.4844729999569,
              33.99282699964349
            ],
            [
              -83.38395700028549,
              34.031017000065766
            ],
            [
              -83.3929629999793,
              34.033721000050285
            ],
            [
              -83.38442199971759,
              34.038531000000354
            ],
            [
              -83.35949500013983,
              34.04028799974696
            ],
            [
              -83.38690999977962,
              34.0501530002023
            ],
            [
              -83.37491600043158,
              34.071262000069424
            ],
            [
              -83.38136499956806,
              34.07853900013432
            ],
            [
              -83.3570509995604,
              34.116199000236634
            ],
            [
              -83.36154800000868,
              34.158347999927486
            ],
            [
              -83.40242800015575,
              34.19749900003632
            ],
            [
              -83.36490899993183,
              34.211436999786415
            ],
            [
              -83.33791199986845,
              34.2613959999959
            ],
            [
              -83.39391500038144,
              34.324801000023655
            ],
            [
              -83.37971099990739,
              34.410687999707804
            ],
            [
              -83.39804899970824,
              34.46099800009316
            ],
            [
              -83.37305400035842,
              34.47021599987948
            ],
            [
              -83.17783799959216,
              34.47701700015882
            ],
            [
              -83.10367299990372,
              34.53661699991722
            ],
            [
              -83.12290399965717,
              34.560116999860966
            ],
            [
              -83.13987599967746,
              34.56179900024813
            ],
            [
              -83.14317600039954,
              34.57339899982987
            ],
            [
              -83.15897699973456,
              34.57929900004766
            ],
            [
              -83.15457700026897,
              34.588198000355106
            ],
            [
              -83.17027800004487,
              34.59239799993784
            ],
            [
              -83.1596770002416,
              34.603297999763534
            ],
            [
              -83.23257999990653,
              34.61159699989288
            ],
            [
              -83.25388100014558,
              34.63669600017502
            ],
            [
              -83.29318299990163,
              34.654295999856
            ],
            [
              -83.30464099967249,
              34.6695610000901
            ],
            [
              -83.34052700015211,
              34.68073600020544
            ],
            [
              -83.34013399979173,
              34.69148299994583
            ],
            [
              -83.35392800018695,
              34.69947799972128
            ],
            [
              -83.34664899994877,
              34.70421999973133
            ],
            [
              -83.3533249997643,
              34.72869099973299
            ],
            [
              -83.31874800006216,
              34.757626000261595
            ],
            [
              -83.32414199976266,
              34.78924599967213
            ],
            [
              -83.30084200008142,
              34.80434400013939
            ],
            [
              -83.30606099987975,
              34.816047999911376
            ],
            [
              -83.29514299988408,
              34.81322500017584
            ],
            [
              -83.28903199995807,
              34.82464600010411
            ],
            [
              -83.27088199957986,
              34.81858799992007
            ],
            [
              -83.26719599996672,
              34.84846899965082
            ],
            [
              -83.24892699976282,
              34.84514100026016
            ],
            [
              -83.24809200043485,
              34.865577000061634
            ],
            [
              -83.23470300009558,
              34.870742999997255
            ],
            [
              -83.24299599976186,
              34.87753699963637
            ],
            [
              -83.2201310002738,
              34.87803600015138
            ],
            [
              -83.21402700002051,
              34.8885690000255
            ],
            [
              -83.20526099962788,
              34.88016500019668
            ],
            [
              -83.20353699964699,
              34.89345199993803
            ],
            [
              -83.19718200022183,
              34.89059400019833
            ],
            [
              -83.16860699976745,
              34.919355000329745
            ],
            [
              -83.15698999998794,
              34.91512300036783
            ],
            [
              -83.15689100025375,
              34.93076700000863
            ],
            [
              -83.14151799964257,
              34.924514999659635
            ],
            [
              -83.12731200041699,
              34.93863300002058
            ],
            [
              -83.11175499968282,
              34.9349630001828
            ],
            [
              -83.127052000126,
              34.95423899976023
            ],
            [
              -83.11411999972121,
              34.9501840001527
            ],
            [
              -83.12197899991754,
              34.96475699970598
            ],
            [
              -83.09824400004311,
              34.990916999683854
            ],
            [
              -83.11060999983516,
              35.00130300022481
            ],
            [
              -83.61995000036833,
              34.9866690003375
            ],
            [
              -84.62148299971564,
              34.98832900021907
            ],
            [
              -84.62275200031016,
              34.85713100029272
            ],
            [
              -84.58219500020328,
              34.8245920002789
            ],
            [
              -84.60974899976026,
              34.790936999756596
            ],
            [
              -84.64135299987677,
              34.77770699985323
            ],
            [
              -84.6389889996633,
              34.754429999802845
            ],
            [
              -84.65671899991692,
              34.72958799974847
            ],
            [
              -84.65709800003361,
              34.728904999727014
            ]
          ]
        ]
      }
    },
    {
      "type": "Feature",
      "id": "us-cd:119:13:10",
      "properties": {
        "boundary_id": "us-cd:119:13:10",
        "boundary_type": "congressional_district",
        "name": "10",
        "stateFips": "13",
        "congress": 119,
        "district": "10",
        "bbox": [
          -84.24924499984054,
          33.04984899965151,
          -82.56446200035406,
          34.53661699991722
        ]
      },
      "geometry": {
        "type": "Polygon",
        "coordinates": [
          [
            [
              -84.24924499984054,
              33.3529080001653
            ],
            [
              -84.24726899996459,
              33.33581300012043
            ],
            [
              -84.15058100019654,
              33.33563900018258
            ],
            [
              -84.1509090002596,
              33.31298199993783
            ],
            [
              -84.1031270003412,
              33.29898500002755
            ],
            [
              -84.0889909996392,
              33.2856460002587
            ],
            [
              -84.12262300040854,
              33.25266799982043
            ],
            [
              -84.12376700043126,
              33.20282400030396
            ],
            [
              -83.8428699995811,
              33.19687299977669
            ],
            [
              -83.82226100035146,
              33.180237999756
            ],
            [
              -83.81604800031823,
              33.131816000215174
            ],
            [
              -83.43907299979534,
              33.18562999968441
            ],
            [
              -83.41806700000738,
              33.17730599997411
            ],
            [
              -83.38808099956655,
              33.18558900017924
            ],
            [
              -83.37425199990953,
              33.171967000375695
            ],
            [
              -83.36323600000456,
              33.16905500003999
            ],
            [
              -83.36358800035707,
              33.1799049997249
            ],
            [
              -83.35440900041088,
              33.17977000032714
            ],
            [
              -83.33061799956164,
              33.16749100028747
            ],
            [
              -83.3282550000714,
              33.1751290000207
            ],
            [
              -83.3182230003556,
              33.16956299971774
            ],
            [
              -83.31820099971598,
              33.183526999911614
            ],
            [
              -83.26273799987649,
              33.18912700003714
            ],
            [
              -83.0975960003129,
              33.15151400025659
            ],
            [
              -83.11882899988159,
              33.08706600016536
            ],
            [
              -83.1008340002124,
              33.04984899965151
            ],
            [
              -83.0517219996001,
              33.08086599963134
            ],
            [
              -83.00874000007869,
              33.08084899991572
            ],
            [
              -82.9701379999314,
              33.109280000239806
            ],
            [
              -82.94992800001164,
              33.107753000045456
            ],
            [
              -82.90099799987252,
              33.12853699984172
            ],
            [
              -82.85454400009989,
              33.19679000022798
            ],
            [
              -82.83204699995954,
              33.201993999808685
            ],
            [
              -82.77799500010649,
              33.238427999709344
            ],
            [
              -82.74831099978945,
              33.23834799988396
            ],
            [
              -82.74696900029831,
              33.247515000009564
            ],
            [
              -82.78561900012618,
              33.26797000008818
            ],
            [
              -82.78163499968888,
              33.3057050003015
            ],
            [
              -82.79578399991135,
              33.31540499995516
            ],
            [
              -82.78900500016367,
              33.31909099996165
            ],
            [
              -82.79946299985181,
              33.33079499980954
            ],
            [
              -82.7974629996864,
              33.3562799999086
            ],
            [
              -82.82176099980053,
              33.3738420001625
            ],
            [
              -82.81788699986642,
              33.3872649997364
            ],
            [
              -82.82802999991029,
              33.392992000017344
            ],
            [
              -82.82264500043061,
              33.42590499991116
            ],
            [
              -82.84640500041938,
              33.435906999858915
            ],
            [
              -82.8666050002934,
              33.46659900006088
            ],
            [
              -82.82463100035231,
              33.502156000005805
            ],
            [
              -82.81531500013877,
              33.52113699988399
            ],
            [
              -82.78760500004789,
              33.510700000026986
            ],
            [
              -82.74733900019416,
              33.51171000010303
            ],
            [
              -82.74069900036363,
              33.52838500023941
            ],
            [
              -82.72240099984744,
              33.538818000275725
            ],
            [
              -82.72388200015408,
              33.55541600004706
            ],
            [
              -82.70422799990298,
              33.58921199972736
            ],
            [
              -82.67997499999471,
              33.59979199998149
            ],
            [
              -82.692266000342,
              33.619995999988426
            ],
            [
              -82.71709900020842,
              33.60695500013057
            ],
            [
              -82.71932399960642,
              33.61521800037162
            ],
            [
              -82.74533400000587,
              33.611300999866
            ],
            [
              -82.812957999598,
              33.65583599986528
            ],
            [
              -82.8491319999577,
              33.63975299988794
            ],
            [
              -82.8693360000297,
              33.64240399978115
            ],
            [
              -82.87944899993634,
              33.62041000033426
            ],
            [
              -82.93824599993481,
              33.714706999809394
            ],
            [
              -82.89444400025575,
              33.73441799981594
            ],
            [
              -82.88492800002567,
              33.72241299995823
            ],
            [
              -82.86553099969254,
              33.7260209996601
            ],
            [
              -82.8658219999457,
              33.74557199975442
            ],
            [
              -82.82796799998602,
              33.75788000019748
            ],
            [
              -82.81196699973611,
              33.77608700023744
            ],
            [
              -82.8239330003934,
              33.7829390002028
            ],
            [
              -82.81261500036463,
              33.798023000258276
            ],
            [
              -82.81136199966365,
              33.828656999658506
            ],
            [
              -82.80367499989474,
              33.834739000071075
            ],
            [
              -82.79245499977527,
              33.810520999773544
            ],
            [
              -82.77960899958421,
              33.81279999999048
            ],
            [
              -82.72867499998004,
              33.85994400004387
            ],
            [
              -82.72694199977833,
              33.87385900004508
            ],
            [
              -82.74137700023107,
              33.88088999964557
            ],
            [
              -82.76780299965883,
              33.94016500029715
            ],
            [
              -82.77093900034937,
              33.972636000358406
            ],
            [
              -82.65620300031036,
              33.9914019998299
            ],
            [
              -82.63936500018438,
              33.97275100013704
            ],
            [
              -82.60969500011106,
              33.98150599977299
            ],
            [
              -82.56446200035406,
              33.9557279999634
            ],
            [
              -82.5802700002601,
              33.98129399969881
            ],
            [
              -82.57538600019751,
              33.99189899983781
            ],
            [
              -82.5889589997615,
              34.00051199975927
            ],
            [
              -82.59473400012685,
              34.02966700017838
            ],
            [
              -82.64288299956806,
              34.07084300011397
            ],
            [
              -82.64241599958781,
              34.09326400028226
            ],
            [
              -82.67698499979234,
              34.1314250002252
            ],
            [
              -82.71745900005853,
              34.15054600037001
            ],
            [
              -82.74187500017344,
              34.21020900035433
            ],
            [
              -82.74681100011455,
              34.26658800011305
            ],
            [
              -82.78212799960838,
              34.2982780002757
            ],
            [
              -82.7944700000093,
              34.34037899964545
            ],
            [
              -82.83445700020377,
              34.36522100024025
            ],
            [
              -82.85883700033368,
              34.455220000111225
            ],
            [
              -82.88739799964604,
              34.480959000138405
            ],
            [
              -82.96424100026564,
              34.48457100008658
            ],
            [
              -82.99919500043463,
              34.47244699976966
            ],
            [
              -83.03456499963191,
              34.483570999971555
            ],
            [
              -83.05509199974408,
              34.50316200018017
            ],
            [
              -83.07153300021002,
              34.50334899975064
            ],
            [
              -83.08724200038183,
              34.516182000177416
            ],
            [
              -83.07826199972897,
              34.52523899977554
            ],
            [
              -83.10367299990372,
              34.53661699991722
            ],
            [
              -83.17783799959216,
              34.47701700015882
            ],
            [
              -83.37305400035842,
              34.47021599987948
            ],
            [
              -83.39804899970824,
              34.46099800009316
            ],
            [
              -83.37971099990739,
              34.410687999707804
            ],
            [
              -83.39391500038144,
              34.324801000023655
            ],
            [
              -83.33791199986845,
              34.2613959999959
            ],
            [
              -83.36490899993183,
              34.211436999786415
            ],
            [
              -83.40242800015575,
              34.19749900003632
            ],
            [
              -83.36154800000868,
              34.158347999927486
            ],
            [
              -83.3570509995604,
              34.116199000236634
            ],
            [
              -83.38136499956806,
              34.07853900013432
            ],
            [
              -83.37491600043158,
              34.071262000069424
            ],
            [
              -83.38690999977962,
              34.0501530002023
            ],
            [
              -83.35949500013983,
              34.04028799974696
            ],
            [
              -83.38442199971759,
              34.038531000000354
            ],
            [
              -83.3929629999793,
              34.033721000050285
            ],
            [
              -83.38395700028549,
              34.031017000065766
            ],
            [
              -83.4844729999569,
              33.99282699964349
            ],
            [
              -83.50305400033034,
              33.999576999920755
            ],
            [
              -83.4982430000627,
              33.98752899980404
            ],
            [
              -83.53689999956327,
              33.966177999960934
            ],
            [
              -83.57373900026995,
              34.03931300034671
            ],
            [
              -83.6005379999666,
              34.035299999803385
            ],
            [
              -83.61464700000612,
              34.0471610002283
            ],
            [
              -83.64875799955291,
              34.04589799981368
            ],
            [
              -83.65727200005045,
              34.053379000204785
            ],
            [
              -83.68509699976907,
              34.04691799987746
            ],
            [
              -83.69459499955748,
              34.05625500034437
            ],
            [
              -83.70917999979807,
              34.04512699976735
            ],
            [
              -83.73360400030889,
              34.06730300005371
            ],
            [
              -83.76383900027174,
              34.06468299966164
            ],
            [
              -83.79078699993131,
              34.08688399997229
            ],
            [
              -83.79227099971268,
              34.10035399982463
            ],
            [
              -83.81506999997683,
              34.113575999690575
            ],
            [
              -83.81768199988743,
              34.12749299995156
            ],
            [
              -83.86487399980193,
              34.013481999753544
            ],
            [
              -83.91060799987434,
              34.01483500023519
            ],
            [
              -83.90797599987226,
              33.99625099971194
            ],
            [
              -83.93918699962838,
              33.978601000324986
            ],
            [
              -83.92554600029233,
              33.974835999823725
            ],
            [
              -83.92692600031664,
              33.96240299971405
            ],
            [
              -83.90843799982962,
              33.965554000061076
            ],
            [
              -83.91101399975523,
              33.94572199999015
            ],
            [
              -83.88126900023713,
              33.90751200000769
            ],
            [
              -83.84318400029876,
              33.89477499998262
            ],
            [
              -83.98220099983514,
              33.78615999989718
            ],
            [
              -83.91482300029031,
              33.74420300008983
            ],
            [
              -83.91324700044744,
              33.712583000113895
            ],
            [
              -83.92523999997057,
              33.71018299999788
            ],
            [
              -83.9181230001141,
              33.689489999831096
            ],
            [
              -83.93138199985871,
              33.6503599996437
            ],
            [
              -83.92492699997614,
              33.6328770003361
            ],
            [
              -83.91494700013888,
              33.64252300032182
            ],
            [
              -83.90250699982867,
              33.62704999967225
            ],
            [
              -83.90715300023987,
              33.64086899981361
            ],
            [
              -83.8877869998689,
              33.65998200009982
            ],
            [
              -83.88603600012384,
              33.630661999903495
            ],
            [
              -83.85847900019381,
              33.6388780003474
            ],
            [
              -83.84861800018224,
              33.65428499967395
            ],
            [
              -83.83588699961891,
              33.647266999737084
            ],
            [
              -83.82517200001281,
              33.61257100031835
            ],
            [
              -83.80409300042992,
              33.610640000222965
            ],
            [
              -83.82260600013298,
              33.55736300014138
            ],
            [
              -83.83075999988209,
              33.54905999984773
            ],
            [
              -83.83929199992298,
              33.557007999653706
            ],
            [
              -83.8472130000436,
              33.55191600034794
            ],
            [
              -83.85205899957302,
              33.527944000324084
            ],
            [
              -83.87340599984282,
              33.5383200002821
            ],
            [
              -83.8910749999971,
              33.517807999762745
            ],
            [
              -83.9510579998511,
              33.530570999773204
            ],
            [
              -83.95475799970795,
              33.547783000132576
            ],
            [
              -84.03211699981327,
              33.53940800025064
            ],
            [
              -84.05561900005918,
              33.52618700028622
            ],
            [
              -84.04992300023488,
              33.5412900002993
            ],
            [
              -84.09747099980156,
              33.560009000297725
            ],
            [
              -84.1064580001271,
              33.52494400011778
            ],
            [
              -84.10987500012675,
              33.53423099977176
            ],
            [
              -84.1389490003484,
              33.53324200004986
            ],
            [
              -84.14419300026111,
              33.49121000010474
            ],
            [
              -84.21714199995677,
              33.482323999800464
            ],
            [
              -84.18138799972161,
              33.4274609997015
            ],
            [
              -84.2154699998544,
              33.4058679999718
            ],
            [
              -84.21938499979642,
              33.377607000266686
            ],
            [
              -84.24526600032445,
              33.37252400017988
            ],
            [
              -84.2491920001371,
              33.35307000033753
            ],
            [
              -84.24924499984054,
              33.3529080001653
            ]
          ]
        ]
      }
    },
    {
      "type": "Feature",
      "id": "us-cd:119:13:11",
      "properties": {
        "boundary_id": "us-cd:119:13:11",
        "boundary_type": "congressional_district",
        "name": "11",
        "stateFips": "13",
        "congress": 119,
        "district": "11",
        "bbox": [
          -85.1123270002642,
          33.898605000324956,
          -84.25686700021043,
          34.63406100028854
        ]
      },
      "geometry": {
        "type": "Polygon",
        "coordinates": [
          [
            [
              -85.1123270002642,
              34.461932999833174
            ],
            [
              -85.08831500038033,
              34.427233000201646
            ],
            [
              -85.10687599976397,
              34.4161339998095
            ],
            [
              -85.10444399977843,
              34.40427800035358
            ],
            [
              -85.00577500011154,
              34.392445999959186
            ],
            [
              -85.00523500033636,
              34.34707999997645
            ],
            [
              -85.02310199995904,
              34.347111999775926
            ],
            [
              -85.02389100015455,
              34.25828900000467
            ],
            [
              -85.01552800016805,
              34.258205999795166
            ],
            [
              -85.02394700023105,
              34.25120100008123
            ],
            [
              -85.02381300033673,
              34.21338500033525
            ],
            [
              -85.04465799956792,
              34.21362200019252
            ],
            [
              -85.04704600007084,
              34.08288100026343
            ],
            [
              -84.63652999991356,
              34.07792499995434
            ],
            [
              -84.61809800040136,
              34.065477999704555
            ],
            [
              -84.61289600032148,
              34.01318899990139
            ],
            [
              -84.61714599999924,
              33.997702999812645
            ],
            [
              -84.62757699992318,
              33.99778899986905
            ],
            [
              -84.64412499962093,
              33.97857000027865
            ],
            [
              -84.63269100013954,
              33.96125899964612
            ],
            [
              -84.64911699963854,
              33.953195999809175
            ],
            [
              -84.6052880001953,
              33.94203000002387
            ],
            [
              -84.60130399975802,
              33.92068200028721
            ],
            [
              -84.58833299989347,
              33.930302000115354
            ],
            [
              -84.59366999969257,
              33.90193599967849
            ],
            [
              -84.55761599988175,
              33.902206000363826
            ],
            [
              -84.54425800040293,
              33.921618999946276
            ],
            [
              -84.51497099974593,
              33.898605000324956
            ],
            [
              -84.48750699970233,
              33.91718600019552
            ],
            [
              -84.4667710002511,
              33.91803199965825
            ],
            [
              -84.46389700039968,
              33.90537499985308
            ],
            [
              -84.4470309997863,
              33.89982500024107
            ],
            [
              -84.43688000024483,
              33.92257999987282
            ],
            [
              -84.3832450001433,
              33.96340399972586
            ],
            [
              -84.37487299993597,
              33.98697699976139
            ],
            [
              -84.40082899990877,
              34.008264999998104
            ],
            [
              -84.40214000033609,
              34.03512200030297
            ],
            [
              -84.41913400009767,
              34.055165999803194
            ],
            [
              -84.41842799974285,
              34.109042999965325
            ],
            [
              -84.38832000000158,
              34.11823899983722
            ],
            [
              -84.42684699980582,
              34.12493100027959
            ],
            [
              -84.430872000251,
              34.139842999955206
            ],
            [
              -84.42317100023841,
              34.13973399999981
            ],
            [
              -84.41568500031099,
              34.16919100002371
            ],
            [
              -84.44233800041776,
              34.167932999747016
            ],
            [
              -84.43513299979941,
              34.18220699973153
            ],
            [
              -84.44557299994422,
              34.19460199988894
            ],
            [
              -84.4220430001092,
              34.19572199967404
            ],
            [
              -84.39653200037533,
              34.212144000056966
            ],
            [
              -84.41117299979409,
              34.23837099995171
            ],
            [
              -84.40654599964947,
              34.24791299983847
            ],
            [
              -84.4313159997667,
              34.27712700032486
            ],
            [
              -84.40702400039865,
              34.277776000012665
            ],
            [
              -84.39747899985626,
              34.291934999831916
            ],
            [
              -84.40979699996774,
              34.29959900034366
            ],
            [
              -84.39344799956332,
              34.30198299998056
            ],
            [
              -84.41947200020647,
              34.32445899972003
            ],
            [
              -84.41101499961034,
              34.3361940001357
            ],
            [
              -84.40191400038029,
              34.33115699978891
            ],
            [
              -84.41838199971208,
              34.35398599967497
            ],
            [
              -84.40952599980609,
              34.36138400021034
            ],
            [
              -84.39809899999739,
              34.355107000352646
            ],
            [
              -84.40484699978293,
              34.364410999921425
            ],
            [
              -84.39894099989634,
              34.371272000155415
            ],
            [
              -84.41380599962108,
              34.377762999656596
            ],
            [
              -84.25758600008574,
              34.3809919996562
            ],
            [
              -84.25686700021043,
              34.467326999671265
            ],
            [
              -84.31967899970999,
              34.46785699998706
            ],
            [
              -84.345552999667,
              34.56273500016153
            ],
            [
              -84.37149600011932,
              34.56291199972675
            ],
            [
              -84.37135200017926,
              34.54849500033677
            ],
            [
              -84.42455600028559,
              34.54933199999465
            ],
            [
              -84.428712000252,
              34.55749499984177
            ],
            [
              -84.43242700017748,
              34.54944100004477
            ],
            [
              -84.46786300039533,
              34.54996700022779
            ],
            [
              -84.4679889998937,
              34.563488000268165
            ],
            [
              -84.48579799979005,
              34.563267000105704
            ],
            [
              -84.47672699979893,
              34.55012799968812
            ],
            [
              -84.50281199964313,
              34.55047599990208
            ],
            [
              -84.50260999997677,
              34.563680999963196
            ],
            [
              -84.52138999964349,
              34.550463000268934
            ],
            [
              -84.6540559999527,
              34.548951000340374
            ],
            [
              -84.65452299993294,
              34.58318700022085
            ],
            [
              -84.73122099988926,
              34.598612999861835
            ],
            [
              -84.73128899966132,
              34.6127259998541
            ],
            [
              -84.71438299976327,
              34.605093999755425
            ],
            [
              -84.71579600029787,
              34.622903999847644
            ],
            [
              -84.74431899997539,
              34.62393199981899
            ],
            [
              -84.74831400028334,
              34.60913500022422
            ],
            [
              -84.76631899999829,
              34.615481000118905
            ],
            [
              -84.78507799974862,
              34.608294000021395
            ],
            [
              -84.90824999956908,
              34.61578900001872
            ],
            [
              -84.90829899997287,
              34.63406100028854
            ],
            [
              -84.92746899962695,
              34.626045000036896
            ],
            [
              -84.92636200031245,
              34.615718999805786
            ],
            [
              -85.05044800000188,
              34.615982999772235
            ],
            [
              -85.05926299989997,
              34.622611000288614
            ],
            [
              -85.06049899998422,
              34.58718399983686
            ],
            [
              -85.06915900007164,
              34.58718399983686
            ],
            [
              -85.06350699972994,
              34.542547999708965
            ],
            [
              -85.0899969996301,
              34.54191499993382
            ],
            [
              -85.09006699995031,
              34.463527000353494
            ],
            [
              -85.11225299974603,
              34.462037999862915
            ],
            [
              -85.1123270002642,
              34.461932999833174
            ]
          ]
        ]
      }
    },
    {
      "type": "Feature",
      "id": "us-cd:119:13:12",
      "properties": {
        "boundary_id": "us-cd:119:13:12",
        "boundary_type": "congressional_district",
        "name": "12",
        "stateFips": "13",
        "congress": 119,
        "district": "12",
        "bbox": [
          -83.22631800036778,
          31.78260700031528,
          -81.1772950002214,
          33.9914019998299
        ]
      },
      "geometry": {
        "type": "Polygon",
        "coordinates": [
          [
            [
              -83.22631800036778,
              32.58431100022336
            ],
            [
              -82.99096700016734,
              32.1472740003545
            ],
            [
              -82.88696400017609,
              32.19797399988888
            ],
            [
              -82.87178999975654,
              32.18272999977936
            ],
            [
              -82.94024199990224,
              32.12489200006676
            ],
            [
              -82.91465099980243,
              32.12324099968052
            ],
            [
              -82.88765700011214,
              32.079890999919854
            ],
            [
              -82.80805299961904,
              32.049539999861814
            ],
            [
              -82.78288300036701,
              32.01976799975144
            ],
            [
              -82.72542899968462,
              32.004472000358234
            ],
            [
              -82.69517799982826,
              31.956882999666856
            ],
            [
              -82.65459200030737,
              31.923863000193613
            ],
            [
              -82.62417700041946,
              31.923587999827905
            ],
            [
              -82.60155700025547,
              31.938284000122675
            ],
            [
              -82.59475699969308,
              31.931584999875824
            ],
            [
              -82.55525499992048,
              31.95928600006338
            ],
            [
              -82.49136299997225,
              31.948708999651597
            ],
            [
              -82.48034600024239,
              31.956941000219892
            ],
            [
              -82.49949599980496,
              31.96056699975881
            ],
            [
              -82.47960700027558,
              31.971652999957513
            ],
            [
              -82.4301509997067,
              31.965990999675718
            ],
            [
              -82.4056369996825,
              31.949199000016293
            ],
            [
              -82.4008420002067,
              31.960285999856247
            ],
            [
              -82.38713800022315,
              31.94818399973641
            ],
            [
              -82.38445599999234,
              31.960022000298153
            ],
            [
              -82.37154899970191,
              31.95349300000951
            ],
            [
              -82.37764899975727,
              31.94189299970782
            ],
            [
              -82.31448200043044,
              31.930782999783432
            ],
            [
              -82.30768100004313,
              31.937269999909155
            ],
            [
              -82.31390999996991,
              31.94712199989614
            ],
            [
              -82.30111200035773,
              31.933269999816776
            ],
            [
              -82.28641800033724,
              31.94244299988455
            ],
            [
              -82.26677900015476,
              31.928407999771725
            ],
            [
              -82.25603699988619,
              31.9320890003771
            ],
            [
              -82.24681000025943,
              31.91509999974357
            ],
            [
              -82.2358260001415,
              31.920399000363815
            ],
            [
              -82.19134400004688,
              31.90049900001158
            ],
            [
              -82.14514299999425,
              31.898099999636557
            ],
            [
              -82.13424300044022,
              31.90800000033428
            ],
            [
              -82.13554300009858,
              31.891699999823267
            ],
            [
              -82.1195419998487,
              31.886000999727045
            ],
            [
              -82.11181800026989,
              31.900486999868686
            ],
            [
              -82.11547799994378,
              31.862845999902326
            ],
            [
              -82.0415219995944,
              31.820422000118057
            ],
            [
              -82.02607600008662,
              31.81509500032555
            ],
            [
              -82.01639599982502,
              31.823730999770593
            ],
            [
              -82.00677699966278,
              31.800046999778672
            ],
            [
              -81.9765400000501,
              31.78260700031528
            ],
            [
              -81.96905199957453,
              31.789324000291128
            ],
            [
              -81.98103300030044,
              31.791367000277628
            ],
            [
              -81.97991199984389,
              31.804549999750805
            ],
            [
              -81.95513199968092,
              31.80985099977328
            ],
            [
              -81.94502999964492,
              31.8356669999567
            ],
            [
              -81.92230200042421,
              31.851463000047378
            ],
            [
              -81.91246800017682,
              31.886959000203262
            ],
            [
              -81.89254799978698,
              31.89503299989048
            ],
            [
              -81.88198899981649,
              31.9182299997531
            ],
            [
              -81.88962600025496,
              31.948962999908648
            ],
            [
              -81.87606799986128,
              31.968376000006906
            ],
            [
              -81.82440500033607,
              32.01488200022228
            ],
            [
              -81.76173500022841,
              32.04789999992423
            ],
            [
              -81.71865800027246,
              32.089350999724495
            ],
            [
              -81.75680599996,
              32.104780999767286
            ],
            [
              -81.78154099991713,
              32.15252400030376
            ],
            [
              -81.43582999975214,
              32.241289000015875
            ],
            [
              -81.45027900044859,
              32.29741600020372
            ],
            [
              -81.41896700041012,
              32.30780800022327
            ],
            [
              -81.40665599997136,
              32.295246000203335
            ],
            [
              -81.38942899968296,
              32.293677000232265
            ],
            [
              -81.39264700038929,
              32.330318000117266
            ],
            [
              -81.34291800000892,
              32.33002499964623
            ],
            [
              -81.34454900010338,
              32.339671999673065
            ],
            [
              -81.3305460003691,
              32.34947500019997
            ],
            [
              -81.3369329995813,
              32.356660999630726
            ],
            [
              -81.32604999974572,
              32.363000000123506
            ],
            [
              -81.25766799992023,
              32.33558300012798
            ],
            [
              -81.18236900025478,
              32.37327100018035
            ],
            [
              -81.1772950002214,
              32.38906599996135
            ],
            [
              -81.20849799958162,
              32.436289000161395
            ],
            [
              -81.1993579999935,
              32.442378999880596
            ],
            [
              -81.20457799961673,
              32.45269599967453
            ],
            [
              -81.1979360001364,
              32.4485120002714
            ],
            [
              -81.18698399980553,
              32.46381600037139
            ],
            [
              -81.23311100023834,
              32.4980690000509
            ],
            [
              -81.23359599976189,
              32.51815000004645
            ],
            [
              -81.27192300044791,
              32.52998400033905
            ],
            [
              -81.29062600012175,
              32.562533999989874
            ],
            [
              -81.29669100001702,
              32.55339299969554
            ],
            [
              -81.29765199974166,
              32.562931000318024
            ],
            [
              -81.32280599999845,
              32.55966199968432
            ],
            [
              -81.35569700025283,
              32.571449000096855
            ],
            [
              -81.35774900029679,
              32.58211900017557
            ],
            [
              -81.36678199975479,
              32.57691499962842
            ],
            [
              -81.36926999981682,
              32.590704999997946
            ],
            [
              -81.38920500027528,
              32.595415999978826
            ],
            [
              -81.41866000026346,
              32.62939200031224
            ],
            [
              -81.39303300017866,
              32.65154199993183
            ],
            [
              -81.40719300027179,
              32.660519000272565
            ],
            [
              -81.397153999985,
              32.66137799964311
            ],
            [
              -81.40901199978892,
              32.69655100009766
            ],
            [
              -81.42751699999437,
              32.70189500016553
            ],
            [
              -81.41512000024018,
              32.7136689998091
            ],
            [
              -81.4203380002136,
              32.721050999942186
            ],
            [
              -81.40998799958219,
              32.72186300003671
            ],
            [
              -81.41854200026269,
              32.732584999712174
            ],
            [
              -81.40493199999045,
              32.74555900007169
            ],
            [
              -81.41969799998101,
              32.74916700017535
            ],
            [
              -81.4081590000193,
              32.75580299980061
            ],
            [
              -81.41209300022788,
              32.763865999907985
            ],
            [
              -81.4319399999245,
              32.76891099984489
            ],
            [
              -81.41445599971814,
              32.77814899978348
            ],
            [
              -81.43123500029289,
              32.78414100014322
            ],
            [
              -81.4222399995714,
              32.78398599993342
            ],
            [
              -81.42829199994617,
              32.80083200002716
            ],
            [
              -81.41798400004586,
              32.81819599981524
            ],
            [
              -81.42823500004477,
              32.81858399999392
            ],
            [
              -81.42195199969132,
              32.821465999748135
            ],
            [
              -81.42994300013213,
              32.82824600014544
            ],
            [
              -81.4206200002459,
              32.83122300017571
            ],
            [
              -81.42647500007885,
              32.8407729998518
            ],
            [
              -81.43865199972502,
              32.84007600002039
            ],
            [
              -81.44486599958319,
              32.85096599968353
            ],
            [
              -81.46072200006812,
              32.846037999652076
            ],
            [
              -81.45288299996326,
              32.872963999868105
            ],
            [
              -81.47944499983345,
              32.88108200009968
            ],
            [
              -81.46443299979562,
              32.89860299965121
            ],
            [
              -81.48081200033728,
              32.89861399970913
            ],
            [
              -81.48319800029206,
              32.921801999857216
            ],
            [
              -81.5024270003957,
              32.935352999709494
            ],
            [
              -81.51134699987578,
              32.96672100024337
            ],
            [
              -81.4998299996554,
              32.9638160002656
            ],
            [
              -81.49119700023047,
              32.99782399962348
            ],
            [
              -81.50062999972155,
              33.002454000151445
            ],
            [
              -81.49195399974063,
              33.00909300026624
            ],
            [
              -81.50405299956898,
              33.016253000259184
            ],
            [
              -81.51068999992476,
              33.010315000221624
            ],
            [
              -81.51028200039407,
              33.021233000277
            ],
            [
              -81.51907499965256,
              33.023195999837604
            ],
            [
              -81.51124499976854,
              33.0277860000876
            ],
            [
              -81.52912399998509,
              33.04081000027524
            ],
            [
              -81.56194800029233,
              33.04584400036954
            ],
            [
              -81.56337199979924,
              33.06015600032648
            ],
            [
              -81.5728799996334,
              33.05417999993954
            ],
            [
              -81.57718700011087,
              33.06593900025799
            ],
            [
              -81.60221199959793,
              33.07347299998283
            ],
            [
              -81.60132000036857,
              33.087049000142876
            ],
            [
              -81.61207199978459,
              33.080019000329415
            ],
            [
              -81.61165699968288,
              33.09425899979162
            ],
            [
              -81.64233299968672,
              33.09315200021456
            ],
            [
              -81.70463399972344,
              33.116449999900894
            ],
            [
              -81.76273500031112,
              33.158848000008796
            ],
            [
              -81.77243499976588,
              33.18124899987948
            ],
            [
              -81.76543500008526,
              33.17834800020249
            ],
            [
              -81.75683500027232,
              33.197947000001
            ],
            [
              -81.76893499992558,
              33.21744699967408
            ],
            [
              -81.78013499995356,
              33.22114699989846
            ],
            [
              -81.78453500031745,
              33.20814600007565
            ],
            [
              -81.80523800015672,
              33.21144099981205
            ],
            [
              -81.8096359999725,
              33.222646999751106
            ],
            [
              -81.85282199970841,
              33.24854200034589
            ],
            [
              -81.83963599975871,
              33.255245000264196
            ],
            [
              -81.84683600035419,
              33.26664499992059
            ],
            [
              -81.82833600017162,
              33.26304500017068
            ],
            [
              -81.83583600034274,
              33.26284500009032
            ],
            [
              -81.83263600007808,
              33.275844999778506
            ],
            [
              -81.86323599991394,
              33.288843999644875
            ],
            [
              -81.84733599994638,
              33.306843000146976
            ],
            [
              -81.86392899984996,
              33.30203600007857
            ],
            [
              -81.86793599985349,
              33.31404299962647
            ],
            [
              -81.8807369998387,
              33.30224300017371
            ],
            [
              -81.88163599963909,
              33.315843000053036
            ],
            [
              -81.89253699991633,
              33.31534300003433
            ],
            [
              -81.90138399960148,
              33.33577399985405
            ],
            [
              -81.91373699987305,
              33.320042000020536
            ],
            [
              -81.90813700030822,
              33.32714199964341
            ],
            [
              -81.91913700031967,
              33.334442000247975
            ],
            [
              -81.90913700039091,
              33.34664099977117
            ],
            [
              -81.93973700022676,
              33.3449410002176
            ],
            [
              -81.93483200024778,
              33.35604400012713
            ],
            [
              -81.9463369998743,
              33.37063999971562
            ],
            [
              -81.92483700034192,
              33.374139999810524
            ],
            [
              -81.945181000156,
              33.407531000227785
            ],
            [
              -81.9096930000596,
              33.411979000294565
            ],
            [
              -81.93243000039948,
              33.425706000318165
            ],
            [
              -81.91312599995277,
              33.438332999828226
            ],
            [
              -81.92633600019191,
              33.462936999840764
            ],
            [
              -81.9859380002794,
              33.486536000145016
            ],
            [
              -82.00133799975643,
              33.52013499971199
            ],
            [
              -82.04633500041017,
              33.56382999975414
            ],
            [
              -82.10783999968038,
              33.59627700010234
            ],
            [
              -82.13802799978758,
              33.59223599998703
            ],
            [
              -82.1861550003858,
              33.62088099971304
            ],
            [
              -82.19689500010624,
              33.63144000017539
            ],
            [
              -82.19989799982908,
              33.661699999782016
            ],
            [
              -82.2345719996156,
              33.70021699994857
            ],
            [
              -82.24747200023333,
              33.752590999743695
            ],
            [
              -82.29828600018689,
              33.78351800010987
            ],
            [
              -82.30145700013924,
              33.801863999732205
            ],
            [
              -82.40219700011664,
              33.864656000015515
            ],
            [
              -82.42488800042577,
              33.86413299992405
            ],
            [
              -82.45510499994694,
              33.88165000030913
            ],
            [
              -82.52451500034256,
              33.94336000003776
            ],
            [
              -82.55443499976283,
              33.943798000118846
            ],
            [
              -82.60319500002262,
              33.97989999974644
            ],
            [
              -82.62585399964637,
              33.982196999752624
            ],
            [
              -82.63936500018438,
              33.97275100013704
            ],
            [
              -82.65620300031036,
              33.9914019998299
            ],
            [
              -82.77093900034937,
              33.972636000358406
            ],
            [
              -82.76780299965883,
              33.94016500029715
            ],
            [
              -82.74137700023107,
              33.88088999964557
            ],
            [
              -82.72694199977833,
              33.87385900004508
            ],
            [
              -82.72867499998004,
              33.85994400004387
            ],
            [
              -82.77960899958421,
              33.81279999999048
            ],
            [
              -82.79245499977527,
              33.810520999773544
            ],
            [
              -82.80367499989474,
              33.834739000071075
            ],
            [
              -82.81136199966365,
              33.828656999658506
            ],
            [
              -82.81261500036463,
              33.798023000258276
            ],
            [
              -82.8239330003934,
              33.7829390002028
            ],
            [
              -82.81196699973611,
              33.77608700023744
            ],
            [
              -82.82796799998602,
              33.75788000019748
            ],
            [
              -82.8658219999457,
              33.74557199975442
            ],
            [
              -82.86553099969254,
              33.7260209996601
            ],
            [
              -82.88492800002567,
              33.72241299995823
            ],
            [
              -82.89444400025575,
              33.73441799981594
            ],
            [
              -82.93824599993481,
              33.714706999809394
            ],
            [
              -82.87944899993634,
              33.62041000033426
            ],
            [
              -82.8693360000297,
              33.64240399978115
            ],
            [
              -82.8491319999577,
              33.63975299988794
            ],
            [
              -82.812957999598,
              33.65583599986528
            ],
            [
              -82.74533400000587,
              33.611300999866
            ],
            [
              -82.71932399960642,
              33.61521800037162
            ],
            [
              -82.71709900020842,
              33.60695500013057
            ],
            [
              -82.692266000342,
              33.619995999988426
            ],
            [
              -82.67997499999471,
              33.59979199998149
            ],
            [
              -82.70422799990298,
              33.58921199972736
            ],
            [
              -82.72388200015408,
              33.55541600004706
            ],
            [
              -82.72240099984744,
              33.538818000275725
            ],
            [
              -82.74069900036363,
              33.52838500023941
            ],
            [
              -82.74733900019416,
              33.51171000010303
            ],
            [
              -82.78760500004789,
              33.510700000026986
            ],
            [
              -82.81531500013877,
              33.52113699988399
            ],
            [
              -82.82463100035231,
              33.502156000005805
            ],
            [
              -82.8666050002934,
              33.46659900006088
            ],
            [
              -82.84640500041938,
              33.435906999858915
            ],
            [
              -82.82264500043061,
              33.42590499991116
            ],
            [
              -82.82802999991029,
              33.392992000017344
            ],
            [
              -82.81788699986642,
              33.3872649997364
            ],
            [
              -82.82176099980053,
              33.3738420001625
            ],
            [
              -82.7974629996864,
              33.3562799999086
            ],
            [
              -82.79946299985181,
              33.33079499980954
            ],
            [
              -82.78900500016367,
              33.31909099996165
            ],
            [
              -82.79578399991135,
              33.31540499995516
            ],
            [
              -82.78163499968888,
              33.3057050003015
            ],
            [
              -82.78561900012618,
              33.26797000008818
            ],
            [
              -82.74696900029831,
              33.247515000009564
            ],
            [
              -82.74831099978945,
              33.23834799988396
            ],
            [
              -82.77799500010649,
              33.238427999709344
            ],
            [
              -82.83204699995954,
              33.201993999808685
            ],
            [
              -82.85454400009989,
              33.19679000022798
            ],
            [
              -82.90099799987252,
              33.12853699984172
            ],
            [
              -82.94992800001164,
              33.107753000045456
            ],
            [
              -82.9701379999314,
              33.109280000239806
            ],
            [
              -83.00874000007869,
              33.08084899991572
            ],
            [
              -83.05219699997627,
              33.080681999833914
            ],
            [
              -83.0448440001182,
              33.06065400036721
            ],
            [
              -83.06790899962282,
              33.02484199995953
            ],
            [
              -83.04888799993167,
              32.986014999744604
            ],
            [
              -83.069265000256,
              32.972069000244964
            ],
            [
              -83.07132599962246,
              32.93307600029678
            ],
            [
              -83.06110200028606,
              32.934590000186674
            ],
            [
              -83.06289999988677,
              32.91967999968353
            ],
            [
              -83.04641900013618,
              32.905357999920355
            ],
            [
              -83.0489189998938,
              32.88281000015307
            ],
            [
              -83.03780000005666,
              32.88048500014705
            ],
            [
              -83.02703600004678,
              32.856133000230415
            ],
            [
              -82.98896700000195,
              32.85265500020535
            ],
            [
              -82.96996399985412,
              32.83415600028408
            ],
            [
              -82.97185799971432,
              32.82306599979364
            ],
            [
              -82.95425800005533,
              32.801560000355295
            ],
            [
              -82.9601620002921,
              32.759961000196945
            ],
            [
              -82.94946400040445,
              32.76165599976446
            ],
            [
              -82.94509800037574,
              32.751821000009464
            ],
            [
              -82.9570659997845,
              32.70831800026568
            ],
            [
              -83.22566700026454,
              32.584642000130266
            ],
            [
              -83.22631800036778,
              32.58431100022336
            ]
          ]
        ]
      }
    },
    {
      "type": "Feature",
      "id": "us-cd:119:13:13",
      "properties": {
        "boundary_id": "us-cd:119:13:13",
        "boundary_type": "congressional_district",
        "name": "13",
        "stateFips": "13",
        "congress": 119,
        "district": "13",
        "bbox": [
          -84.40233299978162,
          33.352464999859315,
          -83.80409300042992,
          33.97280300018668
        ]
      },
      "geometry": {
        "type": "Polygon",
        "coordinates": [
          [
            [
              -84.40233299978162,
              33.426723999812225
            ],
            [
              -84.38408700004224,
              33.402470000191684
            ],
            [
              -84.39478599975482,
              33.39447499987608
            ],
            [
              -84.38648399986769,
              33.37651399962536
            ],
            [
              -84.3963249997878,
              33.37342299984425
            ],
            [
              -84.39507299981,
              33.36025600021753
            ],
            [
              -84.38811800033521,
              33.352464999859315
            ],
            [
              -84.3544000002505,
              33.35251400028526
            ],
            [
              -84.3535840002908,
              33.43616500007891
            ],
            [
              -84.30422999982916,
              33.42743299992279
            ],
            [
              -84.30432299971558,
              33.435726999791605
            ],
            [
              -84.20704099974569,
              33.44956900003915
            ],
            [
              -84.21714199995677,
              33.482323999800464
            ],
            [
              -84.14419300026111,
              33.49121000010474
            ],
            [
              -84.1389490003484,
              33.53324200004986
            ],
            [
              -84.10987500012675,
              33.53423099977176
            ],
            [
              -84.1064580001271,
              33.52494400011778
            ],
            [
              -84.09747099980156,
              33.560009000297725
            ],
            [
              -84.04992300023488,
              33.5412900002993
            ],
            [
              -84.05466800038029,
              33.52603499988814
            ],
            [
              -83.98906400014674,
              33.547976000282404
            ],
            [
              -83.95208499969797,
              33.547288000109084
            ],
            [
              -83.9510579998511,
              33.530570999773204
            ],
            [
              -83.8910749999971,
              33.517807999762745
            ],
            [
              -83.87340599984282,
              33.5383200002821
            ],
            [
              -83.85205899957302,
              33.527944000324084
            ],
            [
              -83.8472130000436,
              33.55191600034794
            ],
            [
              -83.83929199992298,
              33.557007999653706
            ],
            [
              -83.83075999988209,
              33.54905999984773
            ],
            [
              -83.82268499977567,
              33.557225000173695
            ],
            [
              -83.80409300042992,
              33.610640000222965
            ],
            [
              -83.82517200001281,
              33.61257100031835
            ],
            [
              -83.83588699961891,
              33.647266999737084
            ],
            [
              -83.84861800018224,
              33.65428499967395
            ],
            [
              -83.85847900019381,
              33.6388780003474
            ],
            [
              -83.88603600012384,
              33.630661999903495
            ],
            [
              -83.8877869998689,
              33.65998200009982
            ],
            [
              -83.90715300023987,
              33.64086899981361
            ],
            [
              -83.90250699982867,
              33.62704999967225
            ],
            [
              -83.91494700013888,
              33.64252300032182
            ],
            [
              -83.92492699997614,
              33.6328770003361
            ],
            [
              -83.93138199985871,
              33.6503599996437
            ],
            [
              -83.9181230001141,
              33.689489999831096
            ],
            [
              -83.92523999997057,
              33.71018299999788
            ],
            [
              -83.91324700044744,
              33.712583000113895
            ],
            [
              -83.91482300029031,
              33.74420300008983
            ],
            [
              -83.98220099983514,
              33.78615999989718
            ],
            [
              -83.84318400029876,
              33.89477499998262
            ],
            [
              -83.88044300023168,
              33.90688200000534
            ],
            [
              -83.90780400034313,
              33.941687999706566
            ],
            [
              -83.91993199958547,
              33.943649999645935
            ],
            [
              -83.91661900024124,
              33.92325499974244
            ],
            [
              -83.93347499991054,
              33.93510899968693
            ],
            [
              -83.95521600036567,
              33.93189500032475
            ],
            [
              -84.00779199993495,
              33.965593999704836
            ],
            [
              -84.00720000028124,
              33.97280300018668
            ],
            [
              -84.03809899986783,
              33.95887399983526
            ],
            [
              -84.07949000037605,
              33.96246899992193
            ],
            [
              -84.09265600023427,
              33.952266000326
            ],
            [
              -84.0903489999222,
              33.93865699986832
            ],
            [
              -84.10788900020503,
              33.94112699977362
            ],
            [
              -84.10105600003068,
              33.91664900018881
            ],
            [
              -84.13900700007474,
              33.921835000328876
            ],
            [
              -84.13253799994845,
              33.91216400001326
            ],
            [
              -84.16275000034508,
              33.895843999750255
            ],
            [
              -84.17234199984482,
              33.899616999707554
            ],
            [
              -84.16716400005437,
              33.89397500020149
            ],
            [
              -84.18118600005525,
              33.88172200020151
            ],
            [
              -84.20769900041994,
              33.87793099990302
            ],
            [
              -84.1579640001918,
              33.85329099984864
            ],
            [
              -84.07591400036776,
              33.777506999897874
            ],
            [
              -84.02371299981888,
              33.7528079998547
            ],
            [
              -84.05661400011903,
              33.72660800028557
            ],
            [
              -84.11579100005908,
              33.61466599962651
            ],
            [
              -84.15447000019928,
              33.64574800026923
            ],
            [
              -84.16158899970557,
              33.63775000002024
            ],
            [
              -84.1874419997462,
              33.64617300000086
            ],
            [
              -84.19719300015292,
              33.66542799986675
            ],
            [
              -84.21128200010094,
              33.66574700014952
            ],
            [
              -84.21009399969725,
              33.65832399978148
            ],
            [
              -84.23680999955322,
              33.663909999818785
            ],
            [
              -84.24392399993498,
              33.679783000067445
            ],
            [
              -84.25760500035231,
              33.67927199999001
            ],
            [
              -84.25684799994386,
              33.66771499983589
            ],
            [
              -84.27261099964404,
              33.661406999714856
            ],
            [
              -84.29006899991113,
              33.66577000025546
            ],
            [
              -84.3173480000068,
              33.6558620003139
            ],
            [
              -84.32341999957474,
              33.647727999849344
            ],
            [
              -84.29636599960995,
              33.64746800034916
            ],
            [
              -84.31563499989656,
              33.6434290000509
            ],
            [
              -84.29418100039494,
              33.59163599992007
            ],
            [
              -84.30194699980653,
              33.59349000013524
            ],
            [
              -84.30793200023415,
              33.57216100029706
            ],
            [
              -84.32850200000404,
              33.5730020002939
            ],
            [
              -84.320079999568,
              33.56494599989874
            ],
            [
              -84.33339500028744,
              33.552969999899275
            ],
            [
              -84.38597099985671,
              33.55808900008354
            ],
            [
              -84.37512200035631,
              33.539129000135006
            ],
            [
              -84.39747899985626,
              33.48573799986607
            ],
            [
              -84.38167299960006,
              33.46325799979176
            ],
            [
              -84.38355200028995,
              33.44547000016182
            ],
            [
              -84.40219600041257,
              33.43636799977383
            ],
            [
              -84.40229500014678,
              33.427355999922526
            ],
            [
              -84.40233299978162,
              33.426723999812225
            ]
          ]
        ]
      }
    },
    {
      "type": "Feature",
      "id": "us-cd:119:13:14",
      "properties": {
        "boundary_id": "us-cd:119:13:14",
        "boundary_type": "congressional_district",
        "name": "14",
        "stateFips": "13",
        "congress": 119,
        "district": "14",
        "bbox": [
          -85.60494900032202,
          33.77475799981797,
          -84.58219500020328,
          34.98832900021907
        ]
      },
      "geometry": {
        "type": "Polygon",
        "coordinates": [
          [
            [
              -85.60494900032202,
              34.984675999844384
            ],
            [
              -85.3865810000125,
              33.90171899971196
            ],
            [
              -85.03668399974386,
              33.90432700014616
            ],
            [
              -85.03792700039912,
              33.81188599995669
            ],
            [
              -84.87915100013136,
              33.77475799981797
            ],
            [
              -84.72411900010138,
              33.788604000098175
            ],
            [
              -84.72409399998702,
              33.90358299965462
            ],
            [
              -84.64580099992125,
              33.896722999889164
            ],
            [
              -84.58824099983197,
              33.916485999923985
            ],
            [
              -84.58833299989347,
              33.930302000115354
            ],
            [
              -84.60130399975802,
              33.92068200028721
            ],
            [
              -84.6052880001953,
              33.94203000002387
            ],
            [
              -84.64911699963854,
              33.953195999809175
            ],
            [
              -84.63251500041245,
              33.961736999965616
            ],
            [
              -84.64412499962093,
              33.97857000027865
            ],
            [
              -84.62757699992318,
              33.99778899986905
            ],
            [
              -84.61714599999924,
              33.997702999812645
            ],
            [
              -84.61809800040136,
              34.065477999704555
            ],
            [
              -84.63652999991356,
              34.07792499995434
            ],
            [
              -84.73782599955967,
              34.08232999976879
            ],
            [
              -84.89684100020203,
              34.08249800031709
            ],
            [
              -84.91444300040915,
              34.0752970003467
            ],
            [
              -84.91433000043125,
              34.082609000297204
            ],
            [
              -85.04704600007084,
              34.08288100026343
            ],
            [
              -85.04465799956792,
              34.21362200019252
            ],
            [
              -85.02381300033673,
              34.21338500033525
            ],
            [
              -85.02394700023105,
              34.25120100008123
            ],
            [
              -85.01552800016805,
              34.258205999795166
            ],
            [
              -85.02389100015455,
              34.25828900000467
            ],
            [
              -85.02310199995904,
              34.347111999775926
            ],
            [
              -85.00523500033636,
              34.34707999997645
            ],
            [
              -85.00577500011154,
              34.392445999959186
            ],
            [
              -85.10444399977843,
              34.40427800035358
            ],
            [
              -85.10687599976397,
              34.4161339998095
            ],
            [
              -85.08831500038033,
              34.427233000201646
            ],
            [
              -85.1123270002642,
              34.461932999833174
            ],
            [
              -85.09006699995031,
              34.463527000353494
            ],
            [
              -85.0899969996301,
              34.54191499993382
            ],
            [
              -85.06350699972994,
              34.542547999708965
            ],
            [
              -85.06915900007164,
              34.58718399983686
            ],
            [
              -85.06049899998422,
              34.58718399983686
            ],
            [
              -85.06038000015855,
              34.62245000000722
            ],
            [
              -84.92636200031245,
              34.615718999805786
            ],
            [
              -84.92746899962695,
              34.626045000036896
            ],
            [
              -84.90829899997287,
              34.63406100028854
            ],
            [
              -84.90824999956908,
              34.61578900001872
            ],
            [
              -84.78507799974862,
              34.608294000021395
            ],
            [
              -84.76631899999829,
              34.615481000118905
            ],
            [
              -84.74831400028334,
              34.60913500022422
            ],
            [
              -84.74431899997539,
              34.62393199981899
            ],
            [
              -84.71590300042799,
              34.622920999964386
            ],
            [
              -84.71438299976327,
              34.605093999755425
            ],
            [
              -84.73128899966132,
              34.6127259998541
            ],
            [
              -84.73122099988926,
              34.598612999861835
            ],
            [
              -84.65452299993294,
              34.58318700022085
            ],
            [
              -84.65709800003361,
              34.728904999727014
            ],
            [
              -84.6389889996633,
              34.754429999802845
            ],
            [
              -84.64135299987677,
              34.77770699985323
            ],
            [
              -84.60974899976026,
              34.790936999756596
            ],
            [
              -84.58219500020328,
              34.8245920002789
            ],
            [
              -84.62275200031016,
              34.85713100029272
            ],
            [
              -84.62148299971564,
              34.98832900021907
            ],
            [
              -85.60430400006653,
              34.98467000001634
            ],
            [
              -85.60494900032202,
              34.984675999844384
            ]
          ]
        ]
      }
    }
  ]
}
