{
  "type": "FeatureCollection",
  "features": [
    {
      "type": "Feature",
      "id": "us-cd:118:47:01",
      "properties": {
        "boundary_id": "us-cd:118:47:01",
        "boundary_type": "congressional_district",
        "name": "Congressional District 1",
        "stateFips": "47",
        "congress": 118,
        "district": "01",
        "bbox": [
          -83.794275,
          35.562941,
          -81.6469,
          36.616213
        ]
      },
      "geometry": {
        "type": "Polygon",
        "coordinates": [
          [
            [
              -83.791627,
              35.889317
            ],
            [
              -83.767242,
              35.911862
            ],
            [
              -83.738506,
              35.916966
            ],
            [
              -83.693364,
              35.9447
            ],
            [
              -83.683965,
              35.936692
            ],
            [
              -83.687073,
              35.949335
            ],
            [
              -83.654605,
              35.971937
            ],
            [
              -83.659711,
              35.985887
            ],
            [
              -83.651287,
              35.989625
            ],
            [
              -83.661938,
              35.991507
            ],
            [
              -83.677496,
              36.028068
            ],
            [
              -83.673297,
              36.038486
            ],
            [
              -83.65636,
              36.034589
            ],
            [
              -83.627867,
              36.079904
            ],
            [
              -83.669342,
              36.067255
            ],
            [
              -83.658725,
              36.088826
            ],
            [
              -83.674237,
              36.125008
            ],
            [
              -83.651522,
              36.125151
            ],
            [
              -83.65158,
              36.099978
            ],
            [
              -83.631073,
              36.100236
            ],
            [
              -83.627722,
              36.122976
            ],
            [
              -83.638938,
              36.128592
            ],
            [
              -83.637201,
              36.144385
            ],
            [
              -83.617618,
              36.143
            ],
            [
              -83.607259,
              36.130407
            ],
            [
              -83.612796,
              36.139906
            ],
            [
              -83.600781,
              36.139752
            ],
            [
              -83.597766,
              36.164182
            ],
            [
              -83.589567,
              36.16563
            ],
            [
              -83.58421,
              36.154135
            ],
            [
              -83.58224,
              36.167591
            ],
            [
              -83.564399,
              36.166486
            ],
            [
              -83.5651,
              36.191686
            ],
            [
              -83.5586,
              36.179786
            ],
            [
              -83.536999,
              36.180787
            ],
            [
              -83.528262,
              36.162559
            ],
            [
              -83.518896,
              36.178186
            ],
            [
              -83.483497,
              36.167088
            ],
            [
              -83.467097,
              36.174688
            ],
            [
              -83.468297,
              36.187288
            ],
            [
              -83.447197,
              36.192589
            ],
            [
              -83.449498,
              36.217989
            ],
            [
              -83.441898,
              36.222789
            ],
            [
              -83.437561,
              36.211483
            ],
            [
              -83.424397,
              36.212789
            ],
            [
              -83.411297,
              36.247289
            ],
            [
              -83.385997,
              36.265389
            ],
            [
              -83.362296,
              36.26759
            ],
            [
              -83.358696,
              36.28199
            ],
            [
              -83.340995,
              36.27949
            ],
            [
              -83.322295,
              36.29499
            ],
            [
              -83.310274,
              36.270084
            ],
            [
              -83.29487,
              36.277997
            ],
            [
              -83.284111,
              36.261996
            ],
            [
              -83.278766,
              36.275688
            ],
            [
              -83.267073,
              36.274296
            ],
            [
              -83.267281,
              36.285087
            ],
            [
              -83.255292,
              36.289092
            ],
            [
              -83.27369,
              36.319086
            ],
            [
              -83.264894,
              36.35119
            ],
            [
              -83.273295,
              36.37019
            ],
            [
              -83.288896,
              36.378789
            ],
            [
              -83.274095,
              36.384689
            ],
            [
              -83.280595,
              36.394689
            ],
            [
              -83.304197,
              36.388189
            ],
            [
              -83.308597,
              36.399589
            ],
            [
              -83.352299,
              36.419687
            ],
            [
              -83.389443,
              36.408162
            ],
            [
              -83.371586,
              36.433905
            ],
            [
              -83.369401,
              36.459186
            ],
            [
              -83.385932,
              36.508549
            ],
            [
              -83.432626,
              36.573098
            ],
            [
              -83.472108,
              36.597284
            ],
            [
              -81.934144,
              36.594213
            ],
            [
              -81.922644,
              36.616213
            ],
            [
              -81.6469,
              36.611918
            ],
            [
              -81.680137,
              36.585518
            ],
            [
              -81.677036,
              36.570718
            ],
            [
              -81.690236,
              36.568718
            ],
            [
              -81.69003,
              36.552154
            ],
            [
              -81.707963,
              36.536209
            ],
            [
              -81.695311,
              36.467912
            ],
            [
              -81.71489,
              36.45722
            ],
            [
              -81.720734,
              36.422537
            ],
            [
              -81.741995,
              36.41096
            ],
            [
              -81.738718,
              36.394803
            ],
            [
              -81.72857,
              36.391242
            ],
            [
              -81.734611,
              36.37957
            ],
            [
              -81.707438,
              36.335171
            ],
            [
              -81.735957,
              36.342987
            ],
            [
              -81.764927,
              36.338672
            ],
            [
              -81.789385,
              36.348154
            ],
            [
              -81.793597,
              36.362209
            ],
            [
              -81.908137,
              36.302013
            ],
            [
              -82.033141,
              36.120422
            ],
            [
              -82.054142,
              36.126821
            ],
            [
              -82.061342,
              36.113121
            ],
            [
              -82.080143,
              36.10572
            ],
            [
              -82.127146,
              36.104417
            ],
            [
              -82.147948,
              36.149516
            ],
            [
              -82.176849,
              36.142214
            ],
            [
              -82.213852,
              36.159112
            ],
            [
              -82.247521,
              36.130865
            ],
            [
              -82.26875,
              36.12704
            ],
            [
              -82.289455,
              36.13571
            ],
            [
              -82.321448,
              36.119551
            ],
            [
              -82.355157,
              36.115609
            ],
            [
              -82.409458,
              36.083409
            ],
            [
              -82.460658,
              36.007809
            ],
            [
              -82.557874,
              35.953901
            ],
            [
              -82.610889,
              35.967409
            ],
            [
              -82.604239,
              35.987319
            ],
            [
              -82.614362,
              36.003506
            ],
            [
              -82.590963,
              36.033606
            ],
            [
              -82.637165,
              36.065805
            ],
            [
              -82.776001,
              36.000103
            ],
            [
              -82.785558,
              35.977795
            ],
            [
              -82.774905,
              35.971978
            ],
            [
              -82.805851,
              35.937938
            ],
            [
              -82.804997,
              35.927168
            ],
            [
              -82.821861,
              35.921839
            ],
            [
              -82.849849,
              35.947772
            ],
            [
              -82.874159,
              35.952698
            ],
            [
              -82.898505,
              35.945101
            ],
            [
              -82.901623,
              35.927384
            ],
            [
              -82.92001,
              35.928422
            ],
            [
              -82.897273,
              35.877882
            ],
            [
              -82.920609,
              35.868472
            ],
            [
              -82.916551,
              35.841369
            ],
            [
              -82.945515,
              35.824662
            ],
            [
              -82.964088,
              35.78998
            ],
            [
              -82.98397,
              35.77801
            ],
            [
              -83.001473,
              35.773752
            ],
            [
              -83.07403,
              35.790016
            ],
            [
              -83.120183,
              35.766234
            ],
            [
              -83.159208,
              35.764892
            ],
            [
              -83.185685,
              35.72989
            ],
            [
              -83.251247,
              35.719916
            ],
            [
              -83.258117,
              35.691924
            ],
            [
              -83.289165,
              35.674509
            ],
            [
              -83.297154,
              35.65775
            ],
            [
              -83.312757,
              35.654809
            ],
            [
              -83.334965,
              35.665471
            ],
            [
              -83.35156,
              35.659858
            ],
            [
              -83.366941,
              35.638728
            ],
            [
              -83.396626,
              35.62272
            ],
            [
              -83.445802,
              35.611803
            ],
            [
              -83.498335,
              35.562981
            ],
            [
              -83.58559,
              35.562941
            ],
            [
              -83.604806,
              35.57934
            ],
            [
              -83.629734,
              35.567889
            ],
            [
              -83.6630236045826,
              35.5691430430619
            ],
            [
              -83.662814,
              35.690618
            ],
            [
              -83.674272,
              35.685497
            ],
            [
              -83.680502,
              35.707865
            ],
            [
              -83.70525,
              35.71158
            ],
            [
              -83.701344,
              35.719276
            ],
            [
              -83.716462,
              35.729035
            ],
            [
              -83.747317,
              35.798398
            ],
            [
              -83.738535,
              35.811138
            ],
            [
              -83.757287,
              35.817528
            ],
            [
              -83.794275,
              35.887125
            ],
            [
              -83.791627,
              35.889317
            ]
          ]
        ]
      }
    },
    {
      "type": "Feature",
      "id": "us-cd:118:47:02",
      "properties": {
        "boundary_id": "us-cd:118:47:02",
        "boundary_type": "congressional_district",
        "name": "Congressional District 2",
        "stateFips": "47",
        "congress": 118,
        "district": "02",
        "bbox": [
          -84.584472,
          35.460635,
          -83.255292,
          36.600784
        ]
      },
      "geometry": {
        "type": "MultiPolygon",
        "coordinates": [
          [
            [
              [
                -84.355297,
                35.640924
              ],
              [
                -84.342871,
                35.636585
              ],
              [
                -84.350001,
                35.632939
              ],
              [
                -84.355297,
                35.640924
              ]
            ]
          ],
          [
            [
              [
                -84.540355,
                35.619427
              ],
              [
                -84.522373,
                35.618625
              ],
              [
                -84.52271,
                35.607783
              ],
              [
                -84.540328,
                35.611744
              ],
              [
                -84.540355,
                35.619427
              ]
            ]
          ],
          [
            [
              [
                -84.548777,
                35.673213
              ],
              [
                -84.539774,
                35.67684
              ],
              [
                -84.548774,
                35.670536
              ],
              [
                -84.548777,
                35.673213
              ]
            ]
          ],
          [
            [
              [
                -84.58441,
                35.651607
              ],
              [
                -84.521936,
                35.676597
              ],
              [
                -84.531803,
                35.687606
              ],
              [
                -84.516891,
                35.71204
              ],
              [
                -84.494488,
                35.716362
              ],
              [
                -84.448558,
                35.759426
              ],
              [
                -84.435166,
                35.748212
              ],
              [
                -84.416415,
                35.776451
              ],
              [
                -84.388607,
                35.768352
              ],
              [
                -84.380776,
                35.777851
              ],
              [
                -84.388696,
                35.782527
              ],
              [
                -84.377189,
                35.790678
              ],
              [
                -84.379668,
                35.817439
              ],
              [
                -84.337898,
                35.839865
              ],
              [
                -84.32997,
                35.892904
              ],
              [
                -84.28383,
                35.874865
              ],
              [
                -84.284551,
                35.901026
              ],
              [
                -84.264045,
                35.895181
              ],
              [
                -84.271587,
                35.910165
              ],
              [
                -84.252675,
                35.920386
              ],
              [
                -84.271546,
                35.942228
              ],
              [
                -84.237583,
                35.929646
              ],
              [
                -84.24536,
                35.953134
              ],
              [
                -84.215902,
                35.946382
              ],
              [
                -84.215759,
                35.97331
              ],
              [
                -84.196606,
                35.978414
              ],
              [
                -84.192287,
                35.995488
              ],
              [
                -84.147212,
                35.987327
              ],
              [
                -84.076618,
                36.02
              ],
              [
                -84.058585,
                36.036304
              ],
              [
                -84.093004,
                36.073519
              ],
              [
                -83.941711,
                36.186378
              ],
              [
                -83.96914,
                36.210105
              ],
              [
                -84.004317,
                36.270378
              ],
              [
                -84.021518,
                36.272278
              ],
              [
                -84.030419,
                36.300979
              ],
              [
                -84.063119,
                36.246978
              ],
              [
                -84.079044,
                36.255632
              ],
              [
                -84.085196,
                36.283853
              ],
              [
                -84.114687,
                36.289296
              ],
              [
                -84.115502,
                36.310895
              ],
              [
                -84.108831,
                36.31165
              ],
              [
                -84.119336,
                36.321443
              ],
              [
                -84.106732,
                36.320242
              ],
              [
                -84.129919,
                36.345506
              ],
              [
                -84.111713,
                36.361321
              ],
              [
                -84.122038,
                36.362469
              ],
              [
                -84.116079,
                36.383062
              ],
              [
                -84.127156,
                36.395474
              ],
              [
                -84.168854,
                36.368781
              ],
              [
                -84.175177,
                36.376237
              ],
              [
                -84.186914,
                36.365109
              ],
              [
                -84.201854,
                36.374033
              ],
              [
                -84.21852,
                36.359388
              ],
              [
                -84.238138,
                36.380859
              ],
              [
                -84.280325,
                36.395947
              ],
              [
                -84.299903,
                36.414317
              ],
              [
                -84.322211,
                36.392865
              ],
              [
                -84.344701,
                36.415677
              ],
              [
                -84.343299,
                36.442188
              ],
              [
                -84.355622,
                36.458897
              ],
              [
                -84.340479,
                36.466472
              ],
              [
                -84.339311,
                36.499847
              ],
              [
                -84.330434,
                36.50948
              ],
              [
                -84.286533,
                36.50388
              ],
              [
                -84.259593,
                36.513985
              ],
              [
                -84.249231,
                36.564684
              ],
              [
                -84.264533,
                36.56848
              ],
              [
                -84.261333,
                36.591981
              ],
              [
                -83.690714,
                36.582581
              ],
              [
                -83.675395,
                36.600784
              ],
              [
                -83.472108,
                36.597284
              ],
              [
                -83.432626,
                36.573098
              ],
              [
                -83.385932,
                36.508549
              ],
              [
                -83.369401,
                36.459186
              ],
              [
                -83.371586,
                36.433905
              ],
              [
                -83.389443,
                36.408162
              ],
              [
                -83.352299,
                36.419687
              ],
              [
                -83.308597,
                36.399589
              ],
              [
                -83.304197,
                36.388189
              ],
              [
                -83.280595,
                36.394689
              ],
              [
                -83.274996,
                36.386489
              ],
              [
                -83.288896,
                36.378789
              ],
              [
                -83.273295,
                36.37019
              ],
              [
                -83.264894,
                36.35119
              ],
              [
                -83.27369,
                36.319086
              ],
              [
                -83.255292,
                36.289092
              ],
              [
                -83.267281,
                36.285087
              ],
              [
                -83.267073,
                36.274296
              ],
              [
                -83.278766,
                36.275688
              ],
              [
                -83.280357,
                36.262597
              ],
              [
                -83.291459,
                36.263792
              ],
              [
                -83.29487,
                36.277997
              ],
              [
                -83.308072,
                36.268484
              ],
              [
                -83.328977,
                36.296149
              ],
              [
                -83.334695,
                36.28279
              ],
              [
                -83.358696,
                36.28199
              ],
              [
                -83.362296,
                36.26759
              ],
              [
                -83.385997,
                36.265389
              ],
              [
                -83.411297,
                36.247289
              ],
              [
                -83.424397,
                36.212789
              ],
              [
                -83.447398,
                36.219889
              ],
              [
                -83.447197,
                36.192589
              ],
              [
                -83.468297,
                36.187288
              ],
              [
                -83.471197,
                36.172288
              ],
              [
                -83.492897,
                36.166088
              ],
              [
                -83.518896,
                36.178186
              ],
              [
                -83.528262,
                36.162559
              ],
              [
                -83.536999,
                36.180787
              ],
              [
                -83.5586,
                36.179786
              ],
              [
                -83.5651,
                36.191686
              ],
              [
                -83.564399,
                36.166486
              ],
              [
                -83.58224,
                36.167591
              ],
              [
                -83.58421,
                36.154135
              ],
              [
                -83.589567,
                36.16563
              ],
              [
                -83.597766,
                36.164182
              ],
              [
                -83.600781,
                36.139752
              ],
              [
                -83.612796,
                36.139906
              ],
              [
                -83.607259,
                36.130407
              ],
              [
                -83.617618,
                36.143
              ],
              [
                -83.637201,
                36.144385
              ],
              [
                -83.638938,
                36.128592
              ],
              [
                -83.627722,
                36.122976
              ],
              [
                -83.631073,
                36.100236
              ],
              [
                -83.65158,
                36.099978
              ],
              [
                -83.651522,
                36.125151
              ],
              [
                -83.674237,
                36.125008
              ],
              [
                -83.658725,
                36.088826
              ],
              [
                -83.669342,
                36.067255
              ],
              [
                -83.627867,
                36.079904
              ],
              [
                -83.65636,
                36.034589
              ],
              [
                -83.673297,
                36.038486
              ],
              [
                -83.677496,
                36.028068
              ],
              [
                -83.661938,
                35.991507
              ],
              [
                -83.651287,
                35.989625
              ],
              [
                -83.659711,
                35.985887
              ],
              [
                -83.654605,
                35.971937
              ],
              [
                -83.687073,
                35.949335
              ],
              [
                -83.683965,
                35.936692
              ],
              [
                -83.693364,
                35.9447
              ],
              [
                -83.738506,
                35.916966
              ],
              [
                -83.764266,
                35.91327
              ],
              [
                -83.794275,
                35.887125
              ],
              [
                -83.757287,
                35.817528
              ],
              [
                -83.738535,
                35.811138
              ],
              [
                -83.747317,
                35.798398
              ],
              [
                -83.716462,
                35.729035
              ],
              [
                -83.701344,
                35.719276
              ],
              [
                -83.70525,
                35.71158
              ],
              [
                -83.680502,
                35.707865
              ],
              [
                -83.674272,
                35.685497
              ],
              [
                -83.662814,
                35.690618
              ],
              [
                -83.6630236045826,
                35.5691430430619
              ],
              [
                -83.771736,
                35.562118
              ],
              [
                -83.82559,
                35.523829
              ],
              [
                -83.880074,
                35.518745
              ],
              [
                -83.911773,
                35.476028
              ],
              [
                -83.952882,
                35.460635
              ],
              [
                -83.965151,
                35.471117
              ],
              [
                -83.939643,
                35.488937
              ],
              [
                -83.974534,
                35.501148
              ],
              [
                -83.987343,
                35.487483
              ],
              [
                -84.009842,
                35.510955
              ],
              [
                -83.993431,
                35.527767
              ],
              [
                -83.995926,
                35.55294
              ],
              [
                -84.085507,
                35.541372
              ],
              [
                -84.096169,
                35.575487
              ],
              [
                -84.111764,
                35.576758
              ],
              [
                -84.112319,
                35.587456
              ],
              [
                -84.130953,
                35.576313
              ],
              [
                -84.14891,
                35.591265
              ],
              [
                -84.181868,
                35.598892
              ],
              [
                -84.19263,
                35.618241
              ],
              [
                -84.253071,
                35.617852
              ],
              [
                -84.25079,
                35.636989
              ],
              [
                -84.297522,
                35.643152
              ],
              [
                -84.290765,
                35.654925
              ],
              [
                -84.317513,
                35.66017
              ],
              [
                -84.317628,
                35.672107
              ],
              [
                -84.357608,
                35.665162
              ],
              [
                -84.353275,
                35.654396
              ],
              [
                -84.385011,
                35.639841
              ],
              [
                -84.398074,
                35.640208
              ],
              [
                -84.406472,
                35.665622
              ],
              [
                -84.424785,
                35.661078
              ],
              [
                -84.423549,
                35.671735
              ],
              [
                -84.487344,
                35.655508
              ],
              [
                -84.504274,
                35.665866
              ],
              [
                -84.504595,
                35.651034
              ],
              [
                -84.522162,
                35.651394
              ],
              [
                -84.522545,
                35.643984
              ],
              [
                -84.509243,
                35.642154
              ],
              [
                -84.508579,
                35.629399
              ],
              [
                -84.500061,
                35.62939
              ],
              [
                -84.504727,
                35.619671
              ],
              [
                -84.547603,
                35.641327
              ],
              [
                -84.557872,
                35.629651
              ],
              [
                -84.584296,
                35.633086
              ],
              [
                -84.584472,
                35.644424
              ],
              [
                -84.58441,
                35.651607
              ]
            ]
          ]
        ]
      }
    },
    {
      "type": "Feature",
      "id": "us-cd:118:47:03",
      "properties": {
        "boundary_id": "us-cd:118:47:03",
        "boundary_type": "congressional_district",
        "name": "Congressional District 3",
        "stateFips": "47",
        "congress": 118,
        "district": "03",
        "bbox": [
          -85.475513,
          34.985644,
          -83.93854,
          36.436661
        ]
      },
      "geometry": {
        "type": "Polygon",
        "coordinates": [
          [
            [
              -85.474889,
              34.986972
            ],
            [
              -85.427571,
              35.006881
            ],
            [
              -85.408712,
              35.041195
            ],
            [
              -85.382255,
              35.04473
            ],
            [
              -85.361959,
              35.087773
            ],
            [
              -85.39577,
              35.105638
            ],
            [
              -85.388448,
              35.145504
            ],
            [
              -85.246005,
              35.319077
            ],
            [
              -85.168302,
              35.455614
            ],
            [
              -85.151468,
              35.4452
            ],
            [
              -85.137969,
              35.456216
            ],
            [
              -85.111443,
              35.456891
            ],
            [
              -85.102158,
              35.428442
            ],
            [
              -85.066908,
              35.436476
            ],
            [
              -85.016661,
              35.409101
            ],
            [
              -85.025395,
              35.404765
            ],
            [
              -85.030369,
              35.379122
            ],
            [
              -85.01515,
              35.371888
            ],
            [
              -85.008366,
              35.383255
            ],
            [
              -84.977749,
              35.36107
            ],
            [
              -84.962471,
              35.306826
            ],
            [
              -84.946339,
              35.287717
            ],
            [
              -84.940148,
              35.297671
            ],
            [
              -84.927446,
              35.288869
            ],
            [
              -84.884046,
              35.329172
            ],
            [
              -84.873246,
              35.348971
            ],
            [
              -84.877546,
              35.357871
            ],
            [
              -84.860164,
              35.350074
            ],
            [
              -84.837444,
              35.39737
            ],
            [
              -84.817144,
              35.416971
            ],
            [
              -84.823054,
              35.419785
            ],
            [
              -84.815843,
              35.43527
            ],
            [
              -84.801943,
              35.43777
            ],
            [
              -84.801749,
              35.454282
            ],
            [
              -84.775826,
              35.467258
            ],
            [
              -84.747173,
              35.510783
            ],
            [
              -84.706773,
              35.541347
            ],
            [
              -84.689814,
              35.577603
            ],
            [
              -84.666535,
              35.589289
            ],
            [
              -84.619865,
              35.644651
            ],
            [
              -84.628061,
              35.690117
            ],
            [
              -84.619031,
              35.70788
            ],
            [
              -84.636309,
              35.72429
            ],
            [
              -84.663528,
              35.702837
            ],
            [
              -84.672223,
              35.702943
            ],
            [
              -84.67654,
              35.717501
            ],
            [
              -84.69873,
              35.717869
            ],
            [
              -84.698416,
              35.741814
            ],
            [
              -84.757046,
              35.756963
            ],
            [
              -84.75271,
              35.772599
            ],
            [
              -84.738315,
              35.777588
            ],
            [
              -84.741992,
              35.790301
            ],
            [
              -84.789191,
              35.814677
            ],
            [
              -84.728771,
              35.859223
            ],
            [
              -84.706181,
              35.896066
            ],
            [
              -84.680633,
              35.908454
            ],
            [
              -84.720727,
              35.994914
            ],
            [
              -84.791936,
              36.059371
            ],
            [
              -84.80546,
              36.090501
            ],
            [
              -84.824643,
              36.09464
            ],
            [
              -84.832377,
              36.08401
            ],
            [
              -84.870888,
              36.136925
            ],
            [
              -84.907753,
              36.156293
            ],
            [
              -84.899971,
              36.172429
            ],
            [
              -84.914155,
              36.20829
            ],
            [
              -84.88385,
              36.239533
            ],
            [
              -84.875211,
              36.285597
            ],
            [
              -84.79568,
              36.297689
            ],
            [
              -84.781945,
              36.319134
            ],
            [
              -84.786617,
              36.324877
            ],
            [
              -84.773723,
              36.334812
            ],
            [
              -84.760662,
              36.327815
            ],
            [
              -84.74001,
              36.336551
            ],
            [
              -84.745486,
              36.351083
            ],
            [
              -84.726904,
              36.352837
            ],
            [
              -84.732491,
              36.366261
            ],
            [
              -84.72468,
              36.376295
            ],
            [
              -84.697011,
              36.370398
            ],
            [
              -84.689368,
              36.358722
            ],
            [
              -84.670179,
              36.383271
            ],
            [
              -84.627272,
              36.381982
            ],
            [
              -84.63029,
              36.395192
            ],
            [
              -84.606866,
              36.406084
            ],
            [
              -84.589037,
              36.388121
            ],
            [
              -84.55328,
              36.397676
            ],
            [
              -84.528659,
              36.38433
            ],
            [
              -84.503044,
              36.406775
            ],
            [
              -84.491857,
              36.403359
            ],
            [
              -84.497051,
              36.392099
            ],
            [
              -84.480444,
              36.373396
            ],
            [
              -84.466417,
              36.379979
            ],
            [
              -84.45127,
              36.374448
            ],
            [
              -84.463271,
              36.382304
            ],
            [
              -84.449646,
              36.385528
            ],
            [
              -84.457309,
              36.392263
            ],
            [
              -84.450645,
              36.403608
            ],
            [
              -84.435914,
              36.405307
            ],
            [
              -84.443148,
              36.43351
            ],
            [
              -84.417739,
              36.436661
            ],
            [
              -84.402134,
              36.422648
            ],
            [
              -84.36504,
              36.415953
            ],
            [
              -84.345535,
              36.42956
            ],
            [
              -84.344701,
              36.415677
            ],
            [
              -84.322211,
              36.392865
            ],
            [
              -84.299903,
              36.414317
            ],
            [
              -84.280325,
              36.395947
            ],
            [
              -84.238138,
              36.380859
            ],
            [
              -84.221298,
              36.359668
            ],
            [
              -84.201854,
              36.374033
            ],
            [
              -84.186914,
              36.365109
            ],
            [
              -84.175177,
              36.376237
            ],
            [
              -84.168854,
              36.368781
            ],
            [
              -84.127156,
              36.395474
            ],
            [
              -84.116079,
              36.383062
            ],
            [
              -84.122038,
              36.362469
            ],
            [
              -84.111713,
              36.361321
            ],
            [
              -84.129919,
              36.345506
            ],
            [
              -84.106732,
              36.320242
            ],
            [
              -84.119336,
              36.321443
            ],
            [
              -84.108831,
              36.31165
            ],
            [
              -84.117778,
              36.292796
            ],
            [
              -84.085196,
              36.283853
            ],
            [
              -84.079044,
              36.255632
            ],
            [
              -84.063119,
              36.246978
            ],
            [
              -84.033219,
              36.291078
            ],
            [
              -84.037519,
              36.299978
            ],
            [
              -84.028519,
              36.299579
            ],
            [
              -84.021518,
              36.272278
            ],
            [
              -84.004317,
              36.270378
            ],
            [
              -83.96914,
              36.210105
            ],
            [
              -83.941711,
              36.186378
            ],
            [
              -84.093004,
              36.073519
            ],
            [
              -84.058585,
              36.036304
            ],
            [
              -84.147212,
              35.987327
            ],
            [
              -84.192287,
              35.995488
            ],
            [
              -84.196606,
              35.978414
            ],
            [
              -84.215759,
              35.97331
            ],
            [
              -84.215902,
              35.946382
            ],
            [
              -84.24536,
              35.953134
            ],
            [
              -84.237583,
              35.929646
            ],
            [
              -84.271546,
              35.942228
            ],
            [
              -84.252675,
              35.920386
            ],
            [
              -84.271587,
              35.910165
            ],
            [
              -84.264045,
              35.895181
            ],
            [
              -84.284551,
              35.901026
            ],
            [
              -84.28383,
              35.874865
            ],
            [
              -84.32997,
              35.892904
            ],
            [
              -84.337898,
              35.839865
            ],
            [
              -84.379668,
              35.817439
            ],
            [
              -84.377189,
              35.790678
            ],
            [
              -84.388696,
              35.782527
            ],
            [
              -84.380776,
              35.777851
            ],
            [
              -84.388607,
              35.768352
            ],
            [
              -84.416415,
              35.776451
            ],
            [
              -84.435166,
              35.748212
            ],
            [
              -84.448558,
              35.759426
            ],
            [
              -84.494488,
              35.716362
            ],
            [
              -84.516891,
              35.71204
            ],
            [
              -84.531803,
              35.687606
            ],
            [
              -84.521936,
              35.676597
            ],
            [
              -84.58441,
              35.651607
            ],
            [
              -84.584296,
              35.633086
            ],
            [
              -84.557872,
              35.629651
            ],
            [
              -84.547603,
              35.641327
            ],
            [
              -84.504727,
              35.619671
            ],
            [
              -84.500061,
              35.62939
            ],
            [
              -84.508579,
              35.629399
            ],
            [
              -84.509243,
              35.642154
            ],
            [
              -84.522545,
              35.643984
            ],
            [
              -84.522162,
              35.651394
            ],
            [
              -84.504595,
              35.651034
            ],
            [
              -84.504274,
              35.665866
            ],
            [
              -84.487344,
              35.655508
            ],
            [
              -84.423549,
              35.671735
            ],
            [
              -84.424785,
              35.661078
            ],
            [
              -84.406472,
              35.665622
            ],
            [
              -84.398074,
              35.640208
            ],
            [
              -84.385011,
              35.639841
            ],
            [
              -84.353275,
              35.654396
            ],
            [
              -84.357608,
              35.665162
            ],
            [
              -84.317628,
              35.672107
            ],
            [
              -84.317513,
              35.66017
            ],
            [
              -84.290765,
              35.654925
            ],
            [
              -84.297522,
              35.643152
            ],
            [
              -84.25079,
              35.636989
            ],
            [
              -84.253071,
              35.617852
            ],
            [
              -84.19263,
              35.618241
            ],
            [
              -84.181868,
              35.598892
            ],
            [
              -84.14891,
              35.591265
            ],
            [
              -84.130953,
              35.576313
            ],
            [
              -84.112319,
              35.587456
            ],
            [
              -84.111764,
              35.576758
            ],
            [
              -84.096169,
              35.575487
            ],
            [
              -84.085507,
              35.541372
            ],
            [
              -83.995926,
              35.55294
            ],
            [
              -83.993431,
              35.527767
            ],
            [
              -84.009842,
              35.510955
            ],
            [
              -83.987343,
              35.487483
            ],
            [
              -83.974534,
              35.501148
            ],
            [
              -83.93854,
              35.487773
            ],
            [
              -83.965151,
              35.471117
            ],
            [
              -83.965229,
              35.455399
            ],
            [
              -84.023007,
              35.411684
            ],
            [
              -84.008207,
              35.390383
            ],
            [
              -84.007586,
              35.371661
            ],
            [
              -84.038327,
              35.347813
            ],
            [
              -84.029377,
              35.333197
            ],
            [
              -84.03571,
              35.312883
            ],
            [
              -84.02141,
              35.301383
            ],
            [
              -84.052612,
              35.269982
            ],
            [
              -84.098068,
              35.247209
            ],
            [
              -84.118914,
              35.252281
            ],
            [
              -84.127915,
              35.241081
            ],
            [
              -84.143124,
              35.246879
            ],
            [
              -84.188417,
              35.239979
            ],
            [
              -84.223718,
              35.269078
            ],
            [
              -84.29024,
              35.225572
            ],
            [
              -84.321869,
              34.988408
            ],
            [
              -85.475513,
              34.985644
            ],
            [
              -85.474889,
              34.986972
            ]
          ],
          [
            [
              -84.540328,
              35.611744
            ],
            [
              -84.52271,
              35.607783
            ],
            [
              -84.522373,
              35.618625
            ],
            [
              -84.540355,
              35.619427
            ],
            [
              -84.540328,
              35.611744
            ]
          ],
          [
            [
              -84.350001,
              35.632939
            ],
            [
              -84.342871,
              35.636585
            ],
            [
              -84.355297,
              35.640924
            ],
            [
              -84.350001,
              35.632939
            ]
          ],
          [
            [
              -84.539963,
              35.670465
            ],
            [
              -84.539774,
              35.67684
            ],
            [
              -84.548777,
              35.673213
            ],
            [
              -84.540219,
              35.670466
            ],
            [
              -84.539963,
              35.670465
            ]
          ]
        ]
      }
    },
    {
      "type": "Feature",
      "id": "us-cd:118:47:04",
      "properties": {
        "boundary_id": "us-cd:118:47:04",
        "boundary_type": "congressional_district",
        "name": "Congressional District 4",
        "stateFips": "47",
        "congress": 118,
        "district": "04",
        "bbox": [
          -87.611925,
          34.9830630878201,
          -84.619031,
          36.10061
        ]
      },
      "geometry": {
        "type": "Polygon",
        "coordinates": [
          [
            [
              -87.611925,
              35.019006
            ],
            [
              -87.605733,
              35.035865
            ],
            [
              -87.578649,
              35.03487
            ],
            [
              -87.58134,
              35.049214
            ],
            [
              -87.57275,
              35.049051
            ],
            [
              -87.588833,
              35.058431
            ],
            [
              -87.590376,
              35.142756
            ],
            [
              -87.583407,
              35.155522
            ],
            [
              -87.576699,
              35.152135
            ],
            [
              -87.572654,
              35.190451
            ],
            [
              -87.578943,
              35.186953
            ],
            [
              -87.575352,
              35.398454
            ],
            [
              -87.516794,
              35.398188
            ],
            [
              -87.509612,
              35.414679
            ],
            [
              -87.44882,
              35.420622
            ],
            [
              -87.448485,
              35.457844
            ],
            [
              -87.325796,
              35.456415
            ],
            [
              -87.326948,
              35.447699
            ],
            [
              -87.227932,
              35.429332
            ],
            [
              -87.226272,
              35.440408
            ],
            [
              -87.193227,
              35.430902
            ],
            [
              -87.160263,
              35.435371
            ],
            [
              -87.122529,
              35.456061
            ],
            [
              -87.05918,
              35.431354
            ],
            [
              -87.030114,
              35.432201
            ],
            [
              -86.998805,
              35.409573
            ],
            [
              -86.986705,
              35.409375
            ],
            [
              -86.984405,
              35.420075
            ],
            [
              -86.968204,
              35.412075
            ],
            [
              -86.940003,
              35.415475
            ],
            [
              -86.922902,
              35.406975
            ],
            [
              -86.924603,
              35.363076
            ],
            [
              -86.908247,
              35.350118
            ],
            [
              -86.912003,
              35.340176
            ],
            [
              -86.901802,
              35.338475
            ],
            [
              -86.910636,
              35.318151
            ],
            [
              -86.859481,
              35.298966
            ],
            [
              -86.855193,
              35.315517
            ],
            [
              -86.84249,
              35.319206
            ],
            [
              -86.8285,
              35.293376
            ],
            [
              -86.828301,
              35.263677
            ],
            [
              -86.746899,
              35.252878
            ],
            [
              -86.677397,
              35.310677
            ],
            [
              -86.649997,
              35.309777
            ],
            [
              -86.641196,
              35.319676
            ],
            [
              -86.602613,
              35.327013
            ],
            [
              -86.599478,
              35.36495
            ],
            [
              -86.61822,
              35.366795
            ],
            [
              -86.658247,
              35.435281
            ],
            [
              -86.657891,
              35.45599
            ],
            [
              -86.665555,
              35.456207
            ],
            [
              -86.653193,
              35.57412
            ],
            [
              -86.635207,
              35.577415
            ],
            [
              -86.66377,
              35.581893
            ],
            [
              -86.649204,
              35.599391
            ],
            [
              -86.639436,
              35.6859
            ],
            [
              -86.674255,
              35.696962
            ],
            [
              -86.688557,
              35.718372
            ],
            [
              -86.699281,
              35.717837
            ],
            [
              -86.697794,
              35.746284
            ],
            [
              -86.692025,
              35.754393
            ],
            [
              -86.680854,
              35.750621
            ],
            [
              -86.671288,
              35.771736
            ],
            [
              -86.661266,
              35.767431
            ],
            [
              -86.662855,
              35.790934
            ],
            [
              -86.613328,
              35.790331
            ],
            [
              -86.613531,
              35.809965
            ],
            [
              -86.625198,
              35.808897
            ],
            [
              -86.612951,
              35.813515
            ],
            [
              -86.611806,
              35.824469
            ],
            [
              -86.625534,
              35.832249
            ],
            [
              -86.60343,
              35.838704
            ],
            [
              -86.600032,
              35.849994
            ],
            [
              -86.617427,
              35.864132
            ],
            [
              -86.621372,
              35.882569
            ],
            [
              -86.613771,
              35.883756
            ],
            [
              -86.628,
              35.910163
            ],
            [
              -86.614985,
              35.943708
            ],
            [
              -86.625036,
              35.966706
            ],
            [
              -86.607995,
              35.979772
            ],
            [
              -86.612335,
              36.009994
            ],
            [
              -86.562427,
              36.035323
            ],
            [
              -86.564292,
              36.063579
            ],
            [
              -86.546487,
              36.06652
            ],
            [
              -86.546884,
              36.087817
            ],
            [
              -86.529489,
              36.077521
            ],
            [
              -86.532884,
              36.060019
            ],
            [
              -86.525689,
              36.057318
            ],
            [
              -86.515589,
              36.10061
            ],
            [
              -86.439752,
              36.051836
            ],
            [
              -86.39512,
              36.03103
            ],
            [
              -86.382528,
              36.035251
            ],
            [
              -86.388359,
              36.027193
            ],
            [
              -86.376999,
              36.012043
            ],
            [
              -86.367524,
              36.017894
            ],
            [
              -86.326252,
              35.985008
            ],
            [
              -86.309967,
              35.986146
            ],
            [
              -86.310363,
              35.978563
            ],
            [
              -86.24637,
              35.960233
            ],
            [
              -86.216868,
              35.969366
            ],
            [
              -86.186495,
              35.957877
            ],
            [
              -86.161094,
              35.963214
            ],
            [
              -86.152889,
              35.954385
            ],
            [
              -86.155319,
              35.932559
            ],
            [
              -86.141766,
              35.914374
            ],
            [
              -86.152904,
              35.909125
            ],
            [
              -86.158565,
              35.880778
            ],
            [
              -86.168634,
              35.884362
            ],
            [
              -86.173099,
              35.874157
            ],
            [
              -86.181208,
              35.794993
            ],
            [
              -86.190429,
              35.787122
            ],
            [
              -86.183484,
              35.763443
            ],
            [
              -86.20792,
              35.732286
            ],
            [
              -86.208769,
              35.7124
            ],
            [
              -86.143394,
              35.661652
            ],
            [
              -86.037896,
              35.643001
            ],
            [
              -86.032238,
              35.65114
            ],
            [
              -85.985062,
              35.660108
            ],
            [
              -85.992775,
              35.694103
            ],
            [
              -85.986835,
              35.703961
            ],
            [
              -85.997732,
              35.709926
            ],
            [
              -85.98963,
              35.711356
            ],
            [
              -85.987838,
              35.734879
            ],
            [
              -85.93475,
              35.781507
            ],
            [
              -85.942133,
              35.786779
            ],
            [
              -85.913867,
              35.822506
            ],
            [
              -85.885595,
              35.830539
            ],
            [
              -85.875877,
              35.845776
            ],
            [
              -85.842943,
              35.840419
            ],
            [
              -85.842082,
              35.846912
            ],
            [
              -85.791923,
              35.852162
            ],
            [
              -85.77421,
              35.842548
            ],
            [
              -85.751785,
              35.850027
            ],
            [
              -85.635737,
              35.813353
            ],
            [
              -85.6203,
              35.801247
            ],
            [
              -85.636468,
              35.785301
            ],
            [
              -85.633985,
              35.762233
            ],
            [
              -85.608953,
              35.751714
            ],
            [
              -85.598146,
              35.735572
            ],
            [
              -85.60514,
              35.708529
            ],
            [
              -85.594632,
              35.617898
            ],
            [
              -85.557535,
              35.532977
            ],
            [
              -85.543566,
              35.542718
            ],
            [
              -85.459856,
              35.54685
            ],
            [
              -85.45352,
              35.55813
            ],
            [
              -85.423804,
              35.567422
            ],
            [
              -85.265387,
              35.721237
            ],
            [
              -85.270427,
              35.747175
            ],
            [
              -85.254062,
              35.765611
            ],
            [
              -85.103406,
              35.769921
            ],
            [
              -85.073831,
              35.760472
            ],
            [
              -85.04114,
              35.77177
            ],
            [
              -85.028787,
              35.746285
            ],
            [
              -84.928536,
              35.768549
            ],
            [
              -84.916062,
              35.761939
            ],
            [
              -84.797941,
              35.825039
            ],
            [
              -84.781901,
              35.825
            ],
            [
              -84.789191,
              35.814677
            ],
            [
              -84.739616,
              35.787492
            ],
            [
              -84.754472,
              35.75439
            ],
            [
              -84.698416,
              35.741814
            ],
            [
              -84.69873,
              35.717869
            ],
            [
              -84.67654,
              35.717501
            ],
            [
              -84.672223,
              35.702943
            ],
            [
              -84.645073,
              35.724438
            ],
            [
              -84.619031,
              35.70788
            ],
            [
              -84.628061,
              35.690117
            ],
            [
              -84.619865,
              35.644651
            ],
            [
              -84.666535,
              35.589289
            ],
            [
              -84.689814,
              35.577603
            ],
            [
              -84.706773,
              35.541347
            ],
            [
              -84.747173,
              35.510783
            ],
            [
              -84.775826,
              35.467258
            ],
            [
              -84.801749,
              35.454282
            ],
            [
              -84.801943,
              35.43777
            ],
            [
              -84.815843,
              35.43527
            ],
            [
              -84.823054,
              35.419785
            ],
            [
              -84.817144,
              35.416971
            ],
            [
              -84.837444,
              35.39737
            ],
            [
              -84.860164,
              35.350074
            ],
            [
              -84.877546,
              35.357871
            ],
            [
              -84.873246,
              35.348971
            ],
            [
              -84.884046,
              35.329172
            ],
            [
              -84.927446,
              35.288869
            ],
            [
              -84.940148,
              35.297671
            ],
            [
              -84.946339,
              35.287717
            ],
            [
              -84.962471,
              35.306826
            ],
            [
              -84.977749,
              35.36107
            ],
            [
              -85.008366,
              35.383255
            ],
            [
              -85.01515,
              35.371888
            ],
            [
              -85.030369,
              35.379122
            ],
            [
              -85.025395,
              35.404765
            ],
            [
              -85.016661,
              35.409101
            ],
            [
              -85.066908,
              35.436476
            ],
            [
              -85.102158,
              35.428442
            ],
            [
              -85.111443,
              35.456891
            ],
            [
              -85.137969,
              35.456216
            ],
            [
              -85.151468,
              35.4452
            ],
            [
              -85.168302,
              35.455614
            ],
            [
              -85.246005,
              35.319077
            ],
            [
              -85.388448,
              35.145504
            ],
            [
              -85.39577,
              35.105638
            ],
            [
              -85.361959,
              35.087773
            ],
            [
              -85.382255,
              35.04473
            ],
            [
              -85.408712,
              35.041195
            ],
            [
              -85.427571,
              35.006881
            ],
            [
              -85.4741053158651,
              34.9830630878201
            ],
            [
              -87.606178379167,
              35.0036420906069
            ],
            [
              -87.611341,
              35.01683
            ],
            [
              -87.611925,
              35.019006
            ]
          ]
        ]
      }
    },
    {
      "type": "Feature",
      "id": "us-cd:118:47:05",
      "properties": {
        "boundary_id": "us-cd:118:47:05",
        "boundary_type": "congressional_district",
        "name": "Congressional District 5",
        "stateFips": "47",
        "congress": 118,
        "district": "05",
        "bbox": [
          -87.717559,
          35.252878,
          -86.160832,
          36.271275
        ]
      },
      "geometry": {
        "type": "Polygon",
        "coordinates": [
          [
            [
              -87.716609,
              35.491818
            ],
            [
              -87.711014,
              35.505289
            ],
            [
              -87.690651,
              35.505329
            ],
            [
              -87.687529,
              35.552813
            ],
            [
              -87.665168,
              35.553235
            ],
            [
              -87.651755,
              35.564864
            ],
            [
              -87.64853,
              35.590012
            ],
            [
              -87.658189,
              35.609349
            ],
            [
              -87.618123,
              35.619428
            ],
            [
              -87.623391,
              35.632744
            ],
            [
              -87.586676,
              35.653117
            ],
            [
              -87.568831,
              35.652296
            ],
            [
              -87.549256,
              35.630252
            ],
            [
              -87.452344,
              35.61604
            ],
            [
              -87.357379,
              35.659514
            ],
            [
              -87.325284,
              35.657768
            ],
            [
              -87.294946,
              35.695252
            ],
            [
              -87.258521,
              35.697815
            ],
            [
              -87.250343,
              35.709133
            ],
            [
              -87.265391,
              35.719016
            ],
            [
              -87.234143,
              35.724691
            ],
            [
              -87.215099,
              35.850651
            ],
            [
              -87.035681,
              35.796213
            ],
            [
              -87.003959,
              35.779028
            ],
            [
              -86.964824,
              35.771854
            ],
            [
              -86.962471,
              35.782883
            ],
            [
              -86.944302,
              35.77265
            ],
            [
              -86.913259,
              35.782542
            ],
            [
              -86.918132,
              35.798753
            ],
            [
              -86.904679,
              35.799277
            ],
            [
              -86.867867,
              35.848752
            ],
            [
              -86.849575,
              35.860609
            ],
            [
              -86.831646,
              35.859487
            ],
            [
              -86.807631,
              35.966064
            ],
            [
              -86.844488,
              35.98154
            ],
            [
              -86.861614,
              35.971856
            ],
            [
              -86.88128,
              35.975684
            ],
            [
              -86.904248,
              35.964757
            ],
            [
              -86.907457,
              35.930425
            ],
            [
              -86.968533,
              35.935584
            ],
            [
              -86.984884,
              35.9611
            ],
            [
              -86.972871,
              35.969165
            ],
            [
              -86.992079,
              35.986344
            ],
            [
              -87.016082,
              35.997874
            ],
            [
              -87.039223,
              35.989286
            ],
            [
              -87.054705,
              36.049986
            ],
            [
              -87.041362,
              36.041312
            ],
            [
              -87.038792,
              36.0789
            ],
            [
              -86.994334,
              36.077803
            ],
            [
              -86.999237,
              36.090613
            ],
            [
              -86.935332,
              36.10846
            ],
            [
              -86.932708,
              36.121467
            ],
            [
              -86.918472,
              36.119953
            ],
            [
              -86.87923,
              36.140147
            ],
            [
              -86.847625,
              36.131462
            ],
            [
              -86.839174,
              36.14183
            ],
            [
              -86.822976,
              36.139714
            ],
            [
              -86.798196,
              36.116386
            ],
            [
              -86.747361,
              36.111059
            ],
            [
              -86.734515,
              36.090847
            ],
            [
              -86.708622,
              36.096437
            ],
            [
              -86.671364,
              36.077233
            ],
            [
              -86.654558,
              36.096776
            ],
            [
              -86.619266,
              36.089307
            ],
            [
              -86.610022,
              36.137933
            ],
            [
              -86.621414,
              36.160755
            ],
            [
              -86.64137,
              36.172779
            ],
            [
              -86.629317,
              36.188227
            ],
            [
              -86.634482,
              36.214409
            ],
            [
              -86.622803,
              36.213349
            ],
            [
              -86.622827,
              36.248754
            ],
            [
              -86.587735,
              36.246873
            ],
            [
              -86.559142,
              36.271275
            ],
            [
              -86.550662,
              36.267716
            ],
            [
              -86.553585,
              36.254371
            ],
            [
              -86.530952,
              36.263722
            ],
            [
              -86.512186,
              36.247948
            ],
            [
              -86.514116,
              36.235096
            ],
            [
              -86.47726,
              36.230968
            ],
            [
              -86.447676,
              36.242765
            ],
            [
              -86.446184,
              36.255403
            ],
            [
              -86.434246,
              36.247001
            ],
            [
              -86.417339,
              36.265019
            ],
            [
              -86.315243,
              36.260123
            ],
            [
              -86.288634,
              36.249184
            ],
            [
              -86.281629,
              36.238988
            ],
            [
              -86.289819,
              36.231662
            ],
            [
              -86.274882,
              36.225289
            ],
            [
              -86.289565,
              36.217313
            ],
            [
              -86.236029,
              36.14718
            ],
            [
              -86.186001,
              36.098288
            ],
            [
              -86.160832,
              36.095406
            ],
            [
              -86.186265,
              36.082454
            ],
            [
              -86.186744,
              36.070243
            ],
            [
              -86.201356,
              36.060391
            ],
            [
              -86.206345,
              36.049852
            ],
            [
              -86.194047,
              36.040905
            ],
            [
              -86.20837,
              36.030134
            ],
            [
              -86.197974,
              36.018475
            ],
            [
              -86.216119,
              36.003626
            ],
            [
              -86.174342,
              35.982722
            ],
            [
              -86.176951,
              35.957508
            ],
            [
              -86.216868,
              35.969366
            ],
            [
              -86.251731,
              35.961141
            ],
            [
              -86.250608,
              35.967681
            ],
            [
              -86.326252,
              35.985008
            ],
            [
              -86.367524,
              36.017894
            ],
            [
              -86.376999,
              36.012043
            ],
            [
              -86.388359,
              36.027193
            ],
            [
              -86.382528,
              36.035251
            ],
            [
              -86.39512,
              36.03103
            ],
            [
              -86.439752,
              36.051836
            ],
            [
              -86.515589,
              36.10061
            ],
            [
              -86.525689,
              36.057318
            ],
            [
              -86.532884,
              36.060019
            ],
            [
              -86.529489,
              36.077521
            ],
            [
              -86.546884,
              36.087817
            ],
            [
              -86.546487,
              36.06652
            ],
            [
              -86.564292,
              36.063579
            ],
            [
              -86.562427,
              36.035323
            ],
            [
              -86.612335,
              36.009994
            ],
            [
              -86.607995,
              35.979772
            ],
            [
              -86.625036,
              35.966706
            ],
            [
              -86.614985,
              35.943708
            ],
            [
              -86.628,
              35.910163
            ],
            [
              -86.613771,
              35.883756
            ],
            [
              -86.621372,
              35.882569
            ],
            [
              -86.617427,
              35.864132
            ],
            [
              -86.600032,
              35.849994
            ],
            [
              -86.60343,
              35.838704
            ],
            [
              -86.625534,
              35.832249
            ],
            [
              -86.611806,
              35.824469
            ],
            [
              -86.612951,
              35.813515
            ],
            [
              -86.625198,
              35.808897
            ],
            [
              -86.613531,
              35.809965
            ],
            [
              -86.613328,
              35.790331
            ],
            [
              -86.662855,
              35.790934
            ],
            [
              -86.661266,
              35.767431
            ],
            [
              -86.675149,
              35.76896
            ],
            [
              -86.681813,
              35.750066
            ],
            [
              -86.696904,
              35.752334
            ],
            [
              -86.700265,
              35.722621
            ],
            [
              -86.674255,
              35.696962
            ],
            [
              -86.639436,
              35.6859
            ],
            [
              -86.649204,
              35.599391
            ],
            [
              -86.66377,
              35.581893
            ],
            [
              -86.635207,
              35.577415
            ],
            [
              -86.653193,
              35.57412
            ],
            [
              -86.665555,
              35.456207
            ],
            [
              -86.657891,
              35.45599
            ],
            [
              -86.658247,
              35.435281
            ],
            [
              -86.61822,
              35.366795
            ],
            [
              -86.599478,
              35.36495
            ],
            [
              -86.602613,
              35.327013
            ],
            [
              -86.641196,
              35.319676
            ],
            [
              -86.649997,
              35.309777
            ],
            [
              -86.677397,
              35.310677
            ],
            [
              -86.746899,
              35.252878
            ],
            [
              -86.828301,
              35.263677
            ],
            [
              -86.8285,
              35.293376
            ],
            [
              -86.845385,
              35.320889
            ],
            [
              -86.859481,
              35.298966
            ],
            [
              -86.886437,
              35.306444
            ],
            [
              -86.888004,
              35.315176
            ],
            [
              -86.906451,
              35.314075
            ],
            [
              -86.912012,
              35.322037
            ],
            [
              -86.903207,
              35.324779
            ],
            [
              -86.901802,
              35.338475
            ],
            [
              -86.912003,
              35.340176
            ],
            [
              -86.908247,
              35.350118
            ],
            [
              -86.920107,
              35.35218
            ],
            [
              -86.927535,
              35.375142
            ],
            [
              -86.922902,
              35.406975
            ],
            [
              -86.953704,
              35.419075
            ],
            [
              -86.964911,
              35.411913
            ],
            [
              -86.984405,
              35.420075
            ],
            [
              -86.986705,
              35.409375
            ],
            [
              -86.998805,
              35.409573
            ],
            [
              -87.030114,
              35.432201
            ],
            [
              -87.05918,
              35.431354
            ],
            [
              -87.122529,
              35.456061
            ],
            [
              -87.160263,
              35.435371
            ],
            [
              -87.193227,
              35.430902
            ],
            [
              -87.226272,
              35.440408
            ],
            [
              -87.227932,
              35.429332
            ],
            [
              -87.326948,
              35.447699
            ],
            [
              -87.325796,
              35.456415
            ],
            [
              -87.448485,
              35.457844
            ],
            [
              -87.44882,
              35.420622
            ],
            [
              -87.509612,
              35.414679
            ],
            [
              -87.516794,
              35.398188
            ],
            [
              -87.575352,
              35.398454
            ],
            [
              -87.575205,
              35.406308
            ],
            [
              -87.605118,
              35.419406
            ],
            [
              -87.607276,
              35.436176
            ],
            [
              -87.646485,
              35.442071
            ],
            [
              -87.645896,
              35.472745
            ],
            [
              -87.717559,
              35.483347
            ],
            [
              -87.716609,
              35.491818
            ]
          ]
        ]
      }
    },
    {
      "type": "Feature",
      "id": "us-cd:118:47:06",
      "properties": {
        "boundary_id": "us-cd:118:47:06",
        "boundary_type": "congressional_district",
        "name": "Congressional District 6",
        "stateFips": "47",
        "congress": 118,
        "district": "06",
        "bbox": [
          -86.782948,
          35.532977,
          -84.249231,
          36.652445
        ]
      },
      "geometry": {
        "type": "Polygon",
        "coordinates": [
          [
            [
              -86.782948,
              36.191767
            ],
            [
              -86.765743,
              36.210307
            ],
            [
              -86.7571,
              36.249663
            ],
            [
              -86.73846,
              36.255379
            ],
            [
              -86.729981,
              36.283682
            ],
            [
              -86.739942,
              36.295835
            ],
            [
              -86.730797,
              36.299952
            ],
            [
              -86.774832,
              36.333478
            ],
            [
              -86.756121,
              36.342876
            ],
            [
              -86.759386,
              36.360239
            ],
            [
              -86.752661,
              36.362909
            ],
            [
              -86.772387,
              36.393241
            ],
            [
              -86.756597,
              36.400441
            ],
            [
              -86.748341,
              36.418508
            ],
            [
              -86.693292,
              36.407231
            ],
            [
              -86.693251,
              36.425663
            ],
            [
              -86.645895,
              36.480952
            ],
            [
              -86.633984,
              36.536363
            ],
            [
              -86.5639157484191,
              36.6335518059594
            ],
            [
              -86.550054,
              36.644817
            ],
            [
              -86.507771,
              36.652445
            ],
            [
              -85.832172,
              36.622046
            ],
            [
              -85.488353,
              36.614994
            ],
            [
              -85.195372,
              36.625498
            ],
            [
              -84.843091,
              36.605127
            ],
            [
              -84.261333,
              36.591981
            ],
            [
              -84.264533,
              36.56848
            ],
            [
              -84.249231,
              36.564684
            ],
            [
              -84.261684,
              36.511978
            ],
            [
              -84.286533,
              36.50388
            ],
            [
              -84.330434,
              36.50948
            ],
            [
              -84.339311,
              36.499847
            ],
            [
              -84.340479,
              36.466472
            ],
            [
              -84.355622,
              36.458897
            ],
            [
              -84.343926,
              36.444373
            ],
            [
              -84.346243,
              36.427775
            ],
            [
              -84.355294,
              36.429311
            ],
            [
              -84.36504,
              36.415953
            ],
            [
              -84.402134,
              36.422648
            ],
            [
              -84.417739,
              36.436661
            ],
            [
              -84.443148,
              36.43351
            ],
            [
              -84.435914,
              36.405307
            ],
            [
              -84.450645,
              36.403608
            ],
            [
              -84.457309,
              36.392263
            ],
            [
              -84.449646,
              36.385528
            ],
            [
              -84.463271,
              36.382304
            ],
            [
              -84.45127,
              36.374448
            ],
            [
              -84.466417,
              36.379979
            ],
            [
              -84.480444,
              36.373396
            ],
            [
              -84.497051,
              36.392099
            ],
            [
              -84.491857,
              36.403359
            ],
            [
              -84.503044,
              36.406775
            ],
            [
              -84.528659,
              36.38433
            ],
            [
              -84.55328,
              36.397676
            ],
            [
              -84.589037,
              36.388121
            ],
            [
              -84.606866,
              36.406084
            ],
            [
              -84.63029,
              36.395192
            ],
            [
              -84.627272,
              36.381982
            ],
            [
              -84.670179,
              36.383271
            ],
            [
              -84.689368,
              36.358722
            ],
            [
              -84.697011,
              36.370398
            ],
            [
              -84.72468,
              36.376295
            ],
            [
              -84.732491,
              36.366261
            ],
            [
              -84.726904,
              36.352837
            ],
            [
              -84.745486,
              36.351083
            ],
            [
              -84.74001,
              36.336551
            ],
            [
              -84.760662,
              36.327815
            ],
            [
              -84.773723,
              36.334812
            ],
            [
              -84.786617,
              36.324877
            ],
            [
              -84.781945,
              36.319134
            ],
            [
              -84.79568,
              36.297689
            ],
            [
              -84.82224,
              36.299513
            ],
            [
              -84.84312,
              36.287009
            ],
            [
              -84.866104,
              36.292928
            ],
            [
              -84.877629,
              36.282253
            ],
            [
              -84.88385,
              36.239533
            ],
            [
              -84.914155,
              36.20829
            ],
            [
              -84.899971,
              36.172429
            ],
            [
              -84.907753,
              36.156293
            ],
            [
              -84.870888,
              36.136925
            ],
            [
              -84.832377,
              36.08401
            ],
            [
              -84.824643,
              36.09464
            ],
            [
              -84.80546,
              36.090501
            ],
            [
              -84.791936,
              36.059371
            ],
            [
              -84.720727,
              35.994914
            ],
            [
              -84.680633,
              35.908454
            ],
            [
              -84.706181,
              35.896066
            ],
            [
              -84.73828,
              35.851143
            ],
            [
              -84.916062,
              35.761939
            ],
            [
              -84.928536,
              35.768549
            ],
            [
              -85.028787,
              35.746285
            ],
            [
              -85.04114,
              35.77177
            ],
            [
              -85.073831,
              35.760472
            ],
            [
              -85.103406,
              35.769921
            ],
            [
              -85.256886,
              35.764771
            ],
            [
              -85.265775,
              35.760476
            ],
            [
              -85.259657,
              35.750291
            ],
            [
              -85.270427,
              35.747175
            ],
            [
              -85.265387,
              35.721237
            ],
            [
              -85.291281,
              35.692605
            ],
            [
              -85.423804,
              35.567422
            ],
            [
              -85.45352,
              35.55813
            ],
            [
              -85.459856,
              35.54685
            ],
            [
              -85.543566,
              35.542718
            ],
            [
              -85.557535,
              35.532977
            ],
            [
              -85.594632,
              35.617898
            ],
            [
              -85.60514,
              35.708529
            ],
            [
              -85.598146,
              35.735572
            ],
            [
              -85.608953,
              35.751714
            ],
            [
              -85.633985,
              35.762233
            ],
            [
              -85.636468,
              35.785301
            ],
            [
              -85.6203,
              35.801247
            ],
            [
              -85.641655,
              35.816717
            ],
            [
              -85.747257,
              35.849369
            ],
            [
              -85.787534,
              35.843036
            ],
            [
              -85.791923,
              35.852162
            ],
            [
              -85.842082,
              35.846912
            ],
            [
              -85.842943,
              35.840419
            ],
            [
              -85.872935,
              35.846447
            ],
            [
              -85.885595,
              35.830539
            ],
            [
              -85.913867,
              35.822506
            ],
            [
              -85.942133,
              35.786779
            ],
            [
              -85.93475,
              35.781507
            ],
            [
              -85.987838,
              35.734879
            ],
            [
              -85.98963,
              35.711356
            ],
            [
              -85.997732,
              35.709926
            ],
            [
              -85.986835,
              35.703961
            ],
            [
              -85.992775,
              35.694103
            ],
            [
              -85.985062,
              35.660108
            ],
            [
              -85.994462,
              35.653725
            ],
            [
              -86.00817,
              35.657203
            ],
            [
              -86.037896,
              35.643001
            ],
            [
              -86.08889,
              35.646823
            ],
            [
              -86.143394,
              35.661652
            ],
            [
              -86.190408,
              35.692458
            ],
            [
              -86.191852,
              35.701868
            ],
            [
              -86.207147,
              35.70379
            ],
            [
              -86.20792,
              35.732286
            ],
            [
              -86.183484,
              35.763443
            ],
            [
              -86.190429,
              35.787122
            ],
            [
              -86.181208,
              35.794993
            ],
            [
              -86.173099,
              35.874157
            ],
            [
              -86.168634,
              35.884362
            ],
            [
              -86.158565,
              35.880778
            ],
            [
              -86.152904,
              35.909125
            ],
            [
              -86.141766,
              35.914374
            ],
            [
              -86.155319,
              35.932559
            ],
            [
              -86.152889,
              35.954385
            ],
            [
              -86.161094,
              35.963214
            ],
            [
              -86.176951,
              35.957508
            ],
            [
              -86.174342,
              35.982722
            ],
            [
              -86.215334,
              36.010314
            ],
            [
              -86.197974,
              36.018475
            ],
            [
              -86.20837,
              36.030134
            ],
            [
              -86.194047,
              36.040905
            ],
            [
              -86.206345,
              36.049852
            ],
            [
              -86.201356,
              36.060391
            ],
            [
              -86.186744,
              36.070243
            ],
            [
              -86.186265,
              36.082454
            ],
            [
              -86.160832,
              36.095406
            ],
            [
              -86.186001,
              36.098288
            ],
            [
              -86.236029,
              36.14718
            ],
            [
              -86.289565,
              36.217313
            ],
            [
              -86.274882,
              36.225289
            ],
            [
              -86.289819,
              36.231662
            ],
            [
              -86.281629,
              36.238988
            ],
            [
              -86.288634,
              36.249184
            ],
            [
              -86.321226,
              36.261654
            ],
            [
              -86.417339,
              36.265019
            ],
            [
              -86.434246,
              36.247001
            ],
            [
              -86.446184,
              36.255403
            ],
            [
              -86.447676,
              36.242765
            ],
            [
              -86.461839,
              36.234697
            ],
            [
              -86.499234,
              36.230209
            ],
            [
              -86.514116,
              36.235096
            ],
            [
              -86.511102,
              36.244947
            ],
            [
              -86.522846,
              36.259502
            ],
            [
              -86.5336,
              36.263973
            ],
            [
              -86.553585,
              36.254371
            ],
            [
              -86.550662,
              36.267716
            ],
            [
              -86.559142,
              36.271275
            ],
            [
              -86.587735,
              36.246873
            ],
            [
              -86.622827,
              36.248754
            ],
            [
              -86.622803,
              36.213349
            ],
            [
              -86.634482,
              36.214409
            ],
            [
              -86.629317,
              36.188227
            ],
            [
              -86.64137,
              36.172779
            ],
            [
              -86.613516,
              36.149847
            ],
            [
              -86.609517,
              36.115741
            ],
            [
              -86.619266,
              36.089307
            ],
            [
              -86.654558,
              36.096776
            ],
            [
              -86.671364,
              36.077233
            ],
            [
              -86.708622,
              36.096437
            ],
            [
              -86.734515,
              36.090847
            ],
            [
              -86.750909,
              36.120388
            ],
            [
              -86.728106,
              36.126721
            ],
            [
              -86.725295,
              36.164197
            ],
            [
              -86.767656,
              36.159685
            ],
            [
              -86.782158,
              36.19001
            ],
            [
              -86.782948,
              36.191767
            ]
          ]
        ]
      }
    },
    {
      "type": "Feature",
      "id": "us-cd:118:47:07",
      "properties": {
        "boundary_id": "us-cd:118:47:07",
        "boundary_type": "congressional_district",
        "name": "Congressional District 7",
        "stateFips": "47",
        "congress": 118,
        "district": "07",
        "bbox": [
          -88.247986,
          35.0036420906069,
          -86.5639157484191,
          36.678118
        ]
      },
      "geometry": {
        "type": "Polygon",
        "coordinates": [
          [
            [
              -88.246854,
              35.447626
            ],
            [
              -88.243071,
              35.528551
            ],
            [
              -88.231181,
              35.54726
            ],
            [
              -88.216759,
              35.548866
            ],
            [
              -88.226459,
              35.554269
            ],
            [
              -88.190465,
              35.609088
            ],
            [
              -88.197864,
              35.630422
            ],
            [
              -88.188973,
              35.631139
            ],
            [
              -88.177859,
              35.845841
            ],
            [
              -88.217436,
              35.846582
            ],
            [
              -88.216781,
              35.877152
            ],
            [
              -88.225048,
              35.877192
            ],
            [
              -88.224728,
              35.886389
            ],
            [
              -88.216598,
              35.886147
            ],
            [
              -88.214442,
              35.982752
            ],
            [
              -88.160928,
              36.006923
            ],
            [
              -88.159329,
              36.045434
            ],
            [
              -88.078066,
              36.05978
            ],
            [
              -88.079325,
              36.068569
            ],
            [
              -88.098678,
              36.07541
            ],
            [
              -88.083425,
              36.091494
            ],
            [
              -88.089452,
              36.138349
            ],
            [
              -88.065943,
              36.134878
            ],
            [
              -88.057257,
              36.14355
            ],
            [
              -88.094533,
              36.18055
            ],
            [
              -88.08883,
              36.199875
            ],
            [
              -88.138682,
              36.209795
            ],
            [
              -88.135824,
              36.218678
            ],
            [
              -88.10058,
              36.23366
            ],
            [
              -88.10046,
              36.254369
            ],
            [
              -88.083059,
              36.257128
            ],
            [
              -88.091076,
              36.296367
            ],
            [
              -88.102848,
              36.31012
            ],
            [
              -88.092269,
              36.340315
            ],
            [
              -88.095985,
              36.358716
            ],
            [
              -87.99092,
              36.360133
            ],
            [
              -88.061456,
              36.444093
            ],
            [
              -88.052006,
              36.471265
            ],
            [
              -88.056676,
              36.491107
            ],
            [
              -88.039481,
              36.510408
            ],
            [
              -88.032489,
              36.540662
            ],
            [
              -88.070532,
              36.678118
            ],
            [
              -87.849567,
              36.663701
            ],
            [
              -87.853204,
              36.633247
            ],
            [
              -86.589906,
              36.652486
            ],
            [
              -86.5639157484191,
              36.6335518059594
            ],
            [
              -86.633984,
              36.536363
            ],
            [
              -86.645895,
              36.480952
            ],
            [
              -86.693251,
              36.425663
            ],
            [
              -86.690759,
              36.409742
            ],
            [
              -86.748341,
              36.418508
            ],
            [
              -86.756597,
              36.400441
            ],
            [
              -86.772387,
              36.393241
            ],
            [
              -86.752661,
              36.362909
            ],
            [
              -86.759386,
              36.360239
            ],
            [
              -86.756121,
              36.342876
            ],
            [
              -86.774832,
              36.333478
            ],
            [
              -86.730797,
              36.299952
            ],
            [
              -86.739942,
              36.295835
            ],
            [
              -86.729981,
              36.283682
            ],
            [
              -86.73846,
              36.255379
            ],
            [
              -86.7571,
              36.249663
            ],
            [
              -86.781629,
              36.17961
            ],
            [
              -86.765764,
              36.15903
            ],
            [
              -86.725295,
              36.164197
            ],
            [
              -86.728106,
              36.126721
            ],
            [
              -86.749899,
              36.123181
            ],
            [
              -86.751541,
              36.111225
            ],
            [
              -86.771345,
              36.110902
            ],
            [
              -86.798196,
              36.116386
            ],
            [
              -86.822976,
              36.139714
            ],
            [
              -86.841637,
              36.141744
            ],
            [
              -86.856185,
              36.130429
            ],
            [
              -86.857382,
              36.139538
            ],
            [
              -86.87923,
              36.140147
            ],
            [
              -86.918472,
              36.119953
            ],
            [
              -86.932708,
              36.121467
            ],
            [
              -86.935332,
              36.10846
            ],
            [
              -86.999237,
              36.090613
            ],
            [
              -86.994334,
              36.077803
            ],
            [
              -87.038792,
              36.0789
            ],
            [
              -87.041362,
              36.041312
            ],
            [
              -87.054705,
              36.049986
            ],
            [
              -87.039223,
              35.989286
            ],
            [
              -87.016082,
              35.997874
            ],
            [
              -86.992079,
              35.986344
            ],
            [
              -86.973338,
              35.970054
            ],
            [
              -86.984884,
              35.9611
            ],
            [
              -86.964143,
              35.933845
            ],
            [
              -86.907457,
              35.930425
            ],
            [
              -86.899654,
              35.972158
            ],
            [
              -86.861614,
              35.971856
            ],
            [
              -86.844488,
              35.98154
            ],
            [
              -86.807631,
              35.966064
            ],
            [
              -86.831646,
              35.859487
            ],
            [
              -86.849575,
              35.860609
            ],
            [
              -86.867867,
              35.848752
            ],
            [
              -86.904679,
              35.799277
            ],
            [
              -86.918132,
              35.798753
            ],
            [
              -86.913259,
              35.782542
            ],
            [
              -86.944302,
              35.77265
            ],
            [
              -86.962471,
              35.782883
            ],
            [
              -86.964824,
              35.771854
            ],
            [
              -87.003959,
              35.779028
            ],
            [
              -87.035681,
              35.796213
            ],
            [
              -87.215099,
              35.850651
            ],
            [
              -87.234143,
              35.724691
            ],
            [
              -87.265391,
              35.719016
            ],
            [
              -87.251806,
              35.713528
            ],
            [
              -87.255769,
              35.700344
            ],
            [
              -87.294946,
              35.695252
            ],
            [
              -87.325284,
              35.657768
            ],
            [
              -87.357379,
              35.659514
            ],
            [
              -87.418709,
              35.62487
            ],
            [
              -87.459587,
              35.615124
            ],
            [
              -87.549256,
              35.630252
            ],
            [
              -87.568831,
              35.652296
            ],
            [
              -87.586676,
              35.653117
            ],
            [
              -87.623391,
              35.632744
            ],
            [
              -87.618123,
              35.619428
            ],
            [
              -87.658189,
              35.609349
            ],
            [
              -87.64853,
              35.590012
            ],
            [
              -87.651755,
              35.564864
            ],
            [
              -87.665168,
              35.553235
            ],
            [
              -87.687529,
              35.552813
            ],
            [
              -87.690651,
              35.505329
            ],
            [
              -87.711014,
              35.505289
            ],
            [
              -87.717559,
              35.483347
            ],
            [
              -87.645896,
              35.472745
            ],
            [
              -87.646485,
              35.442071
            ],
            [
              -87.607276,
              35.436176
            ],
            [
              -87.597164,
              35.411723
            ],
            [
              -87.575205,
              35.406308
            ],
            [
              -87.578943,
              35.186953
            ],
            [
              -87.572654,
              35.190451
            ],
            [
              -87.576699,
              35.152135
            ],
            [
              -87.583407,
              35.155522
            ],
            [
              -87.590376,
              35.142756
            ],
            [
              -87.588833,
              35.058431
            ],
            [
              -87.57275,
              35.049051
            ],
            [
              -87.58134,
              35.049214
            ],
            [
              -87.578649,
              35.03487
            ],
            [
              -87.605733,
              35.035865
            ],
            [
              -87.606178379167,
              35.0036420906069
            ],
            [
              -87.9849162019114,
              35.0058806732269
            ],
            [
              -87.981585,
              35.295678
            ],
            [
              -88.017443,
              35.299988
            ],
            [
              -88.01813,
              35.330975
            ],
            [
              -88.004872,
              35.350912
            ],
            [
              -88.013286,
              35.370178
            ],
            [
              -88.024654,
              35.369588
            ],
            [
              -88.024741,
              35.392307
            ],
            [
              -88.065809,
              35.41764
            ],
            [
              -88.11675,
              35.385
            ],
            [
              -88.165185,
              35.392278
            ],
            [
              -88.196462,
              35.379561
            ],
            [
              -88.210134,
              35.407322
            ],
            [
              -88.247986,
              35.42352
            ],
            [
              -88.246854,
              35.447626
            ]
          ]
        ]
      }
    },
    {
      "type": "Feature",
      "id": "us-cd:118:47:08",
      "properties": {
        "boundary_id": "us-cd:118:47:08",
        "boundary_type": "congressional_district",
        "name": "Congressional District 8",
        "stateFips": "47",
        "congress": 118,
        "district": "08",
        "bbox": [
          -89.958877,
          34.9952297191805,
          -87.981585,
          36.507147
        ]
      },
      "geometry": {
        "type": "Polygon",
        "coordinates": [
          [
            [
              -89.958336,
              35.72656
            ],
            [
              -89.911984,
              35.758313
            ],
            [
              -89.894107,
              35.750839
            ],
            [
              -89.863064,
              35.757134
            ],
            [
              -89.846753,
              35.744129
            ],
            [
              -89.825451,
              35.745188
            ],
            [
              -89.79895,
              35.759356
            ],
            [
              -89.799565,
              35.788331
            ],
            [
              -89.781662,
              35.805228
            ],
            [
              -89.765391,
              35.811207
            ],
            [
              -89.72817,
              35.802697
            ],
            [
              -89.696497,
              35.820583
            ],
            [
              -89.69741,
              35.836683
            ],
            [
              -89.773858,
              35.86766
            ],
            [
              -89.767242,
              35.890852
            ],
            [
              -89.743132,
              35.911176
            ],
            [
              -89.714934,
              35.906247
            ],
            [
              -89.669079,
              35.87451
            ],
            [
              -89.645617,
              35.885833
            ],
            [
              -89.644307,
              35.920943
            ],
            [
              -89.718497,
              35.963123
            ],
            [
              -89.733056,
              36.000809
            ],
            [
              -89.706932,
              36.000981
            ],
            [
              -89.688577,
              36.029238
            ],
            [
              -89.678821,
              36.084636
            ],
            [
              -89.601936,
              36.11947
            ],
            [
              -89.592206,
              36.15012
            ],
            [
              -89.607004,
              36.171179
            ],
            [
              -89.705328,
              36.239898
            ],
            [
              -89.695235,
              36.252766
            ],
            [
              -89.602374,
              36.238106
            ],
            [
              -89.534745,
              36.252576
            ],
            [
              -89.539487,
              36.277368
            ],
            [
              -89.578492,
              36.288317
            ],
            [
              -89.620255,
              36.323006
            ],
            [
              -89.605668,
              36.342234
            ],
            [
              -89.531822,
              36.339246
            ],
            [
              -89.513178,
              36.359897
            ],
            [
              -89.51038,
              36.378356
            ],
            [
              -89.545255,
              36.427079
            ],
            [
              -89.51972,
              36.467002
            ],
            [
              -89.539232,
              36.497934
            ],
            [
              -89.485427,
              36.497491
            ],
            [
              -89.493198,
              36.470124
            ],
            [
              -89.471718,
              36.457001
            ],
            [
              -89.448468,
              36.46442
            ],
            [
              -89.417275,
              36.499011
            ],
            [
              -89.300284,
              36.507147
            ],
            [
              -88.0532916180151,
              36.4971306477427
            ],
            [
              -88.061456,
              36.444093
            ],
            [
              -87.99092,
              36.360133
            ],
            [
              -88.095985,
              36.358716
            ],
            [
              -88.092269,
              36.340315
            ],
            [
              -88.102848,
              36.31012
            ],
            [
              -88.091076,
              36.296367
            ],
            [
              -88.083059,
              36.257128
            ],
            [
              -88.10046,
              36.254369
            ],
            [
              -88.10058,
              36.23366
            ],
            [
              -88.135824,
              36.218678
            ],
            [
              -88.138682,
              36.209795
            ],
            [
              -88.08883,
              36.199875
            ],
            [
              -88.094533,
              36.18055
            ],
            [
              -88.057257,
              36.14355
            ],
            [
              -88.065943,
              36.134878
            ],
            [
              -88.089452,
              36.138349
            ],
            [
              -88.083425,
              36.091494
            ],
            [
              -88.098678,
              36.07541
            ],
            [
              -88.079325,
              36.068569
            ],
            [
              -88.078066,
              36.05978
            ],
            [
              -88.159329,
              36.045434
            ],
            [
              -88.160928,
              36.006923
            ],
            [
              -88.214442,
              35.982752
            ],
            [
              -88.216598,
              35.886147
            ],
            [
              -88.224728,
              35.886389
            ],
            [
              -88.225048,
              35.877192
            ],
            [
              -88.216781,
              35.877152
            ],
            [
              -88.217436,
              35.846582
            ],
            [
              -88.177859,
              35.845841
            ],
            [
              -88.188973,
              35.631139
            ],
            [
              -88.197864,
              35.630422
            ],
            [
              -88.190465,
              35.609088
            ],
            [
              -88.226459,
              35.554269
            ],
            [
              -88.216759,
              35.548866
            ],
            [
              -88.231181,
              35.54726
            ],
            [
              -88.243071,
              35.528551
            ],
            [
              -88.247986,
              35.42352
            ],
            [
              -88.210134,
              35.407322
            ],
            [
              -88.196462,
              35.379561
            ],
            [
              -88.165185,
              35.392278
            ],
            [
              -88.11675,
              35.385
            ],
            [
              -88.065809,
              35.41764
            ],
            [
              -88.024741,
              35.392307
            ],
            [
              -88.024654,
              35.369588
            ],
            [
              -88.013286,
              35.370178
            ],
            [
              -88.004872,
              35.350912
            ],
            [
              -88.01813,
              35.330975
            ],
            [
              -88.017443,
              35.299988
            ],
            [
              -87.981585,
              35.295678
            ],
            [
              -87.9849162019114,
              35.0058806732269
            ],
            [
              -88.202959,
              35.008028
            ],
            [
              -88.200064,
              34.995634
            ],
            [
              -89.7066059367629,
              34.9952297191805
            ],
            [
              -89.706598,
              35.028943
            ],
            [
              -89.734083,
              35.024988
            ],
            [
              -89.759748,
              35.033323
            ],
            [
              -89.759924,
              35.047682
            ],
            [
              -89.78383,
              35.051772
            ],
            [
              -89.790111,
              35.062886
            ],
            [
              -89.850708,
              35.077371
            ],
            [
              -89.859242,
              35.100253
            ],
            [
              -89.931311,
              35.11758
            ],
            [
              -89.933079,
              35.136741
            ],
            [
              -89.922427,
              35.146043
            ],
            [
              -89.878534,
              35.150417
            ],
            [
              -89.84379,
              35.121255
            ],
            [
              -89.762734,
              35.103044
            ],
            [
              -89.731539,
              35.105631
            ],
            [
              -89.708095,
              35.12036
            ],
            [
              -89.679925,
              35.115239
            ],
            [
              -89.673886,
              35.181006
            ],
            [
              -89.681188,
              35.210636
            ],
            [
              -89.880679,
              35.205127
            ],
            [
              -89.873725,
              35.217407
            ],
            [
              -89.827163,
              35.229825
            ],
            [
              -89.7952,
              35.257546
            ],
            [
              -89.765895,
              35.268598
            ],
            [
              -89.760812,
              35.281317
            ],
            [
              -89.854425,
              35.276365
            ],
            [
              -89.831231,
              35.29962
            ],
            [
              -89.851115,
              35.301236
            ],
            [
              -89.849783,
              35.309975
            ],
            [
              -89.87261,
              35.318879
            ],
            [
              -89.847311,
              35.323334
            ],
            [
              -89.843919,
              35.33749
            ],
            [
              -89.827896,
              35.336042
            ],
            [
              -89.822984,
              35.367919
            ],
            [
              -89.830559,
              35.378152
            ],
            [
              -89.86534,
              35.382598
            ],
            [
              -89.660986,
              35.545875
            ],
            [
              -89.609566,
              35.637087
            ],
            [
              -89.623015,
              35.652344
            ],
            [
              -89.631001,
              35.645051
            ],
            [
              -89.650486,
              35.64855
            ],
            [
              -89.651006,
              35.6387
            ],
            [
              -89.66654,
              35.631269
            ],
            [
              -89.694636,
              35.645088
            ],
            [
              -89.726953,
              35.636469
            ],
            [
              -89.729068,
              35.647359
            ],
            [
              -89.739091,
              35.639394
            ],
            [
              -89.758116,
              35.650361
            ],
            [
              -89.779698,
              35.635419
            ],
            [
              -89.793566,
              35.639949
            ],
            [
              -89.807115,
              35.620462
            ],
            [
              -89.815048,
              35.625183
            ],
            [
              -89.826486,
              35.614379
            ],
            [
              -89.824146,
              35.603139
            ],
            [
              -89.844691,
              35.604775
            ],
            [
              -89.842392,
              35.597572
            ],
            [
              -89.860245,
              35.584594
            ],
            [
              -89.884497,
              35.584976
            ],
            [
              -89.894393,
              35.550157
            ],
            [
              -89.911948,
              35.535926
            ],
            [
              -89.912881,
              35.549094
            ],
            [
              -89.941995,
              35.556903
            ],
            [
              -89.956592,
              35.590622
            ],
            [
              -89.911275,
              35.617594
            ],
            [
              -89.890259,
              35.616416
            ],
            [
              -89.856619,
              35.634444
            ],
            [
              -89.851176,
              35.657432
            ],
            [
              -89.8622,
              35.670419
            ],
            [
              -89.898916,
              35.650904
            ],
            [
              -89.92735,
              35.659461
            ],
            [
              -89.955665,
              35.690089
            ],
            [
              -89.958877,
              35.723049
            ],
            [
              -89.958336,
              35.72656
            ]
          ]
        ]
      }
    },
    {
      "type": "Feature",
      "id": "us-cd:118:47:09",
      "properties": {
        "boundary_id": "us-cd:118:47:09",
        "boundary_type": "congressional_district",
        "name": "Congressional District 9",
        "stateFips": "47",
        "congress": 118,
        "district": "09",
        "bbox": [
          -90.310453,
          34.9952297191805,
          -89.612976,
          35.652344
        ]
      },
      "geometry": {
        "type": "Polygon",
        "coordinates": [
          [
            [
              -90.310453,
              35.002696
            ],
            [
              -90.292348,
              35.041356
            ],
            [
              -90.207315,
              35.025773
            ],
            [
              -90.177615,
              35.063842
            ],
            [
              -90.176843,
              35.112088
            ],
            [
              -90.154697,
              35.130924
            ],
            [
              -90.095009,
              35.117535
            ],
            [
              -90.065182,
              35.139401
            ],
            [
              -90.068673,
              35.155999
            ],
            [
              -90.116743,
              35.186906
            ],
            [
              -90.11606,
              35.19859
            ],
            [
              -90.096466,
              35.194848
            ],
            [
              -90.08856,
              35.212318
            ],
            [
              -90.075466,
              35.214047
            ],
            [
              -90.092603,
              35.246775
            ],
            [
              -90.152094,
              35.255989
            ],
            [
              -90.168794,
              35.279088
            ],
            [
              -90.157325,
              35.301492
            ],
            [
              -90.109966,
              35.304988
            ],
            [
              -90.080666,
              35.385664
            ],
            [
              -90.129342,
              35.41383
            ],
            [
              -90.146191,
              35.399468
            ],
            [
              -90.13551,
              35.376668
            ],
            [
              -90.165282,
              35.373982
            ],
            [
              -90.179265,
              35.385194
            ],
            [
              -90.16888,
              35.421878
            ],
            [
              -90.129435,
              35.442119
            ],
            [
              -90.107723,
              35.476935
            ],
            [
              -90.079007,
              35.476874
            ],
            [
              -90.067798,
              35.466224
            ],
            [
              -90.074082,
              35.433983
            ],
            [
              -90.062018,
              35.41518
            ],
            [
              -90.069528,
              35.408132
            ],
            [
              -90.054322,
              35.389277
            ],
            [
              -90.041563,
              35.39662
            ],
            [
              -90.056782,
              35.403863
            ],
            [
              -90.048086,
              35.411737
            ],
            [
              -90.003322,
              35.429629
            ],
            [
              -90.011917,
              35.462597
            ],
            [
              -90.047678,
              35.50261
            ],
            [
              -90.038109,
              35.549731
            ],
            [
              -89.989363,
              35.560043
            ],
            [
              -89.958498,
              35.541703
            ],
            [
              -89.958749,
              35.523837
            ],
            [
              -89.918499,
              35.511383
            ],
            [
              -89.904638,
              35.519348
            ],
            [
              -89.909698,
              35.537955
            ],
            [
              -89.894393,
              35.550157
            ],
            [
              -89.884497,
              35.584976
            ],
            [
              -89.860245,
              35.584594
            ],
            [
              -89.842392,
              35.597572
            ],
            [
              -89.844691,
              35.604775
            ],
            [
              -89.824146,
              35.603139
            ],
            [
              -89.826486,
              35.614379
            ],
            [
              -89.815048,
              35.625183
            ],
            [
              -89.807115,
              35.620462
            ],
            [
              -89.793566,
              35.639949
            ],
            [
              -89.779698,
              35.635419
            ],
            [
              -89.758116,
              35.650361
            ],
            [
              -89.739091,
              35.639394
            ],
            [
              -89.729068,
              35.647359
            ],
            [
              -89.726953,
              35.636469
            ],
            [
              -89.694636,
              35.645088
            ],
            [
              -89.66654,
              35.631269
            ],
            [
              -89.651006,
              35.6387
            ],
            [
              -89.650486,
              35.64855
            ],
            [
              -89.631001,
              35.645051
            ],
            [
              -89.623015,
              35.652344
            ],
            [
              -89.612976,
              35.643236
            ],
            [
              -89.660986,
              35.545875
            ],
            [
              -89.86534,
              35.382598
            ],
            [
              -89.830559,
              35.378152
            ],
            [
              -89.822984,
              35.367919
            ],
            [
              -89.827896,
              35.336042
            ],
            [
              -89.843919,
              35.33749
            ],
            [
              -89.847311,
              35.323334
            ],
            [
              -89.87261,
              35.318879
            ],
            [
              -89.849783,
              35.309975
            ],
            [
              -89.851115,
              35.301236
            ],
            [
              -89.831231,
              35.29962
            ],
            [
              -89.854425,
              35.276365
            ],
            [
              -89.760812,
              35.281317
            ],
            [
              -89.765895,
              35.268598
            ],
            [
              -89.7952,
              35.257546
            ],
            [
              -89.827163,
              35.229825
            ],
            [
              -89.873725,
              35.217407
            ],
            [
              -89.880679,
              35.205127
            ],
            [
              -89.681188,
              35.210636
            ],
            [
              -89.673886,
              35.181006
            ],
            [
              -89.679925,
              35.115239
            ],
            [
              -89.708095,
              35.12036
            ],
            [
              -89.731539,
              35.105631
            ],
            [
              -89.762734,
              35.103044
            ],
            [
              -89.84379,
              35.121255
            ],
            [
              -89.878534,
              35.150417
            ],
            [
              -89.922427,
              35.146043
            ],
            [
              -89.933079,
              35.136741
            ],
            [
              -89.931311,
              35.11758
            ],
            [
              -89.859242,
              35.100253
            ],
            [
              -89.850708,
              35.077371
            ],
            [
              -89.790111,
              35.062886
            ],
            [
              -89.78383,
              35.051772
            ],
            [
              -89.759924,
              35.047682
            ],
            [
              -89.759748,
              35.033323
            ],
            [
              -89.734083,
              35.024988
            ],
            [
              -89.706598,
              35.028943
            ],
            [
              -89.7066059367629,
              34.9952297191805
            ],
            [
              -90.3099773374116,
              35.0011039400364
            ],
            [
              -90.310453,
              35.002696
            ]
          ]
        ]
      }
    }
  ]
}
