{
  "type": "FeatureCollection",
  "features": [
    {
      "type": "Feature",
      "id": "us-county:26:001",
      "properties": {
        "boundary_id": "us-county:26:001",
        "boundary_type": "county",
        "name": "Alcona County",
        "stateFips": "26",
        "countyFips": "001",
        "bbox": [
          -83.88848400000289,
          44.508975999935295,
          -82.32951899968432,
          44.85814700006445
        ]
      },
      "geometry": {
        "type": "Polygon",
        "coordinates": [
          [
            [
              -83.40146700043111,
              44.51170299981276
            ],
            [
              -82.32951899968432,
              44.5128339999498
            ],
            [
              -82.40871700029656,
              44.85814700006445
            ],
            [
              -83.88848400000289,
              44.856458000177
            ],
            [
              -83.88663399962533,
              44.508975999935295
            ],
            [
              -83.4025510001794,
              44.51170299981276
            ],
            [
              -83.40146700043111,
              44.51170299981276
            ]
          ]
        ]
      }
    },
    {
      "type": "Feature",
      "id": "us-county:26:003",
      "properties": {
        "boundary_id": "us-county:26:003",
        "boundary_type": "county",
        "name": "Alger County",
        "stateFips": "26",
        "countyFips": "003",
        "bbox": [
          -87.11613799967166,
          46.15856099989468,
          -85.85486200029848,
          47.81799799999821
        ]
      },
      "geometry": {
        "type": "Polygon",
        "coordinates": [
          [
            [
              -86.67817900028548,
              46.1585619998208
            ],
            [
              -86.61560100023934,
              46.158691000091935
            ],
            [
              -86.61539700002484,
              46.333263000056725
            ],
            [
              -86.36498899958073,
              46.331927000148475
            ],
            [
              -86.36495299959572,
              46.505851999843834
            ],
            [
              -85.86493199964912,
              46.50475799996399
            ],
            [
              -85.85486200029848,
              47.305481999871425
            ],
            [
              -86.00014499957157,
              47.36188299972198
            ],
            [
              -86.25013899973891,
              47.47790300015438
            ],
            [
              -86.5001300004315,
              47.5683239999725
            ],
            [
              -87.11269499973277,
              47.81799799999821
            ],
            [
              -87.11613799967166,
              46.15905000017103
            ],
            [
              -86.67820600004967,
              46.15856099989468
            ],
            [
              -86.67817900028548,
              46.1585619998208
            ]
          ]
        ]
      }
    },
    {
      "type": "Feature",
      "id": "us-county:26:005",
      "properties": {
        "boundary_id": "us-county:26:005",
        "boundary_type": "county",
        "name": "Allegan County",
        "stateFips": "26",
        "countyFips": "005",
        "bbox": [
          -87.05871599967465,
          42.416992999931146,
          -85.5431910004335,
          42.76813900007252
        ]
      },
      "geometry": {
        "type": "Polygon",
        "coordinates": [
          [
            [
              -86.01161900013426,
              42.41890599985065
            ],
            [
              -85.5431910004335,
              42.42143299993322
            ],
            [
              -85.5455639999695,
              42.76813900007252
            ],
            [
              -87.05871599967465,
              42.76520200003674
            ],
            [
              -87.01986300035549,
              42.4937630000481
            ],
            [
              -87.04004599961276,
              42.416992999931146
            ],
            [
              -86.01292999966327,
              42.41889199975576
            ],
            [
              -86.01161900013426,
              42.41890599985065
            ]
          ]
        ]
      }
    },
    {
      "type": "Feature",
      "id": "us-county:26:007",
      "properties": {
        "boundary_id": "us-county:26:007",
        "boundary_type": "county",
        "name": "Alpena County",
        "stateFips": "26",
        "countyFips": "007",
        "bbox": [
          -83.88848400000289,
          44.856458000177,
          -82.40871700029656,
          45.20848400005874
        ]
      },
      "geometry": {
        "type": "Polygon",
        "coordinates": [
          [
            [
              -83.37465299976752,
              45.20709100000631
            ],
            [
              -83.88122300020638,
              45.202070999884604
            ],
            [
              -83.88848400000289,
              44.856458000177
            ],
            [
              -82.40871700029656,
              44.85814700006445
            ],
            [
              -82.49059600041639,
              45.20848400005874
            ],
            [
              -83.3698060004132,
              45.207168999771824
            ],
            [
              -83.37465299976752,
              45.20709100000631
            ]
          ]
        ]
      }
    },
    {
      "type": "Feature",
      "id": "us-county:26:009",
      "properties": {
        "boundary_id": "us-county:26:009",
        "boundary_type": "county",
        "name": "Antrim County",
        "stateFips": "26",
        "countyFips": "009",
        "bbox": [
          -85.48067399958839,
          44.812372000064194,
          -84.84730900036348,
          45.206573999887254
        ]
      },
      "geometry": {
        "type": "Polygon",
        "coordinates": [
          [
            [
              -85.0913540000882,
              44.85869500010319
            ],
            [
              -84.84730900036348,
              44.8580370001718
            ],
            [
              -84.85745200040733,
              45.11670700018717
            ],
            [
              -85.22368099956535,
              45.11786100011666
            ],
            [
              -85.22270700032024,
              45.20555999980988
            ],
            [
              -85.45889600022167,
              45.206573999887254
            ],
            [
              -85.46885699979235,
              45.130713999917255
            ],
            [
              -85.48067399958839,
              45.12032599985651
            ],
            [
              -85.43294500027177,
              45.02153699975217
            ],
            [
              -85.42768799994029,
              44.96527300021396
            ],
            [
              -85.47384100031235,
              44.85944900025354
            ],
            [
              -85.3819830001802,
              44.85956799995952
            ],
            [
              -85.37397900021891,
              44.828261999753835
            ],
            [
              -85.345283000289,
              44.82754300020119
            ],
            [
              -85.33283600030612,
              44.812372000064194
            ],
            [
              -85.31646000013751,
              44.82173400012447
            ],
            [
              -85.3276960001505,
              44.850706999719144
            ],
            [
              -85.29171599995954,
              44.85960799992319
            ],
            [
              -85.09570800042134,
              44.858721000031196
            ],
            [
              -85.0913540000882,
              44.85869500010319
            ]
          ]
        ]
      }
    },
    {
      "type": "Feature",
      "id": "us-county:26:011",
      "properties": {
        "boundary_id": "us-county:26:011",
        "boundary_type": "county",
        "name": "Arenac County",
        "stateFips": "26",
        "countyFips": "011",
        "bbox": [
          -84.166377000407,
          43.83394800010938,
          -83.18528000003697,
          44.168403999788396
        ]
      },
      "geometry": {
        "type": "Polygon",
        "coordinates": [
          [
            [
              -83.56526699960521,
              44.16351600003372
            ],
            [
              -84.16610700007026,
              44.161787999796786
            ],
            [
              -84.166377000407,
              43.996901000261786
            ],
            [
              -84.04540900006816,
              43.996974000035216
            ],
            [
              -84.04484300035374,
              43.91114600009766
            ],
            [
              -83.90760799962624,
              43.9104150002023
            ],
            [
              -83.70852500039517,
              43.83394800010938
            ],
            [
              -83.18528000003697,
              44.168403999788396
            ],
            [
              -83.5627309998626,
              44.16355200001063
            ],
            [
              -83.56526699960521,
              44.16351600003372
            ]
          ]
        ]
      }
    },
    {
      "type": "Feature",
      "id": "us-county:26:013",
      "properties": {
        "boundary_id": "us-county:26:013",
        "boundary_type": "county",
        "name": "Baraga County",
        "stateFips": "26",
        "countyFips": "013",
        "bbox": [
          -88.67939200002606,
          46.41995099982171,
          -87.99138900024386,
          47.04395800016707
        ]
      },
      "geometry": {
        "type": "Polygon",
        "coordinates": [
          [
            [
              -88.3658080000343,
              46.41995900016013
            ],
            [
              -88.11657100027546,
              46.41995099982171
            ],
            [
              -88.11584300017932,
              46.67838099993207
            ],
            [
              -87.99154599970437,
              46.679113000042626
            ],
            [
              -87.99138900024386,
              46.76515899983499
            ],
            [
              -88.04470899980282,
              46.76535299992717
            ],
            [
              -88.04373100035973,
              47.04395800016707
            ],
            [
              -88.44948399992995,
              46.93925700018185
            ],
            [
              -88.55218499971471,
              46.93853300015888
            ],
            [
              -88.55194299986539,
              46.8517949997208
            ],
            [
              -88.67898299977215,
              46.851822000260405
            ],
            [
              -88.67939200002606,
              46.42013899972319
            ],
            [
              -88.36655299984889,
              46.41996099978012
            ],
            [
              -88.3658080000343,
              46.41995900016013
            ]
          ]
        ]
      }
    },
    {
      "type": "Feature",
      "id": "us-county:26:015",
      "properties": {
        "boundary_id": "us-county:26:015",
        "boundary_type": "county",
        "name": "Barry County",
        "stateFips": "26",
        "countyFips": "015",
        "bbox": [
          -85.5455639999695,
          42.4205960000926,
          -85.07160899960054,
          42.770784000286554
        ]
      },
      "geometry": {
        "type": "Polygon",
        "coordinates": [
          [
            [
              -85.18993800026459,
              42.42059800014675
            ],
            [
              -85.07160899960054,
              42.42142799986435
            ],
            [
              -85.07424499980057,
              42.770784000286554
            ],
            [
              -85.5455639999695,
              42.76813900007252
            ],
            [
              -85.5431910004335,
              42.42143299993322
            ],
            [
              -85.19022100012181,
              42.4205960000926
            ],
            [
              -85.18993800026459,
              42.42059800014675
            ]
          ]
        ]
      }
    },
    {
      "type": "Feature",
      "id": "us-county:26:017",
      "properties": {
        "boundary_id": "us-county:26:017",
        "boundary_type": "county",
        "name": "Bay County",
        "stateFips": "26",
        "countyFips": "017",
        "bbox": [
          -84.16812700032716,
          43.47895699997085,
          -83.69881599982124,
          43.996974000035216
        ]
      },
      "geometry": {
        "type": "Polygon",
        "coordinates": [
          [
            [
              -84.1674410000638,
              43.61495299999011
            ],
            [
              -84.16812700032716,
              43.568898999898344
            ],
            [
              -84.05000000022778,
              43.56732400012656
            ],
            [
              -84.05098699989169,
              43.52406399977268
            ],
            [
              -83.81722800032597,
              43.52234500027337
            ],
            [
              -83.81767799968947,
              43.47905199999307
            ],
            [
              -83.69881599982124,
              43.47895699997085
            ],
            [
              -83.70852500039517,
              43.83394800010938
            ],
            [
              -83.90760799962624,
              43.9104150002023
            ],
            [
              -84.04484300035374,
              43.91114600009766
            ],
            [
              -84.04540900006816,
              43.996974000035216
            ],
            [
              -84.166377000407,
              43.996901000261786
            ],
            [
              -84.1674259999952,
              43.61605399978083
            ],
            [
              -84.1674410000638,
              43.61495299999011
            ]
          ]
        ]
      }
    },
    {
      "type": "Feature",
      "id": "us-county:26:019",
      "properties": {
        "boundary_id": "us-county:26:019",
        "boundary_type": "county",
        "name": "Benzie County",
        "stateFips": "26",
        "countyFips": "019",
        "bbox": [
          -86.8469279998195,
          44.51296900004096,
          -85.81511899960317,
          44.77834500023555
        ]
      },
      "geometry": {
        "type": "Polygon",
        "coordinates": [
          [
            [
              -85.93708399965166,
              44.77834500023555
            ],
            [
              -86.73452900022978,
              44.7730740000524
            ],
            [
              -86.8469279998195,
              44.51942899989519
            ],
            [
              -85.81780199965887,
              44.51296900004096
            ],
            [
              -85.81511899960317,
              44.77453400029842
            ],
            [
              -85.9322780003052,
              44.77822400014801
            ],
            [
              -85.93708399965166,
              44.77834500023555
            ]
          ]
        ]
      }
    },
    {
      "type": "Feature",
      "id": "us-county:26:021",
      "properties": {
        "boundary_id": "us-county:26:021",
        "boundary_type": "county",
        "name": "Berrien County",
        "stateFips": "26",
        "countyFips": "021",
        "bbox": [
          -87.20777400004597,
          41.76040600031098,
          -86.223562999625,
          42.243379000109286
        ]
      },
      "geometry": {
        "type": "Polygon",
        "coordinates": [
          [
            [
              -86.22459899969273,
              41.84114600030074
            ],
            [
              -86.223562999625,
              42.243379000109286
            ],
            [
              -87.0883380000674,
              42.23533399986951
            ],
            [
              -87.20777400004597,
              41.760955999928086
            ],
            [
              -86.226095000068,
              41.76040600031098
            ],
            [
              -86.22460600026373,
              41.8409089997388
            ],
            [
              -86.22459899969273,
              41.84114600030074
            ]
          ]
        ]
      }
    },
    {
      "type": "Feature",
      "id": "us-county:26:023",
      "properties": {
        "boundary_id": "us-county:26:023",
        "boundary_type": "county",
        "name": "Branch County",
        "stateFips": "26",
        "countyFips": "023",
        "bbox": [
          -85.29362599971327,
          41.759889000004584,
          -84.82513000024046,
          42.07257099971223
        ]
      },
      "geometry": {
        "type": "Polygon",
        "coordinates": [
          [
            [
              -84.94223100031783,
              42.07257099971223
            ],
            [
              -85.29362599971327,
              42.07155300017484
            ],
            [
              -85.29217899974182,
              41.759889000004584
            ],
            [
              -84.82513000024046,
              41.75999900011922
            ],
            [
              -84.82649099999817,
              42.07246799982154
            ],
            [
              -84.93362999978167,
              42.07253599983936
            ],
            [
              -84.94223100031783,
              42.07257099971223
            ]
          ]
        ]
      }
    },
    {
      "type": "Feature",
      "id": "us-county:26:025",
      "properties": {
        "boundary_id": "us-county:26:025",
        "boundary_type": "county",
        "name": "Calhoun County",
        "stateFips": "26",
        "countyFips": "025",
        "bbox": [
          -85.29952800030021,
          42.070366000034824,
          -84.70955599960212,
          42.421519999741484
        ]
      },
      "geometry": {
        "type": "Polygon",
        "coordinates": [
          [
            [
              -84.71694899964312,
              42.246917999892936
            ],
            [
              -84.71849299969895,
              42.421519999741484
            ],
            [
              -85.29952800030021,
              42.419553000305896
            ],
            [
              -85.29362599971327,
              42.07155300017484
            ],
            [
              -84.70955599960212,
              42.070366000034824
            ],
            [
              -84.71694600016839,
              42.24683400000777
            ],
            [
              -84.71694899964312,
              42.246917999892936
            ]
          ]
        ]
      }
    },
    {
      "type": "Feature",
      "id": "us-county:26:027",
      "properties": {
        "boundary_id": "us-county:26:027",
        "boundary_type": "county",
        "name": "Cass County",
        "stateFips": "26",
        "countyFips": "027",
        "bbox": [
          -86.226095000068,
          41.7597370002913,
          -85.7601860003914,
          42.071484000195696
        ]
      },
      "geometry": {
        "type": "Polygon",
        "coordinates": [
          [
            [
              -85.99192899989818,
              42.07007100016126
            ],
            [
              -86.22294000000916,
              42.071484000195696
            ],
            [
              -86.226095000068,
              41.76040600031098
            ],
            [
              -85.78460099978308,
              41.7597370002913
            ],
            [
              -85.7863890002364,
              41.776653000050075
            ],
            [
              -85.7601860003914,
              41.798814000127
            ],
            [
              -85.76294300006695,
              42.06932700002207
            ],
            [
              -85.97410999995608,
              42.06987300023897
            ],
            [
              -85.99192899989818,
              42.07007100016126
            ]
          ]
        ]
      }
    },
    {
      "type": "Feature",
      "id": "us-county:26:029",
      "properties": {
        "boundary_id": "us-county:26:029",
        "boundary_type": "county",
        "name": "Charlevoix County",
        "stateFips": "26",
        "countyFips": "029",
        "bbox": [
          -85.87322699986353,
          45.11490299983121,
          -84.73268700012729,
          45.883243999718175
        ]
      },
      "geometry": {
        "type": "Polygon",
        "coordinates": [
          [
            [
              -84.73430300015313,
              45.20193599998023
            ],
            [
              -84.73268700012729,
              45.28938199992239
            ],
            [
              -84.96478700000944,
              45.29160099970338
            ],
            [
              -84.9650659996687,
              45.27122199998952
            ],
            [
              -85.00347399964723,
              45.2730430002935
            ],
            [
              -85.04596700034541,
              45.33465500019397
            ],
            [
              -85.09653299970356,
              45.33574299985972
            ],
            [
              -85.10227799993166,
              45.39744900012695
            ],
            [
              -85.20783199965143,
              45.500008000147595
            ],
            [
              -85.28323800034532,
              45.5502090000965
            ],
            [
              -85.30630700004788,
              45.59388899999387
            ],
            [
              -85.30758400014003,
              45.625005999904104
            ],
            [
              -85.27641699986653,
              45.69764100010724
            ],
            [
              -85.21912000044128,
              45.79021799995181
            ],
            [
              -85.2205509996209,
              45.83361800008079
            ],
            [
              -85.23961800024115,
              45.870739999836026
            ],
            [
              -85.57007399979574,
              45.883243999718175
            ],
            [
              -85.7589689996754,
              45.851165999910286
            ],
            [
              -85.87322699986353,
              45.8179029998278
            ],
            [
              -85.85576799977153,
              45.57838599990273
            ],
            [
              -85.76596400023146,
              45.55553800010789
            ],
            [
              -85.67952800028725,
              45.50698099976273
            ],
            [
              -85.62507600040111,
              45.45460200029757
            ],
            [
              -85.48787800038184,
              45.28072000024783
            ],
            [
              -85.4693310003436,
              45.25000100017306
            ],
            [
              -85.4591809997287,
              45.20656799989503
            ],
            [
              -85.22270700032024,
              45.20555999980988
            ],
            [
              -85.22368099956535,
              45.11786100011666
            ],
            [
              -84.73479900044569,
              45.11490299983121
            ],
            [
              -84.73432099969648,
              45.20177400005194
            ],
            [
              -84.73430300015313,
              45.20193599998023
            ]
          ]
        ]
      }
    },
    {
      "type": "Feature",
      "id": "us-county:26:031",
      "properties": {
        "boundary_id": "us-county:26:031",
        "boundary_type": "county",
        "name": "Cheboygan County",
        "stateFips": "26",
        "countyFips": "031",
        "bbox": [
          -84.73430300015313,
          45.19872700030262,
          -84.20106200006417,
          45.8103299997428
        ]
      },
      "geometry": {
        "type": "Polygon",
        "coordinates": [
          [
            [
              -84.73260699976133,
              45.809871000282534
            ],
            [
              -84.73430300015313,
              45.20193599998023
            ],
            [
              -84.24663399975486,
              45.19872700030262
            ],
            [
              -84.25201999995777,
              45.625997999815404
            ],
            [
              -84.20426300015373,
              45.62624700016734
            ],
            [
              -84.20106200006417,
              45.7522750000359
            ],
            [
              -84.36631400013093,
              45.69587200023773
            ],
            [
              -84.44692600020433,
              45.694704000186114
            ],
            [
              -84.52669600037879,
              45.71652699997518
            ],
            [
              -84.65123800017778,
              45.792279999801465
            ],
            [
              -84.73259500006577,
              45.8103299997428
            ],
            [
              -84.73260699976133,
              45.809871000282534
            ]
          ]
        ]
      }
    },
    {
      "type": "Feature",
      "id": "us-county:26:033",
      "properties": {
        "boundary_id": "us-county:26:033",
        "boundary_type": "county",
        "name": "Chippewa County",
        "stateFips": "26",
        "countyFips": "033",
        "bbox": [
          -85.23783900000866,
          45.7739439997809,
          -83.43355799972102,
          47.04761000026283
        ]
      },
      "geometry": {
        "type": "Polygon",
        "coordinates": [
          [
            [
              -85.23623300002856,
              46.875018999790676
            ],
            [
              -85.23783900000866,
              46.24543000021077
            ],
            [
              -85.11332899999672,
              46.245721999897654
            ],
            [
              -85.11251300003704,
              46.15826299994922
            ],
            [
              -84.36350300002867,
              46.157984000299734
            ],
            [
              -84.3630899995768,
              46.071574000016724
            ],
            [
              -84.2388840002368,
              46.07145700009192
            ],
            [
              -84.23933199995045,
              45.98491400017508
            ],
            [
              -84.11418599990388,
              45.98515199983828
            ],
            [
              -84.12309799988635,
              45.7776679997197
            ],
            [
              -83.63686700013703,
              45.7739439997809
            ],
            [
              -83.43355799972102,
              45.99889500000019
            ],
            [
              -83.57146700011799,
              46.10599800030716
            ],
            [
              -83.65464699972107,
              46.122054999944986
            ],
            [
              -83.75952900031952,
              46.1031729998355
            ],
            [
              -83.82624300024064,
              46.11928800026691
            ],
            [
              -83.90347400029943,
              46.06091000016246
            ],
            [
              -83.95542399987981,
              46.05718799986059
            ],
            [
              -83.97613400029009,
              46.10255399984148
            ],
            [
              -84.00587299996039,
              46.118469000270835
            ],
            [
              -84.00568499963941,
              46.149551000208206
            ],
            [
              -84.07702700042837,
              46.18755800014491
            ],
            [
              -84.10808900022158,
              46.24123799994702
            ],
            [
              -84.09776600025266,
              46.256511999901825
            ],
            [
              -84.11556299955514,
              46.26822499972916
            ],
            [
              -84.1196290000082,
              46.315013000281645
            ],
            [
              -84.10624700023992,
              46.321962999983285
            ],
            [
              -84.1389059997924,
              46.37222099977481
            ],
            [
              -84.14617199961181,
              46.41851999974929
            ],
            [
              -84.11122500001382,
              46.504118999917
            ],
            [
              -84.12892500013022,
              46.530118999787405
            ],
            [
              -84.17742799957375,
              46.526919999885884
            ],
            [
              -84.19401999965244,
              46.54014899996715
            ],
            [
              -84.22613099993215,
              46.53392000019787
            ],
            [
              -84.25485699999928,
              46.5007900000871
            ],
            [
              -84.27581400028174,
              46.49282099978451
            ],
            [
              -84.34195900011537,
              46.50750499989056
            ],
            [
              -84.42027399992246,
              46.501076999889904
            ],
            [
              -84.44514899962168,
              46.4890160001096
            ],
            [
              -84.47559399964682,
              46.452864000222725
            ],
            [
              -84.55696200030378,
              46.46063899996194
            ],
            [
              -84.76295700025024,
              46.63432400019986
            ],
            [
              -84.8593350003969,
              46.88884300020982
            ],
            [
              -85.23432999994753,
              47.04761000026283
            ],
            [
              -85.23433099977242,
              47.00001599976269
            ],
            [
              -85.23623300002856,
              46.875018999790676
            ]
          ]
        ]
      }
    },
    {
      "type": "Feature",
      "id": "us-county:26:035",
      "properties": {
        "boundary_id": "us-county:26:035",
        "boundary_type": "county",
        "name": "Clare County",
        "stateFips": "26",
        "countyFips": "035",
        "bbox": [
          -85.08881099977457,
          43.81367599998293,
          -84.60603700020785,
          44.16424199994006
        ]
      },
      "geometry": {
        "type": "Polygon",
        "coordinates": [
          [
            [
              -84.78346000007298,
              43.81464599990655
            ],
            [
              -84.60603700020785,
              43.81536499969123
            ],
            [
              -84.60810400032041,
              44.16048199976278
            ],
            [
              -85.08740300016117,
              44.16424199994006
            ],
            [
              -85.08881099977457,
              43.81367599998293
            ],
            [
              -84.78752300015297,
              43.81463799970698
            ],
            [
              -84.78346000007298,
              43.81464599990655
            ]
          ]
        ]
      }
    },
    {
      "type": "Feature",
      "id": "us-county:26:037",
      "properties": {
        "boundary_id": "us-county:26:037",
        "boundary_type": "county",
        "name": "Clinton County",
        "stateFips": "26",
        "countyFips": "037",
        "bbox": [
          -84.83753799986528,
          42.769970999832616,
          -84.36366000038753,
          43.118851000025884
        ]
      },
      "geometry": {
        "type": "Polygon",
        "coordinates": [
          [
            [
              -84.83753799986528,
              43.032714000211485
            ],
            [
              -84.83708500012877,
              42.77047899975534
            ],
            [
              -84.36366000038753,
              42.769970999832616
            ],
            [
              -84.36776000027744,
              43.117941999972984
            ],
            [
              -84.83688900031017,
              43.118851000025884
            ],
            [
              -84.83744400015395,
              43.03280999970662
            ],
            [
              -84.83753799986528,
              43.032714000211485
            ]
          ]
        ]
      }
    },
    {
      "type": "Feature",
      "id": "us-county:26:039",
      "properties": {
        "boundary_id": "us-county:26:039",
        "boundary_type": "county",
        "name": "Crawford County",
        "stateFips": "26",
        "countyFips": "039",
        "bbox": [
          -84.85098999995375,
          44.50722300027468,
          -84.3706430003497,
          44.8580370001718
        ]
      },
      "geometry": {
        "type": "Polygon",
        "coordinates": [
          [
            [
              -84.85098999995375,
              44.53273000009848
            ],
            [
              -84.85092899985439,
              44.511068999975755
            ],
            [
              -84.3706430003497,
              44.50722300027468
            ],
            [
              -84.37173700014374,
              44.85503900016774
            ],
            [
              -84.84730900036348,
              44.8580370001718
            ],
            [
              -84.85096499983939,
              44.53636799988786
            ],
            [
              -84.85098999995375,
              44.53273000009848
            ]
          ]
        ]
      }
    },
    {
      "type": "Feature",
      "id": "us-county:26:041",
      "properties": {
        "boundary_id": "us-county:26:041",
        "boundary_type": "county",
        "name": "Delta County",
        "stateFips": "26",
        "countyFips": "041",
        "bbox": [
          -87.36801099963057,
          45.324810000306755,
          -86.45911399984199,
          46.15910300011429
        ]
      },
      "geometry": {
        "type": "Polygon",
        "coordinates": [
          [
            [
              -87.36801099963057,
              45.941342000127854
            ],
            [
              -87.3676730004201,
              45.89896900013173
            ],
            [
              -87.3253909996091,
              45.89866499990061
            ],
            [
              -87.32750200010258,
              45.55125000016956
            ],
            [
              -87.12911799975704,
              45.550485000130564
            ],
            [
              -87.12782599959628,
              45.409487000233916
            ],
            [
              -87.10113300020484,
              45.44423000019731
            ],
            [
              -86.75423600018432,
              45.44360999972072
            ],
            [
              -86.46412000010329,
              45.324810000306755
            ],
            [
              -86.45911399984199,
              45.896362999697956
            ],
            [
              -86.49025000015335,
              45.89633699991324
            ],
            [
              -86.4901420001983,
              46.15817800010325
            ],
            [
              -87.2415060003744,
              46.15910300011429
            ],
            [
              -87.2428849996755,
              45.98511700026405
            ],
            [
              -87.36784900014719,
              45.98532100018166
            ],
            [
              -87.36800300013296,
              45.943094999748396
            ],
            [
              -87.36801099963057,
              45.941342000127854
            ]
          ]
        ]
      }
    },
    {
      "type": "Feature",
      "id": "us-county:26:043",
      "properties": {
        "boundary_id": "us-county:26:043",
        "boundary_type": "county",
        "name": "Dickinson County",
        "stateFips": "26",
        "countyFips": "043",
        "bbox": [
          -88.13451700043916,
          45.72249500025752,
          -87.6155970001018,
          46.24665299998867
        ]
      },
      "geometry": {
        "type": "Polygon",
        "coordinates": [
          [
            [
              -87.69694599959388,
              45.89884199983867
            ],
            [
              -87.61739600042577,
              45.89884600025105
            ],
            [
              -87.6155970001018,
              46.24665299998867
            ],
            [
              -88.11740700032662,
              46.24661800023838
            ],
            [
              -88.11684499991185,
              45.92162699993305
            ],
            [
              -88.09503400003484,
              45.91583900027926
            ],
            [
              -88.1068940003869,
              45.90075000004071
            ],
            [
              -88.10091399998215,
              45.881773000169126
            ],
            [
              -88.06976299960218,
              45.87293800028084
            ],
            [
              -88.13451700043916,
              45.82245699989979
            ],
            [
              -88.1301289997708,
              45.8097079997687
            ],
            [
              -88.07140200009256,
              45.7799379996926
            ],
            [
              -87.99144699997018,
              45.795393000120214
            ],
            [
              -87.98086999955804,
              45.77697699972485
            ],
            [
              -87.9864290000133,
              45.769596000042206
            ],
            [
              -87.96075800044588,
              45.75756600020108
            ],
            [
              -87.87689800042723,
              45.75437900015843
            ],
            [
              -87.84650500028063,
              45.72249500025752
            ],
            [
              -87.69715900002922,
              45.72295999974776
            ],
            [
              -87.69693999974609,
              45.89783700009326
            ],
            [
              -87.69694599959388,
              45.89884199983867
            ]
          ]
        ]
      }
    },
    {
      "type": "Feature",
      "id": "us-county:26:045",
      "properties": {
        "boundary_id": "us-county:26:045",
        "boundary_type": "county",
        "name": "Eaton County",
        "stateFips": "26",
        "countyFips": "045",
        "bbox": [
          -85.07424499980057,
          42.42142799986435,
          -84.60040300030782,
          42.770784000286554
        ]
      },
      "geometry": {
        "type": "Polygon",
        "coordinates": [
          [
            [
              -84.71849299969895,
              42.421519999741484
            ],
            [
              -84.60040300030782,
              42.4219839997746
            ],
            [
              -84.6027609997752,
              42.76988000026711
            ],
            [
              -85.07424499980057,
              42.770784000286554
            ],
            [
              -85.07160899960054,
              42.42142799986435
            ],
            [
              -84.73322699990246,
              42.421455000231504
            ],
            [
              -84.71849299969895,
              42.421519999741484
            ]
          ]
        ]
      }
    },
    {
      "type": "Feature",
      "id": "us-county:26:047",
      "properties": {
        "boundary_id": "us-county:26:047",
        "boundary_type": "county",
        "name": "Emmet County",
        "stateFips": "26",
        "countyFips": "047",
        "bbox": [
          -85.30816900012104,
          45.27122199998952,
          -84.73259500006577,
          45.870739999836026
        ]
      },
      "geometry": {
        "type": "Polygon",
        "coordinates": [
          [
            [
              -84.96478700000944,
              45.29160099970338
            ],
            [
              -84.73268700012729,
              45.28938199992239
            ],
            [
              -84.73259500006577,
              45.8103299997428
            ],
            [
              -85.12506899979986,
              45.866386000068914
            ],
            [
              -85.23961800024115,
              45.870739999836026
            ],
            [
              -85.2205509996209,
              45.83361800008079
            ],
            [
              -85.21819999982621,
              45.79417200020273
            ],
            [
              -85.29753800018054,
              45.65518100027353
            ],
            [
              -85.30816900012104,
              45.61915199973685
            ],
            [
              -85.301357999688,
              45.58048299973397
            ],
            [
              -85.28323800034532,
              45.5502090000965
            ],
            [
              -85.20783199965143,
              45.500008000147595
            ],
            [
              -85.10227799993166,
              45.39744900012695
            ],
            [
              -85.09653299970356,
              45.33574299985972
            ],
            [
              -85.04596700034541,
              45.33465500019397
            ],
            [
              -85.00263400029641,
              45.272628000297615
            ],
            [
              -84.9650659996687,
              45.27122199998952
            ],
            [
              -84.9667140003799,
              45.28641100027489
            ],
            [
              -84.96478700000944,
              45.29160099970338
            ]
          ]
        ]
      }
    },
    {
      "type": "Feature",
      "id": "us-county:26:049",
      "properties": {
        "boundary_id": "us-county:26:049",
        "boundary_type": "county",
        "name": "Genesee County",
        "stateFips": "26",
        "countyFips": "049",
        "bbox": [
          -83.9320709995968,
          42.780820999836024,
          -83.4532970003609,
          43.22313100009629
        ]
      },
      "geometry": {
        "type": "Polygon",
        "coordinates": [
          [
            [
              -83.57105000036647,
              42.87327700031898
            ],
            [
              -83.4532970003609,
              42.87630699985916
            ],
            [
              -83.46073300005962,
              43.22313100009629
            ],
            [
              -83.9320709995968,
              43.22037700028008
            ],
            [
              -83.92251599990698,
              42.780820999836024
            ],
            [
              -83.68649299968692,
              42.78326299991252
            ],
            [
              -83.68938400015509,
              42.87126299991599
            ],
            [
              -83.57142399956196,
              42.87327500028318
            ],
            [
              -83.57105000036647,
              42.87327700031898
            ]
          ]
        ]
      }
    },
    {
      "type": "Feature",
      "id": "us-county:26:051",
      "properties": {
        "boundary_id": "us-county:26:051",
        "boundary_type": "county",
        "name": "Gladwin County",
        "stateFips": "26",
        "countyFips": "051",
        "bbox": [
          -84.60810400032041,
          43.81356000028588,
          -84.16610700007026,
          44.161787999796786
        ]
      },
      "geometry": {
        "type": "Polygon",
        "coordinates": [
          [
            [
              -84.3665109997744,
              43.82843399990093
            ],
            [
              -84.16731800004017,
              43.82590200000726
            ],
            [
              -84.16610700007026,
              44.161787999796786
            ],
            [
              -84.60810400032041,
              44.16048199976278
            ],
            [
              -84.60603700020785,
              43.81536499969123
            ],
            [
              -84.36667599963084,
              43.81356000028588
            ],
            [
              -84.36651599979727,
              43.82762099970224
            ],
            [
              -84.3665109997744,
              43.82843399990093
            ]
          ]
        ]
      }
    },
    {
      "type": "Feature",
      "id": "us-county:26:053",
      "properties": {
        "boundary_id": "us-county:26:053",
        "boundary_type": "county",
        "name": "Gogebic County",
        "stateFips": "26",
        "countyFips": "053",
        "bbox": [
          -90.41839200012036,
          46.0973809999086,
          -88.99086399969941,
          47.04196399990563
        ]
      },
      "geometry": {
        "type": "Polygon",
        "coordinates": [
          [
            [
              -89.8881780000437,
              46.76548799995015
            ],
            [
              -90.00017099975254,
              46.765529000218315
            ],
            [
              -90.00016099970681,
              46.99993699979369
            ],
            [
              -90.11168899998356,
              47.04196399990563
            ],
            [
              -90.41839200012036,
              46.566099000200886
            ],
            [
              -90.39326200015302,
              46.53243300011486
            ],
            [
              -90.35068399996435,
              46.5403249999909
            ],
            [
              -90.3322299998125,
              46.55343199995757
            ],
            [
              -90.30944099959412,
              46.53728499990318
            ],
            [
              -90.31655400015096,
              46.51689599992806
            ],
            [
              -90.27694000022538,
              46.52444700021029
            ],
            [
              -90.27255099973213,
              46.5045119998336
            ],
            [
              -90.23123600029021,
              46.50989300014626
            ],
            [
              -90.23091800027288,
              46.501528999911606
            ],
            [
              -90.21663699980593,
              46.5016370000446
            ],
            [
              -90.18883399982862,
              46.468919000264904
            ],
            [
              -90.19079200016122,
              46.45981599969995
            ],
            [
              -90.17832500008684,
              46.45740799984456
            ],
            [
              -90.1783500002012,
              46.44046499984289
            ],
            [
              -90.16741999961165,
              46.441705000015645
            ],
            [
              -90.158368999712,
              46.40945399996268
            ],
            [
              -90.11870299990788,
              46.35934500030827
            ],
            [
              -90.12057199965373,
              46.33703900025158
            ],
            [
              -89.09163800001203,
              46.13844699999744
            ],
            [
              -88.99086399969941,
              46.0973809999086
            ],
            [
              -88.99101199983743,
              46.33230799982702
            ],
            [
              -89.36550699979585,
              46.33307799995715
            ],
            [
              -89.3650940002423,
              46.50594900001736
            ],
            [
              -89.74056800036705,
              46.50564199997153
            ],
            [
              -89.74000099992938,
              46.59249400023173
            ],
            [
              -89.86441999970474,
              46.59264299996547
            ],
            [
              -89.86379299989092,
              46.765405000017104
            ],
            [
              -89.8845319997152,
              46.76547100012997
            ],
            [
              -89.8881780000437,
              46.76548799995015
            ]
          ]
        ]
      }
    },
    {
      "type": "Feature",
      "id": "us-county:26:055",
      "properties": {
        "boundary_id": "us-county:26:055",
        "boundary_type": "county",
        "name": "Grand Traverse County",
        "stateFips": "26",
        "countyFips": "055",
        "bbox": [
          -85.81780199965887,
          44.51230299993073,
          -85.33283600030612,
          45.12032599985651
        ]
      },
      "geometry": {
        "type": "Polygon",
        "coordinates": [
          [
            [
              -85.64101099963044,
              44.77506799975032
            ],
            [
              -85.81511899960317,
              44.77453400029842
            ],
            [
              -85.81780199965887,
              44.51296900004096
            ],
            [
              -85.33400000042035,
              44.51230299993073
            ],
            [
              -85.33283600030612,
              44.812372000064194
            ],
            [
              -85.345283000289,
              44.82754300020119
            ],
            [
              -85.37397900021891,
              44.828261999753835
            ],
            [
              -85.3819830001802,
              44.85956799995952
            ],
            [
              -85.47384100031235,
              44.85944900025354
            ],
            [
              -85.42768799994029,
              44.96527300021396
            ],
            [
              -85.43294500027177,
              45.02153699975217
            ],
            [
              -85.48067399958839,
              45.12032599985651
            ],
            [
              -85.55045499970477,
              45.051072999784395
            ],
            [
              -85.56099899960662,
              44.955407000079354
            ],
            [
              -85.59472500008728,
              44.90108999993739
            ],
            [
              -85.59144799982974,
              44.87496399978027
            ],
            [
              -85.6143049998202,
              44.82675599990996
            ],
            [
              -85.61231800007359,
              44.78538100007285
            ],
            [
              -85.61803300016446,
              44.774557000202236
            ],
            [
              -85.64093199998771,
              44.77506599994308
            ],
            [
              -85.64101099963044,
              44.77506799975032
            ]
          ]
        ]
      }
    },
    {
      "type": "Feature",
      "id": "us-county:26:057",
      "properties": {
        "boundary_id": "us-county:26:057",
        "boundary_type": "county",
        "name": "Gratiot County",
        "stateFips": "26",
        "countyFips": "057",
        "bbox": [
          -84.84596199995114,
          43.117941999972984,
          -84.36776000027744,
          43.466157999829434
        ]
      },
      "geometry": {
        "type": "Polygon",
        "coordinates": [
          [
            [
              -84.60754000025578,
              43.466006000279336
            ],
            [
              -84.84596199995114,
              43.466157999829434
            ],
            [
              -84.84557299978871,
              43.29223100014737
            ],
            [
              -84.83530500007137,
              43.29220000031855
            ],
            [
              -84.83688900031017,
              43.118851000025884
            ],
            [
              -84.36776000027744,
              43.117941999972984
            ],
            [
              -84.36987599989551,
              43.4660439997137
            ],
            [
              -84.59843900012741,
              43.466034000276665
            ],
            [
              -84.60754000025578,
              43.466006000279336
            ]
          ]
        ]
      }
    },
    {
      "type": "Feature",
      "id": "us-county:26:059",
      "properties": {
        "boundary_id": "us-county:26:059",
        "boundary_type": "county",
        "name": "Hillsdale County",
        "stateFips": "26",
        "countyFips": "059",
        "bbox": [
          -84.82649099999817,
          41.69611800009349,
          -84.36041599974195,
          42.07345599970566
        ]
      },
      "geometry": {
        "type": "Polygon",
        "coordinates": [
          [
            [
              -84.70871100022843,
              41.699121000196534
            ],
            [
              -84.36041599974195,
              41.70658900015087
            ],
            [
              -84.36329700016435,
              42.07345599970566
            ],
            [
              -84.82649099999817,
              42.07246799982154
            ],
            [
              -84.82513000024046,
              41.75999900011922
            ],
            [
              -84.80588500024328,
              41.760171000018
            ],
            [
              -84.80599599967304,
              41.69611800009349
            ],
            [
              -84.71839099959172,
              41.69897100027678
            ],
            [
              -84.70871100022843,
              41.699121000196534
            ]
          ]
        ]
      }
    },
    {
      "type": "Feature",
      "id": "us-county:26:061",
      "properties": {
        "boundary_id": "us-county:26:061",
        "boundary_type": "county",
        "name": "Houghton County",
        "stateFips": "26",
        "countyFips": "061",
        "bbox": [
          -88.99123600014342,
          46.419704000019976,
          -88.04373100035973,
          47.4771450002753
        ]
      },
      "geometry": {
        "type": "Polygon",
        "coordinates": [
          [
            [
              -88.55218499971471,
              46.93853300015888
            ],
            [
              -88.44948399992995,
              46.93925700018185
            ],
            [
              -88.04373100035973,
              47.04395800016707
            ],
            [
              -88.04606299988784,
              47.19972199990297
            ],
            [
              -88.29843600033726,
              47.199782000276386
            ],
            [
              -88.29899200000595,
              47.286097000137865
            ],
            [
              -88.51259199970553,
              47.285943000279055
            ],
            [
              -88.94886899984192,
              47.4771450002753
            ],
            [
              -88.93248000015284,
              46.76478700012734
            ],
            [
              -88.8639059998084,
              46.76501299980609
            ],
            [
              -88.86447300024606,
              46.679311000298355
            ],
            [
              -88.98952899988095,
              46.68011900020101
            ],
            [
              -88.99123600014342,
              46.419704000019976
            ],
            [
              -88.67939200002606,
              46.42013899972319
            ],
            [
              -88.67898299977215,
              46.851822000260405
            ],
            [
              -88.55194299986539,
              46.8517949997208
            ],
            [
              -88.5521200003157,
              46.93389100018353
            ],
            [
              -88.55218499971471,
              46.93853300015888
            ]
          ]
        ]
      }
    },
    {
      "type": "Feature",
      "id": "us-county:26:063",
      "properties": {
        "boundary_id": "us-county:26:063",
        "boundary_type": "county",
        "name": "Huron County",
        "stateFips": "26",
        "countyFips": "063",
        "bbox": [
          -83.71356300044353,
          43.667620999821914,
          -82.14550100019453,
          44.168403999788396
        ]
      },
      "geometry": {
        "type": "Polygon",
        "coordinates": [
          [
            [
              -82.75836799961961,
              43.685894999957476
            ],
            [
              -82.14550100019453,
              43.695587000130324
            ],
            [
              -82.24991400026461,
              44.15875100026746
            ],
            [
              -83.18528000003697,
              44.168403999788396
            ],
            [
              -83.71356300044353,
              43.83089799997139
            ],
            [
              -83.46740300002735,
              43.728909000184686
            ],
            [
              -83.46659200009054,
              43.667620999821914
            ],
            [
              -82.76803100016276,
              43.68562299989807
            ],
            [
              -82.75836799961961,
              43.685894999957476
            ]
          ]
        ]
      }
    },
    {
      "type": "Feature",
      "id": "us-county:26:065",
      "properties": {
        "boundary_id": "us-county:26:065",
        "boundary_type": "county",
        "name": "Ingham County",
        "stateFips": "26",
        "countyFips": "065",
        "bbox": [
          -84.6027609997752,
          42.4219839997746,
          -84.14071299961395,
          42.77663899999081
        ]
      },
      "geometry": {
        "type": "Polygon",
        "coordinates": [
          [
            [
              -84.15027900007274,
              42.68520000012892
            ],
            [
              -84.15818900032271,
              42.77663899999081
            ],
            [
              -84.6027609997752,
              42.76988000026711
            ],
            [
              -84.60040300030782,
              42.4219839997746
            ],
            [
              -84.14071299961395,
              42.42461100017223
            ],
            [
              -84.15026700037718,
              42.685002000120825
            ],
            [
              -84.15027900007274,
              42.68520000012892
            ]
          ]
        ]
      }
    },
    {
      "type": "Feature",
      "id": "us-county:26:067",
      "properties": {
        "boundary_id": "us-county:26:067",
        "boundary_type": "county",
        "name": "Ionia County",
        "stateFips": "26",
        "countyFips": "067",
        "bbox": [
          -85.31251300040844,
          42.76987800018095,
          -84.83688900031017,
          43.118851000025884
        ]
      },
      "geometry": {
        "type": "Polygon",
        "coordinates": [
          [
            [
              -84.9558299998211,
              42.77046000010713
            ],
            [
              -84.83708500012877,
              42.77047899975534
            ],
            [
              -84.83688900031017,
              43.118851000025884
            ],
            [
              -85.31251300040844,
              43.11879300013223
            ],
            [
              -85.30962600013824,
              42.76987800018095
            ],
            [
              -84.96760399995944,
              42.77053100015103
            ],
            [
              -84.9558299998211,
              42.77046000010713
            ]
          ]
        ]
      }
    },
    {
      "type": "Feature",
      "id": "us-county:26:069",
      "properties": {
        "boundary_id": "us-county:26:069",
        "boundary_type": "county",
        "name": "Iosco County",
        "stateFips": "26",
        "countyFips": "069",
        "bbox": [
          -83.88663399962533,
          44.15875100026746,
          -82.24991400026461,
          44.5128339999498
        ]
      },
      "geometry": {
        "type": "Polygon",
        "coordinates": [
          [
            [
              -83.76619500008931,
              44.509984000130665
            ],
            [
              -83.88663399962533,
              44.508975999935295
            ],
            [
              -83.88397700040719,
              44.16178600013266
            ],
            [
              -82.99995299976968,
              44.171089000148996
            ],
            [
              -82.24991400026461,
              44.15875100026746
            ],
            [
              -82.32951899968432,
              44.5128339999498
            ],
            [
              -83.7661249997691,
              44.50998500012922
            ],
            [
              -83.76619500008931,
              44.509984000130665
            ]
          ]
        ]
      }
    },
    {
      "type": "Feature",
      "id": "us-county:26:071",
      "properties": {
        "boundary_id": "us-county:26:071",
        "boundary_type": "county",
        "name": "Iron County",
        "stateFips": "26",
        "countyFips": "071",
        "bbox": [
          -88.99123600014342,
          45.921443999789005,
          -88.11657100027546,
          46.41995099982171
        ]
      },
      "geometry": {
        "type": "Polygon",
        "coordinates": [
          [
            [
              -88.11689699979037,
              46.333331000221
            ],
            [
              -88.11657100027546,
              46.41995099982171
            ],
            [
              -88.99123600014342,
              46.419704000019976
            ],
            [
              -88.99086399969941,
              46.0973809999086
            ],
            [
              -88.81602599998072,
              46.020585999958406
            ],
            [
              -88.7964599995932,
              46.02360599996688
            ],
            [
              -88.79649700030143,
              46.03365800021833
            ],
            [
              -88.77873899956039,
              46.031690000084744
            ],
            [
              -88.78015600029293,
              46.015394999946544
            ],
            [
              -88.77062099979628,
              46.02556099991459
            ],
            [
              -88.75896800003176,
              46.01963300028837
            ],
            [
              -88.73897999986985,
              46.02745900015203
            ],
            [
              -88.71831399984052,
              46.01318200005619
            ],
            [
              -88.67886800014443,
              46.013595000305706
            ],
            [
              -88.6634829998377,
              45.99270200025067
            ],
            [
              -88.67082700037322,
              45.98854700003789
            ],
            [
              -88.61595700001234,
              45.98789600007017
            ],
            [
              -88.60117799960301,
              46.01776999975716
            ],
            [
              -88.58827000038596,
              46.00509800018854
            ],
            [
              -88.51469200032837,
              46.020018999995465
            ],
            [
              -88.48935499977348,
              45.991367000209806
            ],
            [
              -88.45867200009697,
              45.99951400026377
            ],
            [
              -88.41638099996347,
              45.9750919997559
            ],
            [
              -88.38050299987974,
              45.99176499984076
            ],
            [
              -88.33027800010515,
              45.96583500016157
            ],
            [
              -88.3272760002072,
              45.9549570000979
            ],
            [
              -88.32030800031364,
              45.96365699984248
            ],
            [
              -88.29384900037562,
              45.95094100025925
            ],
            [
              -88.24689400028755,
              45.96353200028128
            ],
            [
              -88.23710600007094,
              45.948278000159654
            ],
            [
              -88.20990399996815,
              45.94422100024619
            ],
            [
              -88.19205800026188,
              45.95265099984359
            ],
            [
              -88.11727799955689,
              45.921443999789005
            ],
            [
              -88.11689699979037,
              46.333260999740496
            ],
            [
              -88.11689699979037,
              46.333331000221
            ]
          ]
        ]
      }
    },
    {
      "type": "Feature",
      "id": "us-county:26:073",
      "properties": {
        "boundary_id": "us-county:26:073",
        "boundary_type": "county",
        "name": "Isabella County",
        "stateFips": "26",
        "countyFips": "073",
        "bbox": [
          -85.08881099977457,
          43.466006000279336,
          -84.60603700020785,
          43.81536499969123
        ]
      },
      "geometry": {
        "type": "Polygon",
        "coordinates": [
          [
            [
              -84.60796000038036,
              43.64073399978245
            ],
            [
              -84.60603700020785,
              43.81536499969123
            ],
            [
              -85.08881099977457,
              43.81367599998293
            ],
            [
              -85.08499600028999,
              43.46619000030369
            ],
            [
              -84.60754000025578,
              43.466006000279336
            ],
            [
              -84.60798999961928,
              43.637888000004736
            ],
            [
              -84.60796000038036,
              43.64073399978245
            ]
          ]
        ]
      }
    },
    {
      "type": "Feature",
      "id": "us-county:26:075",
      "properties": {
        "boundary_id": "us-county:26:075",
        "boundary_type": "county",
        "name": "Jackson County",
        "stateFips": "26",
        "countyFips": "075",
        "bbox": [
          -84.71849299969895,
          42.070366000034824,
          -84.13113600018283,
          42.42456699979345
        ]
      },
      "geometry": {
        "type": "Polygon",
        "coordinates": [
          [
            [
              -84.36329700016435,
              42.07345599970566
            ],
            [
              -84.13196300001319,
              42.07157699994705
            ],
            [
              -84.13113600018283,
              42.42456699979345
            ],
            [
              -84.71849299969895,
              42.421519999741484
            ],
            [
              -84.70955599960212,
              42.070366000034824
            ],
            [
              -84.36342799968561,
              42.073455000161715
            ],
            [
              -84.36329700016435,
              42.07345599970566
            ]
          ]
        ]
      }
    },
    {
      "type": "Feature",
      "id": "us-county:26:077",
      "properties": {
        "boundary_id": "us-county:26:077",
        "boundary_type": "county",
        "name": "Kalamazoo County",
        "stateFips": "26",
        "countyFips": "077",
        "bbox": [
          -85.76469700018508,
          42.06932700002207,
          -85.29362599971327,
          42.42071499988692
        ]
      },
      "geometry": {
        "type": "Polygon",
        "coordinates": [
          [
            [
              -85.52914900034115,
              42.07070299989001
            ],
            [
              -85.29362599971327,
              42.07155300017484
            ],
            [
              -85.29887899984678,
              42.41984899994788
            ],
            [
              -85.76469700018508,
              42.42071499988692
            ],
            [
              -85.76294300006695,
              42.06932700002207
            ],
            [
              -85.54048699956309,
              42.0706120000362
            ],
            [
              -85.52914900034115,
              42.07070299989001
            ]
          ]
        ]
      }
    },
    {
      "type": "Feature",
      "id": "us-county:26:079",
      "properties": {
        "boundary_id": "us-county:26:079",
        "boundary_type": "county",
        "name": "Kalkaska County",
        "stateFips": "26",
        "countyFips": "079",
        "bbox": [
          -85.33400000042035,
          44.511068999975755,
          -84.84730900036348,
          44.85960799992319
        ]
      },
      "geometry": {
        "type": "Polygon",
        "coordinates": [
          [
            [
              -85.33293000001744,
              44.79918200030223
            ],
            [
              -85.33400000042035,
              44.51230299993073
            ],
            [
              -84.85092899985439,
              44.511068999975755
            ],
            [
              -84.84730900036348,
              44.8580370001718
            ],
            [
              -85.29171599995954,
              44.85960799992319
            ],
            [
              -85.3276960001505,
              44.850706999719144
            ],
            [
              -85.31646000013751,
              44.82173400012447
            ],
            [
              -85.33263399974143,
              44.81304900002774
            ],
            [
              -85.33288999983448,
              44.80012999985425
            ],
            [
              -85.33293000001744,
              44.79918200030223
            ]
          ]
        ]
      }
    },
    {
      "type": "Feature",
      "id": "us-county:26:081",
      "properties": {
        "boundary_id": "us-county:26:081",
        "boundary_type": "county",
        "name": "Kent County",
        "stateFips": "26",
        "countyFips": "081",
        "bbox": [
          -85.79044800011845,
          42.7682000000975,
          -85.30962600013824,
          43.29420499977729
        ]
      },
      "geometry": {
        "type": "Polygon",
        "coordinates": [
          [
            [
              -85.311932999552,
              42.94398799968953
            ],
            [
              -85.31237600014109,
              43.29420499977729
            ],
            [
              -85.79044800011845,
              43.293003000047385
            ],
            [
              -85.78249799968552,
              42.7682000000975
            ],
            [
              -85.30962600013824,
              42.76987800018095
            ],
            [
              -85.31188099967345,
              42.94035800015757
            ],
            [
              -85.311932999552,
              42.94398799968953
            ]
          ]
        ]
      }
    },
    {
      "type": "Feature",
      "id": "us-county:26:083",
      "properties": {
        "boundary_id": "us-county:26:083",
        "boundary_type": "county",
        "name": "Keweenaw County",
        "stateFips": "26",
        "countyFips": "083",
        "bbox": [
          -89.680730000278,
          47.19972199990297,
          -87.11211399994971,
          48.306062999958236
        ]
      },
      "geometry": {
        "type": "Polygon",
        "coordinates": [
          [
            [
              -88.3083440002045,
              48.28270699997114
            ],
            [
              -88.3698619998935,
              48.306062999958236
            ],
            [
              -88.67744200008937,
              48.24539700021191
            ],
            [
              -89.33754999983276,
              47.97426099995918
            ],
            [
              -89.48338500037322,
              48.01371600014225
            ],
            [
              -89.680730000278,
              47.714552000059214
            ],
            [
              -89.00010899976785,
              47.499913000153484
            ],
            [
              -88.51259199970553,
              47.285943000279055
            ],
            [
              -88.29899200000595,
              47.286097000137865
            ],
            [
              -88.29843600033726,
              47.199782000276386
            ],
            [
              -88.04606299988784,
              47.19972199990297
            ],
            [
              -88.04661400043199,
              47.218695999905385
            ],
            [
              -87.11211399994971,
              47.223268999707706
            ],
            [
              -87.11269499973277,
              47.81799799999821
            ],
            [
              -87.62509099969225,
              48.021109000114784
            ],
            [
              -88.00007799974527,
              48.15588300021187
            ],
            [
              -88.00007699992035,
              48.1640500000156
            ],
            [
              -88.28682700005537,
              48.27445299996229
            ],
            [
              -88.3083440002045,
              48.28270699997114
            ]
          ]
        ]
      }
    },
    {
      "type": "Feature",
      "id": "us-county:26:085",
      "properties": {
        "boundary_id": "us-county:26:085",
        "boundary_type": "county",
        "name": "Lake County",
        "stateFips": "26",
        "countyFips": "085",
        "bbox": [
          -86.04350699993289,
          43.81548300011723,
          -85.56243300005761,
          44.16709000007506
        ]
      },
      "geometry": {
        "type": "Polygon",
        "coordinates": [
          [
            [
              -86.04350699993289,
              44.167087999946276
            ],
            [
              -86.03788399990353,
              43.81561100007397
            ],
            [
              -85.56243300005761,
              43.81548300011723
            ],
            [
              -85.56455399969853,
              44.164861000053676
            ],
            [
              -86.04249799962936,
              44.16709000007506
            ],
            [
              -86.04350699993289,
              44.167087999946276
            ]
          ]
        ]
      }
    },
    {
      "type": "Feature",
      "id": "us-county:26:087",
      "properties": {
        "boundary_id": "us-county:26:087",
        "boundary_type": "county",
        "name": "Lapeer County",
        "stateFips": "26",
        "countyFips": "087",
        "bbox": [
          -83.46070799994526,
          42.880431999814284,
          -82.98364699992128,
          43.32704899973138
        ]
      },
      "geometry": {
        "type": "Polygon",
        "coordinates": [
          [
            [
              -83.10289100027923,
              42.8886469999653
            ],
            [
              -82.98364699992128,
              42.893740999923764
            ],
            [
              -83.00042999979566,
              43.28491300024605
            ],
            [
              -83.11902700024831,
              43.28367999973015
            ],
            [
              -83.12039600040195,
              43.32704899973138
            ],
            [
              -83.35441799973341,
              43.32225700013685
            ],
            [
              -83.35170899973842,
              43.23519299994835
            ],
            [
              -83.46070799994526,
              43.23279100022357
            ],
            [
              -83.45336400030804,
              42.880431999814284
            ],
            [
              -83.10849500004201,
              42.88853599986065
            ],
            [
              -83.10289100027923,
              42.8886469999653
            ]
          ]
        ]
      }
    },
    {
      "type": "Feature",
      "id": "us-county:26:089",
      "properties": {
        "boundary_id": "us-county:26:089",
        "boundary_type": "county",
        "name": "Leelanau County",
        "stateFips": "26",
        "countyFips": "089",
        "bbox": [
          -86.73452900022978,
          44.7730740000524,
          -85.45853700019646,
          45.58443300009419
        ]
      },
      "geometry": {
        "type": "Polygon",
        "coordinates": [
          [
            [
              -85.65918100010013,
              44.77531299984302
            ],
            [
              -85.61508700034302,
              44.778656000229944
            ],
            [
              -85.61386399977924,
              44.82887399982557
            ],
            [
              -85.59104399959868,
              44.876668999967585
            ],
            [
              -85.59472500008728,
              44.90108999993739
            ],
            [
              -85.56269099980048,
              44.94815399985424
            ],
            [
              -85.55045499970477,
              45.051072999784395
            ],
            [
              -85.46885699979235,
              45.130713999917255
            ],
            [
              -85.45853700019646,
              45.19645700007356
            ],
            [
              -85.47596600015123,
              45.26400499989903
            ],
            [
              -85.62507600040111,
              45.45460200029757
            ],
            [
              -85.67952800028725,
              45.50698099976273
            ],
            [
              -85.73613299960134,
              45.54190800015092
            ],
            [
              -85.85576799977153,
              45.57838599990273
            ],
            [
              -86.46079699981499,
              45.58443300009419
            ],
            [
              -86.46412000010329,
              45.324810000306755
            ],
            [
              -86.2495479999101,
              45.23612499994635
            ],
            [
              -86.49993000041495,
              45.08079999981919
            ],
            [
              -86.68628799982876,
              44.88100200000284
            ],
            [
              -86.73452900022978,
              44.7730740000524
            ],
            [
              -85.65923999965135,
              44.77531299984302
            ],
            [
              -85.65918100010013,
              44.77531299984302
            ]
          ]
        ]
      }
    },
    {
      "type": "Feature",
      "id": "us-county:26:091",
      "properties": {
        "boundary_id": "us-county:26:091",
        "boundary_type": "county",
        "name": "Lenawee County",
        "stateFips": "26",
        "countyFips": "091",
        "bbox": [
          -84.36329700016435,
          41.70658900015087,
          -83.76314999963535,
          42.082429999700516
        ]
      },
      "geometry": {
        "type": "Polygon",
        "coordinates": [
          [
            [
              -84.00833699973299,
              42.07800499996273
            ],
            [
              -84.36329700016435,
              42.07345599970566
            ],
            [
              -84.36041599974195,
              41.70658900015087
            ],
            [
              -83.76314999963535,
              41.72355200007633
            ],
            [
              -83.77392200004115,
              42.082429999700516
            ],
            [
              -84.00297599964443,
              42.07801299974133
            ],
            [
              -84.00833699973299,
              42.07800499996273
            ]
          ]
        ]
      }
    },
    {
      "type": "Feature",
      "id": "us-county:26:093",
      "properties": {
        "boundary_id": "us-county:26:093",
        "boundary_type": "county",
        "name": "Livingston County",
        "stateFips": "26",
        "countyFips": "093",
        "bbox": [
          -84.15818900032271,
          42.42461100017223,
          -83.66480800020659,
          42.78326299991252
        ]
      },
      "geometry": {
        "type": "Polygon",
        "coordinates": [
          [
            [
              -83.78724699990802,
              42.428590999953066
            ],
            [
              -83.66480800020659,
              42.431179000221064
            ],
            [
              -83.68649299968692,
              42.78326299991252
            ],
            [
              -84.15818900032271,
              42.77663899999081
            ],
            [
              -84.14071299961395,
              42.42461100017223
            ],
            [
              -83.78940100005923,
              42.4285300000825
            ],
            [
              -83.78724699990802,
              42.428590999953066
            ]
          ]
        ]
      }
    },
    {
      "type": "Feature",
      "id": "us-county:26:095",
      "properties": {
        "boundary_id": "us-county:26:095",
        "boundary_type": "county",
        "name": "Luce County",
        "stateFips": "26",
        "countyFips": "095",
        "bbox": [
          -85.86502500043383,
          46.24463099985827,
          -85.23432999994753,
          47.305481999871425
        ]
      },
      "geometry": {
        "type": "Polygon",
        "coordinates": [
          [
            [
              -85.61346600029428,
              46.244991000033075
            ],
            [
              -85.23783900000866,
              46.24543000021077
            ],
            [
              -85.23432999994753,
              47.04761000026283
            ],
            [
              -85.85486200029848,
              47.305481999871425
            ],
            [
              -85.86502500043383,
              46.24463099985827
            ],
            [
              -85.61354199956395,
              46.244989999814976
            ],
            [
              -85.61346600029428,
              46.244991000033075
            ]
          ]
        ]
      }
    },
    {
      "type": "Feature",
      "id": "us-county:26:097",
      "properties": {
        "boundary_id": "us-county:26:097",
        "boundary_type": "county",
        "name": "Mackinac County",
        "stateFips": "26",
        "countyFips": "097",
        "bbox": [
          -85.86824099969371,
          45.69318600030704,
          -84.11418599990388,
          46.245721999897654
        ]
      },
      "geometry": {
        "type": "Polygon",
        "coordinates": [
          [
            [
              -84.11428700018621,
              45.97823899973529
            ],
            [
              -84.11418599990388,
              45.98515199983828
            ],
            [
              -84.23933199995045,
              45.98491400017508
            ],
            [
              -84.2388840002368,
              46.07145700009192
            ],
            [
              -84.3630899995768,
              46.071574000016724
            ],
            [
              -84.36350300002867,
              46.157984000299734
            ],
            [
              -85.11251300003704,
              46.15826299994922
            ],
            [
              -85.11332899999672,
              46.245721999897654
            ],
            [
              -85.86502500043383,
              46.24463099985827
            ],
            [
              -85.86824099969371,
              45.81979499976853
            ],
            [
              -85.7589689996754,
              45.851165999910286
            ],
            [
              -85.57007399979574,
              45.883243999718175
            ],
            [
              -85.12506899979986,
              45.866386000068914
            ],
            [
              -84.69045100024536,
              45.805083999926744
            ],
            [
              -84.63076399976906,
              45.7828869997034
            ],
            [
              -84.56884400039716,
              45.73807700025542
            ],
            [
              -84.49730800033777,
              45.70441300027721
            ],
            [
              -84.38896199988399,
              45.69318600030704
            ],
            [
              -84.12309799988635,
              45.7776679997197
            ],
            [
              -84.1144479998447,
              45.97398500004871
            ],
            [
              -84.11428700018621,
              45.97823899973529
            ]
          ]
        ]
      }
    },
    {
      "type": "Feature",
      "id": "us-county:26:099",
      "properties": {
        "boundary_id": "us-county:26:099",
        "boundary_type": "county",
        "name": "Macomb County",
        "stateFips": "26",
        "countyFips": "099",
        "bbox": [
          -83.10289100027923,
          42.44715300005718,
          -82.70596600012759,
          42.89754100015091
        ]
      },
      "geometry": {
        "type": "Polygon",
        "coordinates": [
          [
            [
              -82.92857900009199,
              42.450620000066515
            ],
            [
              -82.74990800044704,
              42.451091999745465
            ],
            [
              -82.72316999995145,
              42.47777799968517
            ],
            [
              -82.72604899982575,
              42.62503299985097
            ],
            [
              -82.70596600012759,
              42.6863099999547
            ],
            [
              -82.72927699967948,
              42.7060590000063
            ],
            [
              -82.73900999964454,
              42.89754100015091
            ],
            [
              -83.10289100027923,
              42.8886469999653
            ],
            [
              -83.08339299966377,
              42.44715300005718
            ],
            [
              -82.92956400010608,
              42.450608999733845
            ],
            [
              -82.92857900009199,
              42.450620000066515
            ]
          ]
        ]
      }
    },
    {
      "type": "Feature",
      "id": "us-county:26:101",
      "properties": {
        "boundary_id": "us-county:26:101",
        "boundary_type": "county",
        "name": "Manistee County",
        "stateFips": "26",
        "countyFips": "101",
        "bbox": [
          -86.98799800012307,
          44.16419700000856,
          -85.81780199965887,
          44.51942899989519
        ]
      },
      "geometry": {
        "type": "Polygon",
        "coordinates": [
          [
            [
              -86.18092199968713,
              44.51786200000259
            ],
            [
              -86.8469279998195,
              44.51942899989519
            ],
            [
              -86.85518399967587,
              44.5003389998039
            ],
            [
              -86.8476940004488,
              44.5003389998039
            ],
            [
              -86.98799800012307,
              44.18264900004425
            ],
            [
              -85.82118600004655,
              44.16419700000856
            ],
            [
              -85.81780199965887,
              44.51296900004096
            ],
            [
              -86.18080399968635,
              44.517861000139234
            ],
            [
              -86.18092199968713,
              44.51786200000259
            ]
          ]
        ]
      }
    },
    {
      "type": "Feature",
      "id": "us-county:26:103",
      "properties": {
        "boundary_id": "us-county:26:103",
        "boundary_type": "county",
        "name": "Marquette County",
        "stateFips": "26",
        "countyFips": "103",
        "bbox": [
          -88.11740700032662,
          45.98511700026405,
          -87.11211399994971,
          47.223268999707706
        ]
      },
      "geometry": {
        "type": "Polygon",
        "coordinates": [
          [
            [
              -87.24177599981283,
              46.129550999738925
            ],
            [
              -87.2415060003744,
              46.15910300011429
            ],
            [
              -87.11613799967166,
              46.15905000017103
            ],
            [
              -87.11211399994971,
              47.223268999707706
            ],
            [
              -88.04661400043199,
              47.218695999905385
            ],
            [
              -88.04470899980282,
              46.76535299992717
            ],
            [
              -87.99138900024386,
              46.76515899983499
            ],
            [
              -87.99154599970437,
              46.679113000042626
            ],
            [
              -88.11584300017932,
              46.67838099993207
            ],
            [
              -88.11740700032662,
              46.24661800023838
            ],
            [
              -87.6155970001018,
              46.24665299998867
            ],
            [
              -87.61709099992892,
              45.986014000308735
            ],
            [
              -87.2428849996755,
              45.98511700026405
            ],
            [
              -87.24182100001867,
              46.11803100018778
            ],
            [
              -87.24177599981283,
              46.129550999738925
            ]
          ]
        ]
      }
    },
    {
      "type": "Feature",
      "id": "us-county:26:105",
      "properties": {
        "boundary_id": "us-county:26:105",
        "boundary_type": "county",
        "name": "Mason County",
        "stateFips": "26",
        "countyFips": "105",
        "bbox": [
          -87.09310900015205,
          43.81561100007397,
          -86.03788399990353,
          44.18264900004425
        ]
      },
      "geometry": {
        "type": "Polygon",
        "coordinates": [
          [
            [
              -86.04010599982678,
              43.98967100003155
            ],
            [
              -86.04350699993289,
              44.167087999946276
            ],
            [
              -86.37754000021901,
              44.17861400001996
            ],
            [
              -86.98799800012307,
              44.18264900004425
            ],
            [
              -87.01323400039563,
              44.13190499978231
            ],
            [
              -87.09310900015205,
              43.82011300021642
            ],
            [
              -86.03788399990353,
              43.81561100007397
            ],
            [
              -86.04007599968956,
              43.986950999787105
            ],
            [
              -86.04010599982678,
              43.98967100003155
            ]
          ]
        ]
      }
    },
    {
      "type": "Feature",
      "id": "us-county:26:107",
      "properties": {
        "boundary_id": "us-county:26:107",
        "boundary_type": "county",
        "name": "Mecosta County",
        "stateFips": "26",
        "countyFips": "107",
        "bbox": [
          -85.56243300005761,
          43.46619000030369,
          -85.08499600028999,
          43.81548300011723
        ]
      },
      "geometry": {
        "type": "Polygon",
        "coordinates": [
          [
            [
              -85.32438399973285,
              43.81438400026807
            ],
            [
              -85.56243300005761,
              43.81548300011723
            ],
            [
              -85.56234799966879,
              43.468129999854376
            ],
            [
              -85.08499600028999,
              43.46619000030369
            ],
            [
              -85.08881099977457,
              43.81367599998293
            ],
            [
              -85.32178799971578,
              43.81436499987102
            ],
            [
              -85.32438399973285,
              43.81438400026807
            ]
          ]
        ]
      }
    },
    {
      "type": "Feature",
      "id": "us-county:26:109",
      "properties": {
        "boundary_id": "us-county:26:109",
        "boundary_type": "county",
        "name": "Menominee County",
        "stateFips": "26",
        "countyFips": "109",
        "bbox": [
          -87.88761499968315,
          45.07643399983069,
          -87.12782599959628,
          45.986014000308735
        ]
      },
      "geometry": {
        "type": "Polygon",
        "coordinates": [
          [
            [
              -87.32651000041582,
              45.637890000290156
            ],
            [
              -87.3253909996091,
              45.89866499990061
            ],
            [
              -87.3676730004201,
              45.89896900013173
            ],
            [
              -87.36784900014719,
              45.98532100018166
            ],
            [
              -87.61709099992892,
              45.986014000308735
            ],
            [
              -87.61739600042577,
              45.89884600025105
            ],
            [
              -87.69694599959388,
              45.89884199983867
            ],
            [
              -87.69715900002922,
              45.72295999974776
            ],
            [
              -87.84660200036501,
              45.722544000302584
            ],
            [
              -87.81014400032315,
              45.71022999973078
            ],
            [
              -87.80907499974518,
              45.69971700021143
            ],
            [
              -87.7822259998198,
              45.683052999898706
            ],
            [
              -87.78162300029544,
              45.67328000025853
            ],
            [
              -87.82419100043839,
              45.66204399972286
            ],
            [
              -87.82439200027983,
              45.64771000011407
            ],
            [
              -87.77468200016605,
              45.602024000201084
            ],
            [
              -87.79237200023672,
              45.56305500003462
            ],
            [
              -87.83186599961338,
              45.56773899969753
            ],
            [
              -87.83296799980336,
              45.559460999733055
            ],
            [
              -87.8033899997915,
              45.53827199977372
            ],
            [
              -87.79276899989675,
              45.4999670000331
            ],
            [
              -87.81297600034178,
              45.464159999925776
            ],
            [
              -87.86169700024352,
              45.43447300008133
            ],
            [
              -87.84932200023064,
              45.40387199975319
            ],
            [
              -87.88761499968315,
              45.35382000005153
            ],
            [
              -87.87036700037666,
              45.356267000218224
            ],
            [
              -87.87166299983707,
              45.36656499969977
            ],
            [
              -87.85013300016745,
              45.34043499993416
            ],
            [
              -87.83261200015119,
              45.3522489999908
            ],
            [
              -87.75410400000025,
              45.34944200003131
            ],
            [
              -87.69979699987907,
              45.38792699971931
            ],
            [
              -87.67501699971609,
              45.38245399982242
            ],
            [
              -87.65735000010996,
              45.368754000076315
            ],
            [
              -87.64796500029946,
              45.33982300028509
            ],
            [
              -87.6874989998591,
              45.2980550001359
            ],
            [
              -87.7104499995609,
              45.259323999974
            ],
            [
              -87.71133900021383,
              45.23996500019021
            ],
            [
              -87.72499200014376,
              45.23213999997451
            ],
            [
              -87.72619800009079,
              45.209390999757474
            ],
            [
              -87.74173200036043,
              45.19820100008516
            ],
            [
              -87.73610400030819,
              45.17224400006404
            ],
            [
              -87.6839019999344,
              45.144134999969786
            ],
            [
              -87.65995199997481,
              45.10751200031465
            ],
            [
              -87.44250799958003,
              45.07643399983069
            ],
            [
              -87.40569399988604,
              45.201969000084915
            ],
            [
              -87.31542199964251,
              45.24065699987353
            ],
            [
              -87.17117000041426,
              45.352540000132414
            ],
            [
              -87.12782599959628,
              45.409487000233916
            ],
            [
              -87.12911799975704,
              45.550485000130564
            ],
            [
              -87.32750200010258,
              45.55125000016956
            ],
            [
              -87.32657499981482,
              45.6349420001613
            ],
            [
              -87.32651000041582,
              45.637890000290156
            ]
          ]
        ]
      }
    },
    {
      "type": "Feature",
      "id": "us-county:26:111",
      "properties": {
        "boundary_id": "us-county:26:111",
        "boundary_type": "county",
        "name": "Midland County",
        "stateFips": "26",
        "countyFips": "111",
        "bbox": [
          -84.60754000025578,
          43.466006000279336,
          -84.16731800004017,
          43.82843399990093
        ]
      },
      "geometry": {
        "type": "Polygon",
        "coordinates": [
          [
            [
              -84.16800000010555,
              43.57878100003466
            ],
            [
              -84.16731800004017,
              43.82590200000726
            ],
            [
              -84.3665109997744,
              43.82843399990093
            ],
            [
              -84.36667599963084,
              43.81356000028588
            ],
            [
              -84.60603700020785,
              43.81536499969123
            ],
            [
              -84.60754000025578,
              43.466006000279336
            ],
            [
              -84.36987599989551,
              43.4660439997137
            ],
            [
              -84.3697770001613,
              43.48157300017008
            ],
            [
              -84.17057600003113,
              43.48196899982558
            ],
            [
              -84.16804500031138,
              43.57607499991363
            ],
            [
              -84.16800000010555,
              43.57878100003466
            ]
          ]
        ]
      }
    },
    {
      "type": "Feature",
      "id": "us-county:26:113",
      "properties": {
        "boundary_id": "us-county:26:113",
        "boundary_type": "county",
        "name": "Missaukee County",
        "stateFips": "26",
        "countyFips": "113",
        "bbox": [
          -85.33832500044119,
          44.161374999729425,
          -84.85092899985439,
          44.51230299993073
        ]
      },
      "geometry": {
        "type": "Polygon",
        "coordinates": [
          [
            [
              -85.33832500044119,
              44.42690399970416
            ],
            [
              -85.33466200039425,
              44.16483800027702
            ],
            [
              -84.85170499963111,
              44.161374999729425
            ],
            [
              -84.85092899985439,
              44.511068999975755
            ],
            [
              -85.33400000042035,
              44.51230299993073
            ],
            [
              -85.33814100031817,
              44.42927799996125
            ],
            [
              -85.33832500044119,
              44.42690399970416
            ]
          ]
        ]
      }
    },
    {
      "type": "Feature",
      "id": "us-county:26:115",
      "properties": {
        "boundary_id": "us-county:26:115",
        "boundary_type": "county",
        "name": "Monroe County",
        "stateFips": "26",
        "countyFips": "115",
        "bbox": [
          -83.77392200004115,
          41.72355200007633,
          -83.11246000021274,
          42.09359699979189
        ]
      },
      "geometry": {
        "type": "Polygon",
        "coordinates": [
          [
            [
              -83.28631399974226,
              42.08906600008463
            ],
            [
              -83.41894499989135,
              42.09359699979189
            ],
            [
              -83.77392200004115,
              42.082429999700516
            ],
            [
              -83.76314999963535,
              41.72355200007633
            ],
            [
              -83.4158509999319,
              41.73379400011398
            ],
            [
              -83.11246000021274,
              41.959410000268015
            ],
            [
              -83.1439560003742,
              42.02792999997491
            ],
            [
              -83.18457600023028,
              42.028506000005386
            ],
            [
              -83.23043300032633,
              42.04867800018766
            ],
            [
              -83.2581330003715,
              42.07397400008111
            ],
            [
              -83.26759799964961,
              42.06908399988093
            ],
            [
              -83.28644599998673,
              42.08903000001063
            ],
            [
              -83.28631399974226,
              42.08906600008463
            ]
          ]
        ]
      }
    },
    {
      "type": "Feature",
      "id": "us-county:26:117",
      "properties": {
        "boundary_id": "us-county:26:117",
        "boundary_type": "county",
        "name": "Montcalm County",
        "stateFips": "26",
        "countyFips": "117",
        "bbox": [
          -85.5625379996396,
          43.11879300013223,
          -84.83658299998842,
          43.468129999854376
        ]
      },
      "geometry": {
        "type": "Polygon",
        "coordinates": [
          [
            [
              -84.83658299998842,
              43.1805240001483
            ],
            [
              -84.84596199995114,
              43.466157999829434
            ],
            [
              -85.56234799966879,
              43.468129999854376
            ],
            [
              -85.5625379996396,
              43.29427100012855
            ],
            [
              -85.31237600014109,
              43.29420499977729
            ],
            [
              -85.31251300040844,
              43.11879300013223
            ],
            [
              -84.83688900031017,
              43.118851000025884
            ],
            [
              -84.83664099971473,
              43.17683500031243
            ],
            [
              -84.83658299998842,
              43.1805240001483
            ]
          ]
        ]
      }
    },
    {
      "type": "Feature",
      "id": "us-county:26:119",
      "properties": {
        "boundary_id": "us-county:26:119",
        "boundary_type": "county",
        "name": "Montmorency County",
        "stateFips": "26",
        "countyFips": "119",
        "bbox": [
          -84.37173700014374,
          44.854904999927065,
          -83.88122300020638,
          45.202070999884604
        ]
      },
      "geometry": {
        "type": "Polygon",
        "coordinates": [
          [
            [
              -84.13162300025456,
              44.854904999927065
            ],
            [
              -83.88848200035308,
              44.85663500003692
            ],
            [
              -83.88122300020638,
              45.202070999884604
            ],
            [
              -84.36661399970654,
              45.19873699976867
            ],
            [
              -84.37173700014374,
              44.85503900016774
            ],
            [
              -84.13193200005104,
              44.854904999927065
            ],
            [
              -84.13162300025456,
              44.854904999927065
            ]
          ]
        ]
      }
    },
    {
      "type": "Feature",
      "id": "us-county:26:121",
      "properties": {
        "boundary_id": "us-county:26:121",
        "boundary_type": "county",
        "name": "Muskegon County",
        "stateFips": "26",
        "countyFips": "121",
        "bbox": [
          -87.14716600002801,
          43.11824300001364,
          -85.79044800011845,
          43.471436000019594
        ]
      },
      "geometry": {
        "type": "Polygon",
        "coordinates": [
          [
            [
              -85.90838799972175,
              43.205920000026744
            ],
            [
              -85.79066200037869,
              43.20516700020733
            ],
            [
              -85.79044800011845,
              43.293003000047385
            ],
            [
              -86.0389529995832,
              43.293519000265505
            ],
            [
              -86.03949099970853,
              43.46744700011053
            ],
            [
              -87.1403310002038,
              43.471436000019594
            ],
            [
              -87.14716600002801,
              43.379859000140605
            ],
            [
              -87.10766900027828,
              43.11824300001364
            ],
            [
              -85.90743500039304,
              43.11891099979015
            ],
            [
              -85.90809999984168,
              43.1968419998307
            ],
            [
              -85.90838799972175,
              43.205920000026744
            ]
          ]
        ]
      }
    },
    {
      "type": "Feature",
      "id": "us-county:26:123",
      "properties": {
        "boundary_id": "us-county:26:123",
        "boundary_type": "county",
        "name": "Newaygo County",
        "stateFips": "26",
        "countyFips": "123",
        "bbox": [
          -86.0389529995832,
          43.29292500025689,
          -85.56243300005761,
          43.81561100007397
        ]
      },
      "geometry": {
        "type": "Polygon",
        "coordinates": [
          [
            [
              -85.80081700011812,
              43.292942999965966
            ],
            [
              -85.5625379996396,
              43.29427100012855
            ],
            [
              -85.56243300005761,
              43.81548300011723
            ],
            [
              -86.03788399990353,
              43.81561100007397
            ],
            [
              -86.0389529995832,
              43.293519000265505
            ],
            [
              -85.81059399956578,
              43.29292500025689
            ],
            [
              -85.80081700011812,
              43.292942999965966
            ]
          ]
        ]
      }
    },
    {
      "type": "Feature",
      "id": "us-county:26:125",
      "properties": {
        "boundary_id": "us-county:26:125",
        "boundary_type": "county",
        "name": "Oakland County",
        "stateFips": "26",
        "countyFips": "125",
        "bbox": [
          -83.68938400015509,
          42.431179000221064,
          -83.08339299966377,
          42.8886469999653
        ]
      },
      "geometry": {
        "type": "Polygon",
        "coordinates": [
          [
            [
              -83.31682499988965,
              42.44203299977567
            ],
            [
              -83.08339299966377,
              42.44715300005718
            ],
            [
              -83.10289100027923,
              42.8886469999653
            ],
            [
              -83.68938400015509,
              42.87126299991599
            ],
            [
              -83.66480800020659,
              42.431179000221064
            ],
            [
              -83.31779300018529,
              42.44201199975556
            ],
            [
              -83.31682499988965,
              42.44203299977567
            ]
          ]
        ]
      }
    },
    {
      "type": "Feature",
      "id": "us-county:26:127",
      "properties": {
        "boundary_id": "us-county:26:127",
        "boundary_type": "county",
        "name": "Oceana County",
        "stateFips": "26",
        "countyFips": "127",
        "bbox": [
          -87.1403310002038,
          43.46744700011053,
          -86.03788399990353,
          43.82011300021642
        ]
      },
      "geometry": {
        "type": "Polygon",
        "coordinates": [
          [
            [
              -86.03978000031186,
              43.55418199970468
            ],
            [
              -86.03788399990353,
              43.81561100007397
            ],
            [
              -87.09310900015205,
              43.82011300021642
            ],
            [
              -87.12507899996648,
              43.670445000246986
            ],
            [
              -87.1403310002038,
              43.471436000019594
            ],
            [
              -86.03949099970853,
              43.46744700011053
            ],
            [
              -86.03976299969511,
              43.55255600014868
            ],
            [
              -86.03978000031186,
              43.55418199970468
            ]
          ]
        ]
      }
    },
    {
      "type": "Feature",
      "id": "us-county:26:129",
      "properties": {
        "boundary_id": "us-county:26:129",
        "boundary_type": "county",
        "name": "Ogemaw County",
        "stateFips": "26",
        "countyFips": "129",
        "bbox": [
          -84.3706430003497,
          44.16053799994792,
          -83.88397700040719,
          44.508975999935295
        ]
      },
      "geometry": {
        "type": "Polygon",
        "coordinates": [
          [
            [
              -84.00498400020577,
              44.16196700007168
            ],
            [
              -83.88397700040719,
              44.16178600013266
            ],
            [
              -83.88663399962533,
              44.508975999935295
            ],
            [
              -84.3706430003497,
              44.50722300027468
            ],
            [
              -84.3680389999367,
              44.16053799994792
            ],
            [
              -84.00537099982006,
              44.16195900015017
            ],
            [
              -84.00498400020577,
              44.16196700007168
            ]
          ]
        ]
      }
    },
    {
      "type": "Feature",
      "id": "us-county:26:131",
      "properties": {
        "boundary_id": "us-county:26:131",
        "boundary_type": "county",
        "name": "Ontonagon County",
        "stateFips": "26",
        "countyFips": "131",
        "bbox": [
          -90.11168899998356,
          46.33230799982702,
          -88.8639059998084,
          47.714552000059214
        ]
      },
      "geometry": {
        "type": "Polygon",
        "coordinates": [
          [
            [
              -88.98952899988095,
              46.68011900020101
            ],
            [
              -88.86447300024606,
              46.679311000298355
            ],
            [
              -88.8639059998084,
              46.76501299980609
            ],
            [
              -88.93248000015284,
              46.76478700012734
            ],
            [
              -88.94886899984192,
              47.4771450002753
            ],
            [
              -89.680730000278,
              47.714552000059214
            ],
            [
              -90.11168899998356,
              47.04196399990563
            ],
            [
              -90.00016099970681,
              46.99993699979369
            ],
            [
              -90.00017099975254,
              46.765529000218315
            ],
            [
              -89.86379299989092,
              46.765405000017104
            ],
            [
              -89.86441999970474,
              46.59264299996547
            ],
            [
              -89.74000099992938,
              46.59249400023173
            ],
            [
              -89.74056800036705,
              46.50564199997153
            ],
            [
              -89.3650940002423,
              46.50594900001736
            ],
            [
              -89.36550699979585,
              46.33307799995715
            ],
            [
              -88.99101199983743,
              46.33230799982702
            ],
            [
              -88.98954999979735,
              46.67836700004548
            ],
            [
              -88.98952899988095,
              46.68011900020101
            ]
          ]
        ]
      }
    },
    {
      "type": "Feature",
      "id": "us-county:26:133",
      "properties": {
        "boundary_id": "us-county:26:133",
        "boundary_type": "county",
        "name": "Osceola County",
        "stateFips": "26",
        "countyFips": "133",
        "bbox": [
          -85.56455399969853,
          43.81367599998293,
          -85.08740300016117,
          44.164861000053676
        ]
      },
      "geometry": {
        "type": "Polygon",
        "coordinates": [
          [
            [
              -85.56455399969853,
              44.16481499984703
            ],
            [
              -85.56243300005761,
              43.81548300011723
            ],
            [
              -85.08881099977457,
              43.81367599998293
            ],
            [
              -85.08740300016117,
              44.16424199994006
            ],
            [
              -85.56455399969853,
              44.164861000053676
            ],
            [
              -85.56455399969853,
              44.16481499984703
            ]
          ]
        ]
      }
    },
    {
      "type": "Feature",
      "id": "us-county:26:135",
      "properties": {
        "boundary_id": "us-county:26:135",
        "boundary_type": "county",
        "name": "Oscoda County",
        "stateFips": "26",
        "countyFips": "135",
        "bbox": [
          -84.37173700014374,
          44.50722300027468,
          -83.88663399962533,
          44.85663500003692
        ]
      },
      "geometry": {
        "type": "Polygon",
        "coordinates": [
          [
            [
              -84.12799199999469,
              44.50811999995705
            ],
            [
              -83.88663399962533,
              44.508975999935295
            ],
            [
              -83.88848200035308,
              44.85663500003692
            ],
            [
              -84.37173700014374,
              44.85503900016774
            ],
            [
              -84.3706430003497,
              44.50722300027468
            ],
            [
              -84.13634400011051,
              44.50804200008697
            ],
            [
              -84.12799199999469,
              44.50811999995705
            ]
          ]
        ]
      }
    },
    {
      "type": "Feature",
      "id": "us-county:26:137",
      "properties": {
        "boundary_id": "us-county:26:137",
        "boundary_type": "county",
        "name": "Otsego County",
        "stateFips": "26",
        "countyFips": "137",
        "bbox": [
          -84.85745200040733,
          44.85503900016774,
          -84.36661399970654,
          45.20193599998023
        ]
      },
      "geometry": {
        "type": "Polygon",
        "coordinates": [
          [
            [
              -84.36771599989652,
              45.11262300016437
            ],
            [
              -84.36661399970654,
              45.19873699976867
            ],
            [
              -84.73430300015313,
              45.20193599998023
            ],
            [
              -84.73479900044569,
              45.11490299983121
            ],
            [
              -84.85745200040733,
              45.11670700018717
            ],
            [
              -84.84730900036348,
              44.8580370001718
            ],
            [
              -84.37173700014374,
              44.85503900016774
            ],
            [
              -84.36772500011736,
              45.1116670000365
            ],
            [
              -84.36771599989652,
              45.11262300016437
            ]
          ]
        ]
      }
    },
    {
      "type": "Feature",
      "id": "us-county:26:139",
      "properties": {
        "boundary_id": "us-county:26:139",
        "boundary_type": "county",
        "name": "Ottawa County",
        "stateFips": "26",
        "countyFips": "139",
        "bbox": [
          -87.10766900027828,
          42.76520200003674,
          -85.78249799968552,
          43.20592300022917
        ]
      },
      "geometry": {
        "type": "Polygon",
        "coordinates": [
          [
            [
              -85.90838799972175,
              43.205920000026744
            ],
            [
              -85.90743500039304,
              43.11891099979015
            ],
            [
              -87.10766900027828,
              43.11824300001364
            ],
            [
              -87.05871599967465,
              42.76520200003674
            ],
            [
              -85.78249799968552,
              42.7682000000975
            ],
            [
              -85.79066200037869,
              43.20516700020733
            ],
            [
              -85.9075530003938,
              43.20592300022917
            ],
            [
              -85.90838799972175,
              43.205920000026744
            ]
          ]
        ]
      }
    },
    {
      "type": "Feature",
      "id": "us-county:26:141",
      "properties": {
        "boundary_id": "us-county:26:141",
        "boundary_type": "county",
        "name": "Presque Isle County",
        "stateFips": "26",
        "countyFips": "141",
        "bbox": [
          -84.25201999995777,
          45.19872700030262,
          -82.49059600041639,
          45.7776679997197
        ]
      },
      "geometry": {
        "type": "Polygon",
        "coordinates": [
          [
            [
              -83.51388199991433,
              45.20712300029631
            ],
            [
              -82.49059600041639,
              45.20848400005874
            ],
            [
              -82.5206399996852,
              45.33590199980494
            ],
            [
              -83.48397400018962,
              45.77193699979073
            ],
            [
              -84.12309799988635,
              45.7776679997197
            ],
            [
              -84.20106200006417,
              45.7522750000359
            ],
            [
              -84.20426300015373,
              45.62624700016734
            ],
            [
              -84.25201999995777,
              45.625997999815404
            ],
            [
              -84.24663399975486,
              45.19872700030262
            ],
            [
              -83.5302959997178,
              45.2064979999388
            ],
            [
              -83.51388199991433,
              45.20712300029631
            ]
          ]
        ]
      }
    },
    {
      "type": "Feature",
      "id": "us-county:26:143",
      "properties": {
        "boundary_id": "us-county:26:143",
        "boundary_type": "county",
        "name": "Roscommon County",
        "stateFips": "26",
        "countyFips": "143",
        "bbox": [
          -84.85170499963111,
          44.16053799994792,
          -84.3680389999367,
          44.511068999975755
        ]
      },
      "geometry": {
        "type": "Polygon",
        "coordinates": [
          [
            [
              -84.36863099959041,
              44.247072000166696
            ],
            [
              -84.3706430003497,
              44.50722300027468
            ],
            [
              -84.85092899985439,
              44.511068999975755
            ],
            [
              -84.85170499963111,
              44.161374999729425
            ],
            [
              -84.3680389999367,
              44.16053799994792
            ],
            [
              -84.36837399967247,
              44.232582000268074
            ],
            [
              -84.36863099959041,
              44.247072000166696
            ]
          ]
        ]
      }
    },
    {
      "type": "Feature",
      "id": "us-county:26:145",
      "properties": {
        "boundary_id": "us-county:26:145",
        "boundary_type": "county",
        "name": "Saginaw County",
        "stateFips": "26",
        "countyFips": "145",
        "bbox": [
          -84.3697770001613,
          43.12845199980392,
          -83.69562099957946,
          43.568898999898344
        ]
      },
      "geometry": {
        "type": "Polygon",
        "coordinates": [
          [
            [
              -83.6985089996746,
              43.39271100017127
            ],
            [
              -83.69881599982124,
              43.47895699997085
            ],
            [
              -83.81767799968947,
              43.47905199999307
            ],
            [
              -83.81722800032597,
              43.52234500027337
            ],
            [
              -84.05098699989169,
              43.52406399977268
            ],
            [
              -84.05000000022778,
              43.56732400012656
            ],
            [
              -84.16812700032716,
              43.568898999898344
            ],
            [
              -84.17057600003113,
              43.48196899982558
            ],
            [
              -84.3697770001613,
              43.48157300017008
            ],
            [
              -84.3678909997987,
              43.12845199980392
            ],
            [
              -83.9290789997446,
              43.132782000190225
            ],
            [
              -83.9320709995968,
              43.22037700028008
            ],
            [
              -83.69562099957946,
              43.22142199984814
            ],
            [
              -83.6984810000855,
              43.39136299997751
            ],
            [
              -83.6985089996746,
              43.39271100017127
            ]
          ]
        ]
      }
    },
    {
      "type": "Feature",
      "id": "us-county:26:147",
      "properties": {
        "boundary_id": "us-county:26:147",
        "boundary_type": "county",
        "name": "St. Clair County",
        "stateFips": "26",
        "countyFips": "147",
        "bbox": [
          -82.99625700011079,
          42.47777799968517,
          -82.33407300003401,
          43.17041299987901
        ]
      },
      "geometry": {
        "type": "Polygon",
        "coordinates": [
          [
            [
              -82.49728999977523,
              42.695605000191954
            ],
            [
              -82.46766699955758,
              42.76190600028174
            ],
            [
              -82.48257400001341,
              42.808644000137484
            ],
            [
              -82.46867699968604,
              42.85204999997618
            ],
            [
              -82.4693370000101,
              42.888720000156525
            ],
            [
              -82.45557399957701,
              42.92685099997224
            ],
            [
              -82.41669799979331,
              42.966424000238014
            ],
            [
              -82.42442100044552,
              42.99697699973978
            ],
            [
              -82.33407300003401,
              43.17041299987901
            ],
            [
              -82.99625700011079,
              43.15409900010783
            ],
            [
              -82.98364699992128,
              42.893740999923764
            ],
            [
              -82.73900999964454,
              42.89754100015091
            ],
            [
              -82.72927699967948,
              42.7060590000063
            ],
            [
              -82.70596600012759,
              42.6863099999547
            ],
            [
              -82.72604899982575,
              42.62503299985097
            ],
            [
              -82.72316999995145,
              42.47777799968517
            ],
            [
              -82.65428699981052,
              42.54706700005209
            ],
            [
              -82.63372399971335,
              42.5568019998739
            ],
            [
              -82.58998099958552,
              42.55097799968482
            ],
            [
              -82.523434000069,
              42.6073440003206
            ],
            [
              -82.49751099970818,
              42.69523300008602
            ],
            [
              -82.49728999977523,
              42.695605000191954
            ]
          ]
        ]
      }
    },
    {
      "type": "Feature",
      "id": "us-county:26:149",
      "properties": {
        "boundary_id": "us-county:26:149",
        "boundary_type": "county",
        "name": "St. Joseph County",
        "stateFips": "26",
        "countyFips": "149",
        "bbox": [
          -85.79133500022326,
          41.759077999900676,
          -85.29217899974182,
          42.07155300017484
        ]
      },
      "geometry": {
        "type": "Polygon",
        "coordinates": [
          [
            [
              -85.43134299959131,
              41.75962399971567
            ],
            [
              -85.29217899974182,
              41.759889000004584
            ],
            [
              -85.29362599971327,
              42.07155300017484
            ],
            [
              -85.76294300006695,
              42.06932700002207
            ],
            [
              -85.7601860003914,
              41.798814000127
            ],
            [
              -85.78616800030345,
              41.77693900012669
            ],
            [
              -85.78436599960645,
              41.76020900005809
            ],
            [
              -85.79133500022326,
              41.759077999900676
            ],
            [
              -85.43235500026788,
              41.7596209997036
            ],
            [
              -85.43134299959131,
              41.75962399971567
            ]
          ]
        ]
      }
    },
    {
      "type": "Feature",
      "id": "us-county:26:151",
      "properties": {
        "boundary_id": "us-county:26:151",
        "boundary_type": "county",
        "name": "Sanilac County",
        "stateFips": "26",
        "countyFips": "151",
        "bbox": [
          -83.12039600040195,
          43.15409900010783,
          -82.12297100044222,
          43.695587000130324
        ]
      },
      "geometry": {
        "type": "Polygon",
        "coordinates": [
          [
            [
              -82.6432809999513,
              43.16399800014605
            ],
            [
              -82.33407300003401,
              43.17041299987901
            ],
            [
              -82.12297100044222,
              43.590827000171124
            ],
            [
              -82.14550100019453,
              43.695587000130324
            ],
            [
              -83.11784399986752,
              43.675492999733976
            ],
            [
              -83.1038260000646,
              43.32736500018646
            ],
            [
              -83.12039600040195,
              43.32704899973138
            ],
            [
              -83.11902700024831,
              43.28367999973015
            ],
            [
              -83.00042999979566,
              43.28491300024605
            ],
            [
              -82.99625700011079,
              43.15409900010783
            ],
            [
              -82.64378999976434,
              43.16398200008431
            ],
            [
              -82.6432809999513,
              43.16399800014605
            ]
          ]
        ]
      }
    },
    {
      "type": "Feature",
      "id": "us-county:26:153",
      "properties": {
        "boundary_id": "us-county:26:153",
        "boundary_type": "county",
        "name": "Schoolcraft County",
        "stateFips": "26",
        "countyFips": "153",
        "bbox": [
          -86.61560100023934,
          45.57838599990273,
          -85.85576799977153,
          46.505851999843834
        ]
      },
      "geometry": {
        "type": "Polygon",
        "coordinates": [
          [
            [
              -85.86511599977212,
              46.15843900006203
            ],
            [
              -85.86493199964912,
              46.50475799996399
            ],
            [
              -86.36495299959572,
              46.505851999843834
            ],
            [
              -86.36498899958073,
              46.331927000148475
            ],
            [
              -86.61539700002484,
              46.333263000056725
            ],
            [
              -86.61560100023934,
              46.158691000091935
            ],
            [
              -86.4901420001983,
              46.15817800010325
            ],
            [
              -86.49025000015335,
              45.89633699991324
            ],
            [
              -86.45911399984199,
              45.896362999697956
            ],
            [
              -86.46079699981499,
              45.58443300009419
            ],
            [
              -85.85576799977153,
              45.57838599990273
            ],
            [
              -85.87322699986353,
              45.8179029998278
            ],
            [
              -85.86511599977212,
              46.157811999735124
            ],
            [
              -85.86511599977212,
              46.15843900006203
            ]
          ]
        ]
      }
    },
    {
      "type": "Feature",
      "id": "us-county:26:155",
      "properties": {
        "boundary_id": "us-county:26:155",
        "boundary_type": "county",
        "name": "Shiawassee County",
        "stateFips": "26",
        "countyFips": "155",
        "bbox": [
          -84.3678909997987,
          42.77577799979187,
          -83.92251599990698,
          43.132782000190225
        ]
      },
      "geometry": {
        "type": "Polygon",
        "coordinates": [
          [
            [
              -84.15818900032271,
              42.77663899999081
            ],
            [
              -83.92251599990698,
              42.780820999836024
            ],
            [
              -83.9290789997446,
              43.132782000190225
            ],
            [
              -84.3678909997987,
              43.12845199980392
            ],
            [
              -84.3636589996643,
              42.77577799979187
            ],
            [
              -84.17280399980218,
              42.776508000265544
            ],
            [
              -84.15818900032271,
              42.77663899999081
            ]
          ]
        ]
      }
    },
    {
      "type": "Feature",
      "id": "us-county:26:157",
      "properties": {
        "boundary_id": "us-county:26:157",
        "boundary_type": "county",
        "name": "Tuscola County",
        "stateFips": "26",
        "countyFips": "157",
        "bbox": [
          -83.7083169999827,
          43.22142199984814,
          -83.1038260000646,
          43.82872100018334
        ]
      },
      "geometry": {
        "type": "Polygon",
        "coordinates": [
          [
            [
              -83.46070799994526,
              43.23279100022357
            ],
            [
              -83.35170899973842,
              43.23519299994835
            ],
            [
              -83.35441799973341,
              43.32225700013685
            ],
            [
              -83.1038260000646,
              43.32736500018646
            ],
            [
              -83.11784399986752,
              43.675492999733976
            ],
            [
              -83.46659200009054,
              43.667620999821914
            ],
            [
              -83.46740300002735,
              43.728909000184686
            ],
            [
              -83.7083169999827,
              43.82872100018334
            ],
            [
              -83.69562099957946,
              43.22142199984814
            ],
            [
              -83.46074399993027,
              43.22521499968463
            ],
            [
              -83.46070799994526,
              43.23279100022357
            ]
          ]
        ]
      }
    },
    {
      "type": "Feature",
      "id": "us-county:26:159",
      "properties": {
        "boundary_id": "us-county:26:159",
        "boundary_type": "county",
        "name": "Van Buren County",
        "stateFips": "26",
        "countyFips": "159",
        "bbox": [
          -87.0883380000674,
          42.06932700002207,
          -85.76294300006695,
          42.42071499988692
        ]
      },
      "geometry": {
        "type": "Polygon",
        "coordinates": [
          [
            [
              -85.76550599957375,
              42.3317139998199
            ],
            [
              -85.76469700018508,
              42.42071499988692
            ],
            [
              -87.04004599961276,
              42.416992999931146
            ],
            [
              -87.0883380000674,
              42.23533399986951
            ],
            [
              -86.223562999625,
              42.243379000109286
            ],
            [
              -86.22294000000916,
              42.071484000195696
            ],
            [
              -85.76294300006695,
              42.06932700002207
            ],
            [
              -85.76552599966524,
              42.33024799967465
            ],
            [
              -85.76550599957375,
              42.3317139998199
            ]
          ]
        ]
      }
    },
    {
      "type": "Feature",
      "id": "us-county:26:161",
      "properties": {
        "boundary_id": "us-county:26:161",
        "boundary_type": "county",
        "name": "Washtenaw County",
        "stateFips": "26",
        "countyFips": "161",
        "bbox": [
          -84.13196300001319,
          42.07157699994705,
          -83.53939600002126,
          42.435165999908065
        ]
      },
      "geometry": {
        "type": "Polygon",
        "coordinates": [
          [
            [
              -83.69576399969459,
              42.08391900013139
            ],
            [
              -83.53939600002126,
              42.085598000256454
            ],
            [
              -83.55190699957825,
              42.435165999908065
            ],
            [
              -84.13113600018283,
              42.42456699979345
            ],
            [
              -84.13196300001319,
              42.07157699994705
            ],
            [
              -83.69642999986647,
              42.08390899967193
            ],
            [
              -83.69576399969459,
              42.08391900013139
            ]
          ]
        ]
      }
    },
    {
      "type": "Feature",
      "id": "us-county:26:163",
      "properties": {
        "boundary_id": "us-county:26:163",
        "boundary_type": "county",
        "name": "Wayne County",
        "stateFips": "26",
        "countyFips": "163",
        "bbox": [
          -83.55190699957825,
          42.02792999997491,
          -82.74990800044704,
          42.451091999745465
        ]
      },
      "geometry": {
        "type": "Polygon",
        "coordinates": [
          [
            [
              -82.89881299975917,
              42.35793699987355
            ],
            [
              -82.83025000018371,
              42.373492000034005
            ],
            [
              -82.74990800044704,
              42.451091999745465
            ],
            [
              -83.55190699957825,
              42.435165999908065
            ],
            [
              -83.53939600002126,
              42.085598000256454
            ],
            [
              -83.29506300041643,
              42.09423700027189
            ],
            [
              -83.26759799964961,
              42.06908399988093
            ],
            [
              -83.2581330003715,
              42.07397400008111
            ],
            [
              -83.25481599993097,
              42.0639760003182
            ],
            [
              -83.19908500030286,
              42.03475999966951
            ],
            [
              -83.1439560003742,
              42.02792999997491
            ],
            [
              -83.14944999963384,
              42.04026399967423
            ],
            [
              -83.12170399955792,
              42.12543100011937
            ],
            [
              -83.13393700017889,
              42.174802000171
            ],
            [
              -83.12799899960696,
              42.2386949999907
            ],
            [
              -83.09770400026794,
              42.28967499983622
            ],
            [
              -83.06363700020376,
              42.316857000006124
            ],
            [
              -82.90614499970083,
              42.35622400027685
            ],
            [
              -82.89881299975917,
              42.35793699987355
            ]
          ]
        ]
      }
    },
    {
      "type": "Feature",
      "id": "us-county:26:165",
      "properties": {
        "boundary_id": "us-county:26:165",
        "boundary_type": "county",
        "name": "Wexford County",
        "stateFips": "26",
        "countyFips": "165",
        "bbox": [
          -85.82118600004655,
          44.16419700000856,
          -85.33400000042035,
          44.51296900004096
        ]
      },
      "geometry": {
        "type": "Polygon",
        "coordinates": [
          [
            [
              -85.57712299988016,
              44.16491400028932
            ],
            [
              -85.33477700002197,
              44.16511799997385
            ],
            [
              -85.33400000042035,
              44.51230299993073
            ],
            [
              -85.81780199965887,
              44.51296900004096
            ],
            [
              -85.82118600004655,
              44.16419700000856
            ],
            [
              -85.57869000040054,
              44.16492400001231
            ],
            [
              -85.57712299988016,
              44.16491400028932
            ]
          ]
        ]
      }
    },
    {
      "type": "Feature",
      "id": "us-state:26",
      "properties": {
        "boundary_id": "us-state:26",
        "boundary_type": "state",
        "name": "Michigan",
        "stateFips": "26",
        "bbox": [
          -90.41839200012036,
          41.69611800009349,
          -82.12297100044222,
          48.306062999958236
        ]
      },
      "geometry": {
        "type": "Polygon",
        "coordinates": [
          [
            [
              -87.11269499973277,
              47.81799799999821
            ],
            [
              -87.62509099969225,
              48.021109000114784
            ],
            [
              -88.00007799974527,
              48.15588300021187
            ],
            [
              -88.00007699992035,
              48.1640500000156
            ],
            [
              -88.3698619998935,
              48.306062999958236
            ],
            [
              -88.67744200008937,
              48.24539700021191
            ],
            [
              -89.33754999983276,
              47.97426099995918
            ],
            [
              -89.48338500037322,
              48.01371600014225
            ],
            [
              -90.41839200012036,
              46.566099000200886
            ],
            [
              -90.39326200015302,
              46.53243300011486
            ],
            [
              -90.35068399996435,
              46.5403249999909
            ],
            [
              -90.3322299998125,
              46.55343199995757
            ],
            [
              -90.30944099959412,
              46.53728499990318
            ],
            [
              -90.31655400015096,
              46.51689599992806
            ],
            [
              -90.27694000022538,
              46.52444700021029
            ],
            [
              -90.27255099973213,
              46.5045119998336
            ],
            [
              -90.23123600029021,
              46.50989300014626
            ],
            [
              -90.23091800027288,
              46.501528999911606
            ],
            [
              -90.21663699980593,
              46.5016370000446
            ],
            [
              -90.18883399982862,
              46.468919000264904
            ],
            [
              -90.19079200016122,
              46.45981599969995
            ],
            [
              -90.17832500008684,
              46.45740799984456
            ],
            [
              -90.1783500002012,
              46.44046499984289
            ],
            [
              -90.16741999961165,
              46.441705000015645
            ],
            [
              -90.158368999712,
              46.40945399996268
            ],
            [
              -90.11870299990788,
              46.35934500030827
            ],
            [
              -90.12057199965373,
              46.33703900025158
            ],
            [
              -89.09163800001203,
              46.13844699999744
            ],
            [
              -88.81602599998072,
              46.020585999958406
            ],
            [
              -88.7964599995932,
              46.02360599996688
            ],
            [
              -88.79649700030143,
              46.03365800021833
            ],
            [
              -88.77873899956039,
              46.031690000084744
            ],
            [
              -88.78015600029293,
              46.015394999946544
            ],
            [
              -88.77062099979628,
              46.02556099991459
            ],
            [
              -88.75896800003176,
              46.01963300028837
            ],
            [
              -88.73897999986985,
              46.02745900015203
            ],
            [
              -88.71831399984052,
              46.01318200005619
            ],
            [
              -88.67886800014443,
              46.013595000305706
            ],
            [
              -88.6634829998377,
              45.99270200025067
            ],
            [
              -88.67082700037322,
              45.98854700003789
            ],
            [
              -88.61595700001234,
              45.98789600007017
            ],
            [
              -88.60117799960301,
              46.01776999975716
            ],
            [
              -88.58827000038596,
              46.00509800018854
            ],
            [
              -88.51469200032837,
              46.020018999995465
            ],
            [
              -88.48935499977348,
              45.991367000209806
            ],
            [
              -88.45867200009697,
              45.99951400026377
            ],
            [
              -88.41638099996347,
              45.9750919997559
            ],
            [
              -88.38050299987974,
              45.99176499984076
            ],
            [
              -88.33027800010515,
              45.96583500016157
            ],
            [
              -88.3272760002072,
              45.9549570000979
            ],
            [
              -88.32030800031364,
              45.96365699984248
            ],
            [
              -88.29384900037562,
              45.95094100025925
            ],
            [
              -88.24689400028755,
              45.96353200028128
            ],
            [
              -88.23710600007094,
              45.948278000159654
            ],
            [
              -88.20990399996815,
              45.94422100024619
            ],
            [
              -88.19205800026188,
              45.95265099984359
            ],
            [
              -88.12665400004487,
              45.92179099990445
            ],
            [
              -88.10246100041104,
              45.921546000240824
            ],
            [
              -88.09492699990471,
              45.91532300016048
            ],
            [
              -88.10662400005016,
              45.902212999945746
            ],
            [
              -88.10126399978653,
              45.88228199995993
            ],
            [
              -88.06976299960218,
              45.87293800028084
            ],
            [
              -88.13451700043916,
              45.82245699989979
            ],
            [
              -88.1301289997708,
              45.8097079997687
            ],
            [
              -88.07216699999863,
              45.78008500009517
            ],
            [
              -87.99144699997018,
              45.795393000120214
            ],
            [
              -87.98086999955804,
              45.77697699972485
            ],
            [
              -87.98965600004213,
              45.772024999819756
            ],
            [
              -87.96345200037224,
              45.758220000235234
            ],
            [
              -87.87689800042723,
              45.75437900015843
            ],
            [
              -87.8554800000123,
              45.72694299970459
            ],
            [
              -87.81014400032315,
              45.71022999973078
            ],
            [
              -87.80907499974518,
              45.69971700021143
            ],
            [
              -87.7822259998198,
              45.683052999898706
            ],
            [
              -87.78162300029544,
              45.67328000025853
            ],
            [
              -87.82419100043839,
              45.66204399972286
            ],
            [
              -87.82439200027983,
              45.64771000011407
            ],
            [
              -87.7808449999706,
              45.614599000008404
            ],
            [
              -87.77719899964208,
              45.588498000198506
            ],
            [
              -87.79237200023672,
              45.56305500003462
            ],
            [
              -87.82934800031244,
              45.56877699983779
            ],
            [
              -87.8336900000517,
              45.5615559998698
            ],
            [
              -87.8033899997915,
              45.53827199977372
            ],
            [
              -87.79276899989675,
              45.4999670000331
            ],
            [
              -87.81297600034178,
              45.464159999925776
            ],
            [
              -87.86169700024352,
              45.43447300008133
            ],
            [
              -87.84932200023064,
              45.40387199975319
            ],
            [
              -87.88805200042447,
              45.3546969998267
            ],
            [
              -87.87036700037666,
              45.356267000218224
            ],
            [
              -87.87584499974275,
              45.36501700023058
            ],
            [
              -87.86916700027741,
              45.36604899974477
            ],
            [
              -87.85013300016745,
              45.34043499993416
            ],
            [
              -87.83261200015119,
              45.3522489999908
            ],
            [
              -87.75410400000025,
              45.34944200003131
            ],
            [
              -87.69395600028982,
              45.389892999795386
            ],
            [
              -87.65735000010996,
              45.368754000076315
            ],
            [
              -87.64812599995794,
              45.33939599982396
            ],
            [
              -87.6874989998591,
              45.2980550001359
            ],
            [
              -87.7104499995609,
              45.259323999974
            ],
            [
              -87.71133900021383,
              45.23996500019021
            ],
            [
              -87.72499200014376,
              45.23213999997451
            ],
            [
              -87.72619800009079,
              45.209390999757474
            ],
            [
              -87.74181000017825,
              45.19746900003295
            ],
            [
              -87.73610400030819,
              45.17224400006404
            ],
            [
              -87.6839019999344,
              45.144134999969786
            ],
            [
              -87.65995199997481,
              45.10751200031465
            ],
            [
              -87.44250799958003,
              45.07643399983069
            ],
            [
              -87.40569399988604,
              45.201969000084915
            ],
            [
              -87.31542199964251,
              45.24065699987353
            ],
            [
              -87.17117000041426,
              45.352540000132414
            ],
            [
              -87.10113300020484,
              45.44423000019731
            ],
            [
              -86.75423600018432,
              45.44360999972072
            ],
            [
              -86.2495479999101,
              45.23612499994635
            ],
            [
              -86.49993000041495,
              45.08079999981919
            ],
            [
              -86.68628799982876,
              44.88100200000284
            ],
            [
              -87.01323400039563,
              44.13190499978231
            ],
            [
              -87.11410200041956,
              43.73411099992129
            ],
            [
              -87.14716600002801,
              43.379859000140605
            ],
            [
              -87.01986300035549,
              42.4937630000481
            ],
            [
              -87.20777400004597,
              41.760955999928086
            ],
            [
              -84.80588500024328,
              41.760171000018
            ],
            [
              -84.80599599967304,
              41.69611800009349
            ],
            [
              -83.4158509999319,
              41.73379400011398
            ],
            [
              -83.11246000021274,
              41.959410000268015
            ],
            [
              -83.14944999963384,
              42.04026399967423
            ],
            [
              -83.12170399955792,
              42.12543100011937
            ],
            [
              -83.13393700017889,
              42.174802000171
            ],
            [
              -83.12799899960696,
              42.2386949999907
            ],
            [
              -83.08002000004507,
              42.30717200023789
            ],
            [
              -83.02623400033079,
              42.32890999990088
            ],
            [
              -82.83025000018371,
              42.373492000034005
            ],
            [
              -82.66188599971586,
              42.54174599986596
            ],
            [
              -82.63372399971335,
              42.5568019998739
            ],
            [
              -82.6057419996359,
              42.5481669998573
            ],
            [
              -82.58547599963963,
              42.553180999912584
            ],
            [
              -82.51893300032107,
              42.61373699972679
            ],
            [
              -82.51085099964365,
              42.66499200031264
            ],
            [
              -82.46766699955758,
              42.76190600028174
            ],
            [
              -82.48257400001341,
              42.808644000137484
            ],
            [
              -82.45602700021185,
              42.9258120002104
            ],
            [
              -82.41669799979331,
              42.966424000238014
            ],
            [
              -82.42372400031151,
              42.99851699968588
            ],
            [
              -82.12297100044222,
              43.590827000171124
            ],
            [
              -82.5206399996852,
              45.33590199980494
            ],
            [
              -83.48397400018962,
              45.77193699979073
            ],
            [
              -83.63686700013703,
              45.7739439997809
            ],
            [
              -83.43355799972102,
              45.99889500000019
            ],
            [
              -83.57146700011799,
              46.10599800030716
            ],
            [
              -83.65464699972107,
              46.122054999944986
            ],
            [
              -83.75952900031952,
              46.1031729998355
            ],
            [
              -83.82624300024064,
              46.11928800026691
            ],
            [
              -83.90347400029943,
              46.06091000016246
            ],
            [
              -83.95542399987981,
              46.05718799986059
            ],
            [
              -83.97613400029009,
              46.10255399984148
            ],
            [
              -84.00587299996039,
              46.118469000270835
            ],
            [
              -84.00568499963941,
              46.149551000208206
            ],
            [
              -84.07702700042837,
              46.18755800014491
            ],
            [
              -84.10808900022158,
              46.24123799994702
            ],
            [
              -84.09776600025266,
              46.256511999901825
            ],
            [
              -84.11556299955514,
              46.26822499972916
            ],
            [
              -84.1196290000082,
              46.315013000281645
            ],
            [
              -84.10624700023992,
              46.321962999983285
            ],
            [
              -84.1389059997924,
              46.37222099977481
            ],
            [
              -84.14617199961181,
              46.41851999974929
            ],
            [
              -84.11122500001382,
              46.504118999917
            ],
            [
              -84.12892500013022,
              46.530118999787405
            ],
            [
              -84.17742799957375,
              46.526919999885884
            ],
            [
              -84.19401999965244,
              46.54014899996715
            ],
            [
              -84.22613099993215,
              46.53392000019787
            ],
            [
              -84.25485699999928,
              46.5007900000871
            ],
            [
              -84.27581400028174,
              46.49282099978451
            ],
            [
              -84.34195900011537,
              46.50750499989056
            ],
            [
              -84.42027399992246,
              46.501076999889904
            ],
            [
              -84.44514899962168,
              46.4890160001096
            ],
            [
              -84.47559399964682,
              46.452864000222725
            ],
            [
              -84.55696200030378,
              46.46063899996194
            ],
            [
              -84.76295700025024,
              46.63432400019986
            ],
            [
              -84.8593350003969,
              46.88884300020982
            ],
            [
              -86.00014499957157,
              47.36188299972198
            ],
            [
              -86.25013899973891,
              47.47790300015438
            ],
            [
              -86.62512499996701,
              47.61776700013946
            ],
            [
              -87.06310099996993,
              47.799990999731044
            ],
            [
              -87.11269499973277,
              47.81799799999821
            ]
          ]
        ]
      }
    }
  ]
}
