{
  "type": "FeatureCollection",
  "features": [
    {
      "type": "Feature",
      "id": "us-county:53:001",
      "properties": {
        "boundary_id": "us-county:53:001",
        "boundary_type": "county",
        "name": "Adams County",
        "stateFips": "53",
        "countyFips": "001",
        "bbox": [
          -119.36950700014278,
          46.73769499978014,
          -117.95933499988166,
          47.26170900023518
        ]
      },
      "geometry": {
        "type": "Polygon",
        "coordinates": [
          [
            [
              -119.36950700014278,
              46.78115100022022
            ],
            [
              -119.36942900032498,
              46.73769499978014
            ],
            [
              -118.21024299991798,
              46.73883299991495
            ],
            [
              -118.18992099984521,
              46.75146700027605
            ],
            [
              -118.16217999979216,
              46.74672699997725
            ],
            [
              -118.15602299983543,
              46.759467999744786
            ],
            [
              -118.12609500001925,
              46.76138900015038
            ],
            [
              -118.09518200018894,
              46.77907100018443
            ],
            [
              -118.0465869997856,
              46.768353999899354
            ],
            [
              -118.03625299994602,
              46.78482000002998
            ],
            [
              -118.01492900014071,
              46.78578099970745
            ],
            [
              -118.01963900012603,
              46.81417399972562
            ],
            [
              -117.99752399957711,
              46.82254399973364
            ],
            [
              -117.99168700018579,
              46.83758000006714
            ],
            [
              -118.00339199982885,
              46.8388129998209
            ],
            [
              -118.00470599973092,
              46.847896000194176
            ],
            [
              -117.97090700035363,
              46.867215999795725
            ],
            [
              -117.96709899964344,
              46.91483100010491
            ],
            [
              -117.95933499988166,
              46.91481100020623
            ],
            [
              -117.96092999999112,
              47.26056799976666
            ],
            [
              -118.97977699966545,
              47.26170900023518
            ],
            [
              -118.9826520002401,
              46.91134399981589
            ],
            [
              -119.36866199987077,
              46.912562000101836
            ],
            [
              -119.3694510000663,
              46.7873769999054
            ],
            [
              -119.36950700014278,
              46.78115100022022
            ]
          ]
        ]
      }
    },
    {
      "type": "Feature",
      "id": "us-county:53:003",
      "properties": {
        "boundary_id": "us-county:53:003",
        "boundary_type": "county",
        "name": "Asotin County",
        "stateFips": "53",
        "countyFips": "003",
        "bbox": [
          -117.47998800036032,
          45.995357000203384,
          -116.91607100026751,
          46.46224499995083
        ]
      },
      "geometry": {
        "type": "Polygon",
        "coordinates": [
          [
            [
              -117.42077000041236,
              46.338659999933164
            ],
            [
              -117.41948199955127,
              46.121956000042246
            ],
            [
              -117.47998800036032,
              46.12199400007628
            ],
            [
              -117.47993499975856,
              45.99780100020413
            ],
            [
              -116.91607100026751,
              45.995357000203384
            ],
            [
              -116.94279299997127,
              46.06111500030136
            ],
            [
              -116.98258900037004,
              46.090075000303656
            ],
            [
              -116.9554240000772,
              46.10186100006185
            ],
            [
              -116.92234100020218,
              46.168773999762344
            ],
            [
              -116.96538399982298,
              46.2031220002537
            ],
            [
              -116.9554800001537,
              46.230984000092604
            ],
            [
              -116.96780499993784,
              46.258474999753666
            ],
            [
              -116.9911950000308,
              46.276960000305436
            ],
            [
              -116.98678799999419,
              46.29670000019931
            ],
            [
              -117.020581000422,
              46.314789000100625
            ],
            [
              -117.02700100014447,
              46.33829600004837
            ],
            [
              -117.06251600000503,
              46.352530000055694
            ],
            [
              -117.03539900029105,
              46.410328000201815
            ],
            [
              -117.0397660001447,
              46.42588700003474
            ],
            [
              -117.05791499979966,
              46.429732999756865
            ],
            [
              -117.08946000036494,
              46.416779000108946
            ],
            [
              -117.15159099962403,
              46.430560999793464
            ],
            [
              -117.19985999961418,
              46.42017699979579
            ],
            [
              -117.21448699968754,
              46.43037199999118
            ],
            [
              -117.20653200013004,
              46.44887400010467
            ],
            [
              -117.2281200004243,
              46.46224499995083
            ],
            [
              -117.22879599974358,
              46.41130599999888
            ],
            [
              -117.35598200013854,
              46.41218700026817
            ],
            [
              -117.35576399968033,
              46.397645000065495
            ],
            [
              -117.39842899990764,
              46.397995999949025
            ],
            [
              -117.3983410000441,
              46.383456999876834
            ],
            [
              -117.41933400031158,
              46.383139000266105
            ],
            [
              -117.42073299970416,
              46.33986699969459
            ],
            [
              -117.42077000041236,
              46.338659999933164
            ]
          ]
        ]
      }
    },
    {
      "type": "Feature",
      "id": "us-county:53:005",
      "properties": {
        "boundary_id": "us-county:53:005",
        "boundary_type": "county",
        "name": "Benton County",
        "stateFips": "53",
        "countyFips": "005",
        "bbox": [
          -119.87433699980889,
          45.83619799974483,
          -118.94165599974208,
          46.726781000092686
        ]
      },
      "geometry": {
        "type": "Polygon",
        "coordinates": [
          [
            [
              -119.80051600007705,
              46.63055400012057
            ],
            [
              -119.87433699980889,
              46.62837200023458
            ],
            [
              -119.86831200009662,
              45.83619799974483
            ],
            [
              -119.66997399978182,
              45.85690800016533
            ],
            [
              -119.62362799996421,
              45.905601999769004
            ],
            [
              -119.57160200021586,
              45.92547799985653
            ],
            [
              -119.48808299978072,
              45.906361000284925
            ],
            [
              -119.25707199966973,
              45.939866999782446
            ],
            [
              -119.19551999964557,
              45.92790000026561
            ],
            [
              -119.1263219998604,
              45.932784000272655
            ],
            [
              -119.02721499962725,
              45.96911200015593
            ],
            [
              -118.94165599974208,
              46.026979999996634
            ],
            [
              -118.9423050001955,
              46.07442000026013
            ],
            [
              -118.96865500035358,
              46.11714799977288
            ],
            [
              -118.96804899955785,
              46.13083400030761
            ],
            [
              -119.01529599972397,
              46.177052999785225
            ],
            [
              -119.11323700019304,
              46.22156400027384
            ],
            [
              -119.20502099980702,
              46.235939999992794
            ],
            [
              -119.26585399995591,
              46.273987999723786
            ],
            [
              -119.25020099986055,
              46.31500099996279
            ],
            [
              -119.26953999956905,
              46.371309000240245
            ],
            [
              -119.25843300032581,
              46.4894649999541
            ],
            [
              -119.26904199962667,
              46.5191699998955
            ],
            [
              -119.40029299975144,
              46.6104209998001
            ],
            [
              -119.41281799955215,
              46.65238999988045
            ],
            [
              -119.45676599971941,
              46.67166300005361
            ],
            [
              -119.45053500014282,
              46.68726799983835
            ],
            [
              -119.48711299983525,
              46.71681399995991
            ],
            [
              -119.51845599983585,
              46.726781000092686
            ],
            [
              -119.58168400016035,
              46.66990600021573
            ],
            [
              -119.62771100013575,
              46.64400400014275
            ],
            [
              -119.71105700031848,
              46.648818000233305
            ],
            [
              -119.79983900003452,
              46.63065000028925
            ],
            [
              -119.80051600007705,
              46.63055400012057
            ]
          ]
        ]
      }
    },
    {
      "type": "Feature",
      "id": "us-county:53:007",
      "properties": {
        "boundary_id": "us-county:53:007",
        "boundary_type": "county",
        "name": "Chelan County",
        "stateFips": "53",
        "countyFips": "007",
        "bbox": [
          -121.18080200035477,
          47.26093500007382,
          -119.85973400002497,
          48.55055200011913
        ]
      },
      "geometry": {
        "type": "Polygon",
        "coordinates": [
          [
            [
              -120.06631899997531,
              47.96637499991087
            ],
            [
              -120.06378499988251,
              47.98146600022111
            ],
            [
              -120.0810530001788,
              47.99302899990399
            ],
            [
              -120.09017600004849,
              48.01800599976706
            ],
            [
              -120.14639100027357,
              48.03734299998094
            ],
            [
              -120.14900900003194,
              48.052233999882574
            ],
            [
              -120.13166899976565,
              48.054588000096466
            ],
            [
              -120.14342199998758,
              48.06522500029061
            ],
            [
              -120.21305999998884,
              48.07904400027101
            ],
            [
              -120.29104000006016,
              48.12957800024097
            ],
            [
              -120.31960999959335,
              48.124424000262735
            ],
            [
              -120.34857800040812,
              48.144284000287
            ],
            [
              -120.36226300012513,
              48.164751999834515
            ],
            [
              -120.34628399961653,
              48.19998599993964
            ],
            [
              -120.35554200010374,
              48.218422000052975
            ],
            [
              -120.38290099966707,
              48.21985100023791
            ],
            [
              -120.39228899985059,
              48.24269399993481
            ],
            [
              -120.46912400007426,
              48.268979999946744
            ],
            [
              -120.464486000059,
              48.274901000250686
            ],
            [
              -120.51028700007855,
              48.3112980001668
            ],
            [
              -120.54720100022998,
              48.306713999826314
            ],
            [
              -120.58681599998047,
              48.32032200005887
            ],
            [
              -120.58567199995773,
              48.33918099993485
            ],
            [
              -120.56020600042972,
              48.36104799997317
            ],
            [
              -120.56319200043411,
              48.37084800000495
            ],
            [
              -120.62110099960455,
              48.39877200018109
            ],
            [
              -120.64993299997688,
              48.3981390002873
            ],
            [
              -120.64165299983107,
              48.41112100025947
            ],
            [
              -120.65025299964401,
              48.41479199982929
            ],
            [
              -120.65277500004125,
              48.43794900026651
            ],
            [
              -120.66881800012395,
              48.44973499990255
            ],
            [
              -120.63240500028792,
              48.46877400002264
            ],
            [
              -120.65354199959715,
              48.480780999739196
            ],
            [
              -120.6284109998049,
              48.49689600016023
            ],
            [
              -120.6571999996212,
              48.50730999985961
            ],
            [
              -120.65131100035136,
              48.53621500015876
            ],
            [
              -120.70181200031045,
              48.531702000007485
            ],
            [
              -120.78793199988723,
              48.50709999986467
            ],
            [
              -120.8167869998258,
              48.51960400016505
            ],
            [
              -120.80931199976901,
              48.52862600009593
            ],
            [
              -120.82394700023829,
              48.54503000025496
            ],
            [
              -120.84465500010043,
              48.55055200011913
            ],
            [
              -120.85872399995695,
              48.54664299971323
            ],
            [
              -120.86321300000931,
              48.530074000203115
            ],
            [
              -120.88540100035318,
              48.5381869997899
            ],
            [
              -120.90396000008698,
              48.53340099990173
            ],
            [
              -120.90459600012164,
              48.52365299975377
            ],
            [
              -120.95050199972317,
              48.52958100002953
            ],
            [
              -120.95106800033592,
              48.4996369998521
            ],
            [
              -121.03623399986071,
              48.495297000051465
            ],
            [
              -121.05653400019217,
              48.476370000184836
            ],
            [
              -121.06323099992407,
              48.45979200028912
            ],
            [
              -121.04099400007475,
              48.44573699992702
            ],
            [
              -121.03713000018635,
              48.43302700018606
            ],
            [
              -121.04624800003316,
              48.41889200028989
            ],
            [
              -121.04158800027658,
              48.41127100021626
            ],
            [
              -121.05646300004703,
              48.41213700014808
            ],
            [
              -121.06642899964059,
              48.393539000116725
            ],
            [
              -121.04050899965281,
              48.348471000214225
            ],
            [
              -121.06950000003383,
              48.33896400024692
            ],
            [
              -121.07158899988768,
              48.31780199978018
            ],
            [
              -121.00311500000069,
              48.29896699981482
            ],
            [
              -121.01209399993031,
              48.27990900000782
            ],
            [
              -120.95984800007393,
              48.22776900011473
            ],
            [
              -120.96476899994641,
              48.21132799980748
            ],
            [
              -120.91927099987558,
              48.190387999966944
            ],
            [
              -120.90742499976719,
              48.163184000100756
            ],
            [
              -120.9555659997108,
              48.15198099996498
            ],
            [
              -120.96521599983517,
              48.13396200029934
            ],
            [
              -120.94709999979213,
              48.11332699983351
            ],
            [
              -120.97248099982967,
              48.108533999817496
            ],
            [
              -121.01594199992518,
              48.07479500010991
            ],
            [
              -121.09702900037475,
              48.06440100009004
            ],
            [
              -121.15322500033326,
              48.040739999988396
            ],
            [
              -121.11772299999318,
              47.99879700010135
            ],
            [
              -121.14728199973844,
              47.98140000021269
            ],
            [
              -121.1648229998462,
              47.95669699980506
            ],
            [
              -121.18080200035477,
              47.8984870001789
            ],
            [
              -121.16679600024742,
              47.879585999993424
            ],
            [
              -121.15702099955125,
              47.88222399972639
            ],
            [
              -121.14722900003498,
              47.85753300017482
            ],
            [
              -121.15351200038845,
              47.84531199977005
            ],
            [
              -121.11188599970357,
              47.8294600002657
            ],
            [
              -121.0708709998373,
              47.83018300028607
            ],
            [
              -121.08469899966943,
              47.80770700019533
            ],
            [
              -121.12069700030203,
              47.782603999889226
            ],
            [
              -121.11050599967926,
              47.75782699997341
            ],
            [
              -121.09401800025597,
              47.758183999909896
            ],
            [
              -121.07899500034749,
              47.73919000017849
            ],
            [
              -121.08394899983196,
              47.7230679998771
            ],
            [
              -121.06600500021638,
              47.71360299971376
            ],
            [
              -121.12882400028697,
              47.67618099978629
            ],
            [
              -121.12317899961798,
              47.66332600026052
            ],
            [
              -121.13369699958058,
              47.64560500010446
            ],
            [
              -121.11372699986033,
              47.62162099978768
            ],
            [
              -121.12029100042118,
              47.61289200000483
            ],
            [
              -121.11362399992817,
              47.597225999722
            ],
            [
              -121.0928790002561,
              47.586346000205886
            ],
            [
              -121.0750410000474,
              47.55093700018946
            ],
            [
              -120.99650199993437,
              47.51850199982923
            ],
            [
              -120.98321800007537,
              47.49293900010316
            ],
            [
              -120.94657099988763,
              47.47265400023986
            ],
            [
              -120.95311899965665,
              47.46266000016643
            ],
            [
              -120.93056999963774,
              47.45768699977956
            ],
            [
              -120.91786400008708,
              47.429321000115486
            ],
            [
              -120.84326900022835,
              47.41159900009337
            ],
            [
              -120.82864700017784,
              47.4238789999757
            ],
            [
              -120.8033299997144,
              47.42304900000797
            ],
            [
              -120.78326200008487,
              47.39958099980838
            ],
            [
              -120.7343739997786,
              47.39375499984776
            ],
            [
              -120.72119299985177,
              47.370051000243116
            ],
            [
              -120.66436800042965,
              47.34330500010163
            ],
            [
              -120.57897100002785,
              47.337380999801155
            ],
            [
              -120.57054000026928,
              47.31106699980558
            ],
            [
              -120.55798600015626,
              47.30657700002352
            ],
            [
              -120.52818399983846,
              47.316661000282906
            ],
            [
              -120.53206199997055,
              47.32953900010397
            ],
            [
              -120.52416500013938,
              47.33316199978512
            ],
            [
              -120.51532900032485,
              47.32014800001295
            ],
            [
              -120.3891970004393,
              47.26093500007382
            ],
            [
              -120.09446000006143,
              47.262159000273655
            ],
            [
              -120.08630799996216,
              47.33894200026305
            ],
            [
              -120.1295730002391,
              47.366251000072076
            ],
            [
              -120.28653000009139,
              47.39311099976896
            ],
            [
              -120.3180839999792,
              47.458647999842945
            ],
            [
              -120.30214200017885,
              47.52190099990641
            ],
            [
              -120.23960099994262,
              47.58419299992506
            ],
            [
              -120.23693499960535,
              47.6317790001405
            ],
            [
              -120.19904800003371,
              47.68227600015987
            ],
            [
              -120.22285800025122,
              47.72331399994671
            ],
            [
              -120.20939500029208,
              47.74835600009144
            ],
            [
              -120.13091399990533,
              47.776601000236994
            ],
            [
              -120.08730800004483,
              47.76320799998424
            ],
            [
              -119.99495199997031,
              47.78135299976875
            ],
            [
              -119.96012699967277,
              47.845805999779174
            ],
            [
              -119.91500799971858,
              47.86768699997647
            ],
            [
              -119.91256700041053,
              47.90449299980415
            ],
            [
              -119.85973400002497,
              47.94194200007532
            ],
            [
              -119.87059500011924,
              47.960455000063035
            ],
            [
              -120.06602299969931,
              47.96644200014223
            ],
            [
              -120.06631899997531,
              47.96637499991087
            ]
          ]
        ]
      }
    },
    {
      "type": "Feature",
      "id": "us-county:53:009",
      "properties": {
        "boundary_id": "us-county:53:009",
        "boundary_type": "county",
        "name": "Clallam County",
        "stateFips": "53",
        "countyFips": "009",
        "bbox": [
          -124.84897399961686,
          47.86682200014923,
          -122.8969710003979,
          48.499782999789936
        ]
      },
      "geometry": {
        "type": "Polygon",
        "coordinates": [
          [
            [
              -124.84897399961686,
              48.1813729998202
            ],
            [
              -124.82404600021421,
              48.12930800013883
            ],
            [
              -124.78518700014895,
              48.08711499995308
            ],
            [
              -124.78610299966773,
              48.06132899998364
            ],
            [
              -124.80115499988854,
              48.03780899985572
            ],
            [
              -124.79903800044559,
              47.972543999709224
            ],
            [
              -124.7581850000627,
              47.943977999891004
            ],
            [
              -124.75379499974453,
              47.910523000291434
            ],
            [
              -124.71501600004522,
              47.879858999809926
            ],
            [
              -123.50591700003314,
              47.88107999995463
            ],
            [
              -123.50591700003314,
              47.86689699989071
            ],
            [
              -122.94916700002554,
              47.86682200014923
            ],
            [
              -122.94918000044433,
              48.065149999821394
            ],
            [
              -122.8969710003979,
              48.06515499997611
            ],
            [
              -122.90727799957496,
              48.072924999917056
            ],
            [
              -122.89913200022177,
              48.09105000023442
            ],
            [
              -122.9058440000223,
              48.106930000031504
            ],
            [
              -122.95211100019718,
              48.10850599999771
            ],
            [
              -122.95238599965846,
              48.349706000182515
            ],
            [
              -123.54121599998363,
              48.224553000282725
            ],
            [
              -124.01205599957846,
              48.296670999725094
            ],
            [
              -124.74974000006044,
              48.499782999789936
            ],
            [
              -124.76837099976427,
              48.495402999704396
            ],
            [
              -124.77226200031514,
              48.47381199994441
            ],
            [
              -124.7458379996389,
              48.44566300008886
            ],
            [
              -124.79390300031282,
              48.42843299987999
            ],
            [
              -124.81793399956494,
              48.39442399987269
            ],
            [
              -124.8005320002727,
              48.34997800008041
            ],
            [
              -124.7704420000748,
              48.323537000092166
            ],
            [
              -124.76138699997716,
              48.29568800019606
            ],
            [
              -124.78874200024082,
              48.26637199999189
            ],
            [
              -124.78050399992782,
              48.22858000025843
            ],
            [
              -124.82145299967183,
              48.217585000118824
            ],
            [
              -124.84825200026681,
              48.18819999985087
            ],
            [
              -124.84897399961686,
              48.1813729998202
            ]
          ]
        ]
      }
    },
    {
      "type": "Feature",
      "id": "us-county:53:011",
      "properties": {
        "boundary_id": "us-county:53:011",
        "boundary_type": "county",
        "name": "Clark County",
        "stateFips": "53",
        "countyFips": "011",
        "bbox": [
          -122.79596299973353,
          45.54354100012852,
          -122.24585599992952,
          46.05963199980252
        ]
      },
      "geometry": {
        "type": "Polygon",
        "coordinates": [
          [
            [
              -122.24984100019171,
              45.818941000081196
            ],
            [
              -122.24585599992952,
              46.05385300020429
            ],
            [
              -122.26919900016678,
              46.05963199980252
            ],
            [
              -122.29444299993693,
              46.04919100015674
            ],
            [
              -122.29596199987841,
              46.036074000276024
            ],
            [
              -122.32829400009106,
              46.011497999971276
            ],
            [
              -122.31480000016981,
              45.990829000267944
            ],
            [
              -122.34347799965803,
              45.959548000056024
            ],
            [
              -122.4959949998618,
              45.98727300001887
            ],
            [
              -122.49747899964316,
              45.98047399998059
            ],
            [
              -122.53449599972676,
              45.979216999951916
            ],
            [
              -122.55841999974707,
              45.95301900015056
            ],
            [
              -122.58026499995927,
              45.95467200007616
            ],
            [
              -122.61488400039251,
              45.93577500017513
            ],
            [
              -122.64511199978435,
              45.93763599973531
            ],
            [
              -122.65638200013254,
              45.92795799990972
            ],
            [
              -122.6908769998189,
              45.94157599981194
            ],
            [
              -122.69087099997111,
              45.928168000052864
            ],
            [
              -122.71971199966598,
              45.93325600009389
            ],
            [
              -122.72382099977675,
              45.91765300008491
            ],
            [
              -122.74012800034838,
              45.914753999838695
            ],
            [
              -122.73737199959942,
              45.90221799968876
            ],
            [
              -122.74944600021172,
              45.8962689997936
            ],
            [
              -122.73314399966294,
              45.895248999885496
            ],
            [
              -122.71975199984895,
              45.86761299992504
            ],
            [
              -122.7413900003719,
              45.870510000295845
            ],
            [
              -122.77325399988108,
              45.85743400017741
            ],
            [
              -122.78551500009114,
              45.850535999712264
            ],
            [
              -122.79596299973353,
              45.82502399988213
            ],
            [
              -122.79560500043158,
              45.80999999975181
            ],
            [
              -122.76145100032875,
              45.75916299995814
            ],
            [
              -122.77451099988176,
              45.68043700002234
            ],
            [
              -122.76380999962103,
              45.65713799993127
            ],
            [
              -122.64390699966224,
              45.60973899981311
            ],
            [
              -122.55032500044751,
              45.59726900010673
            ],
            [
              -122.4386740001471,
              45.56358499978562
            ],
            [
              -122.38030200029608,
              45.57594100012216
            ],
            [
              -122.35280200026747,
              45.56944099995856
            ],
            [
              -122.33150199985334,
              45.54824100017355
            ],
            [
              -122.29490099969637,
              45.54354100012852
            ],
            [
              -122.24899300044498,
              45.54774500028203
            ],
            [
              -122.24981100005446,
              45.81851100022612
            ],
            [
              -122.24984100019171,
              45.818941000081196
            ]
          ]
        ]
      }
    },
    {
      "type": "Feature",
      "id": "us-county:53:013",
      "properties": {
        "boundary_id": "us-county:53:013",
        "boundary_type": "county",
        "name": "Columbia County",
        "stateFips": "53",
        "countyFips": "013",
        "bbox": [
          -118.24264000042795,
          45.9989499998946,
          -117.60329599972488,
          46.62477700007145
        ]
      },
      "geometry": {
        "type": "Polygon",
        "coordinates": [
          [
            [
              -118.24264000042795,
              46.55974699993066
            ],
            [
              -118.24187200014882,
              46.295064000149864
            ],
            [
              -118.1161169998318,
              46.29545500001123
            ],
            [
              -118.116623999995,
              46.20805000017334
            ],
            [
              -117.99148100032146,
              46.207701999691984
            ],
            [
              -117.99696999955822,
              46.000559999981064
            ],
            [
              -117.6034239997714,
              45.9989499998946
            ],
            [
              -117.60329599972488,
              46.121312999752845
            ],
            [
              -117.61260299971757,
              46.12132300017599
            ],
            [
              -117.61190300010885,
              46.33847799998359
            ],
            [
              -117.67494599958708,
              46.33765099984401
            ],
            [
              -117.6739460004027,
              46.3832840000592
            ],
            [
              -117.69494200014493,
              46.383253999834444
            ],
            [
              -117.69508500026005,
              46.39767900007002
            ],
            [
              -117.71645000007321,
              46.39760799969028
            ],
            [
              -117.71662900017338,
              46.44179599990172
            ],
            [
              -117.73742200042432,
              46.44199499995291
            ],
            [
              -117.73730299970032,
              46.47145400009076
            ],
            [
              -117.86334699972235,
              46.470666999882994
            ],
            [
              -117.8518489997685,
              46.62477700007145
            ],
            [
              -117.87254599976002,
              46.61717199991233
            ],
            [
              -117.89186199990229,
              46.58538199981543
            ],
            [
              -118.01210899981764,
              46.58792800004223
            ],
            [
              -118.09289499996835,
              46.574529000221
            ],
            [
              -118.11386999979419,
              46.557357999804125
            ],
            [
              -118.16180499987345,
              46.55472000024596
            ],
            [
              -118.22863500014552,
              46.59336199997848
            ],
            [
              -118.2280130003546,
              46.56041300023295
            ],
            [
              -118.24261899961324,
              46.55994099977742
            ],
            [
              -118.24264000042795,
              46.55974699993066
            ]
          ]
        ]
      }
    },
    {
      "type": "Feature",
      "id": "us-county:53:015",
      "properties": {
        "boundary_id": "us-county:53:015",
        "boundary_type": "county",
        "name": "Cowlitz County",
        "stateFips": "53",
        "countyFips": "015",
        "bbox": [
          -123.21831099975549,
          45.850535999712264,
          -122.23948100041287,
          46.388042999897344
        ]
      },
      "geometry": {
        "type": "Polygon",
        "coordinates": [
          [
            [
              -123.21831099975549,
              46.37003800002922
            ],
            [
              -123.21305400032232,
              46.17254099998937
            ],
            [
              -123.1664160004267,
              46.18897899972423
            ],
            [
              -123.11590399969857,
              46.18526800025456
            ],
            [
              -123.00423300020503,
              46.133823000068176
            ],
            [
              -122.96268100003832,
              46.1048169998962
            ],
            [
              -122.90411900021653,
              46.08373399971664
            ],
            [
              -122.88447800038422,
              46.06028000006481
            ],
            [
              -122.8780910002737,
              46.03128000012354
            ],
            [
              -122.81399900030895,
              45.96098300013852
            ],
            [
              -122.80618699996828,
              45.93241599995484
            ],
            [
              -122.81150000037624,
              45.91272399992355
            ],
            [
              -122.78496400044531,
              45.86817000015342
            ],
            [
              -122.78551500009114,
              45.850535999712264
            ],
            [
              -122.74320499969107,
              45.87012099975865
            ],
            [
              -122.71975199984895,
              45.86761299992504
            ],
            [
              -122.73314399966294,
              45.895248999885496
            ],
            [
              -122.74944600021172,
              45.8962689997936
            ],
            [
              -122.73737199959942,
              45.90221799968876
            ],
            [
              -122.74012800034838,
              45.914753999838695
            ],
            [
              -122.72382099977675,
              45.91765300008491
            ],
            [
              -122.71971199966598,
              45.93325600009389
            ],
            [
              -122.69087099997111,
              45.928168000052864
            ],
            [
              -122.6908769998189,
              45.94157599981194
            ],
            [
              -122.65638200013254,
              45.92795799990972
            ],
            [
              -122.64511199978435,
              45.93763599973531
            ],
            [
              -122.61488400039251,
              45.93577500017513
            ],
            [
              -122.58026499995927,
              45.95467200007616
            ],
            [
              -122.55841999974707,
              45.95301900015056
            ],
            [
              -122.53449599972676,
              45.979216999951916
            ],
            [
              -122.49747899964316,
              45.98047399998059
            ],
            [
              -122.4959949998618,
              45.98727300001887
            ],
            [
              -122.34347799965803,
              45.959548000056024
            ],
            [
              -122.31480000016981,
              45.990829000267944
            ],
            [
              -122.32876799974399,
              46.01081100017532
            ],
            [
              -122.29596199987841,
              46.036074000276024
            ],
            [
              -122.29444299993693,
              46.04919100015674
            ],
            [
              -122.27154800031163,
              46.059571999901465
            ],
            [
              -122.24585599992952,
              46.05385300020429
            ],
            [
              -122.23948100041287,
              46.3854189999524
            ],
            [
              -123.1142280002966,
              46.388042999897344
            ],
            [
              -123.21795000008046,
              46.385616999971255
            ],
            [
              -123.218254999679,
              46.37480600026934
            ],
            [
              -123.21831099975549,
              46.37003800002922
            ]
          ]
        ]
      }
    },
    {
      "type": "Feature",
      "id": "us-county:53:017",
      "properties": {
        "boundary_id": "us-county:53:017",
        "boundary_type": "county",
        "name": "Douglas County",
        "stateFips": "53",
        "countyFips": "017",
        "bbox": [
          -120.31677900029796,
          47.22107599974471,
          -118.9512310004217,
          48.151187000229896
        ]
      },
      "geometry": {
        "type": "Polygon",
        "coordinates": [
          [
            [
              -120.00476399957807,
              47.30929700026456
            ],
            [
              -120.00470400020194,
              47.31999400005256
            ],
            [
              -119.98312500012855,
              47.32042800017486
            ],
            [
              -119.98323399990848,
              47.33462300024872
            ],
            [
              -119.96182300006456,
              47.334952000164684
            ],
            [
              -119.96134100001571,
              47.34877900019559
            ],
            [
              -119.94044200035786,
              47.34943499993321
            ],
            [
              -119.94023599959522,
              47.36435900017475
            ],
            [
              -119.91891500016297,
              47.36447499975939
            ],
            [
              -119.9187460001086,
              47.39344900022315
            ],
            [
              -119.89738299994525,
              47.393472000061934
            ],
            [
              -119.89717299988297,
              47.40796900013801
            ],
            [
              -119.87582200031352,
              47.408304999962205
            ],
            [
              -119.87576000038922,
              47.43749199977852
            ],
            [
              -119.53312300009219,
              47.44120699994568
            ],
            [
              -119.53288899974046,
              47.52775599994318
            ],
            [
              -119.51169100033187,
              47.52763299971627
            ],
            [
              -119.51209200018987,
              47.54203999977379
            ],
            [
              -119.4904670000857,
              47.54201999986443
            ],
            [
              -119.49009800001475,
              47.55654099970832
            ],
            [
              -119.46917400024255,
              47.55660600002138
            ],
            [
              -119.46909899989949,
              47.57076000014182
            ],
            [
              -119.44768200020779,
              47.57045500009012
            ],
            [
              -119.44780000020857,
              47.58489900001596
            ],
            [
              -119.42683899972812,
              47.58477699970238
            ],
            [
              -119.42676900030625,
              47.59906300030043
            ],
            [
              -119.40531900010426,
              47.599012000013566
            ],
            [
              -119.4051960000806,
              47.61263600024919
            ],
            [
              -119.34176699991465,
              47.612387999726145
            ],
            [
              -119.34148499988237,
              47.62674800005791
            ],
            [
              -119.3203040001922,
              47.62679700021973
            ],
            [
              -119.32014400035865,
              47.67023200004806
            ],
            [
              -119.29884300011958,
              47.6704029998781
            ],
            [
              -119.29864899995083,
              47.72832799974542
            ],
            [
              -119.27723800010689,
              47.728237999822426
            ],
            [
              -119.27716699996178,
              47.74260299981864
            ],
            [
              -119.25578299988207,
              47.742514000161655
            ],
            [
              -119.25586200042308,
              47.7716870000563
            ],
            [
              -119.23416600017379,
              47.77198099980917
            ],
            [
              -119.23390000003502,
              47.80066199990311
            ],
            [
              -119.21240999965006,
              47.80069499973746
            ],
            [
              -119.21222499970213,
              47.88770800024115
            ],
            [
              -119.19063099956013,
              47.88781199984123
            ],
            [
              -119.19055199991739,
              47.90246500017772
            ],
            [
              -119.14739899979345,
              47.90265000000034
            ],
            [
              -119.14739999961837,
              47.91738799978128
            ],
            [
              -119.12590400028394,
              47.917301000158695
            ],
            [
              -119.12558100024376,
              47.94680299996617
            ],
            [
              -119.10396600018534,
              47.94669300007474
            ],
            [
              -119.10387300029893,
              47.96176299991312
            ],
            [
              -118.98223399976536,
              47.96202499989831
            ],
            [
              -118.9512310004217,
              48.01965100025803
            ],
            [
              -119.00599700012717,
              48.04556300010601
            ],
            [
              -119.02885800031562,
              48.11313300009806
            ],
            [
              -119.05492499971815,
              48.13591900026898
            ],
            [
              -119.10007399980955,
              48.13798300022702
            ],
            [
              -119.1309630002487,
              48.151187000229896
            ],
            [
              -119.25255300037847,
              48.102586000107564
            ],
            [
              -119.30729499979454,
              48.111782000146185
            ],
            [
              -119.32752099960783,
              48.096655999726224
            ],
            [
              -119.32793400005967,
              48.07027400011856
            ],
            [
              -119.34200799993909,
              48.04965700010176
            ],
            [
              -119.40223299964244,
              48.05041799981963
            ],
            [
              -119.44073199985755,
              48.07866699991832
            ],
            [
              -119.50099400026913,
              48.08242900003087
            ],
            [
              -119.51611099988895,
              48.07478399990851
            ],
            [
              -119.52413099974376,
              48.05704300021739
            ],
            [
              -119.59510299973854,
              48.02085600019895
            ],
            [
              -119.62165700011114,
              47.99662499996221
            ],
            [
              -119.65682600036526,
              48.00182499983115
            ],
            [
              -119.69205300034575,
              48.02669799976812
            ],
            [
              -119.66985800032919,
              48.07008300013316
            ],
            [
              -119.68429299988361,
              48.09325399976179
            ],
            [
              -119.7197399999721,
              48.08206199990405
            ],
            [
              -119.74249900005327,
              48.10123700013947
            ],
            [
              -119.77343899964774,
              48.104466999957936
            ],
            [
              -119.7795549995966,
              48.08740999995201
            ],
            [
              -119.81330199999364,
              48.08628799997534
            ],
            [
              -119.89059400015184,
              48.055796000196885
            ],
            [
              -119.89501299988399,
              48.048094000012924
            ],
            [
              -119.86706500014172,
              48.00759999981693
            ],
            [
              -119.88393500005473,
              47.972957000194526
            ],
            [
              -119.86056699970311,
              47.94044500022974
            ],
            [
              -119.91256700041053,
              47.90449299980415
            ],
            [
              -119.91500799971858,
              47.86768699997647
            ],
            [
              -119.96012699967277,
              47.845805999779174
            ],
            [
              -119.99495199997031,
              47.78135299976875
            ],
            [
              -120.08730800004483,
              47.76320799998424
            ],
            [
              -120.13091399990533,
              47.776601000236994
            ],
            [
              -120.20939500029208,
              47.74835600009144
            ],
            [
              -120.22285800025122,
              47.72331399994671
            ],
            [
              -120.19904800003371,
              47.68227600015987
            ],
            [
              -120.23693499960535,
              47.6317790001405
            ],
            [
              -120.23960099994262,
              47.58419299992506
            ],
            [
              -120.25943799959349,
              47.55848999983553
            ],
            [
              -120.29281400026977,
              47.538171999914574
            ],
            [
              -120.31677900029796,
              47.470546000189024
            ],
            [
              -120.31618300044632,
              47.450747999971824
            ],
            [
              -120.28653000009139,
              47.39311099976896
            ],
            [
              -120.1295730002391,
              47.366251000072076
            ],
            [
              -120.08630799996216,
              47.33894200026305
            ],
            [
              -120.0963229999595,
              47.254614000183
            ],
            [
              -120.07596900009969,
              47.22589800029322
            ],
            [
              -120.00489800037069,
              47.22107599974471
            ],
            [
              -120.00476500030132,
              47.309031000298916
            ],
            [
              -120.00476399957807,
              47.30929700026456
            ]
          ]
        ]
      }
    },
    {
      "type": "Feature",
      "id": "us-county:53:019",
      "properties": {
        "boundary_id": "us-county:53:019",
        "boundary_type": "county",
        "name": "Ferry County",
        "stateFips": "53",
        "countyFips": "019",
        "bbox": [
          -118.86963299961096,
          47.83068399995493,
          -118.10459799996157,
          49.0000830001076
        ]
      },
      "geometry": {
        "type": "Polygon",
        "coordinates": [
          [
            [
              -118.83720500003714,
              48.90101799971034
            ],
            [
              -118.8370059998455,
              48.653869000076014
            ],
            [
              -118.86963299961096,
              48.65382599991999
            ],
            [
              -118.86951999963303,
              48.48162600019047
            ],
            [
              -118.84388800042366,
              48.4817390000237
            ],
            [
              -118.84350799958376,
              48.46904399986387
            ],
            [
              -118.84578499975862,
              47.96347800006303
            ],
            [
              -118.8519719998526,
              47.95768599986501
            ],
            [
              -118.83485699971719,
              47.95321000001507
            ],
            [
              -118.81554800014594,
              47.92204600021188
            ],
            [
              -118.7354769996726,
              47.90046400003157
            ],
            [
              -118.71168200042203,
              47.90334699992742
            ],
            [
              -118.70850499972359,
              47.932041000059805
            ],
            [
              -118.69259999973319,
              47.94215000021349
            ],
            [
              -118.66195300004169,
              47.937407000295416
            ],
            [
              -118.64737100017415,
              47.925561999761904
            ],
            [
              -118.5703960002084,
              47.932318000299375
            ],
            [
              -118.5334979999505,
              47.91487700018594
            ],
            [
              -118.54397699955503,
              47.888575000153686
            ],
            [
              -118.53921999971408,
              47.87765299995535
            ],
            [
              -118.49924299956533,
              47.87384900014539
            ],
            [
              -118.46423499986798,
              47.881898999786095
            ],
            [
              -118.44582000007422,
              47.845495999783836
            ],
            [
              -118.39265899962562,
              47.83068399995493
            ],
            [
              -118.3681499996243,
              47.83299999992618
            ],
            [
              -118.35706500012235,
              47.8415990001446
            ],
            [
              -118.33999600001768,
              47.9001780001868
            ],
            [
              -118.35608900032906,
              47.929316999767195
            ],
            [
              -118.34873999977069,
              47.97178200029422
            ],
            [
              -118.37064500025734,
              47.98556900011313
            ],
            [
              -118.40220699964274,
              48.02688200005932
            ],
            [
              -118.35890499955585,
              48.04942700009993
            ],
            [
              -118.27547600043074,
              48.040567000234425
            ],
            [
              -118.26447200022136,
              48.058276999960896
            ],
            [
              -118.2359980000493,
              48.059983999973554
            ],
            [
              -118.23129800010973,
              48.08948499975317
            ],
            [
              -118.23749900044741,
              48.104786000132535
            ],
            [
              -118.25358799966254,
              48.11297900028746
            ],
            [
              -118.25439199992668,
              48.128529999900735
            ],
            [
              -118.19739799955181,
              48.14408699992748
            ],
            [
              -118.19659900020889,
              48.19058900025052
            ],
            [
              -118.18759900036284,
              48.19908899981045
            ],
            [
              -118.19510000035888,
              48.2120890001633
            ],
            [
              -118.15159800025548,
              48.24069100002867
            ],
            [
              -118.13979099960684,
              48.26730800017973
            ],
            [
              -118.17560199974344,
              48.31949200003753
            ],
            [
              -118.18160300006458,
              48.37179399989797
            ],
            [
              -118.20260499965455,
              48.406793999924666
            ],
            [
              -118.20290599995347,
              48.4421950000319
            ],
            [
              -118.21250699967402,
              48.45499499985041
            ],
            [
              -118.18920600016787,
              48.48159700021374
            ],
            [
              -118.1758260000494,
              48.52044400006385
            ],
            [
              -118.14098200038359,
              48.528321000050944
            ],
            [
              -118.14310200019962,
              48.54822599992811
            ],
            [
              -118.12544499974088,
              48.58451499998075
            ],
            [
              -118.12732100005775,
              48.612179999761956
            ],
            [
              -118.10459799996157,
              48.65032400012281
            ],
            [
              -118.12633400039384,
              48.72673300020665
            ],
            [
              -118.1175460002599,
              48.73592900003291
            ],
            [
              -118.12875499961041,
              48.73992600013783
            ],
            [
              -118.12231300014663,
              48.74990300018304
            ],
            [
              -118.13383500038987,
              48.75798599999596
            ],
            [
              -118.12514900036321,
              48.76277699983304
            ],
            [
              -118.13424899976835,
              48.775247000140084
            ],
            [
              -118.12239799963713,
              48.780163000166525
            ],
            [
              -118.12682700031336,
              48.78618899978496
            ],
            [
              -118.1432140003526,
              48.77928700007002
            ],
            [
              -118.160217000335,
              48.79331799995285
            ],
            [
              -118.17055600019746,
              48.82723600021193
            ],
            [
              -118.1955079998896,
              48.84072499989956
            ],
            [
              -118.19848100037352,
              48.86726999987155
            ],
            [
              -118.2136370003514,
              48.8779730002508
            ],
            [
              -118.21011400004656,
              48.89923800029275
            ],
            [
              -118.1959530001285,
              48.913262000024346
            ],
            [
              -118.22166899990177,
              48.937098000107774
            ],
            [
              -118.20724000019511,
              48.963082000272344
            ],
            [
              -118.22165999968095,
              48.97050199974589
            ],
            [
              -118.20589299978278,
              48.98763599983864
            ],
            [
              -118.21995499996665,
              48.997409000284954
            ],
            [
              -118.19483000002212,
              48.9969270000809
            ],
            [
              -118.83661400020837,
              49.0000830001076
            ],
            [
              -118.8369339998755,
              48.91279399988175
            ],
            [
              -118.83720500003714,
              48.90101799971034
            ]
          ]
        ]
      }
    },
    {
      "type": "Feature",
      "id": "us-county:53:021",
      "properties": {
        "boundary_id": "us-county:53:021",
        "boundary_type": "county",
        "name": "Franklin County",
        "stateFips": "53",
        "countyFips": "021",
        "bbox": [
          -119.45747899974694,
          46.19266700030677,
          -118.19826399974022,
          46.73883299991495
        ]
      },
      "geometry": {
        "type": "Polygon",
        "coordinates": [
          [
            [
              -119.45747899974694,
              46.67474900021696
            ],
            [
              -119.41304600005611,
              46.65263100010819
            ],
            [
              -119.40466700017608,
              46.61494000028585
            ],
            [
              -119.36736100038749,
              46.582656000289724
            ],
            [
              -119.26904199962667,
              46.5191699998955
            ],
            [
              -119.25843300032581,
              46.4894649999541
            ],
            [
              -119.26953999956905,
              46.371309000240245
            ],
            [
              -119.25020099986055,
              46.31500099996279
            ],
            [
              -119.26585399995591,
              46.273987999723786
            ],
            [
              -119.20413700007528,
              46.23560999995339
            ],
            [
              -119.11621499980153,
              46.22238799988843
            ],
            [
              -119.04149799974405,
              46.19266700030677
            ],
            [
              -119.0234169998611,
              46.21665599994175
            ],
            [
              -118.97649100008539,
              46.23755300022062
            ],
            [
              -118.86346399995864,
              46.25138900030596
            ],
            [
              -118.82407400033904,
              46.284879000122196
            ],
            [
              -118.76950699992688,
              46.293997999748164
            ],
            [
              -118.77416400020874,
              46.317124999898695
            ],
            [
              -118.7461989998497,
              46.35951199978821
            ],
            [
              -118.70089999997047,
              46.36003700023022
            ],
            [
              -118.69275799991694,
              46.37989699994763
            ],
            [
              -118.63441200000518,
              46.41258599998869
            ],
            [
              -118.63767500001902,
              46.43538899975269
            ],
            [
              -118.61559200015546,
              46.504542999938984
            ],
            [
              -118.58820900030271,
              46.5286959999079
            ],
            [
              -118.56303699960426,
              46.53668000020994
            ],
            [
              -118.54801100022104,
              46.555929000305504
            ],
            [
              -118.49652000022496,
              46.575533999825
            ],
            [
              -118.47593200001344,
              46.59514199984862
            ],
            [
              -118.38972600022296,
              46.58060199994682
            ],
            [
              -118.36171700038132,
              46.59801399980435
            ],
            [
              -118.31407600002993,
              46.60671699994368
            ],
            [
              -118.2833930003534,
              46.59370999994686
            ],
            [
              -118.24856499968278,
              46.60110899976501
            ],
            [
              -118.215660000083,
              46.58892399978931
            ],
            [
              -118.20827500043792,
              46.60971800010362
            ],
            [
              -118.19826399974022,
              46.61171999977428
            ],
            [
              -118.19907899987498,
              46.62328599984624
            ],
            [
              -118.23073200039529,
              46.65643699999
            ],
            [
              -118.21753600039986,
              46.6792780002034
            ],
            [
              -118.24938900003842,
              46.733468000025795
            ],
            [
              -118.21024299991798,
              46.73883299991495
            ],
            [
              -119.36942900032498,
              46.73769499978014
            ],
            [
              -119.36916499983602,
              46.67817899998447
            ],
            [
              -119.45728700012631,
              46.675647000111965
            ],
            [
              -119.45747899974694,
              46.67474900021696
            ]
          ]
        ]
      }
    },
    {
      "type": "Feature",
      "id": "us-county:53:023",
      "properties": {
        "boundary_id": "us-county:53:023",
        "boundary_type": "county",
        "name": "Garfield County",
        "stateFips": "53",
        "countyFips": "023",
        "bbox": [
          -117.86330599971447,
          45.99780100020413,
          -117.2281200004243,
          46.70197799982423
        ]
      },
      "geometry": {
        "type": "Polygon",
        "coordinates": [
          [
            [
              -117.86330599971447,
              46.47435300004315
            ],
            [
              -117.73730299970032,
              46.47145400009076
            ],
            [
              -117.73742200042432,
              46.44199499995291
            ],
            [
              -117.71662900017338,
              46.44179599990172
            ],
            [
              -117.71645000007321,
              46.39760799969028
            ],
            [
              -117.69508500026005,
              46.39767900007002
            ],
            [
              -117.69494200014493,
              46.383253999834444
            ],
            [
              -117.6739460004027,
              46.3832840000592
            ],
            [
              -117.67494599958708,
              46.33765099984401
            ],
            [
              -117.61190300010885,
              46.33847799998359
            ],
            [
              -117.61260299971757,
              46.12132300017599
            ],
            [
              -117.60329599972488,
              46.121312999752845
            ],
            [
              -117.6034239997714,
              45.9989499998946
            ],
            [
              -117.47993499975856,
              45.99780100020413
            ],
            [
              -117.47998800036032,
              46.12199400007628
            ],
            [
              -117.41948199955127,
              46.121956000042246
            ],
            [
              -117.41933400031158,
              46.383139000266105
            ],
            [
              -117.3983410000441,
              46.383456999876834
            ],
            [
              -117.39842899990764,
              46.397995999949025
            ],
            [
              -117.35576399968033,
              46.397645000065495
            ],
            [
              -117.35598200013854,
              46.41218700026817
            ],
            [
              -117.22879599974358,
              46.41130599999888
            ],
            [
              -117.2281200004243,
              46.46224499995083
            ],
            [
              -117.23927199987337,
              46.47599999992004
            ],
            [
              -117.23133700040736,
              46.50058399995401
            ],
            [
              -117.25352800022596,
              46.54425799984738
            ],
            [
              -117.30136899969561,
              46.577487999714826
            ],
            [
              -117.34896300019133,
              46.587673000041036
            ],
            [
              -117.38621499955325,
              46.61888499992047
            ],
            [
              -117.3861760000935,
              46.64970199998569
            ],
            [
              -117.43273899964608,
              46.65945300028252
            ],
            [
              -117.46744000009508,
              46.70004500023745
            ],
            [
              -117.51441699992444,
              46.67728500030317
            ],
            [
              -117.59779200041952,
              46.67254300012323
            ],
            [
              -117.62060800040207,
              46.67612199996545
            ],
            [
              -117.65792500006131,
              46.70197799982423
            ],
            [
              -117.74938999983308,
              46.6908520001673
            ],
            [
              -117.76692199972003,
              46.65256399983539
            ],
            [
              -117.79229699990977,
              46.629518000009995
            ],
            [
              -117.85184999959343,
              46.624669999933005
            ],
            [
              -117.86317500019321,
              46.48543299982699
            ],
            [
              -117.86330599971447,
              46.47435300004315
            ]
          ]
        ]
      }
    },
    {
      "type": "Feature",
      "id": "us-county:53:025",
      "properties": {
        "boundary_id": "us-county:53:025",
        "boundary_type": "county",
        "name": "Grant County",
        "stateFips": "53",
        "countyFips": "025",
        "bbox": [
          -120.04276599967577,
          46.62550499974046,
          -118.97282300001557,
          47.96202499989831
        ]
      },
      "geometry": {
        "type": "Polygon",
        "coordinates": [
          [
            [
              -119.23735200019475,
              46.912225999719446
            ],
            [
              -118.9826520002401,
              46.91134399981589
            ],
            [
              -118.97282300001557,
              47.940996999746574
            ],
            [
              -118.98223399976536,
              47.96202499989831
            ],
            [
              -119.10387300029893,
              47.96176299991312
            ],
            [
              -119.10396600018534,
              47.94669300007474
            ],
            [
              -119.12558100024376,
              47.94680299996617
            ],
            [
              -119.12590400028394,
              47.917301000158695
            ],
            [
              -119.14739999961837,
              47.91738799978128
            ],
            [
              -119.14739899979345,
              47.90265000000034
            ],
            [
              -119.19055199991739,
              47.90246500017772
            ],
            [
              -119.19063099956013,
              47.88781199984123
            ],
            [
              -119.21222499970213,
              47.88770800024115
            ],
            [
              -119.21240999965006,
              47.80069499973746
            ],
            [
              -119.23390000003502,
              47.80066199990311
            ],
            [
              -119.23416600017379,
              47.77198099980917
            ],
            [
              -119.25586200042308,
              47.7716870000563
            ],
            [
              -119.25578299988207,
              47.742514000161655
            ],
            [
              -119.27716699996178,
              47.74260299981864
            ],
            [
              -119.27723800010689,
              47.728237999822426
            ],
            [
              -119.29864899995083,
              47.72832799974542
            ],
            [
              -119.29884300011958,
              47.6704029998781
            ],
            [
              -119.32014400035865,
              47.67023200004806
            ],
            [
              -119.3203040001922,
              47.62679700021973
            ],
            [
              -119.34148499988237,
              47.62674800005791
            ],
            [
              -119.34176699991465,
              47.612387999726145
            ],
            [
              -119.4051960000806,
              47.61263600024919
            ],
            [
              -119.40531900010426,
              47.599012000013566
            ],
            [
              -119.42676900030625,
              47.59906300030043
            ],
            [
              -119.42683899972812,
              47.58477699970238
            ],
            [
              -119.44780000020857,
              47.58489900001596
            ],
            [
              -119.44768200020779,
              47.57045500009012
            ],
            [
              -119.46909899989949,
              47.57076000014182
            ],
            [
              -119.46917400024255,
              47.55660600002138
            ],
            [
              -119.49009800001475,
              47.55654099970832
            ],
            [
              -119.4904670000857,
              47.54201999986443
            ],
            [
              -119.51209200018987,
              47.54203999977379
            ],
            [
              -119.51169100033187,
              47.52763299971627
            ],
            [
              -119.53288899974046,
              47.52775599994318
            ],
            [
              -119.53312300009219,
              47.44120699994568
            ],
            [
              -119.87576000038922,
              47.43749199977852
            ],
            [
              -119.87582200031352,
              47.408304999962205
            ],
            [
              -119.89717299988297,
              47.40796900013801
            ],
            [
              -119.89738299994525,
              47.393472000061934
            ],
            [
              -119.9187460001086,
              47.39344900022315
            ],
            [
              -119.91891500016297,
              47.36447499975939
            ],
            [
              -119.94023599959522,
              47.36435900017475
            ],
            [
              -119.94044200035786,
              47.34943499993321
            ],
            [
              -119.96134100001571,
              47.34877900019559
            ],
            [
              -119.96182300006456,
              47.334952000164684
            ],
            [
              -119.98323399990848,
              47.33462300024872
            ],
            [
              -119.98312500012855,
              47.32042800017486
            ],
            [
              -120.00470400020194,
              47.31999400005256
            ],
            [
              -120.00243799989775,
              47.20998699988897
            ],
            [
              -120.01115200041183,
              47.16744699986658
            ],
            [
              -120.00005000029313,
              47.13522199990579
            ],
            [
              -120.01026600013192,
              47.113553000188595
            ],
            [
              -120.02756600021527,
              47.1052530001497
            ],
            [
              -120.04276599967577,
              47.071553000243526
            ],
            [
              -120.00856499971728,
              47.03625299992923
            ],
            [
              -120.00112200034586,
              46.993640999755286
            ],
            [
              -119.96580400012878,
              46.94328299977285
            ],
            [
              -119.96458499976299,
              46.85720200007474
            ],
            [
              -119.9258920002774,
              46.81308900000925
            ],
            [
              -119.9413310001125,
              46.77683300027179
            ],
            [
              -119.96997500016386,
              46.754972999976985
            ],
            [
              -119.97270599990013,
              46.723239000024776
            ],
            [
              -119.94421800038272,
              46.673241999721796
            ],
            [
              -119.8975820001369,
              46.63327099991722
            ],
            [
              -119.83477599958677,
              46.62550499974046
            ],
            [
              -119.71105700031848,
              46.648818000233305
            ],
            [
              -119.63003000014336,
              46.64342199981513
            ],
            [
              -119.58168400016035,
              46.66990600021573
            ],
            [
              -119.51658200006713,
              46.7276380000109
            ],
            [
              -119.48711299983525,
              46.71681399995991
            ],
            [
              -119.45140999965373,
              46.6883599998548
            ],
            [
              -119.45318999971111,
              46.679243000136715
            ],
            [
              -119.36916499983602,
              46.67817899998447
            ],
            [
              -119.36866199987077,
              46.912562000101836
            ],
            [
              -119.23836300014811,
              46.91223300029868
            ],
            [
              -119.23735200019475,
              46.912225999719446
            ]
          ]
        ]
      }
    },
    {
      "type": "Feature",
      "id": "us-county:53:027",
      "properties": {
        "boundary_id": "us-county:53:027",
        "boundary_type": "county",
        "name": "Grays Harbor County",
        "stateFips": "53",
        "countyFips": "027",
        "bbox": [
          -124.4295530000481,
          46.79338300017391,
          -123.1583639998865,
          47.53366999978098
        ]
      },
      "geometry": {
        "type": "Polygon",
        "coordinates": [
          [
            [
              -123.53227999971169,
              46.794027999793634
            ],
            [
              -123.16058800035788,
              46.79338300017391
            ],
            [
              -123.16021500008898,
              46.80107100005832
            ],
            [
              -123.1583639998865,
              46.99587100013297
            ],
            [
              -123.20310100024928,
              46.99697300010887
            ],
            [
              -123.20189100010425,
              47.08505900000576
            ],
            [
              -123.48894300036307,
              47.082646000282054
            ],
            [
              -123.4908050004362,
              47.25820799975655
            ],
            [
              -123.50502099970753,
              47.258535000168806
            ],
            [
              -123.50591700003314,
              47.517715999907516
            ],
            [
              -124.03018699969009,
              47.51816400021754
            ],
            [
              -124.04674000030903,
              47.5185250002424
            ],
            [
              -124.04650400030745,
              47.53366999978098
            ],
            [
              -124.4295530000481,
              47.53294900021048
            ],
            [
              -124.41705699966143,
              47.481537999946596
            ],
            [
              -124.42055999987475,
              47.45597199969675
            ],
            [
              -124.40654200007184,
              47.42802099973034
            ],
            [
              -124.42172800018695,
              47.406845000209714
            ],
            [
              -124.41939199956256,
              47.3839760000785
            ],
            [
              -124.39135400030692,
              47.32976599995383
            ],
            [
              -124.35964399988518,
              47.30933599993406
            ],
            [
              -124.35129900034039,
              47.27638999996316
            ],
            [
              -124.30636699998395,
              47.24808300023562
            ],
            [
              -124.24413000041966,
              47.058647999827365
            ],
            [
              -124.2466419998728,
              46.9178130000772
            ],
            [
              -124.23439300025666,
              46.89118800030634
            ],
            [
              -124.20683100030375,
              46.87072300012165
            ],
            [
              -124.18120300039404,
              46.79373600026266
            ],
            [
              -123.53482399985025,
              46.79403799981271
            ],
            [
              -123.53227999971169,
              46.794027999793634
            ]
          ]
        ]
      }
    },
    {
      "type": "Feature",
      "id": "us-county:53:029",
      "properties": {
        "boundary_id": "us-county:53:029",
        "boundary_type": "county",
        "name": "Island County",
        "stateFips": "53",
        "countyFips": "029",
        "bbox": [
          -122.86307800041095,
          47.82809799987474,
          -122.32846300014546,
          48.41735399981526
        ]
      },
      "geometry": {
        "type": "Polygon",
        "coordinates": [
          [
            [
              -122.86307800041095,
              48.370360999986374
            ],
            [
              -122.86268400022566,
              48.243658000258144
            ],
            [
              -122.85209299956983,
              48.226462000277834
            ],
            [
              -122.7033039997103,
              48.13441600028017
            ],
            [
              -122.65244200007616,
              48.12068299982468
            ],
            [
              -122.63265200028098,
              48.007190999714055
            ],
            [
              -122.61291099999129,
              47.9779599998398
            ],
            [
              -122.5777190001709,
              47.95252200029093
            ],
            [
              -122.50180899968687,
              47.92971300005489
            ],
            [
              -122.42962499989727,
              47.82809799987474
            ],
            [
              -122.35634700031363,
              47.894316999710604
            ],
            [
              -122.33334800003296,
              47.93321700023034
            ],
            [
              -122.32846300014546,
              47.963762999803784
            ],
            [
              -122.35210199976042,
              48.013376999754314
            ],
            [
              -122.34017199998648,
              48.0542949999524
            ],
            [
              -122.35209099988977,
              48.08292099980989
            ],
            [
              -122.4141240001379,
              48.15514200011546
            ],
            [
              -122.41644499979536,
              48.193388999759485
            ],
            [
              -122.39297699988462,
              48.23743000021838
            ],
            [
              -122.42847500002674,
              48.27859899973075
            ],
            [
              -122.53956300008741,
              48.340941000143346
            ],
            [
              -122.56992799974662,
              48.37377899994065
            ],
            [
              -122.57734400025217,
              48.40603299988731
            ],
            [
              -122.58935799969173,
              48.41735399981526
            ],
            [
              -122.65524800015554,
              48.404677999862244
            ],
            [
              -122.67076499980843,
              48.412620000248985
            ],
            [
              -122.7397419996607,
              48.40551000024108
            ],
            [
              -122.74952599967935,
              48.38025199981343
            ],
            [
              -122.77134400012737,
              48.36988199976145
            ],
            [
              -122.86286800034867,
              48.37041899989592
            ],
            [
              -122.86307800041095,
              48.370360999986374
            ]
          ]
        ]
      }
    },
    {
      "type": "Feature",
      "id": "us-county:53:031",
      "properties": {
        "boundary_id": "us-county:53:031",
        "boundary_type": "county",
        "name": "Jefferson County",
        "stateFips": "53",
        "countyFips": "031",
        "bbox": [
          -124.71715299957967,
          47.517715999907516,
          -122.59540099984567,
          48.370360999986374
        ]
      },
      "geometry": {
        "type": "Polygon",
        "coordinates": [
          [
            [
              -122.95295499974596,
              48.269797999860515
            ],
            [
              -122.95211100019718,
              48.10850599999771
            ],
            [
              -122.9058440000223,
              48.106930000031504
            ],
            [
              -122.89913200022177,
              48.09105000023442
            ],
            [
              -122.90727799957496,
              48.072924999917056
            ],
            [
              -122.8969710003979,
              48.06515499997611
            ],
            [
              -122.94918000044433,
              48.065149999821394
            ],
            [
              -122.94916700002554,
              47.86682200014923
            ],
            [
              -123.50591700003314,
              47.86689699989071
            ],
            [
              -123.50591700003314,
              47.88107999995463
            ],
            [
              -124.71715299957967,
              47.87899999978427
            ],
            [
              -124.70196999983762,
              47.852585000098365
            ],
            [
              -124.6418389998456,
              47.819423999846634
            ],
            [
              -124.54030200017507,
              47.71644500018345
            ],
            [
              -124.56655199987574,
              47.68023900006994
            ],
            [
              -124.55462600029975,
              47.64442699980212
            ],
            [
              -124.51492199996248,
              47.62370799976927
            ],
            [
              -124.46140200038697,
              47.62496000004892
            ],
            [
              -124.4309680002325,
              47.53293500009129
            ],
            [
              -124.04650400030745,
              47.53366999978098
            ],
            [
              -124.04674000030903,
              47.5185250002424
            ],
            [
              -124.03018699969009,
              47.51816400021754
            ],
            [
              -123.50591700003314,
              47.517715999907516
            ],
            [
              -123.50591700003314,
              47.60461500016271
            ],
            [
              -122.9506209996697,
              47.6063080000831
            ],
            [
              -122.93162799956764,
              47.62639100008722
            ],
            [
              -122.85878099997922,
              47.662951000159495
            ],
            [
              -122.76650500027064,
              47.67990999999606
            ],
            [
              -122.75749399965562,
              47.69235699993799
            ],
            [
              -122.76339000039479,
              47.72340899994514
            ],
            [
              -122.72197100029747,
              47.787665000150014
            ],
            [
              -122.59540099984567,
              47.883988999749526
            ],
            [
              -122.63487000000629,
              47.92618800000721
            ],
            [
              -122.63207499979758,
              47.955503999834306
            ],
            [
              -122.60675999988231,
              47.9729530002479
            ],
            [
              -122.63265200028098,
              48.007190999714055
            ],
            [
              -122.65019400021366,
              48.11742100029976
            ],
            [
              -122.66258699976986,
              48.128303000174206
            ],
            [
              -122.7033039997103,
              48.13441600028017
            ],
            [
              -122.85209299956983,
              48.226462000277834
            ],
            [
              -122.86268400022566,
              48.243658000258144
            ],
            [
              -122.86307800041095,
              48.370360999986374
            ],
            [
              -122.95238599965846,
              48.349706000182515
            ],
            [
              -122.95274200020893,
              48.29976400020603
            ],
            [
              -122.95295499974596,
              48.269797999860515
            ]
          ]
        ]
      }
    },
    {
      "type": "Feature",
      "id": "us-county:53:033",
      "properties": {
        "boundary_id": "us-county:53:033",
        "boundary_type": "county",
        "name": "King County",
        "stateFips": "53",
        "countyFips": "033",
        "bbox": [
          -122.54138800035068,
          47.084350000204935,
          -121.06594499994193,
          47.77993299975783
        ]
      },
      "geometry": {
        "type": "Polygon",
        "coordinates": [
          [
            [
              -122.00034599979169,
              47.77539000009398
            ],
            [
              -122.43809300036406,
              47.77781399991852
            ],
            [
              -122.42714900042911,
              47.745364000108914
            ],
            [
              -122.45970000002656,
              47.67578800013085
            ],
            [
              -122.44606299999015,
              47.60799799996382
            ],
            [
              -122.45476599973529,
              47.57368499993523
            ],
            [
              -122.44485399967009,
              47.54333299976389
            ],
            [
              -122.48001600025154,
              47.52173999988259
            ],
            [
              -122.5192419998396,
              47.46162999989541
            ],
            [
              -122.52449900017105,
              47.423870999867134
            ],
            [
              -122.53976099955582,
              47.3965520001594
            ],
            [
              -122.52836200023454,
              47.377036000240686
            ],
            [
              -122.54138800035068,
              47.351328999961005
            ],
            [
              -122.53478100013211,
              47.33343999980641
            ],
            [
              -122.49147800022033,
              47.317294000040704
            ],
            [
              -122.43725200029,
              47.33371699991164
            ],
            [
              -122.33491399983009,
              47.25736600008184
            ],
            [
              -122.14397600012731,
              47.257526000164134
            ],
            [
              -122.0947639999559,
              47.194977000280915
            ],
            [
              -122.04748500000274,
              47.17123000006312
            ],
            [
              -121.993931999917,
              47.17257000023878
            ],
            [
              -121.99144600040307,
              47.163236999729165
            ],
            [
              -121.95418800029506,
              47.15566800002092
            ],
            [
              -121.93642600025439,
              47.13845800025918
            ],
            [
              -121.90153800020762,
              47.15574199983001
            ],
            [
              -121.83945700027891,
              47.14339699977817
            ],
            [
              -121.79646399998855,
              47.173059000149784
            ],
            [
              -121.77756399977288,
              47.173383000124595
            ],
            [
              -121.71913599984535,
              47.1511159999726
            ],
            [
              -121.68417300035385,
              47.14978500007688
            ],
            [
              -121.66219800044533,
              47.16004400017357
            ],
            [
              -121.62953300014674,
              47.153428000120286
            ],
            [
              -121.58196399976538,
              47.1186579999252
            ],
            [
              -121.50974999983853,
              47.12250300021115
            ],
            [
              -121.44090400040585,
              47.084350000204935
            ],
            [
              -121.37676899988507,
              47.088700999962576
            ],
            [
              -121.40291300017884,
              47.09857600025253
            ],
            [
              -121.40808099992354,
              47.11810000019574
            ],
            [
              -121.39396799968605,
              47.13276200010706
            ],
            [
              -121.36467699972943,
              47.14175899978777
            ],
            [
              -121.33509500041795,
              47.13268299984436
            ],
            [
              -121.30335499985901,
              47.138941999838146
            ],
            [
              -121.29755000025477,
              47.14867300004042
            ],
            [
              -121.31782299992372,
              47.173386999938536
            ],
            [
              -121.30612199958031,
              47.18802399970552
            ],
            [
              -121.31119700033689,
              47.207658000104985
            ],
            [
              -121.3656969999036,
              47.22646100014825
            ],
            [
              -121.3607469997188,
              47.240526000224975
            ],
            [
              -121.33203499989538,
              47.257285999859334
            ],
            [
              -121.3412029999709,
              47.28126099995894
            ],
            [
              -121.36177799976366,
              47.29193499974353
            ],
            [
              -121.3726029998729,
              47.28497199982994
            ],
            [
              -121.42749199960205,
              47.289075000011415
            ],
            [
              -121.43268199998636,
              47.304955000261316
            ],
            [
              -121.44533099963564,
              47.309816000068906
            ],
            [
              -121.43051100011672,
              47.334486999762376
            ],
            [
              -121.46406400034503,
              47.353818000219356
            ],
            [
              -121.4659509996342,
              47.367976999879474
            ],
            [
              -121.43777000026344,
              47.37184699984918
            ],
            [
              -121.44050900039564,
              47.38577099994279
            ],
            [
              -121.42610400008014,
              47.38985399977205
            ],
            [
              -121.43381599996336,
              47.39910699979441
            ],
            [
              -121.42282000014987,
              47.405994999758555
            ],
            [
              -121.42725200030083,
              47.42084600014021
            ],
            [
              -121.38524700039761,
              47.43438899971467
            ],
            [
              -121.37925899959694,
              47.454304999813516
            ],
            [
              -121.36392299969403,
              47.46483300000569
            ],
            [
              -121.31203699968772,
              47.47916699990434
            ],
            [
              -121.2919499997916,
              47.51355100024864
            ],
            [
              -121.24263600041127,
              47.535995000178595
            ],
            [
              -121.22889999974234,
              47.56560299992208
            ],
            [
              -121.17984900012772,
              47.56498100002396
            ],
            [
              -121.17219199959776,
              47.59023299985565
            ],
            [
              -121.1198090003723,
              47.59133300023773
            ],
            [
              -121.11182600032744,
              47.59872500026335
            ],
            [
              -121.12029100042118,
              47.61289200000483
            ],
            [
              -121.11375500034771,
              47.62168599985584
            ],
            [
              -121.13369699958058,
              47.64560500010446
            ],
            [
              -121.12317899961798,
              47.66332600026052
            ],
            [
              -121.12882400028697,
              47.67618099978629
            ],
            [
              -121.06594499994193,
              47.709279000295176
            ],
            [
              -121.08736699965652,
              47.7284970000199
            ],
            [
              -121.07899500034749,
              47.73919000017849
            ],
            [
              -121.09401800025597,
              47.758183999909896
            ],
            [
              -121.11050599967926,
              47.75782699997341
            ],
            [
              -121.11917900018547,
              47.77993299975783
            ],
            [
              -121.99851899987864,
              47.77538199982578
            ],
            [
              -122.00034599979169,
              47.77539000009398
            ]
          ]
        ]
      }
    },
    {
      "type": "Feature",
      "id": "us-county:53:035",
      "properties": {
        "boundary_id": "us-county:53:035",
        "boundary_type": "county",
        "name": "Kitsap County",
        "stateFips": "53",
        "countyFips": "035",
        "bbox": [
          -123.03840400002629,
          47.403355000118864,
          -122.42714900042911,
          47.9729530002479
        ]
      },
      "geometry": {
        "type": "Polygon",
        "coordinates": [
          [
            [
              -122.45478099980389,
              47.57618600008312
            ],
            [
              -122.44606299999015,
              47.60799799996382
            ],
            [
              -122.4589710001055,
              47.680926000141554
            ],
            [
              -122.42714900042911,
              47.745364000108914
            ],
            [
              -122.44292299999996,
              47.7898330002429
            ],
            [
              -122.43267799984883,
              47.84203699997667
            ],
            [
              -122.47286900025782,
              47.88049200013913
            ],
            [
              -122.50180899968687,
              47.92971300005489
            ],
            [
              -122.5777190001709,
              47.95252200029093
            ],
            [
              -122.60675999988231,
              47.9729530002479
            ],
            [
              -122.62778099973887,
              47.960447999815166
            ],
            [
              -122.63736200026628,
              47.93820899999392
            ],
            [
              -122.62626299962234,
              47.908831999800846
            ],
            [
              -122.59745600026264,
              47.89127900010577
            ],
            [
              -122.59788399988483,
              47.876190000232754
            ],
            [
              -122.72197100029747,
              47.787665000150014
            ],
            [
              -122.76339000039479,
              47.72340899994514
            ],
            [
              -122.76148899996357,
              47.684466000191236
            ],
            [
              -122.78323700009139,
              47.672753999729764
            ],
            [
              -122.85457099958609,
              47.66461699992391
            ],
            [
              -122.93162799956764,
              47.62639100008722
            ],
            [
              -122.97442800041249,
              47.59484200016747
            ],
            [
              -123.03840400002629,
              47.52023600019933
            ],
            [
              -122.80101199965256,
              47.52040599974416
            ],
            [
              -122.80119900014863,
              47.40357799982883
            ],
            [
              -122.53699300000962,
              47.403355000118864
            ],
            [
              -122.51888600018744,
              47.46243899977859
            ],
            [
              -122.48281499975988,
              47.51832200025679
            ],
            [
              -122.44513400005255,
              47.54248200000703
            ],
            [
              -122.45484699992613,
              47.57475699989991
            ],
            [
              -122.45478099980389,
              47.57618600008312
            ]
          ]
        ]
      }
    },
    {
      "type": "Feature",
      "id": "us-county:53:037",
      "properties": {
        "boundary_id": "us-county:53:037",
        "boundary_type": "county",
        "name": "Kittitas County",
        "stateFips": "53",
        "countyFips": "037",
        "bbox": [
          -121.4659509996342,
          46.737125999940936,
          -119.92560500022222,
          47.59792199980135
        ]
      },
      "geometry": {
        "type": "Polygon",
        "coordinates": [
          [
            [
              -120.00214300034496,
              46.99732000006452
            ],
            [
              -120.00776499965112,
              47.03485300016237
            ],
            [
              -120.0428660001332,
              47.07345300010874
            ],
            [
              -120.02756600021527,
              47.1052530001497
            ],
            [
              -120.0008980000399,
              47.13050100006374
            ],
            [
              -120.01115200041183,
              47.16744699986658
            ],
            [
              -120.00263100024158,
              47.21226699997098
            ],
            [
              -120.01396099996593,
              47.22529500006441
            ],
            [
              -120.07596900009969,
              47.22589800029322
            ],
            [
              -120.09220899982584,
              47.24233200029814
            ],
            [
              -120.09446000006143,
              47.262159000273655
            ],
            [
              -120.3891970004393,
              47.26093500007382
            ],
            [
              -120.53033499961661,
              47.3343569999191
            ],
            [
              -120.52818399983846,
              47.316661000282906
            ],
            [
              -120.56443299964295,
              47.30822299997955
            ],
            [
              -120.57863200009413,
              47.337227999762995
            ],
            [
              -120.66436800042965,
              47.34330500010163
            ],
            [
              -120.72119299985177,
              47.370051000243116
            ],
            [
              -120.7343739997786,
              47.39375499984776
            ],
            [
              -120.78326200008487,
              47.39958099980838
            ],
            [
              -120.8033299997144,
              47.42304900000797
            ],
            [
              -120.82864700017784,
              47.4238789999757
            ],
            [
              -120.84326900022835,
              47.41159900009337
            ],
            [
              -120.91786400008708,
              47.429321000115486
            ],
            [
              -120.93056999963774,
              47.45768699977956
            ],
            [
              -120.95311899965665,
              47.46266000016643
            ],
            [
              -120.94657099988763,
              47.47265400023986
            ],
            [
              -120.98321800007537,
              47.49293900010316
            ],
            [
              -120.99650199993437,
              47.51850199982923
            ],
            [
              -121.0750410000474,
              47.55093700018946
            ],
            [
              -121.0928790002561,
              47.586346000205886
            ],
            [
              -121.11588199983645,
              47.59792199980135
            ],
            [
              -121.17219199959776,
              47.59023299985565
            ],
            [
              -121.17984900012772,
              47.56498100002396
            ],
            [
              -121.22889999974234,
              47.56560299992208
            ],
            [
              -121.24263600041127,
              47.535995000178595
            ],
            [
              -121.2919499997916,
              47.51355100024864
            ],
            [
              -121.31203699968772,
              47.47916699990434
            ],
            [
              -121.36392299969403,
              47.46483300000569
            ],
            [
              -121.37925899959694,
              47.454304999813516
            ],
            [
              -121.38524700039761,
              47.43438899971467
            ],
            [
              -121.42725200030083,
              47.42084600014021
            ],
            [
              -121.42282000014987,
              47.405994999758555
            ],
            [
              -121.43381599996336,
              47.39910699979441
            ],
            [
              -121.42610400008014,
              47.38985399977205
            ],
            [
              -121.44050900039564,
              47.38577099994279
            ],
            [
              -121.43777000026344,
              47.37184699984918
            ],
            [
              -121.4659509996342,
              47.367976999879474
            ],
            [
              -121.46406400034503,
              47.353818000219356
            ],
            [
              -121.43051100011672,
              47.334486999762376
            ],
            [
              -121.44533099963564,
              47.309816000068906
            ],
            [
              -121.43268199998636,
              47.304955000261316
            ],
            [
              -121.42749199960205,
              47.289075000011415
            ],
            [
              -121.3726029998729,
              47.28497199982994
            ],
            [
              -121.36177799976366,
              47.29193499974353
            ],
            [
              -121.34156799984387,
              47.28165800018054
            ],
            [
              -121.33197899981886,
              47.25741800010063
            ],
            [
              -121.3607469997188,
              47.240526000224975
            ],
            [
              -121.36510900044787,
              47.22443100019206
            ],
            [
              -121.32518300035275,
              47.21608599972365
            ],
            [
              -121.30926999996643,
              47.20359500006445
            ],
            [
              -121.30613800037213,
              47.187954000235116
            ],
            [
              -121.31782299992372,
              47.173386999938536
            ],
            [
              -121.29755000025477,
              47.14867300004042
            ],
            [
              -121.30341299958532,
              47.13889000029155
            ],
            [
              -121.33509500041795,
              47.13268299984436
            ],
            [
              -121.36467699972943,
              47.14175899978777
            ],
            [
              -121.39396799968605,
              47.13276200010706
            ],
            [
              -121.40808099992354,
              47.11810000019574
            ],
            [
              -121.40252599966624,
              47.0980129998812
            ],
            [
              -121.38276600000825,
              47.09476899998436
            ],
            [
              -121.36409099992349,
              47.07166800003594
            ],
            [
              -121.28101000005461,
              47.08875000020368
            ],
            [
              -121.21884200008726,
              47.06563999977691
            ],
            [
              -121.19469700013403,
              47.044167000250155
            ],
            [
              -121.13576500041637,
              47.01723299987714
            ],
            [
              -121.12376000029933,
              46.99911900004172
            ],
            [
              -121.09005399991017,
              46.99100700028664
            ],
            [
              -121.08995699982579,
              46.969294999735176
            ],
            [
              -121.06884999975551,
              46.95846500014425
            ],
            [
              -121.06881499959538,
              46.94757600026684
            ],
            [
              -121.04246299978749,
              46.93302100015817
            ],
            [
              -121.04244199987109,
              46.92214000021933
            ],
            [
              -121.02661999972135,
              46.91130799973692
            ],
            [
              -120.63456199991387,
              46.91213000001227
            ],
            [
              -120.6339810001308,
              46.82577600014235
            ],
            [
              -120.50860499993045,
              46.82486200006863
            ],
            [
              -120.51000000002337,
              46.7379460000512
            ],
            [
              -119.97303599961303,
              46.737125999940936
            ],
            [
              -119.96997500016386,
              46.754972999976985
            ],
            [
              -119.94209299964551,
              46.7758450002668
            ],
            [
              -119.92560500022222,
              46.811431000250586
            ],
            [
              -119.96458499976299,
              46.85720200007474
            ],
            [
              -119.96580400012878,
              46.94328299977285
            ],
            [
              -120.00193300028269,
              46.996663999874315
            ],
            [
              -120.00214300034496,
              46.99732000006452
            ]
          ]
        ]
      }
    },
    {
      "type": "Feature",
      "id": "us-county:53:039",
      "properties": {
        "boundary_id": "us-county:53:039",
        "boundary_type": "county",
        "name": "Klickitat County",
        "stateFips": "53",
        "countyFips": "039",
        "bbox": [
          -121.6122320002385,
          45.606450000209186,
          -119.86582900005747,
          46.044093000193456
        ]
      },
      "geometry": {
        "type": "Polygon",
        "coordinates": [
          [
            [
              -120.83616800026536,
              45.67596399978034
            ],
            [
              -120.6895350002069,
              45.715727000215665
            ],
            [
              -120.63505099963538,
              45.74571100026432
            ],
            [
              -120.55928699963954,
              45.738314999963265
            ],
            [
              -120.50574299977461,
              45.69994899981346
            ],
            [
              -120.48261499962247,
              45.6944069997418
            ],
            [
              -120.21077399959317,
              45.725915000128964
            ],
            [
              -120.17060300017398,
              45.761979999942746
            ],
            [
              -120.1414800004468,
              45.7732080000238
            ],
            [
              -120.07023599956715,
              45.785155999764605
            ],
            [
              -119.96577200034176,
              45.824375999731274
            ],
            [
              -119.86831200009662,
              45.83619799974483
            ],
            [
              -119.86582900005747,
              46.040857999810406
            ],
            [
              -121.6122320002385,
              46.044093000193456
            ],
            [
              -121.6092460002341,
              45.782519000227495
            ],
            [
              -121.51438000035621,
              45.78211399996961
            ],
            [
              -121.53835000040728,
              45.770125999756004
            ],
            [
              -121.52118000002031,
              45.74800900000765
            ],
            [
              -121.5236809996028,
              45.72493000001898
            ],
            [
              -121.42396199962451,
              45.694074000143964
            ],
            [
              -121.33771200035143,
              45.70483900030014
            ],
            [
              -121.2157680002193,
              45.67122800018756
            ],
            [
              -121.20035100012555,
              45.649838999933024
            ],
            [
              -121.19645899974977,
              45.616610000021794
            ],
            [
              -121.18368399970377,
              45.606450000209186
            ],
            [
              -121.13183299985761,
              45.609753000139214
            ],
            [
              -121.08493300002114,
              45.64789299989151
            ],
            [
              -121.06446000033564,
              45.65249100015783
            ],
            [
              -120.9834940002599,
              45.64835800009529
            ],
            [
              -120.9440180004266,
              45.656392000036796
            ],
            [
              -120.91360799966324,
              45.63999200014752
            ],
            [
              -120.8438500000114,
              45.67427500019259
            ],
            [
              -120.83616800026536,
              45.67596399978034
            ]
          ]
        ]
      }
    },
    {
      "type": "Feature",
      "id": "us-county:53:041",
      "properties": {
        "boundary_id": "us-county:53:041",
        "boundary_type": "county",
        "name": "Lewis County",
        "stateFips": "53",
        "countyFips": "041",
        "bbox": [
          -123.37095000015796,
          46.38402500013017,
          -121.35317899977561,
          46.79338300017391
        ]
      },
      "geometry": {
        "type": "Polygon",
        "coordinates": [
          [
            [
              -122.93223400036334,
              46.38740600010442
            ],
            [
              -121.39673199993263,
              46.388131999978896
            ],
            [
              -121.38655700010173,
              46.41060099988422
            ],
            [
              -121.40729799957582,
              46.429902999875246
            ],
            [
              -121.41197800032222,
              46.45952899999297
            ],
            [
              -121.4363609999268,
              46.47730200001201
            ],
            [
              -121.4232019997413,
              46.49268600011431
            ],
            [
              -121.45014000025344,
              46.50352600028354
            ],
            [
              -121.45598099984271,
              46.51672799973558
            ],
            [
              -121.45125599978878,
              46.533894000189974
            ],
            [
              -121.4166459995764,
              46.54824000003326
            ],
            [
              -121.41270999971798,
              46.55866799990273
            ],
            [
              -121.42457000007005,
              46.570285000053595
            ],
            [
              -121.40571099986226,
              46.582343999786964
            ],
            [
              -121.40758299998116,
              46.60210499984466
            ],
            [
              -121.38670799971445,
              46.62120400019053
            ],
            [
              -121.39524599960313,
              46.646125000254465
            ],
            [
              -121.4162749998556,
              46.65140000013595
            ],
            [
              -121.41321699988117,
              46.675868000085686
            ],
            [
              -121.39894899983302,
              46.68808000015386
            ],
            [
              -121.37668000019661,
              46.686485999832094
            ],
            [
              -121.3797840002018,
              46.70176399976168
            ],
            [
              -121.35317899977561,
              46.71226599973396
            ],
            [
              -121.36947600030152,
              46.72641999990634
            ],
            [
              -121.40601399981097,
              46.727393999847074
            ],
            [
              -121.42935100020046,
              46.739351000052224
            ],
            [
              -121.42428100036503,
              46.75662900004296
            ],
            [
              -121.44203599983473,
              46.75829099998621
            ],
            [
              -121.45521799958648,
              46.78379700023347
            ],
            [
              -121.75859300031041,
              46.78379099969567
            ],
            [
              -121.84507500028543,
              46.728406000277275
            ],
            [
              -121.92999700031105,
              46.73987100030705
            ],
            [
              -121.95424199982341,
              46.7550169999649
            ],
            [
              -121.97863799984685,
              46.744272999699014
            ],
            [
              -122.00244600041451,
              46.753267999857464
            ],
            [
              -122.04079699959333,
              46.742357000285644
            ],
            [
              -122.20311500043253,
              46.76306099996523
            ],
            [
              -123.16090899984995,
              46.76433000007992
            ],
            [
              -123.16058800035788,
              46.79338300017391
            ],
            [
              -123.37095000015796,
              46.792129000008266
            ],
            [
              -123.35833400012066,
              46.38402500013017
            ],
            [
              -122.93257300029707,
              46.38740700020139
            ],
            [
              -122.93223400036334,
              46.38740600010442
            ]
          ]
        ]
      }
    },
    {
      "type": "Feature",
      "id": "us-county:53:043",
      "properties": {
        "boundary_id": "us-county:53:043",
        "boundary_type": "county",
        "name": "Lincoln County",
        "stateFips": "53",
        "countyFips": "043",
        "bbox": [
          -118.97977699966545,
          47.26019399985147,
          -117.82094699980888,
          47.95769699981095
        ]
      },
      "geometry": {
        "type": "Polygon",
        "coordinates": [
          [
            [
              -117.82191500010457,
              47.57986000015822
            ],
            [
              -117.82094699980888,
              47.8257750002874
            ],
            [
              -117.83995800035264,
              47.838040000079815
            ],
            [
              -117.88045099998709,
              47.84773900006055
            ],
            [
              -117.88630599982005,
              47.83833499989403
            ],
            [
              -117.93527899961688,
              47.82320800023114
            ],
            [
              -117.98905699983354,
              47.83468200009658
            ],
            [
              -118.01286299985307,
              47.805973999742285
            ],
            [
              -118.04679600002297,
              47.7923309997298
            ],
            [
              -118.07818199968128,
              47.80006200013768
            ],
            [
              -118.09713100030073,
              47.82844899974115
            ],
            [
              -118.11924500012643,
              47.833518000089434
            ],
            [
              -118.12289499975456,
              47.857270999879624
            ],
            [
              -118.14265799978558,
              47.88358799980275
            ],
            [
              -118.16058600040594,
              47.88510200002137
            ],
            [
              -118.16020599956605,
              47.89721000019065
            ],
            [
              -118.17850900010512,
              47.90198600020503
            ],
            [
              -118.1773099998308,
              47.911774000014255
            ],
            [
              -118.212322999551,
              47.94549299972741
            ],
            [
              -118.25269300006013,
              47.942367000061594
            ],
            [
              -118.31643799969525,
              47.90945400013132
            ],
            [
              -118.32171099992027,
              47.89628900011534
            ],
            [
              -118.34093800037407,
              47.894315999858414
            ],
            [
              -118.35706500012235,
              47.8415990001446
            ],
            [
              -118.38345100026544,
              47.83036300016406
            ],
            [
              -118.44582000007422,
              47.845495999783836
            ],
            [
              -118.46423499986798,
              47.881898999786095
            ],
            [
              -118.49924299956533,
              47.87384900014539
            ],
            [
              -118.53921999971408,
              47.87765299995535
            ],
            [
              -118.54397699955503,
              47.888575000153686
            ],
            [
              -118.5334979999505,
              47.91487700018594
            ],
            [
              -118.5703960002084,
              47.932318000299375
            ],
            [
              -118.64737100017415,
              47.925561999761904
            ],
            [
              -118.66195300004169,
              47.937407000295416
            ],
            [
              -118.69259999973319,
              47.94215000021349
            ],
            [
              -118.70850499972359,
              47.932041000059805
            ],
            [
              -118.71168200042203,
              47.90334699992742
            ],
            [
              -118.73032499982143,
              47.90016900012602
            ],
            [
              -118.81554800014594,
              47.92204600021188
            ],
            [
              -118.84668600010713,
              47.95769699981095
            ],
            [
              -118.97350400025606,
              47.943414000229964
            ],
            [
              -118.97977699966545,
              47.26170900023518
            ],
            [
              -117.82363099968953,
              47.26019399985147
            ],
            [
              -117.82190300040898,
              47.57952499987596
            ],
            [
              -117.82191500010457,
              47.57986000015822
            ]
          ]
        ]
      }
    },
    {
      "type": "Feature",
      "id": "us-county:53:045",
      "properties": {
        "boundary_id": "us-county:53:045",
        "boundary_type": "county",
        "name": "Mason County",
        "stateFips": "53",
        "countyFips": "045",
        "bbox": [
          -123.50591700003314,
          47.082646000282054,
          -122.80101199965256,
          47.6063080000831
        ]
      },
      "geometry": {
        "type": "Polygon",
        "coordinates": [
          [
            [
              -122.93628300019965,
              47.18945700003246
            ],
            [
              -122.89553799977182,
              47.157144999974065
            ],
            [
              -122.87143999967422,
              47.16114800025418
            ],
            [
              -122.82057600039025,
              47.19422000005454
            ],
            [
              -122.82519199976592,
              47.21795499993882
            ],
            [
              -122.8528449999554,
              47.25947000021874
            ],
            [
              -122.80429800013096,
              47.32693499981211
            ],
            [
              -122.80101199965256,
              47.52040599974416
            ],
            [
              -123.03840400002629,
              47.52023600019933
            ],
            [
              -122.97442800041249,
              47.59484200016747
            ],
            [
              -122.9506209996697,
              47.6063080000831
            ],
            [
              -123.50591700003314,
              47.60461500016271
            ],
            [
              -123.50502099970753,
              47.258535000168806
            ],
            [
              -123.4908050004362,
              47.25820799975655
            ],
            [
              -123.48894300036307,
              47.082646000282054
            ],
            [
              -123.07502600009967,
              47.0847869997096
            ],
            [
              -123.07365399957297,
              47.106242000238765
            ],
            [
              -123.02135900021108,
              47.118093999733055
            ],
            [
              -123.00683099987194,
              47.14799199982157
            ],
            [
              -122.96122499984602,
              47.164437000223764
            ],
            [
              -122.93651300035343,
              47.18991699980199
            ],
            [
              -122.93628300019965,
              47.18945700003246
            ]
          ]
        ]
      }
    },
    {
      "type": "Feature",
      "id": "us-county:53:047",
      "properties": {
        "boundary_id": "us-county:53:047",
        "boundary_type": "county",
        "name": "Okanogan County",
        "stateFips": "53",
        "countyFips": "047",
        "bbox": [
          -120.88563999982946,
          47.9410649999465,
          -118.83661400020837,
          49.00030100021678
        ]
      },
      "geometry": {
        "type": "Polygon",
        "coordinates": [
          [
            [
              -118.8695299996788,
              48.48188100003159
            ],
            [
              -118.86963299961096,
              48.65382599991999
            ],
            [
              -118.8370059998455,
              48.653869000076014
            ],
            [
              -118.83661400020837,
              49.0000830001076
            ],
            [
              -120.85152799955942,
              49.00030100021678
            ],
            [
              -120.8640499998854,
              48.9805339999506
            ],
            [
              -120.88563999982946,
              48.975212000045765
            ],
            [
              -120.83293100019078,
              48.93852199995383
            ],
            [
              -120.79824399998549,
              48.95946699999611
            ],
            [
              -120.75741999991493,
              48.944322000154166
            ],
            [
              -120.75460499961473,
              48.93297500004878
            ],
            [
              -120.77205200001116,
              48.92650599977015
            ],
            [
              -120.77213200037711,
              48.906705000052995
            ],
            [
              -120.76270400001059,
              48.89951800014284
            ],
            [
              -120.77022300044831,
              48.88182600003778
            ],
            [
              -120.73071699957943,
              48.85383099983755
            ],
            [
              -120.742492000441,
              48.82090499985825
            ],
            [
              -120.73542699956475,
              48.78648700021449
            ],
            [
              -120.65598000032877,
              48.72489699979483
            ],
            [
              -120.67819500043682,
              48.71782600016824
            ],
            [
              -120.67997200012115,
              48.69429599982003
            ],
            [
              -120.703431999636,
              48.69691499980479
            ],
            [
              -120.71733300016133,
              48.66452600006579
            ],
            [
              -120.7330790001431,
              48.666192000224484
            ],
            [
              -120.77169200016105,
              48.642627000032356
            ],
            [
              -120.78830699980595,
              48.625114999826266
            ],
            [
              -120.7853119995807,
              48.60516400010126
            ],
            [
              -120.75876300012932,
              48.58194799991066
            ],
            [
              -120.73065999967804,
              48.582304000201596
            ],
            [
              -120.71921199995292,
              48.596432000109566
            ],
            [
              -120.68851500003272,
              48.57570499995643
            ],
            [
              -120.68683700008258,
              48.56432499995896
            ],
            [
              -120.70049599986028,
              48.559021000134116
            ],
            [
              -120.70867600044699,
              48.54180199981548
            ],
            [
              -120.70206900022842,
              48.531589000281684
            ],
            [
              -120.65131100035136,
              48.53621500015876
            ],
            [
              -120.6571999996212,
              48.50730999985961
            ],
            [
              -120.6284109998049,
              48.49689600016023
            ],
            [
              -120.65354199959715,
              48.480780999739196
            ],
            [
              -120.63240500028792,
              48.46877400002264
            ],
            [
              -120.66881800012395,
              48.44973499990255
            ],
            [
              -120.65277500004125,
              48.43794900026651
            ],
            [
              -120.65025299964401,
              48.41479199982929
            ],
            [
              -120.64165299983107,
              48.41112100025947
            ],
            [
              -120.64993299997688,
              48.3981390002873
            ],
            [
              -120.62110099960455,
              48.39877200018109
            ],
            [
              -120.56319200043411,
              48.37084800000495
            ],
            [
              -120.56020600042972,
              48.36104799997317
            ],
            [
              -120.58567199995773,
              48.33918099993485
            ],
            [
              -120.58681599998047,
              48.32032200005887
            ],
            [
              -120.54720100022998,
              48.306713999826314
            ],
            [
              -120.51028700007855,
              48.3112980001668
            ],
            [
              -120.464486000059,
              48.274901000250686
            ],
            [
              -120.46912400007426,
              48.268979999946744
            ],
            [
              -120.39228899985059,
              48.24269399993481
            ],
            [
              -120.38290099966707,
              48.21985100023791
            ],
            [
              -120.35554200010374,
              48.218422000052975
            ],
            [
              -120.34628399961653,
              48.19998599993964
            ],
            [
              -120.36226300012513,
              48.164751999834515
            ],
            [
              -120.34857800040812,
              48.144284000287
            ],
            [
              -120.31960999959335,
              48.124424000262735
            ],
            [
              -120.29104000006016,
              48.12957800024097
            ],
            [
              -120.21305999998884,
              48.07904400027101
            ],
            [
              -120.14342199998758,
              48.06522500029061
            ],
            [
              -120.13166899976565,
              48.054588000096466
            ],
            [
              -120.14900900003194,
              48.052233999882574
            ],
            [
              -120.14639100027357,
              48.03734299998094
            ],
            [
              -120.09017600004849,
              48.01800599976706
            ],
            [
              -120.0810530001788,
              47.99302899990399
            ],
            [
              -120.06378499988251,
              47.98146600022111
            ],
            [
              -120.07009199962711,
              47.96836500001636
            ],
            [
              -120.05380099984731,
              47.961689999903264
            ],
            [
              -119.87059500011924,
              47.960455000063035
            ],
            [
              -119.88400000035206,
              47.97367099983713
            ],
            [
              -119.86885600006974,
              48.017374999954434
            ],
            [
              -119.89535000016787,
              48.05004400005282
            ],
            [
              -119.84330000013007,
              48.07705800010142
            ],
            [
              -119.7795549995966,
              48.08740999995201
            ],
            [
              -119.77343899964774,
              48.104466999957936
            ],
            [
              -119.74249900005327,
              48.10123700013947
            ],
            [
              -119.7197399999721,
              48.08206199990405
            ],
            [
              -119.68298099963138,
              48.09251299982691
            ],
            [
              -119.66985800032919,
              48.07008300013316
            ],
            [
              -119.69205300034575,
              48.02669799976812
            ],
            [
              -119.65682600036526,
              48.00182499983115
            ],
            [
              -119.62165700011114,
              47.99662499996221
            ],
            [
              -119.59510299973854,
              48.02085600019895
            ],
            [
              -119.52413099974376,
              48.05704300021739
            ],
            [
              -119.51611099988895,
              48.07478399990851
            ],
            [
              -119.50099400026913,
              48.08242900003087
            ],
            [
              -119.44073199985755,
              48.07866699991832
            ],
            [
              -119.40223299964244,
              48.05041799981963
            ],
            [
              -119.34200799993909,
              48.04965700010176
            ],
            [
              -119.32793400005967,
              48.07027400011856
            ],
            [
              -119.32752099960783,
              48.096655999726224
            ],
            [
              -119.30729499979454,
              48.111782000146185
            ],
            [
              -119.25255300037847,
              48.102586000107564
            ],
            [
              -119.1309630002487,
              48.151187000229896
            ],
            [
              -119.10007399980955,
              48.13798300022702
            ],
            [
              -119.05492499971815,
              48.13591900026898
            ],
            [
              -119.02885800031562,
              48.11313300009806
            ],
            [
              -119.00599700012717,
              48.04556300010601
            ],
            [
              -118.9512310004217,
              48.01965100025803
            ],
            [
              -118.96391799970579,
              47.98591600018559
            ],
            [
              -118.98243100030716,
              47.96911700022414
            ],
            [
              -118.98006100024591,
              47.9465720000441
            ],
            [
              -118.9524060004066,
              47.9410649999465
            ],
            [
              -118.85196000015704,
              47.957906000143204
            ],
            [
              -118.84578499975862,
              47.96347800006303
            ],
            [
              -118.84388800042366,
              48.4817390000237
            ],
            [
              -118.86951999963303,
              48.481674999764394
            ],
            [
              -118.8695299996788,
              48.48188100003159
            ]
          ]
        ]
      }
    },
    {
      "type": "Feature",
      "id": "us-county:53:049",
      "properties": {
        "boundary_id": "us-county:53:049",
        "boundary_type": "county",
        "name": "Pacific County",
        "stateFips": "53",
        "countyFips": "049",
        "bbox": [
          -124.17513099992779,
          46.23494899973365,
          -123.35833400012066,
          46.79373200023283
        ]
      },
      "geometry": {
        "type": "Polygon",
        "coordinates": [
          [
            [
              -124.17513099992779,
              46.79373200023283
            ],
            [
              -124.1689849998417,
              46.73213499988443
            ],
            [
              -124.145260000013,
              46.67047400027001
            ],
            [
              -124.12998199983639,
              46.4315939999838
            ],
            [
              -124.13520700038082,
              46.34936800030768
            ],
            [
              -124.16071399991668,
              46.282010000261195
            ],
            [
              -124.15954599960452,
              46.261132000061174
            ],
            [
              -124.03595100018477,
              46.26418299992647
            ],
            [
              -124.03559899983226,
              46.29684299997351
            ],
            [
              -124.02487699965516,
              46.29909899997804
            ],
            [
              -124.00361599959909,
              46.274709000067276
            ],
            [
              -123.97334600037443,
              46.26850100003886
            ],
            [
              -123.9304769999326,
              46.23880500004802
            ],
            [
              -123.87186900008004,
              46.23494899973365
            ],
            [
              -123.74144899998355,
              46.269154999962964
            ],
            [
              -123.72755199965614,
              46.26449500012121
            ],
            [
              -123.72655699959631,
              46.384871999867045
            ],
            [
              -123.35833400012066,
              46.38402500013017
            ],
            [
              -123.37095000015796,
              46.792129000008266
            ],
            [
              -124.16562200026873,
              46.793450999851856
            ],
            [
              -124.17513099992779,
              46.79373200023283
            ]
          ]
        ]
      }
    },
    {
      "type": "Feature",
      "id": "us-county:53:051",
      "properties": {
        "boundary_id": "us-county:53:051",
        "boundary_type": "county",
        "name": "Pend Oreille County",
        "stateFips": "53",
        "countyFips": "051",
        "bbox": [
          -117.62961099972286,
          48.045466000097136,
          -117.03234499961629,
          49.00046400020481
        ]
      },
      "geometry": {
        "type": "Polygon",
        "coordinates": [
          [
            [
              -117.62961099972286,
              48.71367800017263
            ],
            [
              -117.62924099982702,
              48.6558519997209
            ],
            [
              -117.49997499979901,
              48.65618700018024
            ],
            [
              -117.50237099979952,
              48.1347079998607
            ],
            [
              -117.43762899955644,
              48.13468799990137
            ],
            [
              -117.43699300042013,
              48.04720699983631
            ],
            [
              -117.04187699973987,
              48.045466000097136
            ],
            [
              -117.03234499961629,
              48.99920099993449
            ],
            [
              -117.42996799972683,
              49.00046400020481
            ],
            [
              -117.43037699998072,
              48.92316799975145
            ],
            [
              -117.49895700017294,
              48.92315900011043
            ],
            [
              -117.4984960000405,
              48.83689999981314
            ],
            [
              -117.56385800042472,
              48.836671000106705
            ],
            [
              -117.56381099967074,
              48.74296099984564
            ],
            [
              -117.62942099975206,
              48.74263400018714
            ],
            [
              -117.6295799997607,
              48.714905000099435
            ],
            [
              -117.62961099972286,
              48.71367800017263
            ]
          ]
        ]
      }
    },
    {
      "type": "Feature",
      "id": "us-county:53:053",
      "properties": {
        "boundary_id": "us-county:53:053",
        "boundary_type": "county",
        "name": "Pierce County",
        "stateFips": "53",
        "countyFips": "053",
        "bbox": [
          -122.85229099993653,
          46.72845499972673,
          -121.37424999986091,
          47.40357799982883
        ]
      },
      "geometry": {
        "type": "Polygon",
        "coordinates": [
          [
            [
              -121.94776100000158,
              47.14279400019597
            ],
            [
              -121.95210799976371,
              47.154514000164475
            ],
            [
              -121.9911669998455,
              47.163077000180465
            ],
            [
              -121.993931999917,
              47.17257000023878
            ],
            [
              -122.04748500000274,
              47.17123000006312
            ],
            [
              -122.0947639999559,
              47.194977000280915
            ],
            [
              -122.14397600012731,
              47.257526000164134
            ],
            [
              -122.33491399983009,
              47.25736600008184
            ],
            [
              -122.43725200029,
              47.33371699991164
            ],
            [
              -122.47155100015779,
              47.318619999780005
            ],
            [
              -122.52041699982449,
              47.322775000195044
            ],
            [
              -122.54148600025995,
              47.34690699999583
            ],
            [
              -122.52842400015881,
              47.3749850002031
            ],
            [
              -122.53699300000962,
              47.403355000118864
            ],
            [
              -122.80119900014863,
              47.40357799982883
            ],
            [
              -122.8061629996788,
              47.320680999882335
            ],
            [
              -122.85229099993653,
              47.26558800026754
            ],
            [
              -122.82057600039025,
              47.19422000005454
            ],
            [
              -122.75558700027496,
              47.138574999812505
            ],
            [
              -122.69819700006498,
              47.11600099999213
            ],
            [
              -122.69217800020049,
              47.0992059998166
            ],
            [
              -122.70754400024063,
              47.085332000217505
            ],
            [
              -122.70313999967878,
              47.06464899973557
            ],
            [
              -122.67681200016031,
              47.042654000221525
            ],
            [
              -122.6798650001119,
              47.02819099988502
            ],
            [
              -122.65986299970629,
              47.00322499998407
            ],
            [
              -122.63030200031122,
              46.99833900019033
            ],
            [
              -122.63739599970314,
              46.977096999930616
            ],
            [
              -122.61160200011209,
              46.967213000004186
            ],
            [
              -122.61104700026829,
              46.97669999995359
            ],
            [
              -122.58005499989697,
              46.977501999693686
            ],
            [
              -122.57544199999606,
              46.97129099972731
            ],
            [
              -122.58709300011074,
              46.96676499977533
            ],
            [
              -122.56338099980255,
              46.96594199994557
            ],
            [
              -122.572192000401,
              46.95962099990204
            ],
            [
              -122.56323100001471,
              46.93530399995971
            ],
            [
              -122.4941160000702,
              46.905218000025
            ],
            [
              -122.49004399976936,
              46.86688000019971
            ],
            [
              -122.45886700034842,
              46.864047000304076
            ],
            [
              -122.45174000044622,
              46.85264800010531
            ],
            [
              -122.40832600020634,
              46.842546999989295
            ],
            [
              -122.37119000029708,
              46.845407999826044
            ],
            [
              -122.34682100003783,
              46.83697900028258
            ],
            [
              -122.32768099962264,
              46.84434299979418
            ],
            [
              -122.32491399990137,
              46.830343999839734
            ],
            [
              -122.30357599985236,
              46.82811700025213
            ],
            [
              -122.30900300006317,
              46.78958700018499
            ],
            [
              -122.26888899964707,
              46.76636800021898
            ],
            [
              -122.24062200006256,
              46.77592800010849
            ],
            [
              -122.17787699961183,
              46.755201999912664
            ],
            [
              -122.04079699959333,
              46.742357000285644
            ],
            [
              -122.00244600041451,
              46.753267999857464
            ],
            [
              -121.97863799984685,
              46.744272999699014
            ],
            [
              -121.95424199982341,
              46.7550169999649
            ],
            [
              -121.92538400041013,
              46.738766999801484
            ],
            [
              -121.84189000008938,
              46.72845499972673
            ],
            [
              -121.75859300031041,
              46.78379099969567
            ],
            [
              -121.45521799958648,
              46.78379700023347
            ],
            [
              -121.44251700005866,
              46.792660999994254
            ],
            [
              -121.47443900019248,
              46.8202250001336
            ],
            [
              -121.47017199989796,
              46.82640400023876
            ],
            [
              -121.4841970002719,
              46.834274000175036
            ],
            [
              -121.49734499968844,
              46.86286599980854
            ],
            [
              -121.52306999968253,
              46.872783000060416
            ],
            [
              -121.49698599966322,
              46.90834200024252
            ],
            [
              -121.45644699999804,
              46.923577000079106
            ],
            [
              -121.44948999997511,
              46.935324000182966
            ],
            [
              -121.45838000021628,
              46.96056999997763
            ],
            [
              -121.44214299996486,
              46.972936000146355
            ],
            [
              -121.44627600036506,
              46.979980000143314
            ],
            [
              -121.40708900023675,
              46.9974890003004
            ],
            [
              -121.39479500041473,
              47.022774999740214
            ],
            [
              -121.39980099977772,
              47.03346399975663
            ],
            [
              -121.37424999986091,
              47.05643600013242
            ],
            [
              -121.37996099975383,
              47.087248000062296
            ],
            [
              -121.44175600035055,
              47.08440199985097
            ],
            [
              -121.50974999983853,
              47.12250300021115
            ],
            [
              -121.58196399976538,
              47.1186579999252
            ],
            [
              -121.62953300014674,
              47.153428000120286
            ],
            [
              -121.66219800044533,
              47.16004400017357
            ],
            [
              -121.68417300035385,
              47.14978500007688
            ],
            [
              -121.71913599984535,
              47.1511159999726
            ],
            [
              -121.77756399977288,
              47.173383000124595
            ],
            [
              -121.79646399998855,
              47.173059000149784
            ],
            [
              -121.84027599971334,
              47.14321999975274
            ],
            [
              -121.90153800020762,
              47.15574199983001
            ],
            [
              -121.93365000031223,
              47.13830800006352
            ],
            [
              -121.94756299963485,
              47.14265199999248
            ],
            [
              -121.94776100000158,
              47.14279400019597
            ]
          ]
        ]
      }
    },
    {
      "type": "Feature",
      "id": "us-county:53:055",
      "properties": {
        "boundary_id": "us-county:53:055",
        "boundary_type": "county",
        "name": "San Juan County",
        "stateFips": "53",
        "countyFips": "055",
        "bbox": [
          -123.2678769999292,
          48.284557999756224,
          -122.7033160003042,
          48.831219000036036
        ]
      },
      "geometry": {
        "type": "Polygon",
        "coordinates": [
          [
            [
              -122.94038700028756,
              48.3524459998672
            ],
            [
              -122.8585209996882,
              48.37107400024614
            ],
            [
              -122.77134400012737,
              48.36988199976145
            ],
            [
              -122.7485299997946,
              48.381444999727655
            ],
            [
              -122.7338359997741,
              48.416829000023874
            ],
            [
              -122.75590199991925,
              48.48047500004755
            ],
            [
              -122.74009200036335,
              48.51373200029099
            ],
            [
              -122.76440399982289,
              48.600577000034015
            ],
            [
              -122.7033160003042,
              48.66389399981553
            ],
            [
              -122.74885799985768,
              48.72255799990925
            ],
            [
              -122.80998700028255,
              48.77069899993751
            ],
            [
              -123.00848500043092,
              48.831219000036036
            ],
            [
              -123.00848600025581,
              48.76709899989629
            ],
            [
              -123.2678769999292,
              48.693992999778246
            ],
            [
              -123.21892900024676,
              48.54870799973064
            ],
            [
              -123.15987399960714,
              48.45350700015499
            ],
            [
              -123.11513799996759,
              48.42282999996979
            ],
            [
              -123.24791899990454,
              48.284557999756224
            ],
            [
              -122.95238599965846,
              48.349706000182515
            ],
            [
              -122.94038700028756,
              48.3524459998672
            ]
          ]
        ]
      }
    },
    {
      "type": "Feature",
      "id": "us-county:53:057",
      "properties": {
        "boundary_id": "us-county:53:057",
        "boundary_type": "county",
        "name": "Skagit County",
        "stateFips": "53",
        "countyFips": "057",
        "bbox": [
          -122.76440399982289,
          48.29600900021737,
          -120.68609700029087,
          48.65700300027915
        ]
      },
      "geometry": {
        "type": "Polygon",
        "coordinates": [
          [
            [
              -122.2625400000697,
              48.64553999971996
            ],
            [
              -122.50148900001972,
              48.64531999993115
            ],
            [
              -122.5944469997937,
              48.62568700006525
            ],
            [
              -122.66089899977399,
              48.64534899996363
            ],
            [
              -122.71370399967213,
              48.64513000004264
            ],
            [
              -122.76440399982289,
              48.600577000034015
            ],
            [
              -122.74019899959518,
              48.514620000122186
            ],
            [
              -122.755843000368,
              48.47814099972997
            ],
            [
              -122.73523099986703,
              48.40593199992996
            ],
            [
              -122.67076499980843,
              48.412620000248985
            ],
            [
              -122.65524800015554,
              48.404677999862244
            ],
            [
              -122.58717000010364,
              48.41685300016665
            ],
            [
              -122.57477099980132,
              48.38133400029169
            ],
            [
              -122.55187600017602,
              48.35208200001842
            ],
            [
              -122.49723900034196,
              48.31153100025023
            ],
            [
              -122.4585960001868,
              48.29770300019516
            ],
            [
              -121.00165799998351,
              48.29600900021737
            ],
            [
              -121.07158899988768,
              48.31780199978018
            ],
            [
              -121.06950000003383,
              48.33896400024692
            ],
            [
              -121.04050899965281,
              48.348471000214225
            ],
            [
              -121.06642899964059,
              48.393539000116725
            ],
            [
              -121.05646300004703,
              48.41213700014808
            ],
            [
              -121.04158800027658,
              48.41127100021626
            ],
            [
              -121.04624800003316,
              48.41889200028989
            ],
            [
              -121.03713000018635,
              48.43302700018606
            ],
            [
              -121.04099400007475,
              48.44573699992702
            ],
            [
              -121.06330200006919,
              48.460032999870236
            ],
            [
              -121.0497140004366,
              48.48539899976786
            ],
            [
              -121.03623399986071,
              48.495297000051465
            ],
            [
              -120.95194899969465,
              48.499206000049284
            ],
            [
              -120.95050199972317,
              48.52958100002953
            ],
            [
              -120.90459600012164,
              48.52365299975377
            ],
            [
              -120.90396000008698,
              48.53340099990173
            ],
            [
              -120.88540100035318,
              48.5381869997899
            ],
            [
              -120.86321300000931,
              48.530074000203115
            ],
            [
              -120.85872399995695,
              48.54664299971323
            ],
            [
              -120.84465500010043,
              48.55055200011913
            ],
            [
              -120.82394700023829,
              48.54503000025496
            ],
            [
              -120.80931199976901,
              48.52862600009593
            ],
            [
              -120.8167869998258,
              48.51960400016505
            ],
            [
              -120.80182699966649,
              48.510452999717494
            ],
            [
              -120.76562700026582,
              48.50887299970408
            ],
            [
              -120.70355600038287,
              48.52640099988637
            ],
            [
              -120.70867600044699,
              48.54180199981548
            ],
            [
              -120.68609700029087,
              48.56649600019224
            ],
            [
              -120.71769300001145,
              48.59602799994968
            ],
            [
              -120.74413000020817,
              48.57884299971285
            ],
            [
              -120.78365899974493,
              48.601863999872634
            ],
            [
              -120.78830699980595,
              48.625114999826266
            ],
            [
              -120.75190400001567,
              48.657001999813694
            ],
            [
              -120.90835700007783,
              48.65700300027915
            ],
            [
              -120.90835799990276,
              48.64090100020922
            ],
            [
              -122.26222200005238,
              48.645552999823146
            ],
            [
              -122.2625400000697,
              48.64553999971996
            ]
          ]
        ]
      }
    },
    {
      "type": "Feature",
      "id": "us-county:53:059",
      "properties": {
        "boundary_id": "us-county:53:059",
        "boundary_type": "county",
        "name": "Skamania County",
        "stateFips": "53",
        "countyFips": "059",
        "bbox": [
          -122.24921699985266,
          45.54865299985562,
          -121.51438000035621,
          46.38862700010264
        ]
      },
      "geometry": {
        "type": "Polygon",
        "coordinates": [
          [
            [
              -121.8582179996791,
              45.695492999897596
            ],
            [
              -121.81118399994833,
              45.706714999898594
            ],
            [
              -121.70729499975988,
              45.694835999947
            ],
            [
              -121.5236809996028,
              45.72493000001898
            ],
            [
              -121.52118000002031,
              45.74800900000765
            ],
            [
              -121.53835000040728,
              45.770125999756004
            ],
            [
              -121.51438000035621,
              45.78211399996961
            ],
            [
              -121.6092460002341,
              45.782519000227495
            ],
            [
              -121.61267999995216,
              45.98500799971847
            ],
            [
              -121.6122320002385,
              46.044093000193456
            ],
            [
              -121.52232099967,
              46.044005999715715
            ],
            [
              -121.52232400004303,
              46.38862700010264
            ],
            [
              -122.24099000030861,
              46.38586399985177
            ],
            [
              -122.24921699985266,
              45.54865299985562
            ],
            [
              -122.18286399960655,
              45.576781000162555
            ],
            [
              -122.10175000029112,
              45.58316899996199
            ],
            [
              -122.04429899998178,
              45.60953500023073
            ],
            [
              -121.98300700024862,
              45.62288800027097
            ],
            [
              -121.9557750000086,
              45.64358599987898
            ],
            [
              -121.90813399965718,
              45.65455800022907
            ],
            [
              -121.90174499989685,
              45.6706690002725
            ],
            [
              -121.8670209998816,
              45.69339099994266
            ],
            [
              -121.8582179996791,
              45.695492999897596
            ]
          ]
        ]
      }
    },
    {
      "type": "Feature",
      "id": "us-county:53:061",
      "properties": {
        "boundary_id": "us-county:53:061",
        "boundary_type": "county",
        "name": "Snohomish County",
        "stateFips": "53",
        "countyFips": "061",
        "bbox": [
          -122.4585960001868,
          47.77781399991852,
          -120.90742499976719,
          48.2977180002914
        ]
      },
      "geometry": {
        "type": "Polygon",
        "coordinates": [
          [
            [
              -122.4585960001868,
              48.29770300019516
            ],
            [
              -122.42847500002674,
              48.27859899973075
            ],
            [
              -122.39311499997689,
              48.23793699980635
            ],
            [
              -122.41559100020085,
              48.19659299992177
            ],
            [
              -122.41673299967546,
              48.16408400026751
            ],
            [
              -122.34638300036991,
              48.07257499993495
            ],
            [
              -122.33937699994318,
              48.04948000024884
            ],
            [
              -122.35210199976042,
              48.013376999754314
            ],
            [
              -122.32846300014546,
              47.963762999803784
            ],
            [
              -122.33334800003296,
              47.93321700023034
            ],
            [
              -122.35634700031363,
              47.894316999710604
            ],
            [
              -122.42962499989727,
              47.82809799987474
            ],
            [
              -122.44223199971374,
              47.79844699989178
            ],
            [
              -122.43809300036406,
              47.77781399991852
            ],
            [
              -121.11917900018547,
              47.77993299975783
            ],
            [
              -121.07051500018515,
              47.8280060001546
            ],
            [
              -121.11563099976627,
              47.83020900027353
            ],
            [
              -121.15351200038845,
              47.84531199977005
            ],
            [
              -121.14722900003498,
              47.85753300017482
            ],
            [
              -121.15702099955125,
              47.88222399972639
            ],
            [
              -121.16679600024742,
              47.879585999993424
            ],
            [
              -121.18062300025461,
              47.89797500012988
            ],
            [
              -121.1648229998462,
              47.95669699980506
            ],
            [
              -121.14728199973844,
              47.98140000021269
            ],
            [
              -121.11772299999318,
              47.99879700010135
            ],
            [
              -121.15335800040265,
              48.04053299987073
            ],
            [
              -121.09702900037475,
              48.06440100009004
            ],
            [
              -121.01594199992518,
              48.07479500010991
            ],
            [
              -120.97248099982967,
              48.108533999817496
            ],
            [
              -120.94709999979213,
              48.11332699983351
            ],
            [
              -120.96521599983517,
              48.13396200029934
            ],
            [
              -120.9555659997108,
              48.15198099996498
            ],
            [
              -120.90742499976719,
              48.163184000100756
            ],
            [
              -120.91927099987558,
              48.190387999966944
            ],
            [
              -120.96476899994641,
              48.21132799980748
            ],
            [
              -120.95984800007393,
              48.22776900011473
            ],
            [
              -121.01209399993031,
              48.27990900000782
            ],
            [
              -121.00165799998351,
              48.29600900021737
            ],
            [
              -122.45200700040989,
              48.2977180002914
            ],
            [
              -122.4585960001868,
              48.29770300019516
            ]
          ]
        ]
      }
    },
    {
      "type": "Feature",
      "id": "us-county:53:063",
      "properties": {
        "boundary_id": "us-county:53:063",
        "boundary_type": "county",
        "name": "Spokane County",
        "stateFips": "53",
        "countyFips": "063",
        "bbox": [
          -117.82362900003969,
          47.25927199978589,
          -117.03987800029769,
          48.047865000123494
        ]
      },
      "geometry": {
        "type": "Polygon",
        "coordinates": [
          [
            [
              -117.04182900005928,
              47.735855000053796
            ],
            [
              -117.04187699973987,
              48.045466000097136
            ],
            [
              -117.5370689998755,
              48.047865000123494
            ],
            [
              -117.53380000001387,
              47.795181000103206
            ],
            [
              -117.55325900027127,
              47.80172899981766
            ],
            [
              -117.58651899969827,
              47.79486199975921
            ],
            [
              -117.61914200016406,
              47.827777999699485
            ],
            [
              -117.65193200013611,
              47.835255000073936
            ],
            [
              -117.67520699970302,
              47.889098999823105
            ],
            [
              -117.69439599962367,
              47.881005000254206
            ],
            [
              -117.69777400016356,
              47.85627800026364
            ],
            [
              -117.742658999766,
              47.83050200022891
            ],
            [
              -117.77813799964153,
              47.828021000244654
            ],
            [
              -117.79235100033644,
              47.81102499976657
            ],
            [
              -117.82094699980888,
              47.8257750002874
            ],
            [
              -117.82362900003969,
              47.260220000002725
            ],
            [
              -117.03987800029769,
              47.25927199978589
            ],
            [
              -117.04182300021152,
              47.735557000155396
            ],
            [
              -117.04182900005928,
              47.735855000053796
            ]
          ]
        ]
      }
    },
    {
      "type": "Feature",
      "id": "us-county:53:065",
      "properties": {
        "boundary_id": "us-county:53:065",
        "boundary_type": "county",
        "name": "Stevens County",
        "stateFips": "53",
        "countyFips": "065",
        "bbox": [
          -118.40240699965926,
          47.7923309997298,
          -117.42996799972683,
          49.00046400020481
        ]
      },
      "geometry": {
        "type": "Polygon",
        "coordinates": [
          [
            [
              -117.86678200016365,
              47.84506100021577
            ],
            [
              -117.79045900012606,
              47.81135599975256
            ],
            [
              -117.77904200036309,
              47.82759200030049
            ],
            [
              -117.75176400009234,
              47.82716800013865
            ],
            [
              -117.69777400016356,
              47.85627800026364
            ],
            [
              -117.69439599962367,
              47.881005000254206
            ],
            [
              -117.67520699970302,
              47.889098999823105
            ],
            [
              -117.65193200013611,
              47.835255000073936
            ],
            [
              -117.61914200016406,
              47.827777999699485
            ],
            [
              -117.58651899969827,
              47.79486199975921
            ],
            [
              -117.55325900027127,
              47.80172899981766
            ],
            [
              -117.53526200005392,
              47.794458000211385
            ],
            [
              -117.5370689998755,
              48.047865000123494
            ],
            [
              -117.43699300042013,
              48.04720699983631
            ],
            [
              -117.43762899955644,
              48.13468799990137
            ],
            [
              -117.50237099979952,
              48.1347079998607
            ],
            [
              -117.49997499979901,
              48.65618700018024
            ],
            [
              -117.62924099982702,
              48.6558519997209
            ],
            [
              -117.62942099975206,
              48.74263400018714
            ],
            [
              -117.56381099967074,
              48.74296099984564
            ],
            [
              -117.56385800042472,
              48.836671000106705
            ],
            [
              -117.4984960000405,
              48.83689999981314
            ],
            [
              -117.49895700017294,
              48.92315900011043
            ],
            [
              -117.43037699998072,
              48.92316799975145
            ],
            [
              -117.42996799972683,
              49.00046400020481
            ],
            [
              -118.21995499996665,
              48.997409000284954
            ],
            [
              -118.20589299978278,
              48.98763599983864
            ],
            [
              -118.22165999968095,
              48.97050199974589
            ],
            [
              -118.20724000019511,
              48.963082000272344
            ],
            [
              -118.22166899990177,
              48.937098000107774
            ],
            [
              -118.1959530001285,
              48.913262000024346
            ],
            [
              -118.21011400004656,
              48.89923800029275
            ],
            [
              -118.2136370003514,
              48.8779730002508
            ],
            [
              -118.19848100037352,
              48.86726999987155
            ],
            [
              -118.1955079998896,
              48.84072499989956
            ],
            [
              -118.17055600019746,
              48.82723600021193
            ],
            [
              -118.160217000335,
              48.79331799995285
            ],
            [
              -118.1432140003526,
              48.77928700007002
            ],
            [
              -118.12682700031336,
              48.78618899978496
            ],
            [
              -118.12239799963713,
              48.780163000166525
            ],
            [
              -118.13424899976835,
              48.775247000140084
            ],
            [
              -118.12514900036321,
              48.76277699983304
            ],
            [
              -118.13383500038987,
              48.75798599999596
            ],
            [
              -118.12231300014663,
              48.74990300018304
            ],
            [
              -118.12875499961041,
              48.73992600013783
            ],
            [
              -118.1175460002599,
              48.73592900003291
            ],
            [
              -118.12633400039384,
              48.72673300020665
            ],
            [
              -118.10472900038116,
              48.65182100007454
            ],
            [
              -118.12732100005775,
              48.612179999761956
            ],
            [
              -118.12544499974088,
              48.58451499998075
            ],
            [
              -118.14310200019962,
              48.54822599992811
            ],
            [
              -118.14098200038359,
              48.528321000050944
            ],
            [
              -118.1758260000494,
              48.52044400006385
            ],
            [
              -118.18920600016787,
              48.48159700021374
            ],
            [
              -118.21250699967402,
              48.45499499985041
            ],
            [
              -118.20290599995347,
              48.4421950000319
            ],
            [
              -118.20260499965455,
              48.406793999924666
            ],
            [
              -118.18160300006458,
              48.37179399989797
            ],
            [
              -118.17560199974344,
              48.31949200003753
            ],
            [
              -118.13979099960684,
              48.26730800017973
            ],
            [
              -118.15159800025548,
              48.24069100002867
            ],
            [
              -118.19510000035888,
              48.2120890001633
            ],
            [
              -118.18759900036284,
              48.19908899981045
            ],
            [
              -118.19659900020889,
              48.19058900025052
            ],
            [
              -118.19739799955181,
              48.14408699992748
            ],
            [
              -118.25439199992668,
              48.128529999900735
            ],
            [
              -118.25358799966254,
              48.11297900028746
            ],
            [
              -118.23749900044741,
              48.104786000132535
            ],
            [
              -118.23129800010973,
              48.08948499975317
            ],
            [
              -118.2359980000493,
              48.059983999973554
            ],
            [
              -118.26447200022136,
              48.058276999960896
            ],
            [
              -118.27547600043074,
              48.040567000234425
            ],
            [
              -118.35890499955585,
              48.04942700009993
            ],
            [
              -118.40240699965926,
              48.02498200006004
            ],
            [
              -118.34873999977069,
              47.97178200029422
            ],
            [
              -118.35608900032906,
              47.929316999767195
            ],
            [
              -118.34093800037407,
              47.894315999858414
            ],
            [
              -118.32171099992027,
              47.89628900011534
            ],
            [
              -118.31643799969525,
              47.90945400013132
            ],
            [
              -118.25269300006013,
              47.942367000061594
            ],
            [
              -118.21061399963875,
              47.94523000007607
            ],
            [
              -118.1773099998308,
              47.911774000014255
            ],
            [
              -118.17850900010512,
              47.90198600020503
            ],
            [
              -118.16020599956605,
              47.89721000019065
            ],
            [
              -118.16058600040594,
              47.88510200002137
            ],
            [
              -118.14265799978558,
              47.88358799980275
            ],
            [
              -118.12289499975456,
              47.857270999879624
            ],
            [
              -118.11924500012643,
              47.833518000089434
            ],
            [
              -118.09713100030073,
              47.82844899974115
            ],
            [
              -118.07818199968128,
              47.80006200013768
            ],
            [
              -118.04679600002297,
              47.7923309997298
            ],
            [
              -118.01286299985307,
              47.805973999742285
            ],
            [
              -117.98905699983354,
              47.83468200009658
            ],
            [
              -117.93527899961688,
              47.82320800023114
            ],
            [
              -117.88630599982005,
              47.83833499989403
            ],
            [
              -117.88147299981112,
              47.84748999989695
            ],
            [
              -117.86690400036237,
              47.84507399979977
            ],
            [
              -117.86678200016365,
              47.84506100021577
            ]
          ]
        ]
      }
    },
    {
      "type": "Feature",
      "id": "us-county:53:067",
      "properties": {
        "boundary_id": "us-county:53:067",
        "boundary_type": "county",
        "name": "Thurston County",
        "stateFips": "53",
        "countyFips": "067",
        "bbox": [
          -123.20310100024928,
          46.76306099996523,
          -122.20311500043253,
          47.19422000005454
        ]
      },
      "geometry": {
        "type": "Polygon",
        "coordinates": [
          [
            [
              -122.7040490004232,
              47.071869999937796
            ],
            [
              -122.70754400024063,
              47.085332000217505
            ],
            [
              -122.69217800020049,
              47.0992059998166
            ],
            [
              -122.69819700006498,
              47.11600099999213
            ],
            [
              -122.75558700027496,
              47.138574999812505
            ],
            [
              -122.82057600039025,
              47.19422000005454
            ],
            [
              -122.87143999967422,
              47.16114800025418
            ],
            [
              -122.89553799977182,
              47.157144999974065
            ],
            [
              -122.91134099965497,
              47.1759559998751
            ],
            [
              -122.94235599959252,
              47.18903499980584
            ],
            [
              -122.96122499984602,
              47.164437000223764
            ],
            [
              -123.00683099987194,
              47.14799199982157
            ],
            [
              -123.02135900021108,
              47.118093999733055
            ],
            [
              -123.07365399957297,
              47.106242000238765
            ],
            [
              -123.07502600009967,
              47.0847869997096
            ],
            [
              -123.20189100010425,
              47.08505900000576
            ],
            [
              -123.20310100024928,
              46.99697300010887
            ],
            [
              -123.1583639998865,
              46.99587100013297
            ],
            [
              -123.16090899984995,
              46.76433000007992
            ],
            [
              -122.20311500043253,
              46.76306099996523
            ],
            [
              -122.2391609998474,
              46.77577400008572
            ],
            [
              -122.26280100018562,
              46.76515300029682
            ],
            [
              -122.28576199993314,
              46.77410400000855
            ],
            [
              -122.3124200000628,
              46.79542199990086
            ],
            [
              -122.30247299983749,
              46.80902000000905
            ],
            [
              -122.30357599985236,
              46.82811700025213
            ],
            [
              -122.32491399990137,
              46.830343999839734
            ],
            [
              -122.32768099962264,
              46.84434299979418
            ],
            [
              -122.34682100003783,
              46.83697900028258
            ],
            [
              -122.37119000029708,
              46.845407999826044
            ],
            [
              -122.40832600020634,
              46.842546999989295
            ],
            [
              -122.45174000044622,
              46.85264800010531
            ],
            [
              -122.45886700034842,
              46.864047000304076
            ],
            [
              -122.49049900005402,
              46.8670909999888
            ],
            [
              -122.49779599983557,
              46.90884300029957
            ],
            [
              -122.56323100001471,
              46.93530399995971
            ],
            [
              -122.572192000401,
              46.95962099990204
            ],
            [
              -122.56338099980255,
              46.96594199994557
            ],
            [
              -122.58787399991036,
              46.96860699977081
            ],
            [
              -122.57581699991479,
              46.970814000281386
            ],
            [
              -122.57921999967073,
              46.97717999981266
            ],
            [
              -122.61104700026829,
              46.97669999995359
            ],
            [
              -122.61160200011209,
              46.967213000004186
            ],
            [
              -122.63739599970314,
              46.977096999930616
            ],
            [
              -122.63030200031122,
              46.99833900019033
            ],
            [
              -122.6594550001756,
              47.00293200006589
            ],
            [
              -122.67239699972781,
              47.01541499972426
            ],
            [
              -122.67681200016031,
              47.042654000221525
            ],
            [
              -122.7038870000415,
              47.071688000054316
            ],
            [
              -122.7040490004232,
              47.071869999937796
            ]
          ]
        ]
      }
    },
    {
      "type": "Feature",
      "id": "us-county:53:069",
      "properties": {
        "boundary_id": "us-county:53:069",
        "boundary_type": "county",
        "name": "Wahkiakum County",
        "stateFips": "53",
        "countyFips": "069",
        "bbox": [
          -123.7275550000292,
          46.14484300011928,
          -123.21305400032232,
          46.385616999971255
        ]
      },
      "geometry": {
        "type": "Polygon",
        "coordinates": [
          [
            [
              -123.72755199965614,
              46.26449500012121
            ],
            [
              -123.6881150001809,
              46.25010499976875
            ],
            [
              -123.47964399986796,
              46.26913099971058
            ],
            [
              -123.42762899999025,
              46.22934800028152
            ],
            [
              -123.43098700043865,
              46.18157100024009
            ],
            [
              -123.39040400039251,
              46.15442800009006
            ],
            [
              -123.37143300003173,
              46.14637199994963
            ],
            [
              -123.28016599972837,
              46.14484300011928
            ],
            [
              -123.21305400032232,
              46.17254099998937
            ],
            [
              -123.21795000008046,
              46.385616999971255
            ],
            [
              -123.72655699959631,
              46.384871999867045
            ],
            [
              -123.7275550000292,
              46.26476500019414
            ],
            [
              -123.72755199965614,
              46.26449500012121
            ]
          ]
        ]
      }
    },
    {
      "type": "Feature",
      "id": "us-county:53:071",
      "properties": {
        "boundary_id": "us-county:53:071",
        "boundary_type": "county",
        "name": "Walla Walla County",
        "stateFips": "53",
        "countyFips": "071",
        "bbox": [
          -119.04149799974405,
          45.9998549997806,
          -117.99148100032146,
          46.60630899973224
        ]
      },
      "geometry": {
        "type": "Polygon",
        "coordinates": [
          [
            [
              -118.40381699982079,
              46.00077299991567
            ],
            [
              -117.99696999955822,
              46.000559999981064
            ],
            [
              -117.99148100032146,
              46.207701999691984
            ],
            [
              -118.116623999995,
              46.20805000017334
            ],
            [
              -118.1161169998318,
              46.29545500001123
            ],
            [
              -118.24187200014882,
              46.295064000149864
            ],
            [
              -118.24264000042795,
              46.55974699993066
            ],
            [
              -118.2280130003546,
              46.56041300023295
            ],
            [
              -118.22863500014552,
              46.59336199997848
            ],
            [
              -118.24425700027872,
              46.600732000046825
            ],
            [
              -118.27863099959126,
              46.59323999976564
            ],
            [
              -118.32638800029362,
              46.60630899973224
            ],
            [
              -118.3931869997052,
              46.58043700001198
            ],
            [
              -118.47593200001344,
              46.59514199984862
            ],
            [
              -118.49652000022496,
              46.575533999825
            ],
            [
              -118.54801100022104,
              46.555929000305504
            ],
            [
              -118.56303699960426,
              46.53668000020994
            ],
            [
              -118.58820900030271,
              46.5286959999079
            ],
            [
              -118.61559200015546,
              46.504542999938984
            ],
            [
              -118.63767500001902,
              46.43538899975269
            ],
            [
              -118.63441200000518,
              46.41258599998869
            ],
            [
              -118.69275799991694,
              46.37989699994763
            ],
            [
              -118.70089999997047,
              46.36003700023022
            ],
            [
              -118.7461989998497,
              46.35951199978821
            ],
            [
              -118.77416400020874,
              46.317124999898695
            ],
            [
              -118.76950699992688,
              46.293997999748164
            ],
            [
              -118.82407400033904,
              46.284879000122196
            ],
            [
              -118.86346399995864,
              46.25138900030596
            ],
            [
              -118.97649100008539,
              46.23755300022062
            ],
            [
              -119.0234169998611,
              46.21665599994175
            ],
            [
              -119.04149799974405,
              46.19266700030677
            ],
            [
              -118.97466400017231,
              46.13952300008158
            ],
            [
              -118.9423050001955,
              46.07442000026013
            ],
            [
              -118.94132299965614,
              46.027528000172275
            ],
            [
              -118.98725799957002,
              45.9998549997806
            ],
            [
              -118.40505600027808,
              46.000757000206896
            ],
            [
              -118.40381699982079,
              46.00077299991567
            ]
          ]
        ]
      }
    },
    {
      "type": "Feature",
      "id": "us-county:53:073",
      "properties": {
        "boundary_id": "us-county:53:073",
        "boundary_type": "county",
        "name": "Whatcom County",
        "stateFips": "53",
        "countyFips": "073",
        "bbox": [
          -123.32224000012691,
          48.62568700006525,
          -120.65585700030513,
          49.002072000186956
        ]
      },
      "geometry": {
        "type": "Polygon",
        "coordinates": [
          [
            [
              -122.21725100023623,
              48.645691999758064
            ],
            [
              -120.90835799990276,
              48.64090100020922
            ],
            [
              -120.90835700007783,
              48.65700300027915
            ],
            [
              -120.75190400001567,
              48.657001999813694
            ],
            [
              -120.71733300016133,
              48.66452600006579
            ],
            [
              -120.703431999636,
              48.69691499980479
            ],
            [
              -120.67997200012115,
              48.69429599982003
            ],
            [
              -120.67819500043682,
              48.71782600016824
            ],
            [
              -120.65585700030513,
              48.72434200009889
            ],
            [
              -120.73542699956475,
              48.78648700021449
            ],
            [
              -120.742492000441,
              48.82090499985825
            ],
            [
              -120.73071699957943,
              48.85383099983755
            ],
            [
              -120.77022300044831,
              48.88182600003778
            ],
            [
              -120.76270400001059,
              48.89951800014284
            ],
            [
              -120.77213200037711,
              48.906705000052995
            ],
            [
              -120.77205200001116,
              48.92650599977015
            ],
            [
              -120.75525700044122,
              48.932241999987234
            ],
            [
              -120.75622700038669,
              48.94291300014245
            ],
            [
              -120.76994600043885,
              48.95532700008488
            ],
            [
              -120.79824399998549,
              48.95946699999611
            ],
            [
              -120.831783999795,
              48.938277000225874
            ],
            [
              -120.84897900029635,
              48.955911000136865
            ],
            [
              -120.88074700044437,
              48.966661999774374
            ],
            [
              -120.88563999982946,
              48.975212000045765
            ],
            [
              -120.8640499998854,
              48.9805339999506
            ],
            [
              -120.85152799955942,
              49.00030100021678
            ],
            [
              -123.32224000012691,
              49.002072000186956
            ],
            [
              -123.00848500043092,
              48.831219000036036
            ],
            [
              -122.80998700028255,
              48.77069899993751
            ],
            [
              -122.74885799985768,
              48.72255799990925
            ],
            [
              -122.70600299965955,
              48.670681000046976
            ],
            [
              -122.71370399967213,
              48.64513000004264
            ],
            [
              -122.66089899977399,
              48.64534899996363
            ],
            [
              -122.5944469997937,
              48.62568700006525
            ],
            [
              -122.50148900001972,
              48.64531999993115
            ],
            [
              -122.21992300042126,
              48.645692999854454
            ],
            [
              -122.21725100023623,
              48.645691999758064
            ]
          ]
        ]
      }
    },
    {
      "type": "Feature",
      "id": "us-county:53:075",
      "properties": {
        "boundary_id": "us-county:53:075",
        "boundary_type": "county",
        "name": "Whitman County",
        "stateFips": "53",
        "countyFips": "075",
        "bbox": [
          -118.24912200007472,
          46.416779000108946,
          -117.03963600044834,
          47.26056799976666
        ]
      },
      "geometry": {
        "type": "Polygon",
        "coordinates": [
          [
            [
              -117.03963600044834,
              46.967590000104174
            ],
            [
              -117.03968300030402,
              47.25926900020781
            ],
            [
              -117.96092999999112,
              47.26056799976666
            ],
            [
              -117.95933499988166,
              46.91481100020623
            ],
            [
              -117.96709899964344,
              46.91483100010491
            ],
            [
              -117.97090700035363,
              46.867215999795725
            ],
            [
              -118.00451300028539,
              46.84818000007163
            ],
            [
              -117.9920539997086,
              46.83242099997685
            ],
            [
              -118.01963900012603,
              46.81417399972562
            ],
            [
              -118.01249499960704,
              46.79054099978463
            ],
            [
              -118.03625299994602,
              46.78482000002998
            ],
            [
              -118.04443799965726,
              46.76916400029121
            ],
            [
              -118.09518200018894,
              46.77907100018443
            ],
            [
              -118.12609500001925,
              46.76138900015038
            ],
            [
              -118.15602299983543,
              46.759467999744786
            ],
            [
              -118.16254800003821,
              46.746619000173425
            ],
            [
              -118.18992099984521,
              46.75146700027605
            ],
            [
              -118.2054710000084,
              46.73971400005421
            ],
            [
              -118.24912200007472,
              46.73413800026114
            ],
            [
              -118.21753600039986,
              46.6792780002034
            ],
            [
              -118.23073200039529,
              46.65643699999
            ],
            [
              -118.19830100044845,
              46.621959999786284
            ],
            [
              -118.215660000083,
              46.58892399978931
            ],
            [
              -118.16180499987345,
              46.55472000024596
            ],
            [
              -118.11386999979419,
              46.557357999804125
            ],
            [
              -118.09289499996835,
              46.574529000221
            ],
            [
              -118.01210899981764,
              46.58792800004223
            ],
            [
              -117.89186199990229,
              46.58538199981543
            ],
            [
              -117.86644599970468,
              46.62117300004058
            ],
            [
              -117.78996700003147,
              46.63103000010826
            ],
            [
              -117.74086799983797,
              46.69458300009386
            ],
            [
              -117.65792500006131,
              46.70197799982423
            ],
            [
              -117.60048200014792,
              46.67248700005256
            ],
            [
              -117.51441699992444,
              46.67728500030317
            ],
            [
              -117.46744000009508,
              46.70004500023745
            ],
            [
              -117.43273899964608,
              46.65945300028252
            ],
            [
              -117.3861760000935,
              46.64970199998569
            ],
            [
              -117.38621499955325,
              46.61888499992047
            ],
            [
              -117.34896300019133,
              46.587673000041036
            ],
            [
              -117.30136899969561,
              46.577487999714826
            ],
            [
              -117.2542620001699,
              46.54508200022187
            ],
            [
              -117.232037999841,
              46.504062000122715
            ],
            [
              -117.23768199978677,
              46.46948299986672
            ],
            [
              -117.20579200033832,
              46.44748599999549
            ],
            [
              -117.21070599963981,
              46.424786999862015
            ],
            [
              -117.18970200039999,
              46.42047299978076
            ],
            [
              -117.14446399972182,
              46.43022100003527
            ],
            [
              -117.08946000036494,
              46.416779000108946
            ],
            [
              -117.05791499979966,
              46.429732999756865
            ],
            [
              -117.0397660001447,
              46.42588700003474
            ],
            [
              -117.03963700027326,
              46.96726000002831
            ],
            [
              -117.03963600044834,
              46.967590000104174
            ]
          ]
        ]
      }
    },
    {
      "type": "Feature",
      "id": "us-county:53:077",
      "properties": {
        "boundary_id": "us-county:53:077",
        "boundary_type": "county",
        "name": "Yakima County",
        "stateFips": "53",
        "countyFips": "077",
        "bbox": [
          -121.52306999968253,
          46.040857999810406,
          -119.86582900005747,
          47.08873099987838
        ]
      },
      "geometry": {
        "type": "Polygon",
        "coordinates": [
          [
            [
              -120.33107199956218,
              46.04148699994034
            ],
            [
              -119.86582900005747,
              46.040857999810406
            ],
            [
              -119.87405700032473,
              46.62858499986622
            ],
            [
              -119.90148299983518,
              46.635601999700775
            ],
            [
              -119.94421800038272,
              46.673241999721796
            ],
            [
              -119.97303599961303,
              46.737125999940936
            ],
            [
              -120.51000000002337,
              46.7379460000512
            ],
            [
              -120.50860499993045,
              46.82486200006863
            ],
            [
              -120.6339810001308,
              46.82577600014235
            ],
            [
              -120.63456199991387,
              46.91213000001227
            ],
            [
              -121.02661999972135,
              46.91130799973692
            ],
            [
              -121.04244199987109,
              46.92214000021933
            ],
            [
              -121.04246299978749,
              46.93302100015817
            ],
            [
              -121.06881499959538,
              46.94757600026684
            ],
            [
              -121.06884999975551,
              46.95846500014425
            ],
            [
              -121.08995699982579,
              46.969294999735176
            ],
            [
              -121.09005399991017,
              46.99100700028664
            ],
            [
              -121.12376000029933,
              46.99911900004172
            ],
            [
              -121.13576500041637,
              47.01723299987714
            ],
            [
              -121.19469700013403,
              47.044167000250155
            ],
            [
              -121.21884200008726,
              47.06563999977691
            ],
            [
              -121.28071600032675,
              47.08873099987838
            ],
            [
              -121.35923600017327,
              47.07073999986276
            ],
            [
              -121.38330900015647,
              47.084794999828105
            ],
            [
              -121.37424999986091,
              47.05643600013242
            ],
            [
              -121.39980099977772,
              47.03346399975663
            ],
            [
              -121.39479500041473,
              47.022774999740214
            ],
            [
              -121.40708900023675,
              46.9974890003004
            ],
            [
              -121.44627600036506,
              46.979980000143314
            ],
            [
              -121.44214299996486,
              46.972936000146355
            ],
            [
              -121.45838000021628,
              46.96056999997763
            ],
            [
              -121.44948999997511,
              46.935324000182966
            ],
            [
              -121.45644699999804,
              46.923577000079106
            ],
            [
              -121.49698599966322,
              46.90834200024252
            ],
            [
              -121.52306999968253,
              46.872783000060416
            ],
            [
              -121.49734499968844,
              46.86286599980854
            ],
            [
              -121.4841970002719,
              46.834274000175036
            ],
            [
              -121.47017199989796,
              46.82640400023876
            ],
            [
              -121.47443900019248,
              46.8202250001336
            ],
            [
              -121.44252600027953,
              46.792987999965526
            ],
            [
              -121.45502699979075,
              46.780602000306324
            ],
            [
              -121.44203599983473,
              46.75829099998621
            ],
            [
              -121.42428100036503,
              46.75662900004296
            ],
            [
              -121.4303329998415,
              46.740161999782444
            ],
            [
              -121.40601399981097,
              46.727393999847074
            ],
            [
              -121.36947600030152,
              46.72641999990634
            ],
            [
              -121.35317899977561,
              46.71226599973396
            ],
            [
              -121.3797840002018,
              46.70176399976168
            ],
            [
              -121.37668000019661,
              46.686485999832094
            ],
            [
              -121.39894899983302,
              46.68808000015386
            ],
            [
              -121.41321699988117,
              46.675868000085686
            ],
            [
              -121.4162749998556,
              46.65140000013595
            ],
            [
              -121.39524599960313,
              46.646125000254465
            ],
            [
              -121.38670799971445,
              46.62120400019053
            ],
            [
              -121.40758299998116,
              46.60210499984466
            ],
            [
              -121.40571099986226,
              46.582343999786964
            ],
            [
              -121.42457000007005,
              46.570285000053595
            ],
            [
              -121.41270999971798,
              46.55866799990273
            ],
            [
              -121.4166459995764,
              46.54824000003326
            ],
            [
              -121.45125599978878,
              46.533894000189974
            ],
            [
              -121.45598099984271,
              46.51672799973558
            ],
            [
              -121.45014000025344,
              46.50352600028354
            ],
            [
              -121.4232019997413,
              46.49268600011431
            ],
            [
              -121.4363609999268,
              46.47730200001201
            ],
            [
              -121.41197800032222,
              46.45952899999297
            ],
            [
              -121.40729799957582,
              46.429902999875246
            ],
            [
              -121.38655700010173,
              46.41060099988422
            ],
            [
              -121.39375900034702,
              46.39003999982348
            ],
            [
              -121.52232400004303,
              46.388224000161244
            ],
            [
              -121.52232099967,
              46.044005999715715
            ],
            [
              -120.34025300005649,
              46.041423000174056
            ],
            [
              -120.33107199956218,
              46.04148699994034
            ]
          ]
        ]
      }
    },
    {
      "type": "Feature",
      "id": "us-state:53",
      "properties": {
        "boundary_id": "us-state:53",
        "boundary_type": "state",
        "name": "Washington",
        "stateFips": "53",
        "bbox": [
          -124.84825200026681,
          45.54384100026643,
          -116.91607100026751,
          49.002072000186956
        ]
      },
      "geometry": {
        "type": "Polygon",
        "coordinates": [
          [
            [
              -118.40381699982079,
              46.00077299991567
            ],
            [
              -116.91607100026751,
              45.995357000203384
            ],
            [
              -116.94279299997127,
              46.06111500030136
            ],
            [
              -116.98258900037004,
              46.090075000303656
            ],
            [
              -116.9554240000772,
              46.10186100006185
            ],
            [
              -116.92234100020218,
              46.168773999762344
            ],
            [
              -116.96538399982298,
              46.2031220002537
            ],
            [
              -116.9554800001537,
              46.230984000092604
            ],
            [
              -116.96780499993784,
              46.258474999753666
            ],
            [
              -116.9911950000308,
              46.276960000305436
            ],
            [
              -116.98621600043197,
              46.29595000015552
            ],
            [
              -117.020581000422,
              46.314789000100625
            ],
            [
              -117.02430499966998,
              46.33627599986284
            ],
            [
              -117.0627879999916,
              46.353604999782505
            ],
            [
              -117.03462599998907,
              46.4178449998014
            ],
            [
              -117.04230899956,
              47.96228899984336
            ],
            [
              -117.03234499961629,
              48.99920099993449
            ],
            [
              -123.32224000012691,
              49.002072000186956
            ],
            [
              -123.00848500043092,
              48.831219000036036
            ],
            [
              -123.00848600025581,
              48.76709899989629
            ],
            [
              -123.2678769999292,
              48.693992999778246
            ],
            [
              -123.21892900024676,
              48.54870799973064
            ],
            [
              -123.15987399960714,
              48.45350700015499
            ],
            [
              -123.11513799996759,
              48.42282999996979
            ],
            [
              -123.24843500028858,
              48.28401600003723
            ],
            [
              -123.54121599998363,
              48.224553000282725
            ],
            [
              -123.67906400028124,
              48.239997000044106
            ],
            [
              -124.01205599957846,
              48.296670999725094
            ],
            [
              -124.74974000006044,
              48.499782999789936
            ],
            [
              -124.76837099976427,
              48.495402999704396
            ],
            [
              -124.77226200031514,
              48.47381199994441
            ],
            [
              -124.7458379996389,
              48.44566300008886
            ],
            [
              -124.78855800011783,
              48.43216500026661
            ],
            [
              -124.81481500038947,
              48.405922999882705
            ],
            [
              -124.8169929999318,
              48.385475000185465
            ],
            [
              -124.8005320002727,
              48.34997800008041
            ],
            [
              -124.7704420000748,
              48.323537000092166
            ],
            [
              -124.76138699997716,
              48.29568800019606
            ],
            [
              -124.78874200024082,
              48.26637199999189
            ],
            [
              -124.78050399992782,
              48.22858000025843
            ],
            [
              -124.82145299967183,
              48.217585000118824
            ],
            [
              -124.84825200026681,
              48.18819999985087
            ],
            [
              -124.84313100037778,
              48.158429000072424
            ],
            [
              -124.78518700014895,
              48.08711499995308
            ],
            [
              -124.78610299966773,
              48.06132899998364
            ],
            [
              -124.80115499988854,
              48.03780899985572
            ],
            [
              -124.79903800044559,
              47.972543999709224
            ],
            [
              -124.7581850000627,
              47.943977999891004
            ],
            [
              -124.75379499974453,
              47.910523000291434
            ],
            [
              -124.72085800035771,
              47.88830299985367
            ],
            [
              -124.7041800000653,
              47.854737000080384
            ],
            [
              -124.6418389998456,
              47.819423999846634
            ],
            [
              -124.54030200017507,
              47.71644500018345
            ],
            [
              -124.56655199987574,
              47.68023900006994
            ],
            [
              -124.55462600029975,
              47.64442699980212
            ],
            [
              -124.51492199996248,
              47.62370799976927
            ],
            [
              -124.46140200038697,
              47.62496000004892
            ],
            [
              -124.41705699966143,
              47.481537999946596
            ],
            [
              -124.42055999987475,
              47.45597199969675
            ],
            [
              -124.40654200007184,
              47.42802099973034
            ],
            [
              -124.42172800018695,
              47.406845000209714
            ],
            [
              -124.4135500001484,
              47.36873000000149
            ],
            [
              -124.39135400030692,
              47.32976599995383
            ],
            [
              -124.35964399988518,
              47.30933599993406
            ],
            [
              -124.35129900034039,
              47.27638999996316
            ],
            [
              -124.30636699998395,
              47.24808300023562
            ],
            [
              -124.25129099975875,
              47.09665400018963
            ],
            [
              -124.24153900042543,
              46.99980799999647
            ],
            [
              -124.2466419998728,
              46.9178130000772
            ],
            [
              -124.19458099996436,
              46.84409199999208
            ],
            [
              -124.145260000013,
              46.67047400027001
            ],
            [
              -124.1305319996573,
              46.408315999979465
            ],
            [
              -124.13520700038082,
              46.34936800030768
            ],
            [
              -124.16071399991668,
              46.282010000261195
            ],
            [
              -124.15954599960452,
              46.261132000061174
            ],
            [
              -124.03595100018477,
              46.26418299992647
            ],
            [
              -124.03559899983226,
              46.29684299997351
            ],
            [
              -124.02487699965516,
              46.29909899997804
            ],
            [
              -124.00361599959909,
              46.274709000067276
            ],
            [
              -123.97334600037443,
              46.26850100003886
            ],
            [
              -123.9304769999326,
              46.23880500004802
            ],
            [
              -123.87262999978815,
              46.234987000052264
            ],
            [
              -123.74144899998355,
              46.269154999962964
            ],
            [
              -123.6881150001809,
              46.25010499976875
            ],
            [
              -123.64877499989169,
              46.2588030002184
            ],
            [
              -123.55048000031863,
              46.258765000246136
            ],
            [
              -123.5012460004059,
              46.27101399992172
            ],
            [
              -123.4748440003693,
              46.26783099983553
            ],
            [
              -123.44759200003782,
              46.249831999792676
            ],
            [
              -123.42762899999025,
              46.22934800028152
            ],
            [
              -123.43098700043865,
              46.18157100024009
            ],
            [
              -123.37143300003173,
              46.14637199994963
            ],
            [
              -123.28016599972837,
              46.14484300011928
            ],
            [
              -123.1664160004267,
              46.18897899972423
            ],
            [
              -123.11590399969857,
              46.18526800025456
            ],
            [
              -123.00423300020503,
              46.133823000068176
            ],
            [
              -122.96268100003832,
              46.1048169998962
            ],
            [
              -122.90411900021653,
              46.08373399971664
            ],
            [
              -122.88447800038422,
              46.06028000006481
            ],
            [
              -122.8780910002737,
              46.03128000012354
            ],
            [
              -122.81399900030895,
              45.96098300013852
            ],
            [
              -122.80618699996828,
              45.93241599995484
            ],
            [
              -122.81150000037624,
              45.91272399992355
            ],
            [
              -122.78496400044531,
              45.86817000015342
            ],
            [
              -122.79560500043158,
              45.80999999975181
            ],
            [
              -122.76145100032875,
              45.75916299995814
            ],
            [
              -122.77451099988176,
              45.68043700002234
            ],
            [
              -122.76380999962103,
              45.65713799993127
            ],
            [
              -122.67500100014081,
              45.61802500006681
            ],
            [
              -122.55032500044751,
              45.59726900010673
            ],
            [
              -122.4386740001471,
              45.56358499978562
            ],
            [
              -122.38030200029608,
              45.57594100012216
            ],
            [
              -122.35280200026747,
              45.56944099995856
            ],
            [
              -122.33150199985334,
              45.54824100017355
            ],
            [
              -122.26670100005899,
              45.54384100026643
            ],
            [
              -122.18286399960655,
              45.576781000162555
            ],
            [
              -122.10175000029112,
              45.58316899996199
            ],
            [
              -122.04429899998178,
              45.60953500023073
            ],
            [
              -121.98300700024862,
              45.62288800027097
            ],
            [
              -121.9557750000086,
              45.64358599987898
            ],
            [
              -121.90813399965718,
              45.65455800022907
            ],
            [
              -121.90174499989685,
              45.6706690002725
            ],
            [
              -121.8670209998816,
              45.69339099994266
            ],
            [
              -121.81118399994833,
              45.706714999898594
            ],
            [
              -121.70729499975988,
              45.694835999947
            ],
            [
              -121.53293400006717,
              45.72650399968819
            ],
            [
              -121.42396199962451,
              45.694074000143964
            ],
            [
              -121.33771200035143,
              45.70483900030014
            ],
            [
              -121.2157680002193,
              45.67122800018756
            ],
            [
              -121.20035100012555,
              45.649838999933024
            ],
            [
              -121.19645899974977,
              45.616610000021794
            ],
            [
              -121.18368399970377,
              45.606450000209186
            ],
            [
              -121.14558299987192,
              45.60794499994188
            ],
            [
              -121.06446000033564,
              45.65249100015783
            ],
            [
              -120.9834940002599,
              45.64835800009529
            ],
            [
              -120.9440180004266,
              45.656392000036796
            ],
            [
              -120.91360799966324,
              45.63999200014752
            ],
            [
              -120.89582200023139,
              45.64292299992166
            ],
            [
              -120.85541499991234,
              45.67172900002737
            ],
            [
              -120.6895350002069,
              45.715727000215665
            ],
            [
              -120.63505099963538,
              45.74571100026432
            ],
            [
              -120.55928699963954,
              45.738314999963265
            ],
            [
              -120.50574299977461,
              45.69994899981346
            ],
            [
              -120.48261499962247,
              45.6944069997418
            ],
            [
              -120.21077399959317,
              45.725915000128964
            ],
            [
              -120.17060300017398,
              45.761979999942746
            ],
            [
              -120.07023599956715,
              45.785155999764605
            ],
            [
              -119.96577200034176,
              45.824375999731274
            ],
            [
              -119.66997399978182,
              45.85690800016533
            ],
            [
              -119.62362799996421,
              45.905601999769004
            ],
            [
              -119.57160200021586,
              45.92547799985653
            ],
            [
              -119.48808299978072,
              45.906361000284925
            ],
            [
              -119.25707199966973,
              45.939866999782446
            ],
            [
              -119.19551999964557,
              45.92790000026561
            ],
            [
              -119.1263219998604,
              45.932784000272655
            ],
            [
              -119.02721499962725,
              45.96911200015593
            ],
            [
              -118.98725799957002,
              45.9998549997806
            ],
            [
              -118.40505600027808,
              46.000757000206896
            ],
            [
              -118.40381699982079,
              46.00077299991567
            ]
          ]
        ]
      }
    }
  ]
}
