{"type":"FeatureCollection","features":[{"type":"Feature","id":827,"geometry":{"type":"Point","coordinates":[-76.94324995077915,38.90109211117779]},"properties":{"NAME":"Engine Company 27","ADDRESS":"4201 MINNESOTA AVENUE NE","TYPE":"Indoor/Outdoor","SITE_TYPE":"Fire Emergency Medical Services","WARD":"Ward 7","MAR_ID":294591,"GIS_ID":"WirelessHotSpotPt_827","YCOORD":137027.2,"XCOORD":404922.84,"LONGITUDE":-76.94324768,"LATITUDE":38.90108465,"LABEL":null,"NUMBER_OF_SITES":null,"SE_ANNO_CAD_DATA":null,"GLOBALID":"{892B3D1E-84BB-4D83-A491-A97EABE74862}","CREATOR":"JLAY","CREATED":1713469448000,"EDITOR":"DCGIS","EDITED":1713477402000,"OBJECTID":827}},{"type":"Feature","id":1038,"geometry":{"type":"Point","coordinates":[-77.07484036085899,38.934853623293705]},"properties":{"NAME":"Second District Station","ADDRESS":"3320 IDAHO AVENUE NW","TYPE":"Indoor/Outdoor","SITE_TYPE":"Metro. Police Dept.","WARD":"Ward 3","MAR_ID":222229,"GIS_ID":"WirelessHotSpotPt_1038","YCOORD":140776.14,"XCOORD":393511.43,"LONGITUDE":-77.07483805,"LATITUDE":38.93484617,"LABEL":null,"NUMBER_OF_SITES":null,"SE_ANNO_CAD_DATA":null,"GLOBALID":"{9EF2DAFB-6D57-4975-9068-82F26BE75D05}","CREATOR":"JLAY","CREATED":1713469448000,"EDITOR":"DCGIS","EDITED":1713477402000,"OBJECTID":1038}},{"type":"Feature","id":1064,"geometry":{"type":"Point","coordinates":[-77.04697727077269,38.903167199134636]},"properties":{"NAME":"Stevens Elementary School","ADDRESS":"1050 21ST STREET NW","TYPE":"Outdoor","SITE_TYPE":"Public School","WARD":"Ward 2","MAR_ID":294506,"GIS_ID":"WirelessHotSpotPt_1064","YCOORD":137257.07,"XCOORD":395925.39,"LONGITUDE":-77.04697497,"LATITUDE":38.90315941,"LABEL":null,"NUMBER_OF_SITES":null,"SE_ANNO_CAD_DATA":null,"GLOBALID":"{E1F43CB6-E7A1-4CF0-8B25-1B30797343D4}","CREATOR":"JLAY","CREATED":1713469448000,"EDITOR":"DCGIS","EDITED":1713477402000,"OBJECTID":1064}},{"type":"Feature","id":1042,"geometry":{"type":"Point","coordinates":[-76.993169425479,38.89860236093728]},"properties":{"NAME":"Sherwood Recreation Center","ADDRESS":"640 10TH STREET NE","TYPE":"Indoor/Outdoor","SITE_TYPE":"Rec. Center","WARD":"Ward 6","MAR_ID":301075,"GIS_ID":"WirelessHotSpotPt_1042","YCOORD":136749.31,"XCOORD":400592.72000000003,"LONGITUDE":-76.99316714,"LATITUDE":38.89859457,"LABEL":null,"NUMBER_OF_SITES":null,"SE_ANNO_CAD_DATA":null,"GLOBALID":"{3AF867B9-2893-4116-B004-99C5AE872DC1}","CREATOR":"JLAY","CREATED":1713469448000,"EDITOR":"DCGIS","EDITED":1713477402000,"OBJECTID":1042}},{"type":"Feature","id":764,"geometry":{"type":"Point","coordinates":[-77.06374269243622,38.9050034450874]},"properties":{"NAME":"DMV Georgetown","ADDRESS":"3222 M STREET NW","TYPE":"Indoor","SITE_TYPE":"Administrative","WARD":"Ward 2","MAR_ID":300197,"GIS_ID":"WirelessHotSpotPt_764","YCOORD":137461.79,"XCOORD":394471.3,"LONGITUDE":-77.06374039,"LATITUDE":38.90499599,"LABEL":null,"NUMBER_OF_SITES":null,"SE_ANNO_CAD_DATA":null,"GLOBALID":"{6FCF7EF6-D210-4AA7-9397-B5CFAE5A40E1}","CREATOR":"JLAY","CREATED":1713469448000,"EDITOR":"DCGIS","EDITED":1713477402000,"OBJECTID":764}},{"type":"Feature","id":940,"geometry":{"type":"Point","coordinates":[-76.91282268749856,38.89143828602444]},"properties":{"NAME":"Marvin Gaye Recreation Center (formerly Watts Branch)","ADDRESS":"15 61ST STREET NE","TYPE":"Indoor/Outdoor","SITE_TYPE":"Rec. Center","WARD":"Ward 7","MAR_ID":320321,"GIS_ID":"WirelessHotSpotPt_940","YCOORD":135957.63,"XCOORD":407563.2,"LONGITUDE":-76.91282043,"LATITUDE":38.8914305,"LABEL":null,"NUMBER_OF_SITES":null,"SE_ANNO_CAD_DATA":null,"GLOBALID":"{2C93C792-C270-4DE3-8DED-F85753BBDD09}","CREATOR":"JLAY","CREATED":1713469448000,"EDITOR":"DCGIS","EDITED":1713477402000,"OBJECTID":940}},{"type":"Feature","id":971,"geometry":{"type":"Point","coordinates":[-77.01396780245221,38.96550840133917]},"properties":{"NAME":"National Children's Center","ADDRESS":"6200 2ND STREET NW","TYPE":"Outdoor","SITE_TYPE":"Community Service Organization","WARD":"Ward 4","MAR_ID":245006,"GIS_ID":"WirelessHotSpotPt_971","YCOORD":144176.53,"XCOORD":398789.69,"LONGITUDE":-77.01396551,"LATITUDE":38.96550093,"LABEL":null,"NUMBER_OF_SITES":null,"SE_ANNO_CAD_DATA":null,"GLOBALID":"{54FD27DA-1323-4FD6-BA33-20D0E0654DC2}","CREATOR":"JLAY","CREATED":1713469448000,"EDITOR":"DCGIS","EDITED":1713477402000,"OBJECTID":971}},{"type":"Feature","id":953,"geometry":{"type":"Point","coordinates":[-76.98294595667818,38.85666345072426]},"properties":{"NAME":"Moten Elementary School","ADDRESS":"1565 MORRIS ROAD SE","TYPE":"Indoor/Outdoor","SITE_TYPE":"Public School","WARD":"Ward 8","MAR_ID":294524,"GIS_ID":"WirelessHotSpotPt_953","YCOORD":132093.89,"XCOORD":401480.43,"LONGITUDE":-76.98294368,"LATITUDE":38.856656,"LABEL":null,"NUMBER_OF_SITES":null,"SE_ANNO_CAD_DATA":null,"GLOBALID":"{F8B0082E-32B6-4239-B7F0-03F657902134}","CREATOR":"JLAY","CREATED":1713469448000,"EDITOR":"DCGIS","EDITED":1713477402000,"OBJECTID":953}},{"type":"Feature","id":698,"geometry":{"type":"Point","coordinates":[-76.99064265177616,38.88070218077483]},"properties":{"NAME":"Cesar Chavez PCHS for Public Policy - Capitol Hill Campus","ADDRESS":"709 12TH STREET SE","TYPE":"Outdoor","SITE_TYPE":"Public Charter School","WARD":"Ward 6","MAR_ID":76726,"GIS_ID":"WirelessHotSpotPt_698","YCOORD":134762.27,"XCOORD":400812.11,"LONGITUDE":-76.99064037,"LATITUDE":38.88069473,"LABEL":null,"NUMBER_OF_SITES":null,"SE_ANNO_CAD_DATA":null,"GLOBALID":"{5ACAC3FB-A701-4107-B4F9-DB78A848714A}","CREATOR":"JLAY","CREATED":1713469448000,"EDITOR":"DCGIS","EDITED":1713477402000,"OBJECTID":698}},{"type":"Feature","id":1027,"geometry":{"type":"Point","coordinates":[-77.0323629229574,38.92201175424357]},"properties":{"NAME":"Rita Bright Recreation Center","ADDRESS":"2500 14TH STREET NW","TYPE":"Indoor/Outdoor","SITE_TYPE":"Rec. Center","WARD":"Ward 1","MAR_ID":234200,"GIS_ID":"WirelessHotSpotPt_1027","YCOORD":139348.42,"XCOORD":397193.78,"LONGITUDE":-77.03236063,"LATITUDE":38.92200396,"LABEL":null,"NUMBER_OF_SITES":null,"SE_ANNO_CAD_DATA":null,"GLOBALID":"{52FA60DD-C86F-478D-8CCA-9EFD1B78BC2D}","CREATOR":"JLAY","CREATED":1713469448000,"EDITOR":"DCGIS","EDITED":1713477402000,"OBJECTID":1027}},{"type":"Feature","id":963,"geometry":{"type":"Point","coordinates":[-77.01720458009375,38.815088853526845]},"properties":{"NAME":"MPD Mobile Force, Building 3B","ADDRESS":"2 DC VILLAGE LANE SW","TYPE":"Outdoor","SITE_TYPE":"Metro. Police Dept.","WARD":"Ward 8","MAR_ID":299538,"GIS_ID":"WirelessHotSpotPt_963","YCOORD":127478.83,"XCOORD":398506.03,"LONGITUDE":-77.0172023,"LATITUDE":38.81508108,"LABEL":null,"NUMBER_OF_SITES":null,"SE_ANNO_CAD_DATA":null,"GLOBALID":"{6A34A380-11C3-46C0-900E-50CEEEAA8488}","CREATOR":"JLAY","CREATED":1713469448000,"EDITOR":"DCGIS","EDITED":1713477402000,"OBJECTID":963}},{"type":"Feature","id":803,"geometry":{"type":"Point","coordinates":[-77.07047884827598,38.91315843655576]},"properties":{"NAME":"Ellington School of The Art","ADDRESS":"3500 R STREET NW","TYPE":"Indoor/Outdoor","SITE_TYPE":"Public School","WARD":"Ward 2","MAR_ID":294569,"GIS_ID":"WirelessHotSpotPt_803","YCOORD":138367.49,"XCOORD":393887.72000000003,"LONGITUDE":-77.07047654,"LATITUDE":38.91315065,"LABEL":null,"NUMBER_OF_SITES":null,"SE_ANNO_CAD_DATA":null,"GLOBALID":"{4E8B1FA1-190B-410A-88EA-1BDF8C71F2D7}","CREATOR":"JLAY","CREATED":1713469448000,"EDITOR":"DCGIS","EDITED":1713477402000,"OBJECTID":803}},{"type":"Feature","id":692,"geometry":{"type":"Point","coordinates":[-77.02837271711589,38.963195446934506]},"properties":{"NAME":"Center City Brightwood Campus","ADDRESS":"6008 GEORGIA AVENUE NW","TYPE":"Outdoor","SITE_TYPE":"Public Charter School","WARD":"Ward 4","MAR_ID":253198,"GIS_ID":"WirelessHotSpotPt_692","YCOORD":143920.06,"XCOORD":397541.22000000003,"LONGITUDE":-77.02837042,"LATITUDE":38.96318765,"LABEL":null,"NUMBER_OF_SITES":null,"SE_ANNO_CAD_DATA":null,"GLOBALID":"{7DA98F02-4C61-47A5-808A-B3A0A7DCFCC4}","CREATOR":"JLAY","CREATED":1713469448000,"EDITOR":"DCGIS","EDITED":1713477402000,"OBJECTID":692}},{"type":"Feature","id":700,"geometry":{"type":"Point","coordinates":[-76.99379221517762,38.931170502601816]},"properties":{"NAME":"CFSA","ADDRESS":"3350 9TH STREET NE","TYPE":"Indoor","SITE_TYPE":"Administrative","WARD":"Ward 5","MAR_ID":310972,"GIS_ID":"WirelessHotSpotPt_700","YCOORD":140364.64,"XCOORD":400538.45,"LONGITUDE":-76.99378993,"LATITUDE":38.93116271,"LABEL":null,"NUMBER_OF_SITES":null,"SE_ANNO_CAD_DATA":null,"GLOBALID":"{B5DB08B0-1A2C-4382-8A60-59BBDE223255}","CREATOR":"JLAY","CREATED":1713469448000,"EDITOR":"DCGIS","EDITED":1713477402000,"OBJECTID":700}},{"type":"Feature","id":886,"geometry":{"type":"Point","coordinates":[-76.94290381874951,38.90072277991469]},"properties":{"NAME":"Hunt Place Community Health Center","ADDRESS":"4130 HUNT PLACE NE","TYPE":"Outdoor","SITE_TYPE":"Health Center","WARD":"Ward 7","MAR_ID":155959,"GIS_ID":"WirelessHotSpotPt_886","YCOORD":136986.22,"XCOORD":404952.89,"LONGITUDE":-76.94290155,"LATITUDE":38.90071532,"LABEL":null,"NUMBER_OF_SITES":null,"SE_ANNO_CAD_DATA":null,"GLOBALID":"{5AE18843-81FA-49A5-A648-B0CDD023EF99}","CREATOR":"JLAY","CREATED":1713469448000,"EDITOR":"DCGIS","EDITED":1713477402000,"OBJECTID":886}},{"type":"Feature","id":1060,"geometry":{"type":"Point","coordinates":[-76.99509128489036,38.84953775130651]},"properties":{"NAME":"St. Elizabeths East Gateway Pavilion","ADDRESS":"2700 MARTIN LUTHER KING JR AVENUE SE","TYPE":"Indoor/Outdoor","SITE_TYPE":"Administrative","WARD":"Ward 8","MAR_ID":301562,"GIS_ID":"WirelessHotSpotPt_1060","YCOORD":131302.76,"XCOORD":400426.3,"LONGITUDE":-76.99508901,"LATITUDE":38.84952997,"LABEL":null,"NUMBER_OF_SITES":null,"SE_ANNO_CAD_DATA":null,"GLOBALID":"{80865A79-11ED-42E3-AAFB-69F1DC4F072C}","CREATOR":"JLAY","CREATED":1713469448000,"EDITOR":"DCGIS","EDITED":1713477402000,"OBJECTID":1060}},{"type":"Feature","id":932,"geometry":{"type":"Point","coordinates":[-76.99231860919363,38.93228384190664]},"properties":{"NAME":"Luke Charles Moore High School","ADDRESS":"1001 MONROE STREET NE","TYPE":"Indoor/Outdoor","SITE_TYPE":"Public School","WARD":"Ward 5","MAR_ID":294504,"GIS_ID":"WirelessHotSpotPt_932","YCOORD":140488.24,"XCOORD":400666.21,"LONGITUDE":-76.99231633,"LATITUDE":38.93227638,"LABEL":null,"NUMBER_OF_SITES":null,"SE_ANNO_CAD_DATA":null,"GLOBALID":"{E1BEDCB9-43DA-4032-9E90-4F50EED58A9F}","CREATOR":"JLAY","CREATED":1713469448000,"EDITOR":"DCGIS","EDITED":1713477402000,"OBJECTID":932}},{"type":"Feature","id":869,"geometry":{"type":"Point","coordinates":[-77.03029090734725,38.91796324646329]},"properties":{"NAME":"Harrison Recreation Center","ADDRESS":"1330 V STREET NW","TYPE":"Indoor/Outdoor","SITE_TYPE":"Rec. Center","WARD":"Ward 1","MAR_ID":283986,"GIS_ID":"WirelessHotSpotPt_869","YCOORD":138898.94,"XCOORD":397373.31,"LONGITUDE":-77.03028861,"LATITUDE":38.91795579,"LABEL":null,"NUMBER_OF_SITES":null,"SE_ANNO_CAD_DATA":null,"GLOBALID":"{89F936D6-A3B1-41BD-AC80-CE1030B78764}","CREATOR":"JLAY","CREATED":1713469448000,"EDITOR":"DCGIS","EDITED":1713477402000,"OBJECTID":869}},{"type":"Feature","id":821,"geometry":{"type":"Point","coordinates":[-77.02653614293513,38.97340987570783]},"properties":{"NAME":"Engine Company 22 (NEW)","ADDRESS":"6825 GEORGIA AVENUE NW","TYPE":"Indoor/Outdoor","SITE_TYPE":"Fire Emergency Medical Services","WARD":"Ward 4","MAR_ID":253890,"GIS_ID":"WirelessHotSpotPt_821","YCOORD":145053.91,"XCOORD":397700.72000000003,"LONGITUDE":-77.02653385,"LATITUDE":38.97340207,"LABEL":null,"NUMBER_OF_SITES":null,"SE_ANNO_CAD_DATA":null,"GLOBALID":"{C5BBFDB3-862F-40BE-B54A-672AA812C58E}","CREATOR":"JLAY","CREATED":1713469448000,"EDITOR":"DCGIS","EDITED":1713477402000,"OBJECTID":821}},{"type":"Feature","id":891,"geometry":{"type":"Point","coordinates":[-77.03309271436933,38.90748470597578]},"properties":{"NAME":"James Apartments","ADDRESS":"1425 N STREET NW","TYPE":"Indoor/Outdoor","SITE_TYPE":"Public Housing","WARD":"Ward 2","MAR_ID":240239,"GIS_ID":"WirelessHotSpotPt_891","YCOORD":137735.82,"XCOORD":397129.91000000003,"LONGITUDE":-77.03309042,"LATITUDE":38.90747692,"LABEL":null,"NUMBER_OF_SITES":null,"SE_ANNO_CAD_DATA":null,"GLOBALID":"{579A4D1C-5121-47E4-8585-ACE858B6F6F0}","CREATOR":"JLAY","CREATED":1713469448000,"EDITOR":"DCGIS","EDITED":1713477402000,"OBJECTID":891}},{"type":"Feature","id":983,"geometry":{"type":"Point","coordinates":[-77.02659481545464,38.922833687523976]},"properties":{"NAME":"Oyster-Adams (Adams campus) at Meyer Swing Space","ADDRESS":"2501 11TH STREET NW","TYPE":"Indoor/Outdoor","SITE_TYPE":"Public School","WARD":"Ward 1","MAR_ID":242979,"GIS_ID":"WirelessHotSpotPt_983","YCOORD":139439.5,"XCOORD":397694,"LONGITUDE":-77.02659252,"LATITUDE":38.92282623,"LABEL":null,"NUMBER_OF_SITES":null,"SE_ANNO_CAD_DATA":null,"GLOBALID":"{B719351F-2718-4608-9152-59ADD42C14EC}","CREATOR":"JLAY","CREATED":1713469448000,"EDITOR":"DCGIS","EDITED":1713477402000,"OBJECTID":983}},{"type":"Feature","id":749,"geometry":{"type":"Point","coordinates":[-76.9432983424246,38.877775567494474]},"properties":{"NAME":"DECOM (Ridge Road Recreation Center)","ADDRESS":"800 RIDGE ROAD SE","TYPE":"Outdoor","SITE_TYPE":"Rec. Center","WARD":"Ward 7","MAR_ID":289024,"GIS_ID":"WirelessHotSpotPt_749","YCOORD":134438.88,"XCOORD":404920.25,"LONGITUDE":-76.94329608,"LATITUDE":38.87776778,"LABEL":null,"NUMBER_OF_SITES":null,"SE_ANNO_CAD_DATA":null,"GLOBALID":"{18CB34BF-71A2-4599-B2DD-B409E463529F}","CREATOR":"JLAY","CREATED":1713469448000,"EDITOR":"DCGIS","EDITED":1713477402000,"OBJECTID":749}},{"type":"Feature","id":1007,"geometry":{"type":"Point","coordinates":[-76.99985669661126,38.89283846660675]},"properties":{"NAME":"Peabody Elementary School","ADDRESS":"425 C STREET NE","TYPE":"Indoor/Outdoor","SITE_TYPE":"Public School","WARD":"Ward 6","MAR_ID":288145,"GIS_ID":"WirelessHotSpotPt_1007","YCOORD":136109.45,"XCOORD":400012.63,"LONGITUDE":-76.99985441,"LATITUDE":38.89283068,"LABEL":null,"NUMBER_OF_SITES":null,"SE_ANNO_CAD_DATA":null,"GLOBALID":"{F0E67D73-88E3-4129-A704-8EE83CE74F17}","CREATOR":"JLAY","CREATED":1713469448000,"EDITOR":"DCGIS","EDITED":1713477402000,"OBJECTID":1007}},{"type":"Feature","id":875,"geometry":{"type":"Point","coordinates":[-76.92270110242143,38.89681936564394]},"properties":{"NAME":"HD Woodson High School Adolescent Wellness Center","ADDRESS":"540 55TH STREET NE","TYPE":"Indoor","SITE_TYPE":"Health Center","WARD":"Ward 7","MAR_ID":309633,"GIS_ID":"WirelessHotSpotPt_875","YCOORD":136554.2,"XCOORD":406705.7,"LONGITUDE":-76.922699,"LATITUDE":38.896812,"LABEL":null,"NUMBER_OF_SITES":null,"SE_ANNO_CAD_DATA":null,"GLOBALID":"{FF21053F-2F9A-4461-87BB-E5D99E17AF65}","CREATOR":"JLAY","CREATED":1713469448000,"EDITOR":"DCGIS","EDITED":1713477402000,"OBJECTID":875}},{"type":"Feature","id":815,"geometry":{"type":"Point","coordinates":[-76.9899304932192,38.93233401703507]},"properties":{"NAME":"Engine Company 17","ADDRESS":"1227 MONROE STREET NE","TYPE":"Indoor/Outdoor","SITE_TYPE":"Fire Emergency Medical Services","WARD":"Ward 5","MAR_ID":294510,"GIS_ID":"WirelessHotSpotPt_815","YCOORD":140493.83000000002,"XCOORD":400873.27,"LONGITUDE":-76.98992821,"LATITUDE":38.93232656,"LABEL":null,"NUMBER_OF_SITES":null,"SE_ANNO_CAD_DATA":null,"GLOBALID":"{3EA69E09-601A-4117-9F34-FBD800623397}","CREATOR":"JLAY","CREATED":1713469448000,"EDITOR":"DCGIS","EDITED":1713477402000,"OBJECTID":815}},{"type":"Feature","id":1083,"geometry":{"type":"Point","coordinates":[-76.98407082030964,38.83630579005989]},"properties":{"NAME":"United Medical Center","ADDRESS":"1310 SOUTHERN AVENUE SE","TYPE":"Outdoor","SITE_TYPE":"Health Center","WARD":"Ward 8","MAR_ID":277936,"GIS_ID":"WirelessHotSpotPt_1083","YCOORD":129834.03,"XCOORD":401383.19,"LONGITUDE":-76.98406855,"LATITUDE":38.83629801,"LABEL":null,"NUMBER_OF_SITES":null,"SE_ANNO_CAD_DATA":null,"GLOBALID":"{256C18C4-545F-4463-A702-57D7B93299F2}","CREATOR":"JLAY","CREATED":1713469448000,"EDITOR":"DCGIS","EDITED":1713477402000,"OBJECTID":1083}},{"type":"Feature","id":1030,"geometry":{"type":"Point","coordinates":[-77.0257510805071,38.91755256433793]},"properties":{"NAME":"Roosevelt STAY High School at Garnett-Patterson","ADDRESS":"2001 10TH STREET NW","TYPE":"Indoor","SITE_TYPE":"Public School","WARD":"Ward 1","MAR_ID":294533,"GIS_ID":"WirelessHotSpotPt_1030","YCOORD":138853.23,"XCOORD":397767,"LONGITUDE":-77.02574879,"LATITUDE":38.91754511,"LABEL":null,"NUMBER_OF_SITES":null,"SE_ANNO_CAD_DATA":null,"GLOBALID":"{A85B07BC-DA4C-4B76-AF7A-301CD94E4BCC}","CREATOR":"JLAY","CREATED":1713469448000,"EDITOR":"DCGIS","EDITED":1713477402000,"OBJECTID":1030}},{"type":"Feature","id":843,"geometry":{"type":"Point","coordinates":[-76.97063317136916,38.863305886293695]},"properties":{"NAME":"Family Year Round Temporary Shelters","ADDRESS":"2601 NAYLOR ROAD SE","TYPE":"Outdoor","SITE_TYPE":"Administrative","WARD":"Ward 8","MAR_ID":287132,"GIS_ID":"WirelessHotSpotPt_843","YCOORD":132831.52,"XCOORD":402548.9,"LONGITUDE":-76.9706309,"LATITUDE":38.86329844,"LABEL":null,"NUMBER_OF_SITES":null,"SE_ANNO_CAD_DATA":null,"GLOBALID":"{AD5180F9-558C-4B07-8DD3-39BC58F246C7}","CREATOR":"JLAY","CREATED":1713469448000,"EDITOR":"DCGIS","EDITED":1713477402000,"OBJECTID":843}},{"type":"Feature","id":907,"geometry":{"type":"Point","coordinates":[-76.9880924506888,38.884438808196094]},"properties":{"NAME":"Kentucky Courts","ADDRESS":"340 13TH STREET SE","TYPE":"Indoor/Outdoor","SITE_TYPE":"Public Housing","WARD":"Ward 6","MAR_ID":150698,"GIS_ID":"WirelessHotSpotPt_907","YCOORD":135177.09,"XCOORD":401033.33,"LONGITUDE":-76.98809017,"LATITUDE":38.88443136,"LABEL":null,"NUMBER_OF_SITES":null,"SE_ANNO_CAD_DATA":null,"GLOBALID":"{C92A1B29-35F7-452F-8180-EE8CF5DA16AC}","CREATOR":"JLAY","CREATED":1713469448000,"EDITOR":"DCGIS","EDITED":1713477402000,"OBJECTID":907}},{"type":"Feature","id":828,"geometry":{"type":"Point","coordinates":[-77.05940588019533,38.93635255071732]},"properties":{"NAME":"Engine Company 28 (Truck Company 14)","ADDRESS":"3522 CONNECTICUT AVENUE NW","TYPE":"Indoor/Outdoor","SITE_TYPE":"Fire Emergency Medical Services","WARD":"Ward 3","MAR_ID":220960,"GIS_ID":"WirelessHotSpotPt_828","YCOORD":140941.55000000002,"XCOORD":394849.73,"LONGITUDE":-77.05940358,"LATITUDE":38.93634509,"LABEL":null,"NUMBER_OF_SITES":null,"SE_ANNO_CAD_DATA":null,"GLOBALID":"{6F091E02-A763-453C-A7D0-06921A708C6E}","CREATOR":"JLAY","CREATED":1713469448000,"EDITOR":"DCGIS","EDITED":1713477402000,"OBJECTID":828}},{"type":"Feature","id":1047,"geometry":{"type":"Point","coordinates":[-76.9301524619641,38.900372723731245]},"properties":{"NAME":"Sixth District Station","ADDRESS":"5002 HAYES STREET NE","TYPE":"Indoor/Outdoor","SITE_TYPE":"Metro. Police Dept.","WARD":"Ward 7","MAR_ID":294606,"GIS_ID":"WirelessHotSpotPt_1047","YCOORD":136948.13,"XCOORD":406059.01,"LONGITUDE":-76.9301502,"LATITUDE":38.90036493,"LABEL":null,"NUMBER_OF_SITES":null,"SE_ANNO_CAD_DATA":null,"GLOBALID":"{CB6C462D-D5DB-4046-8A05-0141BAAD3996}","CREATOR":"JLAY","CREATED":1713469448000,"EDITOR":"DCGIS","EDITED":1713477402000,"OBJECTID":1047}},{"type":"Feature","id":1084,"geometry":{"type":"Point","coordinates":[-76.98360485968601,38.86315969902659]},"properties":{"NAME":"Unity - Anacostia","ADDRESS":"1500 GALEN STREET SE","TYPE":"Outdoor","SITE_TYPE":"Health Center","WARD":"Ward 8","MAR_ID":277592,"GIS_ID":"WirelessHotSpotPt_1084","YCOORD":132815.01,"XCOORD":401423.11,"LONGITUDE":-76.98360258,"LATITUDE":38.86315192,"LABEL":null,"NUMBER_OF_SITES":null,"SE_ANNO_CAD_DATA":null,"GLOBALID":"{E1B9FB45-73FF-4275-9BC1-73E41B351420}","CREATOR":"JLAY","CREATED":1713469448000,"EDITOR":"DCGIS","EDITED":1713477402000,"OBJECTID":1084}},{"type":"Feature","id":1088,"geometry":{"type":"Point","coordinates":[-76.99924627835114,38.87680390031055]},"properties":{"NAME":"Van Ness Elementary School","ADDRESS":"1150 5TH STREET SE","TYPE":"Indoor/Outdoor","SITE_TYPE":"Public School","WARD":"Ward 8","MAR_ID":294508,"GIS_ID":"WirelessHotSpotPt_1088","YCOORD":134329.49,"XCOORD":400065.60000000003,"LONGITUDE":-76.99924399999999,"LATITUDE":38.87679645,"LABEL":null,"NUMBER_OF_SITES":null,"SE_ANNO_CAD_DATA":null,"GLOBALID":"{9D17D556-6D7A-446B-88F7-804D9F916BF2}","CREATOR":"JLAY","CREATED":1713469448000,"EDITOR":"DCGIS","EDITED":1713477402000,"OBJECTID":1088}},{"type":"Feature","id":1034,"geometry":{"type":"Point","coordinates":[-76.99314266261388,38.89758981932536]},"properties":{"NAME":"School within a School at Goding","ADDRESS":"920 F STREET NE","TYPE":"Indoor/Outdoor","SITE_TYPE":"Public School","WARD":"Ward 6","MAR_ID":289072,"GIS_ID":"WirelessHotSpotPt_1034","YCOORD":136636.91,"XCOORD":400595.05,"LONGITUDE":-76.99314038,"LATITUDE":38.89758203,"LABEL":null,"NUMBER_OF_SITES":null,"SE_ANNO_CAD_DATA":null,"GLOBALID":"{A70DE5C0-9033-465F-BB01-9A59C6D89AB1}","CREATOR":"JLAY","CREATED":1713469448000,"EDITOR":"DCGIS","EDITED":1713477402000,"OBJECTID":1034}},{"type":"Feature","id":916,"geometry":{"type":"Point","coordinates":[-77.03516683111738,38.925910015851585]},"properties":{"NAME":"La Clinica Del Pueblo (Main Office)","ADDRESS":"2831 15TH STREET NW","TYPE":"Outdoor","SITE_TYPE":"Health Center","WARD":"Ward 1","MAR_ID":243232,"GIS_ID":"WirelessHotSpotPt_916","YCOORD":139781.25,"XCOORD":396950.8,"LONGITUDE":-77.03516454,"LATITUDE":38.92590222,"LABEL":null,"NUMBER_OF_SITES":null,"SE_ANNO_CAD_DATA":null,"GLOBALID":"{57795856-84C6-4D6C-8506-5CA7BD36BC22}","CREATOR":"JLAY","CREATED":1713469448000,"EDITOR":"DCGIS","EDITED":1713477402000,"OBJECTID":916}},{"type":"Feature","id":909,"geometry":{"type":"Point","coordinates":[-77.10052963425032,38.92680929350781]},"properties":{"NAME":"Key Elementary School","ADDRESS":"5001 DANA PLACE NW","TYPE":"Indoor/Outdoor","SITE_TYPE":"Public School","WARD":"Ward 3","MAR_ID":294605,"GIS_ID":"WirelessHotSpotPt_909","YCOORD":139885.29,"XCOORD":391283.15,"LONGITUDE":-77.10052732,"LATITUDE":38.92680184,"LABEL":null,"NUMBER_OF_SITES":null,"SE_ANNO_CAD_DATA":null,"GLOBALID":"{0C77E2C1-B0B6-416B-B292-7548FEBDB750}","CREATOR":"JLAY","CREATED":1713469448000,"EDITOR":"DCGIS","EDITED":1713477402000,"OBJECTID":909}},{"type":"Feature","id":859,"geometry":{"type":"Point","coordinates":[-77.02582434055412,38.92147846787459]},"properties":{"NAME":"Garfield Terrace (Family and Senior)","ADDRESS":"2301 11TH STREET NW","TYPE":"Outdoor","SITE_TYPE":"Public Housing","WARD":"Ward 1","MAR_ID":284334,"GIS_ID":"WirelessHotSpotPt_859","YCOORD":139289.04,"XCOORD":397760.77,"LONGITUDE":-77.02582205,"LATITUDE":38.92147068,"LABEL":null,"NUMBER_OF_SITES":null,"SE_ANNO_CAD_DATA":null,"GLOBALID":"{B6FEAA04-D270-4E7A-B68B-5F02FFED298F}","CREATOR":"JLAY","CREATED":1713469448000,"EDITOR":"DCGIS","EDITED":1713477402000,"OBJECTID":859}},{"type":"Feature","id":926,"geometry":{"type":"Point","coordinates":[-76.93356921231924,38.898510345601615]},"properties":{"NAME":"Lederer Youth Gardens","ADDRESS":"4801 NANNIE HELEN BURROUGHS AVENUE NE","TYPE":"Indoor/Outdoor","SITE_TYPE":"Rec. Center","WARD":"Ward 7","MAR_ID":295153,"GIS_ID":"WirelessHotSpotPt_926","YCOORD":136741.17,"XCOORD":405762.78,"LONGITUDE":-76.93356695,"LATITUDE":38.89850289,"LABEL":null,"NUMBER_OF_SITES":null,"SE_ANNO_CAD_DATA":null,"GLOBALID":"{F512FE71-271C-4EE8-94E0-C595E1D1E427}","CREATOR":"JLAY","CREATED":1713469448000,"EDITOR":"DCGIS","EDITED":1713477402000,"OBJECTID":926}},{"type":"Feature","id":1036,"geometry":{"type":"Point","coordinates":[-77.04818876406596,38.898131572671375]},"properties":{"NAME":"School Without Walls Senior High","ADDRESS":"2130 G STREET NW","TYPE":"Indoor/Outdoor","SITE_TYPE":"Public School","WARD":"Ward 2","MAR_ID":242528,"GIS_ID":"WirelessHotSpotPt_1036","YCOORD":136698.13,"XCOORD":395820.01,"LONGITUDE":-77.04818647,"LATITUDE":38.89812412,"LABEL":null,"NUMBER_OF_SITES":null,"SE_ANNO_CAD_DATA":null,"GLOBALID":"{E590F549-8B8E-4B89-A413-C3B6650F54A7}","CREATOR":"JLAY","CREATED":1713469448000,"EDITOR":"DCGIS","EDITED":1713477402000,"OBJECTID":1036}},{"type":"Feature","id":888,"geometry":{"type":"Point","coordinates":[-77.00321337532756,38.82390145361909]},"properties":{"NAME":"Ingenuity Prep  (Old)Patricia R. Harris Education Center)","ADDRESS":"4600 LIVINGSTON ROAD SE","TYPE":"Indoor","SITE_TYPE":"Public Charter School","WARD":"Ward 8","MAR_ID":294600,"GIS_ID":"WirelessHotSpotPt_888","YCOORD":128456.95,"XCOORD":399721.16000000003,"LONGITUDE":-77.0032111,"LATITUDE":38.82389368,"LABEL":null,"NUMBER_OF_SITES":null,"SE_ANNO_CAD_DATA":null,"GLOBALID":"{FFD18508-8886-453D-A9D8-70DC6C9343E2}","CREATOR":"JLAY","CREATED":1713469448000,"EDITOR":"DCGIS","EDITED":1713477402000,"OBJECTID":888}},{"type":"Feature","id":958,"geometry":{"type":"Point","coordinates":[-77.02085145941267,38.87388250871252]},"properties":{"NAME":"MPD Harbor Patrol","ADDRESS":"550 WATER STREET SW","TYPE":"Outdoor","SITE_TYPE":"Metro. Police Dept.","WARD":"Ward 6","MAR_ID":294491,"GIS_ID":"WirelessHotSpotPt_958","YCOORD":134005.4,"XCOORD":398190.8,"LONGITUDE":-77.02084917,"LATITUDE":38.87387506,"LABEL":null,"NUMBER_OF_SITES":null,"SE_ANNO_CAD_DATA":null,"GLOBALID":"{4634553D-37D3-4293-A63E-6D9563AC6393}","CREATOR":"JLAY","CREATED":1713469448000,"EDITOR":"DCGIS","EDITED":1713477402000,"OBJECTID":958}},{"type":"Feature","id":778,"geometry":{"type":"Point","coordinates":[-76.97357125204414,38.927052051944614]},"properties":{"NAME":"DPR-Langdon Park Pool","ADDRESS":"2860 MILLS AVENUE NE","TYPE":"Outdoor","SITE_TYPE":"Rec. Center","WARD":"Ward 5","MAR_ID":310266,"GIS_ID":"WirelessHotSpotPt_778","YCOORD":139907.77,"XCOORD":402291.86,"LONGITUDE":-76.97356897,"LATITUDE":38.92704459,"LABEL":null,"NUMBER_OF_SITES":null,"SE_ANNO_CAD_DATA":null,"GLOBALID":"{17F15D9E-BF31-48FF-8B99-263234DC12E5}","CREATOR":"JLAY","CREATED":1713469448000,"EDITOR":"DCGIS","EDITED":1713477402000,"OBJECTID":778}},{"type":"Feature","id":791,"geometry":{"type":"Point","coordinates":[-76.98644125316206,38.91855868436206]},"properties":{"NAME":"DPW - W Street NE","ADDRESS":"1241 W STREET NE","TYPE":"Indoor/Outdoor","SITE_TYPE":"Administrative","WARD":"Ward 5","MAR_ID":301879,"GIS_ID":"WirelessHotSpotPt_791","YCOORD":138964.69,"XCOORD":401176.03,"LONGITUDE":-76.98643897,"LATITUDE":38.91855089,"LABEL":null,"NUMBER_OF_SITES":null,"SE_ANNO_CAD_DATA":null,"GLOBALID":"{D0F2865B-EE75-4B47-AB83-AD36E48F3688}","CREATOR":"JLAY","CREATED":1713469448000,"EDITOR":"DCGIS","EDITED":1713477402000,"OBJECTID":791}},{"type":"Feature","id":787,"geometry":{"type":"Point","coordinates":[-77.0151354362442,38.92107190384099]},"properties":{"NAME":"DPW - Bryant Street NW","ADDRESS":"201 BRYANT STREET NW","TYPE":"Indoor/Outdoor","SITE_TYPE":"Administrative","WARD":"Ward 1","MAR_ID":226683,"GIS_ID":"WirelessHotSpotPt_787","YCOORD":139243.7,"XCOORD":398687.68,"LONGITUDE":-77.01513315,"LATITUDE":38.92106411,"LABEL":null,"NUMBER_OF_SITES":null,"SE_ANNO_CAD_DATA":null,"GLOBALID":"{42ACFA76-D335-43C2-B4B7-BB1D77765B7B}","CREATOR":"JLAY","CREATED":1713469448000,"EDITOR":"DCGIS","EDITED":1713477402000,"OBJECTID":787}},{"type":"Feature","id":912,"geometry":{"type":"Point","coordinates":[-76.99685426781593,38.83224573037591]},"properties":{"NAME":"Kipp DC Ferebee Hope Recreation Center","ADDRESS":"700 YUMA STREET SE","TYPE":"Outdoor","SITE_TYPE":"Rec. Center","WARD":"Ward 8","MAR_ID":289444,"GIS_ID":"WirelessHotSpotPt_912","YCOORD":129383.22,"XCOORD":400273.33,"LONGITUDE":-76.99685199,"LATITUDE":38.83223796,"LABEL":null,"NUMBER_OF_SITES":null,"SE_ANNO_CAD_DATA":null,"GLOBALID":"{A96AF5D6-F4CF-4F81-8D4C-A1EC9292598A}","CREATOR":"JLAY","CREATED":1713469448000,"EDITOR":"DCGIS","EDITED":1713477402000,"OBJECTID":912}},{"type":"Feature","id":897,"geometry":{"type":"Point","coordinates":[-76.98370595672756,38.85134435056089]},"properties":{"NAME":"Johnson Junior High","ADDRESS":"1400 BRUCE PLACE SE","TYPE":"Indoor/Outdoor","SITE_TYPE":"Public School","WARD":"Ward 8","MAR_ID":294520,"GIS_ID":"WirelessHotSpotPt_897","YCOORD":131503.42,"XCOORD":401414.57,"LONGITUDE":-76.98370368,"LATITUDE":38.85133691,"LABEL":null,"NUMBER_OF_SITES":null,"SE_ANNO_CAD_DATA":null,"GLOBALID":"{5AA06F2A-4E66-41ED-B3A2-152A8A222BE5}","CREATOR":"JLAY","CREATED":1713469448000,"EDITOR":"DCGIS","EDITED":1713477402000,"OBJECTID":897}},{"type":"Feature","id":747,"geometry":{"type":"Point","coordinates":[-76.93215784256401,38.90845241862823]},"properties":{"NAME":"Deanwood","ADDRESS":"1350 49TH STREET NE","TYPE":"Indoor/Outdoor","SITE_TYPE":"Rec. Center","WARD":"Ward 7","MAR_ID":307551,"GIS_ID":"WirelessHotSpotPt_747","YCOORD":137844.91,"XCOORD":405884.39,"LONGITUDE":-76.93215558,"LATITUDE":38.90844496,"LABEL":null,"NUMBER_OF_SITES":null,"SE_ANNO_CAD_DATA":null,"GLOBALID":"{162E992B-A981-457F-A7B4-91C84ADA3278}","CREATOR":"JLAY","CREATED":1713469448000,"EDITOR":"DCGIS","EDITED":1713477402000,"OBJECTID":747}},{"type":"Feature","id":957,"geometry":{"type":"Point","coordinates":[-77.02560911678447,38.93259738960437]},"properties":{"NAME":"MPD Fourth District Substation (4D-1)","ADDRESS":"750 PARK ROAD NW","TYPE":"Indoor","SITE_TYPE":"Metro. Police Dept.","WARD":"Ward 1","MAR_ID":233054,"GIS_ID":"WirelessHotSpotPt_957","YCOORD":140523.33000000002,"XCOORD":397779.78,"LONGITUDE":-77.02560682,"LATITUDE":38.9325896,"LABEL":null,"NUMBER_OF_SITES":null,"SE_ANNO_CAD_DATA":null,"GLOBALID":"{F657CA7B-5E74-409C-BEBA-571815919560}","CREATOR":"JLAY","CREATED":1713469448000,"EDITOR":"DCGIS","EDITED":1713477402000,"OBJECTID":957}},{"type":"Feature","id":898,"geometry":{"type":"Point","coordinates":[-76.96961172234633,38.86520009497633]},"properties":{"NAME":"Joint Education Facilities","ADDRESS":"2528 NAYLOR ROAD SE","TYPE":"Indoor/Outdoor","SITE_TYPE":"Community Service Organization","WARD":"Ward 7","MAR_ID":287097,"GIS_ID":"WirelessHotSpotPt_898","YCOORD":133041.82,"XCOORD":402637.48,"LONGITUDE":-76.96960945,"LATITUDE":38.86519265,"LABEL":null,"NUMBER_OF_SITES":null,"SE_ANNO_CAD_DATA":null,"GLOBALID":"{1193D316-51AE-488A-BA31-5AC4842E32A9}","CREATOR":"JLAY","CREATED":1713469448000,"EDITOR":"DCGIS","EDITED":1713477402000,"OBJECTID":898}},{"type":"Feature","id":1031,"geometry":{"type":"Point","coordinates":[-76.97913631139863,38.89781940244976]},"properties":{"NAME":"Rosedale Recreation Center and Library","ADDRESS":"1701 GALES STREET NE","TYPE":"Indoor/Outdoor","SITE_TYPE":"Rec. Center","WARD":"Ward 7","MAR_ID":307101,"GIS_ID":"WirelessHotSpotPt_1031","YCOORD":136662.58000000002,"XCOORD":401810.05,"LONGITUDE":-76.97913403,"LATITUDE":38.89781195,"LABEL":null,"NUMBER_OF_SITES":null,"SE_ANNO_CAD_DATA":null,"GLOBALID":"{651E3761-09A0-4143-9CEA-C2A1CAE3DE7A}","CREATOR":"JLAY","CREATED":1713469448000,"EDITOR":"DCGIS","EDITED":1713477402000,"OBJECTID":1031}},{"type":"Feature","id":922,"geometry":{"type":"Point","coordinates":[-77.0058889110303,38.91517624289988]},"properties":{"NAME":"Langley","ADDRESS":"101 T STREET NE","TYPE":"Indoor/Outdoor","SITE_TYPE":"Public School","WARD":"Ward 5","MAR_ID":285757,"GIS_ID":"WirelessHotSpotPt_922","YCOORD":138589.14,"XCOORD":399489.48,"LONGITUDE":-77.00588662,"LATITUDE":38.91516879,"LABEL":null,"NUMBER_OF_SITES":null,"SE_ANNO_CAD_DATA":null,"GLOBALID":"{8739D5E4-834C-4025-BE20-EBA701C41E72}","CREATOR":"JLAY","CREATED":1713469448000,"EDITOR":"DCGIS","EDITED":1713477402000,"OBJECTID":922}},{"type":"Feature","id":757,"geometry":{"type":"Point","coordinates":[-76.99659086373607,38.8999222357836]},"properties":{"NAME":"DHS/ Government Social Service","ADDRESS":"645 H STREET NE","TYPE":"Indoor","SITE_TYPE":"Administrative","WARD":"Ward 6","MAR_ID":288821,"GIS_ID":"WirelessHotSpotPt_757","YCOORD":136895.81,"XCOORD":400295.92,"LONGITUDE":-76.99658858,"LATITUDE":38.89991445,"LABEL":null,"NUMBER_OF_SITES":null,"SE_ANNO_CAD_DATA":null,"GLOBALID":"{D4946587-E7D4-4D53-80B9-9A7AD9C6A927}","CREATOR":"JLAY","CREATED":1713469448000,"EDITOR":"DCGIS","EDITED":1713477402000,"OBJECTID":757}},{"type":"Feature","id":895,"geometry":{"type":"Point","coordinates":[-77.06682994118621,38.91572075056672]},"properties":{"NAME":"Jelleff Recreation Center","ADDRESS":"3265 S STREET NW","TYPE":"Indoor/Outdoor","SITE_TYPE":"Rec. Center","WARD":"Ward 2","MAR_ID":273636,"GIS_ID":"WirelessHotSpotPt_895","YCOORD":138651.69,"XCOORD":394204.39,"LONGITUDE":-77.06682764,"LATITUDE":38.91571296,"LABEL":null,"NUMBER_OF_SITES":null,"SE_ANNO_CAD_DATA":null,"GLOBALID":"{4FCE11FC-1EE0-4841-A2B5-CBE33E7E8064}","CREATOR":"JLAY","CREATED":1713469448000,"EDITOR":"DCGIS","EDITED":1713477402000,"OBJECTID":895}},{"type":"Feature","id":920,"geometry":{"type":"Point","coordinates":[-76.97696702368643,38.924888972547166]},"properties":{"NAME":"Langdon Elementary School","ADDRESS":"1900 EVARTS STREET NE","TYPE":"Indoor/Outdoor","SITE_TYPE":"Public School","WARD":"Ward 5","MAR_ID":294532,"GIS_ID":"WirelessHotSpotPt_920","YCOORD":139667.57,"XCOORD":401997.47000000003,"LONGITUDE":-76.97696475,"LATITUDE":38.92488118,"LABEL":null,"NUMBER_OF_SITES":null,"SE_ANNO_CAD_DATA":null,"GLOBALID":"{778D9D32-CD93-44B3-B5F7-FB2FC9FEB7F9}","CREATOR":"JLAY","CREATED":1713469448000,"EDITOR":"DCGIS","EDITED":1713477402000,"OBJECTID":920}},{"type":"Feature","id":972,"geometry":{"type":"Point","coordinates":[-76.97551469342517,38.88850422352514]},"properties":{"NAME":"National Guard - D.C. Armory","ADDRESS":"2001 EAST CAPITOL STREET SE","TYPE":"Indoor","SITE_TYPE":"Administrative","WARD":"Ward 7","MAR_ID":294395,"GIS_ID":"WirelessHotSpotPt_972","YCOORD":135628.6,"XCOORD":402124.49,"LONGITUDE":-76.97551242,"LATITUDE":38.88849677,"LABEL":null,"NUMBER_OF_SITES":null,"SE_ANNO_CAD_DATA":null,"GLOBALID":"{B764EE2A-FEA8-4923-B08C-C79E7ACE0554}","CREATOR":"JLAY","CREATED":1713469448000,"EDITOR":"DCGIS","EDITED":1713477402000,"OBJECTID":972}},{"type":"Feature","id":660,"geometry":{"type":"Point","coordinates":[-76.99630563057333,38.86033286820145]},"properties":{"NAME":"Barry Farm Recreation Center","ADDRESS":"1230 SUMNER ROAD SE","TYPE":"Indoor/Outdoor","SITE_TYPE":"Rec. Center","WARD":"Ward 8","MAR_ID":285960,"GIS_ID":"WirelessHotSpotPt_660","YCOORD":132501.09,"XCOORD":400320.84,"LONGITUDE":-76.99630335,"LATITUDE":38.86032509,"LABEL":null,"NUMBER_OF_SITES":null,"SE_ANNO_CAD_DATA":null,"GLOBALID":"{B4E546C9-94F5-420C-86F2-955DEA24A2D0}","CREATOR":"JLAY","CREATED":1713469448000,"EDITOR":"DCGIS","EDITED":1713477402000,"OBJECTID":660}},{"type":"Feature","id":776,"geometry":{"type":"Point","coordinates":[-76.97830445692992,38.85765405796596]},"properties":{"NAME":"DPR-Fort Stanton Pool","ADDRESS":"1800 ERIE STREET SE","TYPE":"Outdoor","SITE_TYPE":"Rec. Center","WARD":"Ward 8","MAR_ID":302145,"GIS_ID":"WirelessHotSpotPt_776","YCOORD":132203.94,"XCOORD":401883.27,"LONGITUDE":-76.97830218,"LATITUDE":38.85764628,"LABEL":null,"NUMBER_OF_SITES":null,"SE_ANNO_CAD_DATA":null,"GLOBALID":"{851EA78E-8CFD-4972-B8B0-C8578C7217B1}","CREATOR":"JLAY","CREATED":1713469448000,"EDITOR":"DCGIS","EDITED":1713477402000,"OBJECTID":776}},{"type":"Feature","id":796,"geometry":{"type":"Point","coordinates":[-76.98957911099536,38.831021237549464]},"properties":{"NAME":"Early Childhood Academy PCS   Walter Washington Campus","ADDRESS":"4301 9TH STREET SE","TYPE":"Outdoor","SITE_TYPE":"Public Charter School","WARD":"Ward 8","MAR_ID":298086,"GIS_ID":"WirelessHotSpotPt_796","YCOORD":129247.34,"XCOORD":400905.02,"LONGITUDE":-76.98957683,"LATITUDE":38.83101346,"LABEL":null,"NUMBER_OF_SITES":null,"SE_ANNO_CAD_DATA":null,"GLOBALID":"{28DF935D-01F3-41C5-B12B-50029576495F}","CREATOR":"JLAY","CREATED":1713469448000,"EDITOR":"DCGIS","EDITED":1713477402000,"OBJECTID":796}},{"type":"Feature","id":977,"geometry":{"type":"Point","coordinates":[-77.02483931501833,38.90793302586667]},"properties":{"NAME":"Office of Public Records/Archives","ADDRESS":"1300 NAYLOR COURT NW","TYPE":"Outdoor","SITE_TYPE":"Administrative","WARD":"Ward 2","MAR_ID":303382,"GIS_ID":"WirelessHotSpotPt_977","YCOORD":137785.36000000002,"XCOORD":397845.78,"LONGITUDE":-77.02483702,"LATITUDE":38.90792524,"LABEL":null,"NUMBER_OF_SITES":null,"SE_ANNO_CAD_DATA":null,"GLOBALID":"{645913C6-F066-42AA-8269-E7B50899B40D}","CREATOR":"JLAY","CREATED":1713469448000,"EDITOR":"DCGIS","EDITED":1713477402000,"OBJECTID":977}},{"type":"Feature","id":709,"geometry":{"type":"Point","coordinates":[-77.02881983685562,38.905860551676994]},"properties":{"NAME":"Claridge Towers","ADDRESS":"1221 M STREET NW","TYPE":"Outdoor","SITE_TYPE":"Public Housing","WARD":"Ward 2","MAR_ID":278959,"GIS_ID":"WirelessHotSpotPt_709","YCOORD":137555.4,"XCOORD":397500.46,"LONGITUDE":-77.02881754,"LATITUDE":38.9058531,"LABEL":null,"NUMBER_OF_SITES":null,"SE_ANNO_CAD_DATA":null,"GLOBALID":"{85052118-EB08-4EBF-866B-7E9CDC0B7B13}","CREATOR":"JLAY","CREATED":1713469448000,"EDITOR":"DCGIS","EDITED":1713477402000,"OBJECTID":709}},{"type":"Feature","id":1053,"geometry":{"type":"Point","coordinates":[-77.01109945824369,38.908268718378714]},"properties":{"NAME":"So Others Might Eat (SOME) - Behavioral Health Services","ADDRESS":"60 O STREET NW","TYPE":"Outdoor","SITE_TYPE":"Health Center","WARD":"Ward 5","MAR_ID":236940,"GIS_ID":"WirelessHotSpotPt_1053","YCOORD":137822.39,"XCOORD":399037.5,"LONGITUDE":-77.01109717,"LATITUDE":38.90826093,"LABEL":null,"NUMBER_OF_SITES":null,"SE_ANNO_CAD_DATA":null,"GLOBALID":"{B537E97E-D2FB-4BFB-B559-8CF6136B31A9}","CREATOR":"JLAY","CREATED":1713469448000,"EDITOR":"DCGIS","EDITED":1713477402000,"OBJECTID":1053}},{"type":"Feature","id":1022,"geometry":{"type":"Point","coordinates":[-77.03251727128331,38.917577091495744]},"properties":{"NAME":"Reeve's Center","ADDRESS":"2000 14TH STREET NW","TYPE":"Indoor","SITE_TYPE":"Administrative","WARD":"Ward 1","MAR_ID":239976,"GIS_ID":"WirelessHotSpotPt_1022","YCOORD":138856.14,"XCOORD":397180.22000000003,"LONGITUDE":-77.03251498,"LATITUDE":38.9175693,"LABEL":null,"NUMBER_OF_SITES":null,"SE_ANNO_CAD_DATA":null,"GLOBALID":"{86847911-595E-4183-854A-AB4663D1FC84}","CREATOR":"JLAY","CREATED":1713469448000,"EDITOR":"DCGIS","EDITED":1713477402000,"OBJECTID":1022}},{"type":"Feature","id":1005,"geometry":{"type":"Point","coordinates":[-77.02472536789874,38.96137291428555]},"properties":{"NAME":"Paul PCS","ADDRESS":"5800 8TH STREET NW","TYPE":"Outdoor","SITE_TYPE":"Public Charter School","WARD":"Ward 4","MAR_ID":294613,"GIS_ID":"WirelessHotSpotPt_1005","YCOORD":143717.65,"XCOORD":397857.27,"LONGITUDE":-77.02472307,"LATITUDE":38.96136545,"LABEL":null,"NUMBER_OF_SITES":null,"SE_ANNO_CAD_DATA":null,"GLOBALID":"{A1C0C875-9DCE-425F-91ED-250ED7F529B4}","CREATOR":"JLAY","CREATED":1713469448000,"EDITOR":"DCGIS","EDITED":1713477402000,"OBJECTID":1005}},{"type":"Feature","id":1055,"geometry":{"type":"Point","coordinates":[-76.99248399966513,38.82939318044802]},"properties":{"NAME":"South East Veterans Service Center","ADDRESS":"820 CHESAPEAKE STREET SE","TYPE":"Outdoor","SITE_TYPE":"Health Center","WARD":"Ward 8","MAR_ID":278623,"GIS_ID":"WirelessHotSpotPt_1055","YCOORD":129066.59,"XCOORD":400652.81,"LONGITUDE":-76.99248172,"LATITUDE":38.82938574,"LABEL":null,"NUMBER_OF_SITES":null,"SE_ANNO_CAD_DATA":null,"GLOBALID":"{535B9B14-C4E4-45CF-996D-97EF2634840C}","CREATOR":"JLAY","CREATED":1713469448000,"EDITOR":"DCGIS","EDITED":1713477402000,"OBJECTID":1055}},{"type":"Feature","id":990,"geometry":{"type":"Point","coordinates":[-77.0434712085226,38.89832860772622]},"properties":{"NAME":"PA2040 Cabinet 2 (SE Corner)","ADDRESS":"19TH STREET NW AND G STREET NW","TYPE":"Outdoor","SITE_TYPE":"Administrative","WARD":"Ward 2","MAR_ID":901742,"GIS_ID":"WirelessHotSpotPt_990","YCOORD":136719.796892,"XCOORD":396229.25001,"LONGITUDE":-77.043469,"LATITUDE":38.898320999999996,"LABEL":null,"NUMBER_OF_SITES":null,"SE_ANNO_CAD_DATA":null,"GLOBALID":"{3821E109-125E-4454-9A88-25D85E5620B2}","CREATOR":"JLAY","CREATED":1713469448000,"EDITOR":"DCGIS","EDITED":1713477402000,"OBJECTID":990}},{"type":"Feature","id":655,"geometry":{"type":"Point","coordinates":[-77.01016401193681,38.818897655965785]},"properties":{"NAME":"Bald Eagle Community Center","ADDRESS":"100 JOLIET STREET SW","TYPE":"Indoor/Outdoor","SITE_TYPE":"Rec. Center","WARD":"Ward 8","MAR_ID":301277,"GIS_ID":"WirelessHotSpotPt_655","YCOORD":127901.54000000001,"XCOORD":399117.53,"LONGITUDE":-77.010162,"LATITUDE":38.818889999999996,"LABEL":null,"NUMBER_OF_SITES":null,"SE_ANNO_CAD_DATA":null,"GLOBALID":"{29B913A2-D956-461F-B246-A4186DA9CD2A}","CREATOR":"JLAY","CREATED":1713469448000,"EDITOR":"DCGIS","EDITED":1713477402000,"OBJECTID":655}},{"type":"Feature","id":1008,"geometry":{"type":"Point","coordinates":[-77.00174647322132,38.91303860979995]},"properties":{"NAME":"Penn Center","ADDRESS":"1709 3RD STREET NE","TYPE":"Indoor","SITE_TYPE":"Administrative","WARD":"Ward 5","MAR_ID":294526,"GIS_ID":"WirelessHotSpotPt_1008","YCOORD":138351.83000000002,"XCOORD":399848.73,"LONGITUDE":-77.00174419,"LATITUDE":38.91303115,"LABEL":null,"NUMBER_OF_SITES":null,"SE_ANNO_CAD_DATA":null,"GLOBALID":"{AE5EE898-B2C0-43E2-9AE9-AD85DC3FB671}","CREATOR":"JLAY","CREATED":1713469448000,"EDITOR":"DCGIS","EDITED":1713477402000,"OBJECTID":1008}},{"type":"Feature","id":890,"geometry":{"type":"Point","coordinates":[-77.07777800669857,38.950164181033365]},"properties":{"NAME":"Jackson-Reed High School (formerly W. Wilson Senior High)","ADDRESS":"3950 CHESAPEAKE STREET NW","TYPE":"Indoor/Outdoor","SITE_TYPE":"Public School","WARD":"Ward 3","MAR_ID":294587,"GIS_ID":"WirelessHotSpotPt_890","YCOORD":142475.96,"XCOORD":393258.18,"LONGITUDE":-77.0777757,"LATITUDE":38.95015672,"LABEL":null,"NUMBER_OF_SITES":null,"SE_ANNO_CAD_DATA":null,"GLOBALID":"{891B56B4-FDFF-40F7-91EF-2C9ED06585C1}","CREATOR":"JLAY","CREATED":1713469448000,"EDITOR":"DCGIS","EDITED":1713477402000,"OBJECTID":890}},{"type":"Feature","id":722,"geometry":{"type":"Point","coordinates":[-77.03228319628889,38.901031708033756]},"properties":{"NAME":"Corrections Information Council (CIC)","ADDRESS":"1400 I STREET NW","TYPE":"Indoor","SITE_TYPE":"Administrative","WARD":"Ward 2","MAR_ID":217995,"GIS_ID":"WirelessHotSpotPt_722","YCOORD":137019.46,"XCOORD":397199.87,"LONGITUDE":-77.0322809,"LATITUDE":38.90102426,"LABEL":null,"NUMBER_OF_SITES":null,"SE_ANNO_CAD_DATA":null,"GLOBALID":"{7104874F-82E2-4DE8-8BCF-0C59D5C3C67F}","CREATOR":"JLAY","CREATED":1713469448000,"EDITOR":"DCGIS","EDITED":1713477402000,"OBJECTID":722}},{"type":"Feature","id":836,"geometry":{"type":"Point","coordinates":[-77.01608665200287,38.90766674079466]},"properties":{"NAME":"Engine Company 6 (Truck Company 4)","ADDRESS":"1300 NEW JERSEY AVENUE NW","TYPE":"Indoor/Outdoor","SITE_TYPE":"Fire Emergency Medical Services","WARD":"Ward 2","MAR_ID":294514,"GIS_ID":"WirelessHotSpotPt_836","YCOORD":137755.63,"XCOORD":398604.93,"LONGITUDE":-77.01608436,"LATITUDE":38.90765895,"LABEL":null,"NUMBER_OF_SITES":null,"SE_ANNO_CAD_DATA":null,"GLOBALID":"{CF5CC59A-DD67-4F1C-A486-2539DBFA355C}","CREATOR":"JLAY","CREATED":1713469448000,"EDITOR":"DCGIS","EDITED":1713477402000,"OBJECTID":836}},{"type":"Feature","id":1021,"geometry":{"type":"Point","coordinates":[-77.04082453710213,38.919119593312246]},"properties":{"NAME":"Reed LC Elementary School","ADDRESS":"2201 18TH STREET NW","TYPE":"Indoor/Outdoor","SITE_TYPE":"Public School / Rec. Center","WARD":"Ward 1","MAR_ID":310614,"GIS_ID":"WirelessHotSpotPt_1021","YCOORD":139027.66,"XCOORD":396459.87,"LONGITUDE":-77.04082224,"LATITUDE":38.91911214,"LABEL":null,"NUMBER_OF_SITES":null,"SE_ANNO_CAD_DATA":null,"GLOBALID":"{131B8D1A-CFCC-48CD-A217-4686ACE0BB18}","CREATOR":"JLAY","CREATED":1713469448000,"EDITOR":"DCGIS","EDITED":1713477402000,"OBJECTID":1021}},{"type":"Feature","id":752,"geometry":{"type":"Point","coordinates":[-77.00829373544853,38.90519800496979]},"properties":{"NAME":"Department of Housing","ADDRESS":"1133 NORTH CAPITOL STREET NE","TYPE":"Indoor","SITE_TYPE":"Administrative","WARD":"Ward 6","MAR_ID":149791,"GIS_ID":"WirelessHotSpotPt_752","YCOORD":137481.49,"XCOORD":399280.82,"LONGITUDE":-77.00829145,"LATITUDE":38.90519022,"LABEL":null,"NUMBER_OF_SITES":null,"SE_ANNO_CAD_DATA":null,"GLOBALID":"{4042ED4F-2CA8-4225-8675-3154D136E565}","CREATOR":"JLAY","CREATED":1713469448000,"EDITOR":"DCGIS","EDITED":1713477402000,"OBJECTID":752}},{"type":"Feature","id":1102,"geometry":{"type":"Point","coordinates":[-77.01924089573717,38.965864739444704]},"properties":{"NAME":"Whittier Elementary School","ADDRESS":"6201 5TH STREET NW","TYPE":"Indoor/Outdoor","SITE_TYPE":"Public School","WARD":"Ward 4","MAR_ID":294614,"GIS_ID":"WirelessHotSpotPt_1102","YCOORD":144216.17,"XCOORD":398332.71,"LONGITUDE":-77.0192386,"LATITUDE":38.96585727,"LABEL":null,"NUMBER_OF_SITES":null,"SE_ANNO_CAD_DATA":null,"GLOBALID":"{808FFDC1-06F8-455F-B74F-E8EE4525F5E6}","CREATOR":"JLAY","CREATED":1713469448000,"EDITOR":"DCGIS","EDITED":1713477402000,"OBJECTID":1102}},{"type":"Feature","id":849,"geometry":{"type":"Point","coordinates":[-76.94464746736861,38.8690880596154]},"properties":{"NAME":"Fort Davis Community Center","ADDRESS":"1400 41ST STREET SE","TYPE":"Indoor/Outdoor","SITE_TYPE":"Rec. Center","WARD":"Ward 7","MAR_ID":295122,"GIS_ID":"WirelessHotSpotPt_849","YCOORD":133474.43,"XCOORD":404803.77,"LONGITUDE":-76.9446452,"LATITUDE":38.86908028,"LABEL":null,"NUMBER_OF_SITES":null,"SE_ANNO_CAD_DATA":null,"GLOBALID":"{4A16F901-7E46-4ABA-8DC4-B77A58EC2CFC}","CREATOR":"JLAY","CREATED":1713469448000,"EDITOR":"DCGIS","EDITED":1713477402000,"OBJECTID":849}},{"type":"Feature","id":1046,"geometry":{"type":"Point","coordinates":[-76.94288758286443,38.8924912860856]},"properties":{"NAME":"Sixth District Fueling Station","ADDRESS":"100 42ND STREET NE","TYPE":"Indoor/Outdoor","SITE_TYPE":"Metro. Police Dept.","WARD":"Ward 7","MAR_ID":294469,"GIS_ID":"WirelessHotSpotPt_1046","YCOORD":136072.46,"XCOORD":404954.87,"LONGITUDE":-76.94288499999999,"LATITUDE":38.892483999999996,"LABEL":null,"NUMBER_OF_SITES":null,"SE_ANNO_CAD_DATA":null,"GLOBALID":"{3D77CF4E-9ACD-46AE-B48F-3C837C212DE6}","CREATOR":"JLAY","CREATED":1713469448000,"EDITOR":"DCGIS","EDITED":1713477402000,"OBJECTID":1046}},{"type":"Feature","id":1086,"geometry":{"type":"Point","coordinates":[-77.01642444536068,38.915093351015294]},"properties":{"NAME":"UPO HQ","ADDRESS":"301 RHODE ISLAND AVENUE NW","TYPE":"Outdoor","SITE_TYPE":"Community Service Organization","WARD":"Ward 1","MAR_ID":229965,"GIS_ID":"WirelessHotSpotPt_1086","YCOORD":138580.05,"XCOORD":398575.78,"LONGITUDE":-77.01642216,"LATITUDE":38.91508589,"LABEL":null,"NUMBER_OF_SITES":null,"SE_ANNO_CAD_DATA":null,"GLOBALID":"{D672A95E-D089-4999-9F44-B30B31973452}","CREATOR":"JLAY","CREATED":1713469448000,"EDITOR":"DCGIS","EDITED":1713477402000,"OBJECTID":1086}},{"type":"Feature","id":654,"geometry":{"type":"Point","coordinates":[-76.97117152271163,38.913723934746706]},"properties":{"NAME":"Arboretum Recreation Center","ADDRESS":"2412 RAND PLACE NE","TYPE":"Indoor/Outdoor","SITE_TYPE":"Rec. Center","WARD":"Ward 5","MAR_ID":296167,"GIS_ID":"WirelessHotSpotPt_654","YCOORD":138428.3,"XCOORD":402500.41000000003,"LONGITUDE":-76.97116925,"LATITUDE":38.91371648,"LABEL":null,"NUMBER_OF_SITES":null,"SE_ANNO_CAD_DATA":null,"GLOBALID":"{44F19CA8-C81F-419B-9BFE-41458C87BCF2}","CREATOR":"JLAY","CREATED":1713469448000,"EDITOR":"DCGIS","EDITED":1713477402000,"OBJECTID":654}},{"type":"Feature","id":665,"geometry":{"type":"Point","coordinates":[-76.93439653242692,38.88263498879683]},"properties":{"NAME":"Benning Road Campus (LEAP, Promise, and Key Academy)","ADDRESS":"4801 BENNING ROAD SE","TYPE":"Outdoor","SITE_TYPE":"Public Charter School","WARD":"Ward 7","MAR_ID":17421,"GIS_ID":"WirelessHotSpotPt_665","YCOORD":134978.83000000002,"XCOORD":405692.28,"LONGITUDE":-76.93439427,"LATITUDE":38.88262754,"LABEL":null,"NUMBER_OF_SITES":null,"SE_ANNO_CAD_DATA":null,"GLOBALID":"{4D5C459B-38EC-458F-BB23-0336B0D66022}","CREATOR":"JLAY","CREATED":1713469448000,"EDITOR":"DCGIS","EDITED":1713477402000,"OBJECTID":665}},{"type":"Feature","id":643,"geometry":{"type":"Point","coordinates":[-76.99509128489036,38.84953775130651]},"properties":{"NAME":"801 East Building","ADDRESS":"2700 MARTIN LUTHER KING JR AVENUE SE","TYPE":"Outdoor","SITE_TYPE":"Health Center","WARD":"Ward 8","MAR_ID":301562,"GIS_ID":"WirelessHotSpotPt_643","YCOORD":131302.76,"XCOORD":400426.3,"LONGITUDE":-76.99508901,"LATITUDE":38.84952997,"LABEL":null,"NUMBER_OF_SITES":null,"SE_ANNO_CAD_DATA":null,"GLOBALID":"{B3AC4E35-17CA-464C-9FA9-DE77EF775EAC}","CREATOR":"JLAY","CREATED":1713469448000,"EDITOR":"DCGIS","EDITED":1713477402000,"OBJECTID":643}},{"type":"Feature","id":1087,"geometry":{"type":"Point","coordinates":[-77.03231699744904,38.94332118654871]},"properties":{"NAME":"Upshur Recreation Center","ADDRESS":"4300 ARKANSAS AVENUE NW","TYPE":"Indoor/Outdoor","SITE_TYPE":"Rec. Center","WARD":"Ward 4","MAR_ID":295147,"GIS_ID":"WirelessHotSpotPt_1087","YCOORD":141713.95,"XCOORD":397198.60000000003,"LONGITUDE":-77.0323147,"LATITUDE":38.94331373,"LABEL":null,"NUMBER_OF_SITES":null,"SE_ANNO_CAD_DATA":null,"GLOBALID":"{B5BD32AB-9606-497F-BB7F-ACBD71B67724}","CREATOR":"JLAY","CREATED":1713469448000,"EDITOR":"DCGIS","EDITED":1713477402000,"OBJECTID":1087}},{"type":"Feature","id":835,"geometry":{"type":"Point","coordinates":[-77.06843818200433,38.91144572236395]},"properties":{"NAME":"Engine Company 5","ADDRESS":"3412 DENT PLACE NW","TYPE":"Indoor/Outdoor","SITE_TYPE":"Fire Emergency Medical Services","WARD":"Ward 2","MAR_ID":294568,"GIS_ID":"WirelessHotSpotPt_835","YCOORD":138177.23,"XCOORD":394064.56,"LONGITUDE":-77.06843588,"LATITUDE":38.91143827,"LABEL":null,"NUMBER_OF_SITES":null,"SE_ANNO_CAD_DATA":null,"GLOBALID":"{62190A52-2771-4088-8B2D-902D99655B10}","CREATOR":"JLAY","CREATED":1713469448000,"EDITOR":"DCGIS","EDITED":1713477402000,"OBJECTID":835}},{"type":"Feature","id":817,"geometry":{"type":"Point","coordinates":[-76.96698956418179,38.87160382251964]},"properties":{"NAME":"Engine Company 19","ADDRESS":"2813 PENNSYLVANIA AVENUE SE","TYPE":"Indoor/Outdoor","SITE_TYPE":"Fire Emergency Medical Services","WARD":"Ward 7","MAR_ID":44167,"GIS_ID":"WirelessHotSpotPt_817","YCOORD":133752.76,"XCOORD":402864.79000000004,"LONGITUDE":-76.96698729,"LATITUDE":38.87159637,"LABEL":null,"NUMBER_OF_SITES":null,"SE_ANNO_CAD_DATA":null,"GLOBALID":"{481A0C04-B676-4C6B-A107-0506A77B86B1}","CREATOR":"JLAY","CREATED":1713469448000,"EDITOR":"DCGIS","EDITED":1713477402000,"OBJECTID":817}},{"type":"Feature","id":1106,"geometry":{"type":"Point","coordinates":[-77.07778637259878,38.94926749128028]},"properties":{"NAME":"Wilson Aquatic Center","ADDRESS":"4551 FORT DRIVE NW","TYPE":"Indoor/Outdoor","SITE_TYPE":"Rec. Center","WARD":"Ward 3","MAR_ID":307826,"GIS_ID":"WirelessHotSpotPt_1106","YCOORD":142376.42,"XCOORD":393257.37,"LONGITUDE":-77.077784,"LATITUDE":38.949259999999995,"LABEL":null,"NUMBER_OF_SITES":null,"SE_ANNO_CAD_DATA":null,"GLOBALID":"{65F97A46-6CAE-453B-80C5-491D5EEFD451}","CREATOR":"JLAY","CREATED":1713469448000,"EDITOR":"DCGIS","EDITED":1713477402000,"OBJECTID":1106}},{"type":"Feature","id":942,"geometry":{"type":"Point","coordinates":[-77.0398421223972,38.921481105222945]},"properties":{"NAME":"Mary's Center  (Education Strengthens Families PCS - Ontario)","ADDRESS":"2355 ONTARIO ROAD NW","TYPE":"Outdoor","SITE_TYPE":"Public Charter School","WARD":"Ward 1","MAR_ID":285647,"GIS_ID":"WirelessHotSpotPt_942","YCOORD":139289.77,"XCOORD":396545.18,"LONGITUDE":-77.03984,"LATITUDE":38.921473999999996,"LABEL":null,"NUMBER_OF_SITES":null,"SE_ANNO_CAD_DATA":null,"GLOBALID":"{22F8A9C5-DC87-4A70-BC4E-73E2DB698E25}","CREATOR":"JLAY","CREATED":1713469448000,"EDITOR":"DCGIS","EDITED":1713477402000,"OBJECTID":942}},{"type":"Feature","id":1010,"geometry":{"type":"Point","coordinates":[-77.02400580132108,38.941017156759465]},"properties":{"NAME":"Petworth Recreation Center","ADDRESS":"801 TAYLOR STREET NW","TYPE":"Indoor/Outdoor","SITE_TYPE":"Rec. Center","WARD":"Ward 4","MAR_ID":296169,"GIS_ID":"WirelessHotSpotPt_1010","YCOORD":141457.96,"XCOORD":397919.04000000004,"LONGITUDE":-77.02400351,"LATITUDE":38.9410097,"LABEL":null,"NUMBER_OF_SITES":null,"SE_ANNO_CAD_DATA":null,"GLOBALID":"{CBE543A7-9DC9-4364-A3A0-D8B8AFB263FC}","CREATOR":"JLAY","CREATED":1713469448000,"EDITOR":"DCGIS","EDITED":1713477402000,"OBJECTID":1010}},{"type":"Feature","id":802,"geometry":{"type":"Point","coordinates":[-76.97898019572982,38.8924389462993]},"properties":{"NAME":"Eliot -Hine Middle School","ADDRESS":"1830 CONSTITUTION AVENUE NE","TYPE":"Indoor","SITE_TYPE":"Public School","WARD":"Ward 7","MAR_ID":286499,"GIS_ID":"WirelessHotSpotPt_802","YCOORD":136065.31,"XCOORD":401823.73,"LONGITUDE":-76.97897792,"LATITUDE":38.89243149,"LABEL":null,"NUMBER_OF_SITES":null,"SE_ANNO_CAD_DATA":null,"GLOBALID":"{F4D4F896-C9D1-465E-A302-C1161CF32E01}","CREATOR":"JLAY","CREATED":1713469448000,"EDITOR":"DCGIS","EDITED":1713477402000,"OBJECTID":802}},{"type":"Feature","id":829,"geometry":{"type":"Point","coordinates":[-77.09352594889747,38.91557280231334]},"properties":{"NAME":"Engine Company 29 (Truck Company 5)","ADDRESS":"4811 MACARTHUR BOULEVARD NW","TYPE":"Indoor/Outdoor","SITE_TYPE":"Fire Emergency Medical Services","WARD":"Ward 3","MAR_ID":284959,"GIS_ID":"WirelessHotSpotPt_829","YCOORD":138637.3,"XCOORD":391889.17,"LONGITUDE":-77.09352364,"LATITUDE":38.91556535,"LABEL":null,"NUMBER_OF_SITES":null,"SE_ANNO_CAD_DATA":null,"GLOBALID":"{F8259634-0805-4D5F-9086-E0D66AE80C12}","CREATOR":"JLAY","CREATED":1713469448000,"EDITOR":"DCGIS","EDITED":1713477402000,"OBJECTID":829}},{"type":"Feature","id":1097,"geometry":{"type":"Point","coordinates":[-77.02222064840612,38.91244961628977]},"properties":{"NAME":"Watha T Daniel/Shaw Neighborhood Library","ADDRESS":"1630 7TH STREET NW","TYPE":"Outdoor","SITE_TYPE":"Library","WARD":"Ward 2","MAR_ID":308201,"GIS_ID":"WirelessHotSpotPt_1097","YCOORD":138286.68,"XCOORD":398073.03,"LONGITUDE":-77.02221836,"LATITUDE":38.91244216,"LABEL":null,"NUMBER_OF_SITES":null,"SE_ANNO_CAD_DATA":null,"GLOBALID":"{A8EC858A-6D6C-4740-904C-28A1DFE6A7BB}","CREATOR":"JLAY","CREATED":1713469448000,"EDITOR":"DCGIS","EDITED":1713477402000,"OBJECTID":1097}},{"type":"Feature","id":921,"geometry":{"type":"Point","coordinates":[-76.97579077027648,38.92683020750928]},"properties":{"NAME":"Langdon Park Community Center","ADDRESS":"2901 20TH STREET NE","TYPE":"Indoor/Outdoor","SITE_TYPE":"Rec. Center","WARD":"Ward 5","MAR_ID":287283,"GIS_ID":"WirelessHotSpotPt_921","YCOORD":139883.09,"XCOORD":402099.41000000003,"LONGITUDE":-76.97578849,"LATITUDE":38.92682275,"LABEL":null,"NUMBER_OF_SITES":null,"SE_ANNO_CAD_DATA":null,"GLOBALID":"{473A0B6C-A1BE-4B16-8B7D-10F210FF591E}","CREATOR":"JLAY","CREATED":1713469448000,"EDITOR":"DCGIS","EDITED":1713477402000,"OBJECTID":921}},{"type":"Feature","id":641,"geometry":{"type":"Point","coordinates":[-76.94780747549336,38.894141669610725]},"properties":{"NAME":"(New) Benning Library","ADDRESS":"3935 BENNING ROAD NE","TYPE":"Outdoor","SITE_TYPE":"Library","WARD":"Ward 7","MAR_ID":295144,"GIS_ID":"WirelessHotSpotPt_641","YCOORD":136255.41,"XCOORD":404527.95,"LONGITUDE":-76.94780521,"LATITUDE":38.89413388,"LABEL":null,"NUMBER_OF_SITES":null,"SE_ANNO_CAD_DATA":null,"GLOBALID":"{B64A0E42-3313-44C4-8BCE-5CEE0510BD92}","CREATOR":"JLAY","CREATED":1713469448000,"EDITOR":"DCGIS","EDITED":1713477402000,"OBJECTID":641}},{"type":"Feature","id":792,"geometry":{"type":"Point","coordinates":[-76.92027081614778,38.896011753467384]},"properties":{"NAME":"Drew Elementary School","ADDRESS":"5600 EADS STREET NE","TYPE":"Indoor/Outdoor","SITE_TYPE":"Public School","WARD":"Ward 7","MAR_ID":277686,"GIS_ID":"WirelessHotSpotPt_792","YCOORD":136464.73,"XCOORD":406916.60000000003,"LONGITUDE":-76.92026856,"LATITUDE":38.89600396,"LABEL":null,"NUMBER_OF_SITES":null,"SE_ANNO_CAD_DATA":null,"GLOBALID":"{165D4095-D0A4-4696-B1CF-D3951514C06F}","CREATOR":"JLAY","CREATED":1713469448000,"EDITOR":"DCGIS","EDITED":1713477402000,"OBJECTID":792}},{"type":"Feature","id":846,"geometry":{"type":"Point","coordinates":[-77.03104223546619,38.930590282814386]},"properties":{"NAME":"FEMS Special Operations Unit","ADDRESS":"1338 PARK ROAD NW","TYPE":"Indoor","SITE_TYPE":"Fire Emergency Medical Services","WARD":"Ward 1","MAR_ID":307124,"GIS_ID":"WirelessHotSpotPt_846","YCOORD":140300.67,"XCOORD":397308.63,"LONGITUDE":-77.03103994,"LATITUDE":38.93058282,"LABEL":null,"NUMBER_OF_SITES":null,"SE_ANNO_CAD_DATA":null,"GLOBALID":"{F5A383E4-E56A-4EC2-93FC-77FB130A7D48}","CREATOR":"JLAY","CREATED":1713469448000,"EDITOR":"DCGIS","EDITED":1713477402000,"OBJECTID":846}},{"type":"Feature","id":717,"geometry":{"type":"Point","coordinates":[-76.9874566389335,38.84016344314577]},"properties":{"NAME":"Community of Hope (Mississippi Avenue Apts)","ADDRESS":"1320 MISSISSIPPI AVENUE SE","TYPE":"Outdoor","SITE_TYPE":"Community Service Organization","WARD":"Ward 8","MAR_ID":290141,"GIS_ID":"WirelessHotSpotPt_717","YCOORD":130262.21,"XCOORD":401089.17,"LONGITUDE":-76.98745436,"LATITUDE":38.84015567,"LABEL":null,"NUMBER_OF_SITES":null,"SE_ANNO_CAD_DATA":null,"GLOBALID":"{4C12541A-0F51-4E7D-B993-037202466BDC}","CREATOR":"JLAY","CREATED":1713469448000,"EDITOR":"DCGIS","EDITED":1713477402000,"OBJECTID":717}},{"type":"Feature","id":699,"geometry":{"type":"Point","coordinates":[-76.94910002773999,38.90141000888015]},"properties":{"NAME":"Cesar Chavez PCS for Public Policy - Parkside Campus","ADDRESS":"3701 HAYES STREET NE","TYPE":"Outdoor","SITE_TYPE":"Public Charter School","WARD":"Ward 7","MAR_ID":304053,"GIS_ID":"WirelessHotSpotPt_699","YCOORD":137062.19,"XCOORD":404415.37,"LONGITUDE":-76.94909776,"LATITUDE":38.90140222,"LABEL":null,"NUMBER_OF_SITES":null,"SE_ANNO_CAD_DATA":null,"GLOBALID":"{28D9F28D-422A-4DAA-92B0-7FB9B993C42A}","CREATOR":"JLAY","CREATED":1713469448000,"EDITOR":"DCGIS","EDITED":1713477402000,"OBJECTID":699}},{"type":"Feature","id":830,"geometry":{"type":"Point","coordinates":[-77.01090270932893,38.89584224890367]},"properties":{"NAME":"Engine Company 3","ADDRESS":"439 NEW JERSEY AVENUE NW","TYPE":"Indoor/Outdoor","SITE_TYPE":"Fire Emergency Medical Services","WARD":"Ward 6","MAR_ID":237163,"GIS_ID":"WirelessHotSpotPt_830","YCOORD":136442.95,"XCOORD":399054.4,"LONGITUDE":-77.01090042,"LATITUDE":38.8958348,"LABEL":null,"NUMBER_OF_SITES":null,"SE_ANNO_CAD_DATA":null,"GLOBALID":"{0F136CCC-5071-44F1-99BA-1F332B34F6EE}","CREATOR":"JLAY","CREATED":1713469448000,"EDITOR":"DCGIS","EDITED":1713477402000,"OBJECTID":830}},{"type":"Feature","id":651,"geometry":{"type":"Point","coordinates":[-76.9831268722933,38.872610084496685]},"properties":{"NAME":"Anacostia Recreation Center","ADDRESS":"1800 ANACOSTIA DRIVE SE","TYPE":"Indoor/Outdoor","SITE_TYPE":"Rec. Center","WARD":"Ward 8","MAR_ID":295129,"GIS_ID":"WirelessHotSpotPt_651","YCOORD":133864.08000000002,"XCOORD":401464.4,"LONGITUDE":-76.9831246,"LATITUDE":38.8726023,"LABEL":null,"NUMBER_OF_SITES":null,"SE_ANNO_CAD_DATA":null,"GLOBALID":"{C7102AF8-5C49-4C99-BBB9-6928D6380E4B}","CREATOR":"JLAY","CREATED":1713469448000,"EDITOR":"DCGIS","EDITED":1713477402000,"OBJECTID":651}},{"type":"Feature","id":1040,"geometry":{"type":"Point","coordinates":[-76.9695501528058,38.85340751119973]},"properties":{"NAME":"Seventh District Station","ADDRESS":"2455 ALABAMA AVENUE SE","TYPE":"Outdoor","SITE_TYPE":"Metro. Police Dept.","WARD":"Ward 8","MAR_ID":278162,"GIS_ID":"WirelessHotSpotPt_1040","YCOORD":131732.76,"XCOORD":402643.26,"LONGITUDE":-76.96954788,"LATITUDE":38.85339973,"LABEL":null,"NUMBER_OF_SITES":null,"SE_ANNO_CAD_DATA":null,"GLOBALID":"{E8BDEA83-21F3-4A5A-8B5C-DF0DE3E194D9}","CREATOR":"JLAY","CREATED":1713469448000,"EDITOR":"DCGIS","EDITED":1713477402000,"OBJECTID":1040}},{"type":"Feature","id":966,"geometry":{"type":"Point","coordinates":[-76.98923072467802,38.8653596680918]},"properties":{"NAME":"Multitenant - DHS DDOE","ADDRESS":"2100 MARTIN LUTHER KING JR AVENUE SE","TYPE":"Indoor","SITE_TYPE":"Administrative","WARD":"Ward 8","MAR_ID":51883,"GIS_ID":"WirelessHotSpotPt_966","YCOORD":133059.15,"XCOORD":400934.82,"LONGITUDE":-76.98922845,"LATITUDE":38.86535189,"LABEL":null,"NUMBER_OF_SITES":null,"SE_ANNO_CAD_DATA":null,"GLOBALID":"{BF4F9AEA-E7A5-4F74-BF8E-14C0B55434BB}","CREATOR":"JLAY","CREATED":1713469448000,"EDITOR":"DCGIS","EDITED":1713477402000,"OBJECTID":966}},{"type":"Feature","id":834,"geometry":{"type":"Point","coordinates":[-77.0250274863637,38.92340435062976]},"properties":{"NAME":"Engine Company 4 (Air Unit 1-Medic 4-Risk Management and Safety Office]","ADDRESS":"2531 SHERMAN AVENUE NW","TYPE":"Indoor/Outdoor","SITE_TYPE":"Fire Emergency Medical Services","WARD":"Ward 1","MAR_ID":232303,"GIS_ID":"WirelessHotSpotPt_834","YCOORD":139502.81,"XCOORD":397829.93,"LONGITUDE":-77.02502519,"LATITUDE":38.92339689,"LABEL":null,"NUMBER_OF_SITES":null,"SE_ANNO_CAD_DATA":null,"GLOBALID":"{13EBFE9D-C19F-4469-8582-35ED38DFD425}","CREATOR":"JLAY","CREATED":1713469448000,"EDITOR":"DCGIS","EDITED":1713477402000,"OBJECTID":834}},{"type":"Feature","id":1096,"geometry":{"type":"Point","coordinates":[-77.01805220625798,38.877668394263104]},"properties":{"NAME":"Waterfront Tower West (OTR)","ADDRESS":"1101 4TH STREET SW","TYPE":"Indoor","SITE_TYPE":"Administrative","WARD":"Ward 6","MAR_ID":307156,"GIS_ID":"WirelessHotSpotPt_1096","YCOORD":134425.61000000002,"XCOORD":398433.79000000004,"LONGITUDE":-77.01804992,"LATITUDE":38.87766061,"LABEL":null,"NUMBER_OF_SITES":null,"SE_ANNO_CAD_DATA":null,"GLOBALID":"{2DDC3232-5121-49C9-AB11-3FFF1F954DC9}","CREATOR":"JLAY","CREATED":1713469448000,"EDITOR":"DCGIS","EDITED":1713477402000,"OBJECTID":1096}},{"type":"Feature","id":727,"geometry":{"type":"Point","coordinates":[-76.96304885541791,38.881136049978394]},"properties":{"NAME":"D.C. Therapeutic Rec Center","ADDRESS":"3030 G STREET SE","TYPE":"Indoor/Outdoor","SITE_TYPE":"Rec. Center","WARD":"Ward 7","MAR_ID":288770,"GIS_ID":"WirelessHotSpotPt_727","YCOORD":134811.04,"XCOORD":403206.33,"LONGITUDE":-76.96304658,"LATITUDE":38.88112826,"LABEL":null,"NUMBER_OF_SITES":null,"SE_ANNO_CAD_DATA":null,"GLOBALID":"{30C07296-C454-4CE2-8D35-2EC2C510EAD7}","CREATOR":"JLAY","CREATED":1713469448000,"EDITOR":"DCGIS","EDITED":1713477402000,"OBJECTID":727}},{"type":"Feature","id":712,"geometry":{"type":"Point","coordinates":[-77.03505413387957,38.92515371125919]},"properties":{"NAME":"Columbia Community Center","ADDRESS":"1480 GIRARD STREET NW","TYPE":"Indoor/Outdoor","SITE_TYPE":"Rec. Center","WARD":"Ward 1","MAR_ID":284045,"GIS_ID":"WirelessHotSpotPt_712","YCOORD":139697.29,"XCOORD":396960.54000000004,"LONGITUDE":-77.03505184,"LATITUDE":38.92514592,"LABEL":null,"NUMBER_OF_SITES":null,"SE_ANNO_CAD_DATA":null,"GLOBALID":"{BF8D70C6-3928-4E80-A9A0-99E1C7E62561}","CREATOR":"JLAY","CREATED":1713469448000,"EDITOR":"DCGIS","EDITED":1713477402000,"OBJECTID":712}},{"type":"Feature","id":896,"geometry":{"type":"Point","coordinates":[-77.03225535232298,38.95137487737549]},"properties":{"NAME":"John Lewis Elementary School  (formerly West Elementary School)","ADDRESS":"1338 FARRAGUT STREET NW","TYPE":"Indoor","SITE_TYPE":"Public School","WARD":"Ward 4","MAR_ID":294517,"GIS_ID":"WirelessHotSpotPt_896","YCOORD":142607.98,"XCOORD":397204.26,"LONGITUDE":-77.03225306,"LATITUDE":38.95136708,"LABEL":null,"NUMBER_OF_SITES":null,"SE_ANNO_CAD_DATA":null,"GLOBALID":"{7C7B2E73-82D7-494F-959E-D3A9F1AF5DA2}","CREATOR":"JLAY","CREATED":1713469448000,"EDITOR":"DCGIS","EDITED":1713477402000,"OBJECTID":896}},{"type":"Feature","id":1045,"geometry":{"type":"Point","coordinates":[-76.97866550947214,38.90053398727409]},"properties":{"NAME":"SITE DECOM 4-04-2022 (Formerly Community of Hope - Family Health and Birth Center)","ADDRESS":"801 17TH STREET NE","TYPE":"Outdoor","SITE_TYPE":"Health Center","WARD":"Ward 5","MAR_ID":288960,"GIS_ID":"WirelessHotSpotPt_1045","YCOORD":136963.93,"XCOORD":401850.82,"LONGITUDE":-76.97866323,"LATITUDE":38.9005262,"LABEL":null,"NUMBER_OF_SITES":null,"SE_ANNO_CAD_DATA":null,"GLOBALID":"{77BADF13-DF8B-4697-9403-65632C111519}","CREATOR":"JLAY","CREATED":1713469448000,"EDITOR":"DCGIS","EDITED":1713477402000,"OBJECTID":1045}},{"type":"Feature","id":814,"geometry":{"type":"Point","coordinates":[-77.03001791312617,38.903318452998505]},"properties":{"NAME":"Engine Company 16 (Truck Company 3 BFC 6)/EMS Administration and Operations","ADDRESS":"1018 13TH STREET NW","TYPE":"Indoor","SITE_TYPE":"Fire Emergency Medical Services","WARD":"Ward 2","MAR_ID":240645,"GIS_ID":"WirelessHotSpotPt_814","YCOORD":137273.24,"XCOORD":397396.45,"LONGITUDE":-77.03001562,"LATITUDE":38.903310999999995,"LABEL":null,"NUMBER_OF_SITES":null,"SE_ANNO_CAD_DATA":null,"GLOBALID":"{7F46B3F7-E9B9-4FA1-9DB4-6F94EFF20141}","CREATOR":"JLAY","CREATED":1713469448000,"EDITOR":"DCGIS","EDITED":1713477402000,"OBJECTID":814}},{"type":"Feature","id":1069,"geometry":{"type":"Point","coordinates":[-77.02279722303751,38.97505034301656]},"properties":{"NAME":"Takoma Education Center","ADDRESS":"7010 PINEY BRANCH ROAD NW","TYPE":"Indoor/Outdoor","SITE_TYPE":"Public School","WARD":"Ward 4","MAR_ID":250934,"GIS_ID":"WirelessHotSpotPt_1069","YCOORD":145235.93,"XCOORD":398024.76,"LONGITUDE":-77.02279493,"LATITUDE":38.97504287,"LABEL":null,"NUMBER_OF_SITES":null,"SE_ANNO_CAD_DATA":null,"GLOBALID":"{176729A1-1C7C-4ED0-A684-78571F685C71}","CREATOR":"JLAY","CREATED":1713469448000,"EDITOR":"DCGIS","EDITED":1713477402000,"OBJECTID":1069}},{"type":"Feature","id":790,"geometry":{"type":"Point","coordinates":[-77.0040231700997,38.85856135072244]},"properties":{"NAME":"DPW - South Capitol Street SE","ADDRESS":"2700 SOUTH CAPITOL STREET SE","TYPE":"Indoor/Outdoor","SITE_TYPE":"Administrative","WARD":"Ward 8","MAR_ID":302058,"GIS_ID":"WirelessHotSpotPt_790","YCOORD":132304.44,"XCOORD":399651.01,"LONGITUDE":-77.00402089,"LATITUDE":38.85855391,"LABEL":null,"NUMBER_OF_SITES":null,"SE_ANNO_CAD_DATA":null,"GLOBALID":"{79E7894A-456E-425E-8C91-158D2E5BD99B}","CREATOR":"JLAY","CREATED":1713469448000,"EDITOR":"DCGIS","EDITED":1713477402000,"OBJECTID":790}},{"type":"Feature","id":938,"geometry":{"type":"Point","coordinates":[-77.01564689173377,38.89545416973585]},"properties":{"NAME":"Marion S. Barry, Jr. Building (AKA One Judiciary Square (OJS))","ADDRESS":"441 4TH STREET NW","TYPE":"Indoor","SITE_TYPE":"Administrative","WARD":"Ward 6","MAR_ID":285552,"GIS_ID":"WirelessHotSpotPt_938","YCOORD":136399.93,"XCOORD":398642.84,"LONGITUDE":-77.0156446,"LATITUDE":38.89544638,"LABEL":null,"NUMBER_OF_SITES":null,"SE_ANNO_CAD_DATA":null,"GLOBALID":"{74CF89E2-314A-4E89-BC4E-619392AE379E}","CREATOR":"JLAY","CREATED":1713469448000,"EDITOR":"DCGIS","EDITED":1713477402000,"OBJECTID":938}},{"type":"Feature","id":669,"geometry":{"type":"Point","coordinates":[-76.99239156358955,38.915474139558086]},"properties":{"NAME":"BET Building","ADDRESS":"1899 9TH STREET NE","TYPE":"Indoor","SITE_TYPE":"Administrative","WARD":"Ward 5","MAR_ID":289751,"GIS_ID":"WirelessHotSpotPt_669","YCOORD":138622.22,"XCOORD":400660.04000000004,"LONGITUDE":-76.99238928,"LATITUDE":38.91546635,"LABEL":null,"NUMBER_OF_SITES":null,"SE_ANNO_CAD_DATA":null,"GLOBALID":"{86995010-FBE7-4B07-85BB-F85DFE359FEE}","CREATOR":"JLAY","CREATED":1713469448000,"EDITOR":"DCGIS","EDITED":1713477402000,"OBJECTID":669}},{"type":"Feature","id":903,"geometry":{"type":"Point","coordinates":[-76.93123296374176,38.893479981530525]},"properties":{"NAME":"Kelly Miller Pool","ADDRESS":"4900 BROOKS STREET NE","TYPE":"Outdoor","SITE_TYPE":"Rec. Center","WARD":"Ward 7","MAR_ID":295154,"GIS_ID":"WirelessHotSpotPt_903","YCOORD":136182.91,"XCOORD":405965.86,"LONGITUDE":-76.9312307,"LATITUDE":38.89347253,"LABEL":null,"NUMBER_OF_SITES":null,"SE_ANNO_CAD_DATA":null,"GLOBALID":"{66C98AEF-2A4C-4FF3-B91B-862867CCDC50}","CREATOR":"JLAY","CREATED":1713469448000,"EDITOR":"DCGIS","EDITED":1713477402000,"OBJECTID":903}},{"type":"Feature","id":864,"geometry":{"type":"Point","coordinates":[-77.07122334435802,38.92214713147087]},"properties":{"NAME":"Guy Mason Recreation Center","ADDRESS":"3600 CALVERT STREET NW","TYPE":"Indoor/Outdoor","SITE_TYPE":"Rec. Center","WARD":"Ward 3","MAR_ID":295826,"GIS_ID":"WirelessHotSpotPt_864","YCOORD":139365.36000000002,"XCOORD":393823.93,"LONGITUDE":-77.07122104,"LATITUDE":38.92213934,"LABEL":null,"NUMBER_OF_SITES":null,"SE_ANNO_CAD_DATA":null,"GLOBALID":"{655CD8E1-F8DE-432B-BFBF-3D61D35494C7}","CREATOR":"JLAY","CREATED":1713469448000,"EDITOR":"DCGIS","EDITED":1713477402000,"OBJECTID":864}},{"type":"Feature","id":1091,"geometry":{"type":"Point","coordinates":[-77.02363967063415,38.93366654995134]},"properties":{"NAME":"Ward One Wellness Center","ADDRESS":"3531 GEORGIA AVENUE NW","TYPE":"Indoor","SITE_TYPE":"Administrative","WARD":"Ward 1","MAR_ID":228763,"GIS_ID":"WirelessHotSpotPt_1091","YCOORD":140641.97,"XCOORD":397950.57,"LONGITUDE":-77.02363738,"LATITUDE":38.93365909,"LABEL":null,"NUMBER_OF_SITES":null,"SE_ANNO_CAD_DATA":null,"GLOBALID":"{D04374C4-BFC9-4D6F-95C6-9799FA9A4DCA}","CREATOR":"JLAY","CREATED":1713469448000,"EDITOR":"DCGIS","EDITED":1713477402000,"OBJECTID":1091}},{"type":"Feature","id":738,"geometry":{"type":"Point","coordinates":[-77.02227684709698,38.90115601797785]},"properties":{"NAME":"DCRB","ADDRESS":"900 7TH STREET NW","TYPE":"Indoor","SITE_TYPE":"Administrative","WARD":"Ward 2","MAR_ID":300396,"GIS_ID":"WirelessHotSpotPt_738","YCOORD":137033,"XCOORD":398067.85000000003,"LONGITUDE":-77.02227456,"LATITUDE":38.90114856,"LABEL":null,"NUMBER_OF_SITES":null,"SE_ANNO_CAD_DATA":null,"GLOBALID":"{E791B8F9-2709-4BB6-9D80-25BD7719C8E7}","CREATOR":"JLAY","CREATED":1713469448000,"EDITOR":"DCGIS","EDITED":1713477402000,"OBJECTID":738}},{"type":"Feature","id":873,"geometry":{"type":"Point","coordinates":[-77.01712481673894,38.95638910315385]},"properties":{"NAME":"Hattie Holmes Senior Wellness Center","ADDRESS":"324 KENNEDY STREET NW","TYPE":"Indoor/Outdoor","SITE_TYPE":"Senior Center","WARD":"Ward 4","MAR_ID":307575,"GIS_ID":"WirelessHotSpotPt_873","YCOORD":143164.25,"XCOORD":398515.9,"LONGITUDE":-77.01712252,"LATITUDE":38.956381640000004,"LABEL":null,"NUMBER_OF_SITES":null,"SE_ANNO_CAD_DATA":null,"GLOBALID":"{12A3AB83-03EF-4A2D-84D4-E4B5B0D6F0AC}","CREATOR":"JLAY","CREATED":1713469448000,"EDITOR":"DCGIS","EDITED":1713477402000,"OBJECTID":873}},{"type":"Feature","id":670,"geometry":{"type":"Point","coordinates":[-77.0178217624461,38.81372757826877]},"properties":{"NAME":"Blue Plains Impoundment Lot / DPW PEMA","ADDRESS":"5001 SHEPHERD PARKWAY SW","TYPE":"Indoor/Outdoor","SITE_TYPE":"Metro. Police Dept.","WARD":"Ward 8","MAR_ID":299541,"GIS_ID":"WirelessHotSpotPt_670","YCOORD":127327.73,"XCOORD":398452.4,"LONGITUDE":-77.01781948,"LATITUDE":38.81371981,"LABEL":null,"NUMBER_OF_SITES":null,"SE_ANNO_CAD_DATA":null,"GLOBALID":"{0EC1F9D6-91BF-4BB3-A5B1-3DE6DD5BC390}","CREATOR":"JLAY","CREATED":1713469448000,"EDITOR":"DCGIS","EDITED":1713477402000,"OBJECTID":670}},{"type":"Feature","id":732,"geometry":{"type":"Point","coordinates":[-76.9390776086392,38.90567355199644]},"properties":{"NAME":"DCHA Fleet","ADDRESS":"1155 KENILWORTH AVENUE NE","TYPE":"Outdoor","SITE_TYPE":"Public Housing","WARD":"Ward 7","MAR_ID":309171,"GIS_ID":"WirelessHotSpotPt_732","YCOORD":137536.01,"XCOORD":405284.42,"LONGITUDE":-76.93907534,"LATITUDE":38.90566609,"LABEL":null,"NUMBER_OF_SITES":null,"SE_ANNO_CAD_DATA":null,"GLOBALID":"{7CC7C59C-BA68-4FC3-90C8-96A83A644F50}","CREATOR":"JLAY","CREATED":1713469448000,"EDITOR":"DCGIS","EDITED":1713477402000,"OBJECTID":732}},{"type":"Feature","id":672,"geometry":{"type":"Point","coordinates":[-77.0013967805963,38.88473839488767]},"properties":{"NAME":"Brent Elementary School","ADDRESS":"301 NORTH CAROLINA AVENUE SE","TYPE":"Indoor/Outdoor","SITE_TYPE":"Public School","WARD":"Ward 6","MAR_ID":294479,"GIS_ID":"WirelessHotSpotPt_672","YCOORD":135210.28,"XCOORD":399879.01,"LONGITUDE":-77.0013945,"LATITUDE":38.88473061,"LABEL":null,"NUMBER_OF_SITES":null,"SE_ANNO_CAD_DATA":null,"GLOBALID":"{DCF08A7B-304F-4BD4-B320-11550948E039}","CREATOR":"JLAY","CREATED":1713469448000,"EDITOR":"DCGIS","EDITED":1713477402000,"OBJECTID":672}},{"type":"Feature","id":662,"geometry":{"type":"Point","coordinates":[-77.02484509751832,38.91228657720877]},"properties":{"NAME":"Benjamin Banneker High School","ADDRESS":"1600 9TH STREET NW","TYPE":"Outdoor","SITE_TYPE":"Public School","WARD":"Ward 2","MAR_ID":334680,"GIS_ID":"WirelessHotSpotPt_662","YCOORD":138268.64,"XCOORD":397845.41000000003,"LONGITUDE":-77.02484281,"LATITUDE":38.91227879,"LABEL":null,"NUMBER_OF_SITES":null,"SE_ANNO_CAD_DATA":null,"GLOBALID":"{22AB01DD-FED9-4AD6-B70C-15ED35A37225}","CREATOR":"JLAY","CREATED":1713469448000,"EDITOR":"DCGIS","EDITED":1713477402000,"OBJECTID":662}},{"type":"Feature","id":1011,"geometry":{"type":"Point","coordinates":[-76.97210747411573,38.90215383998209]},"properties":{"NAME":"Phelps","ADDRESS":"704 26TH STREET NE","TYPE":"Indoor/Outdoor","SITE_TYPE":"Public School","WARD":"Ward 5","MAR_ID":294495,"GIS_ID":"WirelessHotSpotPt_1011","YCOORD":137143.9,"XCOORD":402419.63,"LONGITUDE":-76.9721052,"LATITUDE":38.90214605,"LABEL":null,"NUMBER_OF_SITES":null,"SE_ANNO_CAD_DATA":null,"GLOBALID":"{162792F8-849C-4963-85DF-DA3210440ABF}","CREATOR":"JLAY","CREATED":1713469448000,"EDITOR":"DCGIS","EDITED":1713477402000,"OBJECTID":1011}},{"type":"Feature","id":690,"geometry":{"type":"Point","coordinates":[-77.02847298363115,38.92218032167058]},"properties":{"NAME":"Cardozo Education Campus","ADDRESS":"1200 CLIFTON STREET NW","TYPE":"Indoor/Outdoor","SITE_TYPE":"Public School","WARD":"Ward 1","MAR_ID":294513,"GIS_ID":"WirelessHotSpotPt_690","YCOORD":139367.02,"XCOORD":397531.11,"LONGITUDE":-77.02847069,"LATITUDE":38.92217286,"LABEL":null,"NUMBER_OF_SITES":null,"SE_ANNO_CAD_DATA":null,"GLOBALID":"{7A61562E-2EDB-4E7E-803C-BEAC7DDCC746}","CREATOR":"JLAY","CREATED":1713469448000,"EDITOR":"DCGIS","EDITED":1713477402000,"OBJECTID":690}},{"type":"Feature","id":961,"geometry":{"type":"Point","coordinates":[-77.0428671762697,38.922167189716184]},"properties":{"NAME":"MPD Latino Liaison Unit","ADDRESS":"1800 COLUMBIA ROAD NW","TYPE":"Outdoor","SITE_TYPE":"Metro. Police Dept.","WARD":"Ward 1","MAR_ID":235413,"GIS_ID":"WirelessHotSpotPt_961","YCOORD":139366.05,"XCOORD":396282.89,"LONGITUDE":-77.04286488,"LATITUDE":38.92215973,"LABEL":null,"NUMBER_OF_SITES":null,"SE_ANNO_CAD_DATA":null,"GLOBALID":"{FC62B79F-C7AD-4F1C-808C-49EF33D922EC}","CREATOR":"JLAY","CREATED":1713469448000,"EDITOR":"DCGIS","EDITED":1713477402000,"OBJECTID":961}},{"type":"Feature","id":861,"geometry":{"type":"Point","coordinates":[-76.95849178224572,38.920020096751365]},"properties":{"NAME":"Goodwill of Greater Washington HQ","ADDRESS":"2200 SOUTH DAKOTA AVENUE NE","TYPE":"Outdoor","SITE_TYPE":"Community Service Organization","WARD":"Ward 5","MAR_ID":286707,"GIS_ID":"WirelessHotSpotPt_861","YCOORD":139127.65,"XCOORD":403599.77,"LONGITUDE":-76.95848951,"LATITUDE":38.92001264,"LABEL":null,"NUMBER_OF_SITES":null,"SE_ANNO_CAD_DATA":null,"GLOBALID":"{97EBB7FC-457E-4CFB-B817-9BC1DF8DA0CD}","CREATOR":"JLAY","CREATED":1713469448000,"EDITOR":"DCGIS","EDITED":1713477402000,"OBJECTID":861}},{"type":"Feature","id":1063,"geometry":{"type":"Point","coordinates":[-77.03762303945996,38.91003242679478]},"properties":{"NAME":"Stead Recreation Center","ADDRESS":"1625 P STREET NW","TYPE":"Indoor/Outdoor","SITE_TYPE":"Rec. Center","WARD":"Ward 2","MAR_ID":295822,"GIS_ID":"WirelessHotSpotPt_1063","YCOORD":138018.79,"XCOORD":396737.09,"LONGITUDE":-77.03762074,"LATITUDE":38.91002497,"LABEL":null,"NUMBER_OF_SITES":null,"SE_ANNO_CAD_DATA":null,"GLOBALID":"{791A61AE-43F3-477F-AA3C-C9F3913D3E08}","CREATOR":"JLAY","CREATED":1713469448000,"EDITOR":"DCGIS","EDITED":1713477402000,"OBJECTID":1063}},{"type":"Feature","id":1035,"geometry":{"type":"Point","coordinates":[-77.0239792607167,38.92384021287529]},"properties":{"NAME":"School Without Walls @ Francis-Stevens @ Banneker (Swing Space)","ADDRESS":"800 EUCLID STREET NW","TYPE":"Indoor","SITE_TYPE":"Public School / Rec. Center","WARD":"Ward 1","MAR_ID":294496,"GIS_ID":"WirelessHotSpotPt_1035","YCOORD":139551.17,"XCOORD":397920.84,"LONGITUDE":-77.02397697,"LATITUDE":38.92383276,"LABEL":null,"NUMBER_OF_SITES":null,"SE_ANNO_CAD_DATA":null,"GLOBALID":"{4FFAE3EA-FD3B-4D9F-B970-509355BA6D42}","CREATOR":"JLAY","CREATED":1713469448000,"EDITOR":"DCGIS","EDITED":1713477402000,"OBJECTID":1035}},{"type":"Feature","id":871,"geometry":{"type":"Point","coordinates":[-76.99718102575224,38.837745313083424]},"properties":{"NAME":"Hart Middle School","ADDRESS":"601 MISSISSIPPI AVENUE SE","TYPE":"Indoor/Outdoor","SITE_TYPE":"Public School","WARD":"Ward 8","MAR_ID":5534,"GIS_ID":"WirelessHotSpotPt_871","YCOORD":129993.71,"XCOORD":400244.94,"LONGITUDE":-76.99717875,"LATITUDE":38.83773787,"LABEL":null,"NUMBER_OF_SITES":null,"SE_ANNO_CAD_DATA":null,"GLOBALID":"{2F8C20EB-9CC6-46D1-98F5-5CEFCC823F6C}","CREATOR":"JLAY","CREATED":1713469448000,"EDITOR":"DCGIS","EDITED":1713477402000,"OBJECTID":871}},{"type":"Feature","id":1058,"geometry":{"type":"Point","coordinates":[-77.01583406853985,38.878705402197006]},"properties":{"NAME":"Southwest Neighborhood Library","ADDRESS":"900 WESLEY PLACE SW","TYPE":"Outdoor","SITE_TYPE":"Library","WARD":"Ward 6","MAR_ID":295165,"GIS_ID":"WirelessHotSpotPt_1058","YCOORD":134540.69,"XCOORD":398626.28,"LONGITUDE":-77.01583178,"LATITUDE":38.87869795,"LABEL":null,"NUMBER_OF_SITES":null,"SE_ANNO_CAD_DATA":null,"GLOBALID":"{450C801B-B0EF-44C6-A404-F8EE114D7D42}","CREATOR":"JLAY","CREATED":1713469448000,"EDITOR":"DCGIS","EDITED":1713477402000,"OBJECTID":1058}},{"type":"Feature","id":823,"geometry":{"type":"Point","coordinates":[-77.04762708549077,38.89859032876004]},"properties":{"NAME":"Engine Company 23","ADDRESS":"2119 G STREET NW","TYPE":"Indoor/Outdoor","SITE_TYPE":"Fire Emergency Medical Services","WARD":"Ward 2","MAR_ID":242505,"GIS_ID":"WirelessHotSpotPt_823","YCOORD":136749.03,"XCOORD":395868.76,"LONGITUDE":-77.04762479,"LATITUDE":38.89858288,"LABEL":null,"NUMBER_OF_SITES":null,"SE_ANNO_CAD_DATA":null,"GLOBALID":"{80F03C62-743F-4990-A47C-AB2AD5142FDF}","CREATOR":"JLAY","CREATED":1713469448000,"EDITOR":"DCGIS","EDITED":1713477402000,"OBJECTID":823}},{"type":"Feature","id":772,"geometry":{"type":"Point","coordinates":[-76.97777120531039,38.852613110389605]},"properties":{"NAME":"Douglass Community Center","ADDRESS":"1922 FREDERICK DOUGLASS COURT SE","TYPE":"Indoor/Outdoor","SITE_TYPE":"Rec. Center","WARD":"Ward 8","MAR_ID":314542,"GIS_ID":"WirelessHotSpotPt_772","YCOORD":131644.37,"XCOORD":401929.69,"LONGITUDE":-76.97776893,"LATITUDE":38.85260533,"LABEL":null,"NUMBER_OF_SITES":null,"SE_ANNO_CAD_DATA":null,"GLOBALID":"{3C6C8B93-5206-415C-95C2-F08B187BFEC1}","CREATOR":"JLAY","CREATED":1713469448000,"EDITOR":"DCGIS","EDITED":1713477402000,"OBJECTID":772}},{"type":"Feature","id":906,"geometry":{"type":"Point","coordinates":[-77.02153020707841,38.9089709937087]},"properties":{"NAME":"Kennedy Recreation Center","ADDRESS":"1401 7TH STREET NW","TYPE":"Indoor/Outdoor","SITE_TYPE":"Rec. Center","WARD":"Ward 2","MAR_ID":279127,"GIS_ID":"WirelessHotSpotPt_906","YCOORD":137900.51,"XCOORD":398132.82,"LONGITUDE":-77.02152792,"LATITUDE":38.9089632,"LABEL":null,"NUMBER_OF_SITES":null,"SE_ANNO_CAD_DATA":null,"GLOBALID":"{D50B13A2-CADB-46D1-9EC8-8D7C4FBA3B6F}","CREATOR":"JLAY","CREATED":1713469448000,"EDITOR":"DCGIS","EDITED":1713477402000,"OBJECTID":906}},{"type":"Feature","id":659,"geometry":{"type":"Point","coordinates":[-77.01777937203113,38.948238410748715]},"properties":{"NAME":"Barnard Elementary School","ADDRESS":"430 DECATUR STREET NW","TYPE":"Indoor/Outdoor","SITE_TYPE":"Public School","WARD":"Ward 4","MAR_ID":248305,"GIS_ID":"WirelessHotSpotPt_659","YCOORD":142259.46,"XCOORD":398458.99,"LONGITUDE":-77.01777708,"LATITUDE":38.94823095,"LABEL":null,"NUMBER_OF_SITES":null,"SE_ANNO_CAD_DATA":null,"GLOBALID":"{FC188C4D-9D27-4D78-BB33-80A94C3E3B79}","CREATOR":"JLAY","CREATED":1713469448000,"EDITOR":"DCGIS","EDITED":1713477402000,"OBJECTID":659}},{"type":"Feature","id":766,"geometry":{"type":"Point","coordinates":[-77.01181781151162,38.87734308770995]},"properties":{"NAME":"DMV Main Facility","ADDRESS":"95 M STREET SW","TYPE":"Indoor/Outdoor","SITE_TYPE":"Administrative","WARD":"Ward 6","MAR_ID":276856,"GIS_ID":"WirelessHotSpotPt_766","YCOORD":134389.41,"XCOORD":398974.75,"LONGITUDE":-77.01181553,"LATITUDE":38.8773353,"LABEL":null,"NUMBER_OF_SITES":null,"SE_ANNO_CAD_DATA":null,"GLOBALID":"{9155AAFC-D46D-49E0-8280-65494F39B426}","CREATOR":"JLAY","CREATED":1713469448000,"EDITOR":"DCGIS","EDITED":1713477402000,"OBJECTID":766}},{"type":"Feature","id":1061,"geometry":{"type":"Point","coordinates":[-76.98840744432697,38.848273304936384]},"properties":{"NAME":"St. Elizabeths Hospital","ADDRESS":"1100 ALABAMA AVENUE SE","TYPE":"Indoor","SITE_TYPE":"Administrative","WARD":"Ward 8","MAR_ID":307946,"GIS_ID":"WirelessHotSpotPt_1061","YCOORD":131162.45,"XCOORD":401006.51,"LONGITUDE":-76.98840517,"LATITUDE":38.84826586,"LABEL":null,"NUMBER_OF_SITES":null,"SE_ANNO_CAD_DATA":null,"GLOBALID":"{B210DC8E-88C1-45FA-BF85-2FD6237EF9F2}","CREATOR":"JLAY","CREATED":1713469448000,"EDITOR":"DCGIS","EDITED":1713477402000,"OBJECTID":1061}},{"type":"Feature","id":753,"geometry":{"type":"Point","coordinates":[-76.98805965751394,38.86757769574849]},"properties":{"NAME":"DHCD","ADDRESS":"1800 MARTIN LUTHER KING JR AVENUE SE","TYPE":"Indoor","SITE_TYPE":"Administrative","WARD":"Ward 8","MAR_ID":56153,"GIS_ID":"WirelessHotSpotPt_753","YCOORD":133305.38,"XCOORD":401036.42,"LONGITUDE":-76.98805738,"LATITUDE":38.86756991,"LABEL":null,"NUMBER_OF_SITES":null,"SE_ANNO_CAD_DATA":null,"GLOBALID":"{BE2F37A4-EE29-4DA7-B615-9AA4F58A3AE0}","CREATOR":"JLAY","CREATED":1713469448000,"EDITOR":"DCGIS","EDITED":1713477402000,"OBJECTID":753}},{"type":"Feature","id":955,"geometry":{"type":"Point","coordinates":[-77.01429495166123,38.82010544048001]},"properties":{"NAME":"MPD Criminal Apprehension Unit (CAU)","ADDRESS":"4669 BLUE PLAINS DRIVE SW","TYPE":"Outdoor","SITE_TYPE":"Metro. Police Dept.","WARD":"Ward 8","MAR_ID":299768,"GIS_ID":"WirelessHotSpotPt_955","YCOORD":128035.66,"XCOORD":398758.81,"LONGITUDE":-77.014293,"LATITUDE":38.820098,"LABEL":null,"NUMBER_OF_SITES":null,"SE_ANNO_CAD_DATA":null,"GLOBALID":"{915C8FE1-DA6C-430A-8805-BE26D4F16340}","CREATOR":"JLAY","CREATED":1713469448000,"EDITOR":"DCGIS","EDITED":1713477402000,"OBJECTID":955}},{"type":"Feature","id":1100,"geometry":{"type":"Point","coordinates":[-76.9885030510634,38.9041251995325]},"properties":{"NAME":"Wheatley Elementary School","ADDRESS":"1299 NEAL STREET NE","TYPE":"Indoor/Outdoor","SITE_TYPE":"Public School","WARD":"Ward 5","MAR_ID":294512,"GIS_ID":"WirelessHotSpotPt_1100","YCOORD":137362.43,"XCOORD":400997.43,"LONGITUDE":-76.98850077,"LATITUDE":38.90411774,"LABEL":null,"NUMBER_OF_SITES":null,"SE_ANNO_CAD_DATA":null,"GLOBALID":"{5F92865D-1E92-45C2-80DD-7CCBDB8293DE}","CREATOR":"JLAY","CREATED":1713469448000,"EDITOR":"DCGIS","EDITED":1713477402000,"OBJECTID":1100}},{"type":"Feature","id":1037,"geometry":{"type":"Point","coordinates":[-77.02488375013559,38.91071028931824]},"properties":{"NAME":"Seaton Elementary School","ADDRESS":"1503 10TH STREET NW","TYPE":"Indoor/Outdoor","SITE_TYPE":"Public School","WARD":"Ward 2","MAR_ID":279203,"GIS_ID":"WirelessHotSpotPt_1037","YCOORD":138093.66,"XCOORD":397842.01,"LONGITUDE":-77.02488146,"LATITUDE":38.9107025,"LABEL":null,"NUMBER_OF_SITES":null,"SE_ANNO_CAD_DATA":null,"GLOBALID":"{E51682E0-803B-4BCF-8043-EFB42EA7F086}","CREATOR":"JLAY","CREATED":1713469448000,"EDITOR":"DCGIS","EDITED":1713477402000,"OBJECTID":1037}},{"type":"Feature","id":740,"geometry":{"type":"Point","coordinates":[-76.99391150245386,38.865921950768175]},"properties":{"NAME":"DDOE / AREC","ADDRESS":"1900 ANACOSTIA DRIVE SE","TYPE":"Indoor","SITE_TYPE":"Administrative","WARD":"Ward 8","MAR_ID":293215,"GIS_ID":"WirelessHotSpotPt_740","YCOORD":133121.53,"XCOORD":400528.59,"LONGITUDE":-76.99390922,"LATITUDE":38.86591417,"LABEL":null,"NUMBER_OF_SITES":null,"SE_ANNO_CAD_DATA":null,"GLOBALID":"{C4BDC22A-3F11-4BC8-974F-0F857DD0F2A6}","CREATOR":"JLAY","CREATED":1713469448000,"EDITOR":"DCGIS","EDITED":1713477402000,"OBJECTID":740}},{"type":"Feature","id":799,"geometry":{"type":"Point","coordinates":[-77.06582344448879,38.93273453023926]},"properties":{"NAME":"Eaton Elementary School","ADDRESS":"3301 LOWELL STREET NW","TYPE":"Outdoor","SITE_TYPE":"Public School","WARD":"Ward 3","MAR_ID":294562,"GIS_ID":"WirelessHotSpotPt_799","YCOORD":140540.30000000002,"XCOORD":394293.04000000004,"LONGITUDE":-77.06582114,"LATITUDE":38.93272707,"LABEL":null,"NUMBER_OF_SITES":null,"SE_ANNO_CAD_DATA":null,"GLOBALID":"{64BD4C2A-F75A-43C6-8BBE-8207B9DA2C41}","CREATOR":"JLAY","CREATED":1713469448000,"EDITOR":"DCGIS","EDITED":1713477402000,"OBJECTID":799}},{"type":"Feature","id":721,"geometry":{"type":"Point","coordinates":[-77.01958064549066,38.9672920397769]},"properties":{"NAME":"Coolidge Senior High","ADDRESS":"6315 5TH STREET NW","TYPE":"Indoor/Outdoor","SITE_TYPE":"Public School","WARD":"Ward 4","MAR_ID":294615,"GIS_ID":"WirelessHotSpotPt_721","YCOORD":144374.62,"XCOORD":398303.3,"LONGITUDE":-77.01957835,"LATITUDE":38.96728457,"LABEL":null,"NUMBER_OF_SITES":null,"SE_ANNO_CAD_DATA":null,"GLOBALID":"{2294DEB6-F898-4554-AE44-453C90E3A956}","CREATOR":"JLAY","CREATED":1713469448000,"EDITOR":"DCGIS","EDITED":1713477402000,"OBJECTID":721}},{"type":"Feature","id":1070,"geometry":{"type":"Point","coordinates":[-77.02015916130757,38.974444213197465]},"properties":{"NAME":"Takoma Park Neighborhood Library","ADDRESS":"416 CEDAR STREET NW","TYPE":"Outdoor","SITE_TYPE":"Library","WARD":"Ward 4","MAR_ID":251267,"GIS_ID":"WirelessHotSpotPt_1070","YCOORD":145168.59,"XCOORD":398253.34,"LONGITUDE":-77.02015687,"LATITUDE":38.97443675,"LABEL":null,"NUMBER_OF_SITES":null,"SE_ANNO_CAD_DATA":null,"GLOBALID":"{28C57C69-72EC-4E05-A74B-E112E3A9BE48}","CREATOR":"JLAY","CREATED":1713469448000,"EDITOR":"DCGIS","EDITED":1713477402000,"OBJECTID":1070}},{"type":"Feature","id":684,"geometry":{"type":"Point","coordinates":[-76.98730066975595,38.91404407429888]},"properties":{"NAME":"Bus Lot - NY Ave. NE","ADDRESS":"1345 NEW YORK AVENUE NE","TYPE":"Indoor/Outdoor","SITE_TYPE":"Public School","WARD":"Ward 5","MAR_ID":302194,"GIS_ID":"WirelessHotSpotPt_684","YCOORD":138463.52,"XCOORD":401101.57,"LONGITUDE":-76.98729839,"LATITUDE":38.91403628,"LABEL":null,"NUMBER_OF_SITES":null,"SE_ANNO_CAD_DATA":null,"GLOBALID":"{33BAEE6B-114E-4A79-9111-901C24FCF14B}","CREATOR":"JLAY","CREATED":1713469448000,"EDITOR":"DCGIS","EDITED":1713477402000,"OBJECTID":684}},{"type":"Feature","id":965,"geometry":{"type":"Point","coordinates":[-77.00792765808508,38.87796013140912]},"properties":{"NAME":"Multi Government Tenant Leased Space","ADDRESS":"1015 HALF STREET SE","TYPE":"Indoor","SITE_TYPE":"Administrative","WARD":"Ward 6","MAR_ID":75572,"GIS_ID":"WirelessHotSpotPt_965","YCOORD":134457.87,"XCOORD":399312.31,"LONGITUDE":-77.00792537,"LATITUDE":38.87795235,"LABEL":null,"NUMBER_OF_SITES":null,"SE_ANNO_CAD_DATA":null,"GLOBALID":"{8B77B8DD-4440-4526-866E-14D185A4D9E4}","CREATOR":"JLAY","CREATED":1713469448000,"EDITOR":"DCGIS","EDITED":1713477402000,"OBJECTID":965}},{"type":"Feature","id":666,"geometry":{"type":"Point","coordinates":[-76.94822142204852,38.888896186786205]},"properties":{"NAME":"Benning Stoddert Community Center","ADDRESS":"100 STODDERT PLACE SE","TYPE":"Indoor/Outdoor","SITE_TYPE":"Rec. Center","WARD":"Ward 7","MAR_ID":295821,"GIS_ID":"WirelessHotSpotPt_666","YCOORD":135673.1,"XCOORD":404492.37,"LONGITUDE":-76.94821916,"LATITUDE":38.8888884,"LABEL":null,"NUMBER_OF_SITES":null,"SE_ANNO_CAD_DATA":null,"GLOBALID":"{599C5085-8CD3-469A-8EC6-FF3B681D1754}","CREATOR":"JLAY","CREATED":1713469448000,"EDITOR":"DCGIS","EDITED":1713477402000,"OBJECTID":666}},{"type":"Feature","id":765,"geometry":{"type":"Point","coordinates":[-77.01107179218964,38.87785258561471]},"properties":{"NAME":"DMV Inspection Station","ADDRESS":"1001 HALF STREET SW","TYPE":"Indoor/Outdoor","SITE_TYPE":"Administrative","WARD":"Ward 6","MAR_ID":277732,"GIS_ID":"WirelessHotSpotPt_765","YCOORD":134445.96,"XCOORD":399039.49,"LONGITUDE":-77.01106951,"LATITUDE":38.87784514,"LABEL":null,"NUMBER_OF_SITES":null,"SE_ANNO_CAD_DATA":null,"GLOBALID":"{E37AF938-D317-4CCC-9F72-78E658843217}","CREATOR":"JLAY","CREATED":1713469448000,"EDITOR":"DCGIS","EDITED":1713477402000,"OBJECTID":765}},{"type":"Feature","id":1101,"geometry":{"type":"Point","coordinates":[-77.03170208741892,38.91278479066413]},"properties":{"NAME":"Whitman Walker Elizabeth Taylor Clinic","ADDRESS":"1701 14TH STREET NW","TYPE":"Outdoor","SITE_TYPE":"Health Center","WARD":"Ward 2","MAR_ID":238070,"GIS_ID":"WirelessHotSpotPt_1101","YCOORD":138324.13,"XCOORD":397250.73,"LONGITUDE":-77.03169979,"LATITUDE":38.91277734,"LABEL":null,"NUMBER_OF_SITES":null,"SE_ANNO_CAD_DATA":null,"GLOBALID":"{24ED7077-49FB-44FB-9704-7B1E4267FE7E}","CREATOR":"JLAY","CREATED":1713469448000,"EDITOR":"DCGIS","EDITED":1713477402000,"OBJECTID":1101}},{"type":"Feature","id":719,"geometry":{"type":"Point","coordinates":[-76.99684875839364,38.84226358385417]},"properties":{"NAME":"Congress Heights Recreation Center","ADDRESS":"611 ALABAMA AVENUE SE","TYPE":"Indoor/Outdoor","SITE_TYPE":"Rec. Center","WARD":"Ward 8","MAR_ID":307835,"GIS_ID":"WirelessHotSpotPt_719","YCOORD":130495.27,"XCOORD":400273.77,"LONGITUDE":-76.99684648,"LATITUDE":38.84225581,"LABEL":null,"NUMBER_OF_SITES":null,"SE_ANNO_CAD_DATA":null,"GLOBALID":"{D9A1CC67-66D6-447C-8D67-51DB129071CD}","CREATOR":"JLAY","CREATED":1713469448000,"EDITOR":"DCGIS","EDITED":1713477402000,"OBJECTID":719}},{"type":"Feature","id":762,"geometry":{"type":"Point","coordinates":[-76.93643681425407,38.90883551759534]},"properties":{"NAME":"DMV","ADDRESS":"1421 KENILWORTH AVENUE NE","TYPE":"Indoor","SITE_TYPE":"Administrative","WARD":"Ward 7","MAR_ID":286171,"GIS_ID":"WirelessHotSpotPt_762","YCOORD":137887.17,"XCOORD":405513.23,"LONGITUDE":-76.93643455,"LATITUDE":38.90882806,"LABEL":null,"NUMBER_OF_SITES":null,"SE_ANNO_CAD_DATA":null,"GLOBALID":"{8F072A0B-0626-419C-BAF2-1BEFA0108C75}","CREATOR":"JLAY","CREATED":1713469448000,"EDITOR":"DCGIS","EDITED":1713477402000,"OBJECTID":762}},{"type":"Feature","id":718,"geometry":{"type":"Point","coordinates":[-77.00619080514193,38.837079367810176]},"properties":{"NAME":"Congress Heights Community Health Center/Voc. Rehabilitation Serv.","ADDRESS":"3720 MARTIN LUTHER KING JR AVENUE SE","TYPE":"Indoor","SITE_TYPE":"Administrative","WARD":"Ward 8","MAR_ID":278424,"GIS_ID":"WirelessHotSpotPt_718","YCOORD":129919.8,"XCOORD":399462.71,"LONGITUDE":-77.00618852,"LATITUDE":38.83707193,"LABEL":null,"NUMBER_OF_SITES":null,"SE_ANNO_CAD_DATA":null,"GLOBALID":"{D1B48D64-CA4D-41CC-9AFD-7936AC878A64}","CREATOR":"JLAY","CREATED":1713469448000,"EDITOR":"DCGIS","EDITED":1713477402000,"OBJECTID":718}},{"type":"Feature","id":894,"geometry":{"type":"Point","coordinates":[-77.02294108252039,38.87991522058724]},"properties":{"NAME":"Jefferson Middle School Academy","ADDRESS":"801 7TH STREET SW","TYPE":"Indoor/Outdoor","SITE_TYPE":"Public School","WARD":"Ward 6","MAR_ID":276812,"GIS_ID":"WirelessHotSpotPt_894","YCOORD":134675.12,"XCOORD":398009.64,"LONGITUDE":-77.02293879,"LATITUDE":38.87990744,"LABEL":null,"NUMBER_OF_SITES":null,"SE_ANNO_CAD_DATA":null,"GLOBALID":"{AB045EA1-672E-4904-BA41-2F4A78CEF1A1}","CREATOR":"JLAY","CREATED":1713469448000,"EDITOR":"DCGIS","EDITED":1713477402000,"OBJECTID":894}},{"type":"Feature","id":1092,"geometry":{"type":"Point","coordinates":[-76.92169980620028,38.89598047003997]},"properties":{"NAME":"Warn Tower Site - Woodson, HD Senior High","ADDRESS":"5500 EADS STREET NE","TYPE":"Indoor/Outdoor","SITE_TYPE":"Public School","WARD":"Ward 7","MAR_ID":294609,"GIS_ID":"WirelessHotSpotPt_1092","YCOORD":136461.15,"XCOORD":406792.64,"LONGITUDE":-76.92169755,"LATITUDE":38.89597268,"LABEL":null,"NUMBER_OF_SITES":null,"SE_ANNO_CAD_DATA":null,"GLOBALID":"{C007A2AC-DA68-4716-AD53-7CA9A81802BF}","CREATOR":"JLAY","CREATED":1713469448000,"EDITOR":"DCGIS","EDITED":1713477402000,"OBJECTID":1092}},{"type":"Feature","id":1085,"geometry":{"type":"Point","coordinates":[-76.95297654565475,38.90058133292468]},"properties":{"NAME":"UPO - Educare","ADDRESS":"640 ANACOSTIA AVENUE NE","TYPE":"Indoor","SITE_TYPE":"Community Service Organization","WARD":"Ward 7","MAR_ID":309405,"GIS_ID":"WirelessHotSpotPt_1085","YCOORD":136970.02,"XCOORD":404079.16000000003,"LONGITUDE":-76.95297428,"LATITUDE":38.90057388,"LABEL":null,"NUMBER_OF_SITES":null,"SE_ANNO_CAD_DATA":null,"GLOBALID":"{8C0AB383-07BA-419C-87AD-9CB7DF8A5AF6}","CREATOR":"JLAY","CREATED":1713469448000,"EDITOR":"DCGIS","EDITED":1713477402000,"OBJECTID":1085}},{"type":"Feature","id":1024,"geometry":{"type":"Point","coordinates":[-76.97189767996738,38.88979809346229]},"properties":{"NAME":"RFK Stadium","ADDRESS":"2400 EAST CAPITOL STREET SE","TYPE":"Indoor","SITE_TYPE":"Administrative","WARD":"Ward 7","MAR_ID":293222,"GIS_ID":"WirelessHotSpotPt_1024","YCOORD":135772.32,"XCOORD":402438.25,"LONGITUDE":-76.97189541,"LATITUDE":38.88979064,"LABEL":null,"NUMBER_OF_SITES":null,"SE_ANNO_CAD_DATA":null,"GLOBALID":"{391AADFC-A160-478D-9AD1-46CA73AF9406}","CREATOR":"JLAY","CREATED":1713469448000,"EDITOR":"DCGIS","EDITED":1713477402000,"OBJECTID":1024}},{"type":"Feature","id":687,"geometry":{"type":"Point","coordinates":[-77.01286974543966,38.96217232131976]},"properties":{"NAME":"Capital City PCS","ADDRESS":"100 PEABODY STREET NW","TYPE":"Outdoor","SITE_TYPE":"Public Charter School","WARD":"Ward 4","MAR_ID":277545,"GIS_ID":"WirelessHotSpotPt_687","YCOORD":143806.18,"XCOORD":398884.8,"LONGITUDE":-77.01286745,"LATITUDE":38.96216486,"LABEL":null,"NUMBER_OF_SITES":null,"SE_ANNO_CAD_DATA":null,"GLOBALID":"{662228F8-2FA0-453F-B6E9-EA2649CA4A8C}","CREATOR":"JLAY","CREATED":1713469448000,"EDITOR":"DCGIS","EDITED":1713477402000,"OBJECTID":687}},{"type":"Feature","id":1077,"geometry":{"type":"Point","coordinates":[-77.02507387055014,38.953976155311075]},"properties":{"NAME":"Truesdell Elementary School","ADDRESS":"800 INGRAHAM STREET NW","TYPE":"Indoor/Outdoor","SITE_TYPE":"Public School","WARD":"Ward 4","MAR_ID":294497,"GIS_ID":"WirelessHotSpotPt_1077","YCOORD":142896.55000000002,"XCOORD":397826.84,"LONGITUDE":-77.02507158,"LATITUDE":38.95396869,"LABEL":null,"NUMBER_OF_SITES":null,"SE_ANNO_CAD_DATA":null,"GLOBALID":"{242B33F0-A86B-415A-B907-31B0092C018D}","CREATOR":"JLAY","CREATED":1713469448000,"EDITOR":"DCGIS","EDITED":1713477402000,"OBJECTID":1077}},{"type":"Feature","id":937,"geometry":{"type":"Point","coordinates":[-77.01564689173377,38.89545416973585]},"properties":{"NAME":"MARION S BARRY JR / OJS","ADDRESS":"441 4TH STREET NW","TYPE":"Indoor","SITE_TYPE":"Unknown","WARD":"Ward 6","MAR_ID":285552,"GIS_ID":"WirelessHotSpotPt_937","YCOORD":136399.93,"XCOORD":398642.84,"LONGITUDE":-77.0156446,"LATITUDE":38.89544638,"LABEL":null,"NUMBER_OF_SITES":null,"SE_ANNO_CAD_DATA":null,"GLOBALID":"{16A6C8B0-DCD3-4299-B57D-05D3E7313464}","CREATOR":"JLAY","CREATED":1713469448000,"EDITOR":"DCGIS","EDITED":1713477402000,"OBJECTID":937}},{"type":"Feature","id":777,"geometry":{"type":"Point","coordinates":[-77.05341945629291,38.90740141986285]},"properties":{"NAME":"DPR-Francis Pool","ADDRESS":"2435 N STREET NW","TYPE":"Outdoor","SITE_TYPE":"Rec. Center","WARD":"Ward 2","MAR_ID":308120,"GIS_ID":"WirelessHotSpotPt_777","YCOORD":137727.41,"XCOORD":395366.87,"LONGITUDE":-77.05341716,"LATITUDE":38.90739397,"LABEL":null,"NUMBER_OF_SITES":null,"SE_ANNO_CAD_DATA":null,"GLOBALID":"{1915CFC9-E53C-421A-8DE2-6F881B103FBD}","CREATOR":"JLAY","CREATED":1713469448000,"EDITOR":"DCGIS","EDITED":1713477402000,"OBJECTID":777}},{"type":"Feature","id":646,"geometry":{"type":"Point","coordinates":[-77.02221629314172,38.91512464310293]},"properties":{"NAME":"AETC National Multicultural Bldg - College of Medicine","ADDRESS":"1840 7TH STREET NW","TYPE":"Outdoor","SITE_TYPE":"University","WARD":"Ward 1","MAR_ID":279436,"GIS_ID":"WirelessHotSpotPt_646","YCOORD":138583.63,"XCOORD":398073.48,"LONGITUDE":-77.02221399999999,"LATITUDE":38.91511685,"LABEL":null,"NUMBER_OF_SITES":null,"SE_ANNO_CAD_DATA":null,"GLOBALID":"{9E0F31B0-AC23-4DA2-A721-0498E1EFBF53}","CREATOR":"JLAY","CREATED":1713469448000,"EDITOR":"DCGIS","EDITED":1713477402000,"OBJECTID":646}},{"type":"Feature","id":1028,"geometry":{"type":"Point","coordinates":[-76.95896613863245,38.8952492870895]},"properties":{"NAME":"River Terrace Elementary School","ADDRESS":"405 ANACOSTIA AVENUE NE","TYPE":"Indoor/Outdoor","SITE_TYPE":"Public School","WARD":"Ward 7","MAR_ID":313230,"GIS_ID":"WirelessHotSpotPt_1028","YCOORD":136377.87,"XCOORD":403559.87,"LONGITUDE":-76.95896387,"LATITUDE":38.8952415,"LABEL":null,"NUMBER_OF_SITES":null,"SE_ANNO_CAD_DATA":null,"GLOBALID":"{195EF9B6-8EE9-40AF-9905-5DDA94A51EC5}","CREATOR":"JLAY","CREATED":1713469448000,"EDITOR":"DCGIS","EDITED":1713477402000,"OBJECTID":1028}},{"type":"Feature","id":1062,"geometry":{"type":"Point","coordinates":[-76.9684924980307,38.859279554952124]},"properties":{"NAME":"Stanton Elementary School","ADDRESS":"2701 NAYLOR ROAD SE","TYPE":"Indoor/Outdoor","SITE_TYPE":"Public School","WARD":"Ward 8","MAR_ID":294547,"GIS_ID":"WirelessHotSpotPt_1062","YCOORD":132384.63,"XCOORD":402734.84,"LONGITUDE":-76.96849023,"LATITUDE":38.85927211,"LABEL":null,"NUMBER_OF_SITES":null,"SE_ANNO_CAD_DATA":null,"GLOBALID":"{5428FDDC-BB50-447A-B2FC-8A822E76CF2B}","CREATOR":"JLAY","CREATED":1713469448000,"EDITOR":"DCGIS","EDITED":1713477402000,"OBJECTID":1062}},{"type":"Feature","id":889,"geometry":{"type":"Point","coordinates":[-76.99659130436592,38.9027654537887]},"properties":{"NAME":"J.O. Wilson Elementary School","ADDRESS":"660 K STREET NE","TYPE":"Indoor/Outdoor","SITE_TYPE":"Public School","WARD":"Ward 6","MAR_ID":288841,"GIS_ID":"WirelessHotSpotPt_889","YCOORD":137211.43,"XCOORD":400295.87,"LONGITUDE":-76.99658902,"LATITUDE":38.902758,"LABEL":null,"NUMBER_OF_SITES":null,"SE_ANNO_CAD_DATA":null,"GLOBALID":"{66FB9446-E118-4B51-A2EA-D405498C037A}","CREATOR":"JLAY","CREATED":1713469448000,"EDITOR":"DCGIS","EDITED":1713477402000,"OBJECTID":889}},{"type":"Feature","id":1068,"geometry":{"type":"Point","coordinates":[-77.01799869762188,38.968900445758656]},"properties":{"NAME":"Takoma Community Center","ADDRESS":"300 VAN BUREN STREET NW","TYPE":"Indoor/Outdoor","SITE_TYPE":"Rec. Center","WARD":"Ward 4","MAR_ID":296168,"GIS_ID":"WirelessHotSpotPt_1068","YCOORD":144553.14,"XCOORD":398440.43,"LONGITUDE":-77.0179964,"LATITUDE":38.96889264,"LABEL":null,"NUMBER_OF_SITES":null,"SE_ANNO_CAD_DATA":null,"GLOBALID":"{2953FC56-94E0-442F-9117-BEB1FC9952C2}","CREATOR":"JLAY","CREATED":1713469448000,"EDITOR":"DCGIS","EDITED":1713477402000,"OBJECTID":1068}},{"type":"Feature","id":928,"geometry":{"type":"Point","coordinates":[-77.02504253088047,38.88448051061307]},"properties":{"NAME":"L'Enfant Plaza","ADDRESS":"955 L'ENFANT PLAZA SW","TYPE":"Indoor","SITE_TYPE":"Administrative","WARD":"Ward 6","MAR_ID":291726,"GIS_ID":"WirelessHotSpotPt_928","YCOORD":135181.95,"XCOORD":397827.44,"LONGITUDE":-77.02504024,"LATITUDE":38.88447306,"LABEL":null,"NUMBER_OF_SITES":null,"SE_ANNO_CAD_DATA":null,"GLOBALID":"{E897C943-2BEE-49D7-9AA3-6E719C6DC157}","CREATOR":"JLAY","CREATED":1713469448000,"EDITOR":"DCGIS","EDITED":1713477402000,"OBJECTID":928}},{"type":"Feature","id":876,"geometry":{"type":"Point","coordinates":[-77.0715848702459,38.94087635983397]},"properties":{"NAME":"Hearst Elementary School","ADDRESS":"3950 37TH STREET NW","TYPE":"Indoor/Outdoor","SITE_TYPE":"Public School","WARD":"Ward 3","MAR_ID":294586,"GIS_ID":"WirelessHotSpotPt_876","YCOORD":141444.49,"XCOORD":393794.21,"LONGITUDE":-77.07158256,"LATITUDE":38.94086857,"LABEL":null,"NUMBER_OF_SITES":null,"SE_ANNO_CAD_DATA":null,"GLOBALID":"{B2768002-DAF2-4B70-A685-78929EC94A8B}","CREATOR":"JLAY","CREATED":1713469448000,"EDITOR":"DCGIS","EDITED":1713477402000,"OBJECTID":876}},{"type":"Feature","id":770,"geometry":{"type":"Point","coordinates":[-77.03047062659084,38.9434821200596]},"properties":{"NAME":"Dorothy Height Elementary School (Sharpe Health Swing Space)","ADDRESS":"4300 13TH STREET NW","TYPE":"Indoor/Outdoor","SITE_TYPE":"Public School","WARD":"Ward 4","MAR_ID":255254,"GIS_ID":"WirelessHotSpotPt_770","YCOORD":141731.76,"XCOORD":397358.67,"LONGITUDE":-77.03046833,"LATITUDE":38.94347466,"LABEL":null,"NUMBER_OF_SITES":null,"SE_ANNO_CAD_DATA":null,"GLOBALID":"{FD968A53-0DD1-4D7D-90D6-B268F320B605}","CREATOR":"JLAY","CREATED":1713469448000,"EDITOR":"DCGIS","EDITED":1713477402000,"OBJECTID":770}},{"type":"Feature","id":756,"geometry":{"type":"Point","coordinates":[-77.02725012417102,38.94111418537051]},"properties":{"NAME":"DHS","ADDRESS":"1207 TAYLOR STREET NW","TYPE":"Indoor","SITE_TYPE":"Administrative","WARD":"Ward 4","MAR_ID":283934,"GIS_ID":"WirelessHotSpotPt_756","YCOORD":141468.81,"XCOORD":397637.78,"LONGITUDE":-77.02724783,"LATITUDE":38.94110672,"LABEL":null,"NUMBER_OF_SITES":null,"SE_ANNO_CAD_DATA":null,"GLOBALID":"{0ACA3102-6D16-42A8-9C91-0D6B46775CAC}","CREATOR":"JLAY","CREATED":1713469448000,"EDITOR":"DCGIS","EDITED":1713477402000,"OBJECTID":756}},{"type":"Feature","id":816,"geometry":{"type":"Point","coordinates":[-76.99460547149624,38.88326117376732]},"properties":{"NAME":"Engine Company 18 (Truck Company 7)","ADDRESS":"414 8TH STREET SE","TYPE":"Indoor/Outdoor","SITE_TYPE":"Fire Emergency Medical Services","WARD":"Ward 6","MAR_ID":280007,"GIS_ID":"WirelessHotSpotPt_816","YCOORD":135046.31,"XCOORD":400468.25,"LONGITUDE":-76.99460319,"LATITUDE":38.88325339,"LABEL":null,"NUMBER_OF_SITES":null,"SE_ANNO_CAD_DATA":null,"GLOBALID":"{7CE2F488-1542-4DF8-B4BC-ED029DFD606F}","CREATOR":"JLAY","CREATED":1713469448000,"EDITOR":"DCGIS","EDITED":1713477402000,"OBJECTID":816}},{"type":"Feature","id":1052,"geometry":{"type":"Point","coordinates":[-76.93847090276373,38.89356149009408]},"properties":{"NAME":"Smothers Elementary School","ADDRESS":"4400 BROOKS STREET NE","TYPE":"Indoor","SITE_TYPE":"Public School","WARD":"Ward 7","MAR_ID":294596,"GIS_ID":"WirelessHotSpotPt_1052","YCOORD":136191.51,"XCOORD":405337.95,"LONGITUDE":-76.93846864,"LATITUDE":38.89355404,"LABEL":null,"NUMBER_OF_SITES":null,"SE_ANNO_CAD_DATA":null,"GLOBALID":"{47851D38-8AEE-4D5D-A899-5B23431E152B}","CREATOR":"JLAY","CREATED":1713469448000,"EDITOR":"DCGIS","EDITED":1713477402000,"OBJECTID":1052}},{"type":"Feature","id":925,"geometry":{"type":"Point","coordinates":[-77.01336232400604,38.828085438291176]},"properties":{"NAME":"Leckie Elementary School","ADDRESS":"4201 MARTIN LUTHER KING JR AVENUE SW","TYPE":"Indoor/Outdoor","SITE_TYPE":"Public School","WARD":"Ward 8","MAR_ID":294592,"GIS_ID":"WirelessHotSpotPt_925","YCOORD":128921.48,"XCOORD":398839.93,"LONGITUDE":-77.01336004,"LATITUDE":38.82807767,"LABEL":null,"NUMBER_OF_SITES":null,"SE_ANNO_CAD_DATA":null,"GLOBALID":"{84A41094-1DED-4D28-A23B-5B0AF358F85E}","CREATOR":"JLAY","CREATED":1713469448000,"EDITOR":"DCGIS","EDITED":1713477402000,"OBJECTID":925}},{"type":"Feature","id":982,"geometry":{"type":"Point","coordinates":[-77.05720567559382,38.92360328286348]},"properties":{"NAME":"Oyster Elementary School","ADDRESS":"2801 CALVERT STREET NW","TYPE":"Indoor/Outdoor","SITE_TYPE":"Public School / Rec. Center","WARD":"Ward 3","MAR_ID":275944,"GIS_ID":"WirelessHotSpotPt_982","YCOORD":139526.15,"XCOORD":395039.60000000003,"LONGITUDE":-77.05720337,"LATITUDE":38.92359583,"LABEL":null,"NUMBER_OF_SITES":null,"SE_ANNO_CAD_DATA":null,"GLOBALID":"{4767B6C8-9D62-4955-BFEE-BDD79E97BE4B}","CREATOR":"JLAY","CREATED":1713469448000,"EDITOR":"DCGIS","EDITED":1713477402000,"OBJECTID":982}},{"type":"Feature","id":675,"geometry":{"type":"Point","coordinates":[-76.99115028324924,38.938717668274236]},"properties":{"NAME":"Brookland Middle School","ADDRESS":"1150 MICHIGAN AVENUE NE","TYPE":"Indoor/Outdoor","SITE_TYPE":"Public School","WARD":"Ward 5","MAR_ID":294507,"GIS_ID":"WirelessHotSpotPt_675","YCOORD":141202.46,"XCOORD":400767.44,"LONGITUDE":-76.991148,"LATITUDE":38.93870987,"LABEL":null,"NUMBER_OF_SITES":null,"SE_ANNO_CAD_DATA":null,"GLOBALID":"{2778D1CE-4CC6-4240-90DF-654554C0CAAB}","CREATOR":"JLAY","CREATED":1713469448000,"EDITOR":"DCGIS","EDITED":1713477402000,"OBJECTID":675}},{"type":"Feature","id":1044,"geometry":{"type":"Point","coordinates":[-77.000054570666,38.835917801443436]},"properties":{"NAME":"Simon Elementary School","ADDRESS":"401 MISSISSIPPI AVENUE SE","TYPE":"Indoor/Outdoor","SITE_TYPE":"Public School / Rec. Center","WARD":"Ward 8","MAR_ID":294481,"GIS_ID":"WirelessHotSpotPt_1044","YCOORD":129790.84,"XCOORD":399995.46,"LONGITUDE":-77.00005229,"LATITUDE":38.83591003,"LABEL":null,"NUMBER_OF_SITES":null,"SE_ANNO_CAD_DATA":null,"GLOBALID":"{0A58B951-58BD-4312-A4E5-AD6E625CB59E}","CREATOR":"JLAY","CREATED":1713469448000,"EDITOR":"DCGIS","EDITED":1713477402000,"OBJECTID":1044}},{"type":"Feature","id":993,"geometry":{"type":"Point","coordinates":[-77.03945044684617,38.90021559313149]},"properties":{"NAME":"PA2040 Cabinet 5 (SE Corner)","ADDRESS":"17TH STREET NW AND H STREET NW","TYPE":"Outdoor","SITE_TYPE":"Administrative","WARD":"Ward 2","MAR_ID":905532,"GIS_ID":"WirelessHotSpotPt_993","YCOORD":136929.109373,"XCOORD":396578.124987,"LONGITUDE":-77.039448,"LATITUDE":38.900208,"LABEL":null,"NUMBER_OF_SITES":null,"SE_ANNO_CAD_DATA":null,"GLOBALID":"{6D5902D9-31FD-43FC-99ED-B3EBEB1A5627}","CREATOR":"JLAY","CREATED":1713469448000,"EDITOR":"DCGIS","EDITED":1713477402000,"OBJECTID":993}},{"type":"Feature","id":967,"geometry":{"type":"Point","coordinates":[-77.07008151775702,38.95294098491907]},"properties":{"NAME":"Murch Elementary School","ADDRESS":"4810 36TH STREET NW","TYPE":"Indoor/Outdoor","SITE_TYPE":"Public School","WARD":"Ward 3","MAR_ID":294602,"GIS_ID":"WirelessHotSpotPt_967","YCOORD":142783.67,"XCOORD":393925.57,"LONGITUDE":-77.07007921,"LATITUDE":38.95293352,"LABEL":null,"NUMBER_OF_SITES":null,"SE_ANNO_CAD_DATA":null,"GLOBALID":"{1BE1A95E-6110-4067-8A9E-9331F2D98C53}","CREATOR":"JLAY","CREATED":1713469448000,"EDITOR":"DCGIS","EDITED":1713477402000,"OBJECTID":967}},{"type":"Feature","id":676,"geometry":{"type":"Point","coordinates":[-76.97066933279865,38.902606337901936]},"properties":{"NAME":"Browne Education Campus (decommissioned for renovation)","ADDRESS":"850 26TH STREET NE","TYPE":"Indoor/Outdoor","SITE_TYPE":"Public School","WARD":"Ward 5","MAR_ID":294501,"GIS_ID":"WirelessHotSpotPt_676","YCOORD":137194.17,"XCOORD":402544.36,"LONGITUDE":-76.97066706,"LATITUDE":38.90259888,"LABEL":null,"NUMBER_OF_SITES":null,"SE_ANNO_CAD_DATA":null,"GLOBALID":"{A8647703-06D0-4BC9-A903-15C636E07B30}","CREATOR":"JLAY","CREATED":1713469448000,"EDITOR":"DCGIS","EDITED":1713477402000,"OBJECTID":676}},{"type":"Feature","id":825,"geometry":{"type":"Point","coordinates":[-77.00078430648134,38.84319248477926]},"properties":{"NAME":"Engine Company 25","ADDRESS":"3203 MARTIN LUTHER KING JR AVENUE SE","TYPE":"Indoor/Outdoor","SITE_TYPE":"Fire Emergency Medical Services","WARD":"Ward 8","MAR_ID":278344,"GIS_ID":"WirelessHotSpotPt_825","YCOORD":130598.38,"XCOORD":399932.11,"LONGITUDE":-77.00078203,"LATITUDE":38.84318471,"LABEL":null,"NUMBER_OF_SITES":null,"SE_ANNO_CAD_DATA":null,"GLOBALID":"{E7D4AE16-8F09-402F-8042-7C4D18EBF1B8}","CREATOR":"JLAY","CREATED":1713469448000,"EDITOR":"DCGIS","EDITED":1713477402000,"OBJECTID":825}},{"type":"Feature","id":754,"geometry":{"type":"Point","coordinates":[-77.02504253088047,38.88448051061307]},"properties":{"NAME":"DHCF at L'Enfant Plaza","ADDRESS":"955 L''ENFANT PLAZA SW","TYPE":"Indoor","SITE_TYPE":"Administrative","WARD":"Ward 6","MAR_ID":291726,"GIS_ID":"WirelessHotSpotPt_754","YCOORD":135181.95,"XCOORD":397827.44,"LONGITUDE":-77.02503999999999,"LATITUDE":38.884473,"LABEL":null,"NUMBER_OF_SITES":null,"SE_ANNO_CAD_DATA":null,"GLOBALID":"{EF1249FC-6C71-4C43-92D2-266AB3E90321}","CREATOR":"JLAY","CREATED":1713469448000,"EDITOR":"DCGIS","EDITED":1713477402000,"OBJECTID":754}},{"type":"Feature","id":854,"geometry":{"type":"Point","coordinates":[-77.02741327376162,38.96313324862815]},"properties":{"NAME":"Fourth District Station","ADDRESS":"6001 GEORGIA AVENUE NW","TYPE":"Indoor","SITE_TYPE":"Metro. Police Dept.","WARD":"Ward 4","MAR_ID":243485,"GIS_ID":"WirelessHotSpotPt_854","YCOORD":143913.13,"XCOORD":397624.37,"LONGITUDE":-77.02741098,"LATITUDE":38.96312578,"LABEL":null,"NUMBER_OF_SITES":null,"SE_ANNO_CAD_DATA":null,"GLOBALID":"{1AB3E24B-BAF9-4211-B88F-00959FA1CE69}","CREATOR":"JLAY","CREATED":1713469448000,"EDITOR":"DCGIS","EDITED":1713477402000,"OBJECTID":854}},{"type":"Feature","id":960,"geometry":{"type":"Point","coordinates":[-77.01485620056707,38.813431344029446]},"properties":{"NAME":"MPD Internal Affairs and Executive Protection Unit","ADDRESS":"6 DC VILLAGE LANE SW","TYPE":"Indoor/Outdoor","SITE_TYPE":"Metro. Police Dept.","WARD":"Ward 8","MAR_ID":307758,"GIS_ID":"WirelessHotSpotPt_960","YCOORD":127294.8,"XCOORD":398709.95,"LONGITUDE":-77.01485392,"LATITUDE":38.81342357,"LABEL":null,"NUMBER_OF_SITES":null,"SE_ANNO_CAD_DATA":null,"GLOBALID":"{D70EA964-B013-404E-9DD8-82CE95D5C701}","CREATOR":"JLAY","CREATED":1713469448000,"EDITOR":"DCGIS","EDITED":1713477402000,"OBJECTID":960}},{"type":"Feature","id":1013,"geometry":{"type":"Point","coordinates":[-76.98922823498488,38.881095004913526]},"properties":{"NAME":"Potomac Gardens Family","ADDRESS":"1225 G STREET SE","TYPE":"Outdoor","SITE_TYPE":"Public Housing","WARD":"Ward 6","MAR_ID":290351,"GIS_ID":"WirelessHotSpotPt_1013","YCOORD":134805.89,"XCOORD":400934.83,"LONGITUDE":-76.989226,"LATITUDE":38.881088,"LABEL":null,"NUMBER_OF_SITES":null,"SE_ANNO_CAD_DATA":null,"GLOBALID":"{7F9CAC6C-EFEF-4E92-8EED-32C97C61CCC6}","CREATOR":"JLAY","CREATED":1713469448000,"EDITOR":"DCGIS","EDITED":1713477402000,"OBJECTID":1013}},{"type":"Feature","id":1109,"geometry":{"type":"Point","coordinates":[-77.01826906618987,38.89959457384048]},"properties":{"NAME":"Youth and Rehab","ADDRESS":"450 H STREET NW","TYPE":"Indoor","SITE_TYPE":"Administrative","WARD":"Ward 6","MAR_ID":237588,"GIS_ID":"WirelessHotSpotPt_1109","YCOORD":136859.59,"XCOORD":398415.46,"LONGITUDE":-77.01826678,"LATITUDE":38.89958712,"LABEL":null,"NUMBER_OF_SITES":null,"SE_ANNO_CAD_DATA":null,"GLOBALID":"{48CA5FA1-0847-49E3-B50A-ABF85D6F8D56}","CREATOR":"JLAY","CREATED":1713469448000,"EDITOR":"DCGIS","EDITED":1713477402000,"OBJECTID":1109}},{"type":"Feature","id":1025,"geometry":{"type":"Point","coordinates":[-76.92534178820557,38.89413848042108]},"properties":{"NAME":"Richardson Dwellings","ADDRESS":"5231 CLOUD PLACE NE","TYPE":"Outdoor","SITE_TYPE":"Public Housing","WARD":"Ward 7","MAR_ID":148821,"GIS_ID":"WirelessHotSpotPt_1025","YCOORD":136256.41,"XCOORD":406476.87,"LONGITUDE":-76.92533953,"LATITUDE":38.89413102,"LABEL":null,"NUMBER_OF_SITES":null,"SE_ANNO_CAD_DATA":null,"GLOBALID":"{A9B19CFE-360B-491D-9D29-3808B7204F4A}","CREATOR":"JLAY","CREATED":1713469448000,"EDITOR":"DCGIS","EDITED":1713477402000,"OBJECTID":1025}},{"type":"Feature","id":818,"geometry":{"type":"Point","coordinates":[-77.01952840402481,38.897086171534475]},"properties":{"NAME":"Engine Company 2 (Rescue Squad 1)","ADDRESS":"500 F STREET NW","TYPE":"Indoor/Outdoor","SITE_TYPE":"Fire Emergency Medical Services","WARD":"Ward 2","MAR_ID":299998,"GIS_ID":"WirelessHotSpotPt_818","YCOORD":136581.16,"XCOORD":398306.16000000003,"LONGITUDE":-77.01952611,"LATITUDE":38.89707838,"LABEL":null,"NUMBER_OF_SITES":null,"SE_ANNO_CAD_DATA":null,"GLOBALID":"{AE63975F-77E4-4A75-8471-D569445C8570}","CREATOR":"JLAY","CREATED":1713469448000,"EDITOR":"DCGIS","EDITED":1713477402000,"OBJECTID":818}},{"type":"Feature","id":797,"geometry":{"type":"Point","coordinates":[-76.97968656994185,38.89041011512817]},"properties":{"NAME":"Eastern High School","ADDRESS":"1700 EAST CAPITOL STREET NE","TYPE":"Indoor/Outdoor","SITE_TYPE":"Public School","WARD":"Ward 7","MAR_ID":289529,"GIS_ID":"WirelessHotSpotPt_797","YCOORD":135840.08000000002,"XCOORD":401762.5,"LONGITUDE":-76.97968429,"LATITUDE":38.89040266,"LABEL":null,"NUMBER_OF_SITES":null,"SE_ANNO_CAD_DATA":null,"GLOBALID":"{36D7EE65-B8CA-4B66-8814-7CC3C85BE1A9}","CREATOR":"JLAY","CREATED":1713469448000,"EDITOR":"DCGIS","EDITED":1713477402000,"OBJECTID":797}},{"type":"Feature","id":647,"geometry":{"type":"Point","coordinates":[-77.07514761543591,38.95268407516055]},"properties":{"NAME":"Alice Deal Middle School","ADDRESS":"3815 FORT DRIVE NW","TYPE":"Indoor/Outdoor","SITE_TYPE":"Public School","WARD":"Ward 3","MAR_ID":277548,"GIS_ID":"WirelessHotSpotPt_647","YCOORD":142755.5,"XCOORD":393486.42,"LONGITUDE":-77.07514531,"LATITUDE":38.95267628,"LABEL":null,"NUMBER_OF_SITES":null,"SE_ANNO_CAD_DATA":null,"GLOBALID":"{5E90B9D8-8C73-4176-AC73-9CE88868A31A}","CREATOR":"JLAY","CREATED":1713469448000,"EDITOR":"DCGIS","EDITED":1713477402000,"OBJECTID":647}},{"type":"Feature","id":867,"geometry":{"type":"Point","coordinates":[-77.0686292379838,38.91540306455126]},"properties":{"NAME":"Hardy Middle School","ADDRESS":"1819 35TH STREET NW","TYPE":"Indoor/Outdoor","SITE_TYPE":"Public School","WARD":"Ward 2","MAR_ID":274432,"GIS_ID":"WirelessHotSpotPt_867","YCOORD":138616.54,"XCOORD":394048.32,"LONGITUDE":-77.06862693,"LATITUDE":38.91539528,"LABEL":null,"NUMBER_OF_SITES":null,"SE_ANNO_CAD_DATA":null,"GLOBALID":"{040EABD6-D208-4809-8457-8643BCE6FE98}","CREATOR":"JLAY","CREATED":1713469448000,"EDITOR":"DCGIS","EDITED":1713477402000,"OBJECTID":867}},{"type":"Feature","id":865,"geometry":{"type":"Point","coordinates":[-77.03854098595342,38.9240076557408]},"properties":{"NAME":"H.D. Cooke Elementary School","ADDRESS":"2525 17TH STREET NW","TYPE":"Indoor/Outdoor","SITE_TYPE":"Public School","WARD":"Ward 1","MAR_ID":235863,"GIS_ID":"WirelessHotSpotPt_865","YCOORD":139570.19,"XCOORD":396658.13,"LONGITUDE":-77.03853869,"LATITUDE":38.92399986,"LABEL":null,"NUMBER_OF_SITES":null,"SE_ANNO_CAD_DATA":null,"GLOBALID":"{DE8CF235-1337-435C-A831-9EDF07272C5D}","CREATOR":"JLAY","CREATED":1713469448000,"EDITOR":"DCGIS","EDITED":1713477402000,"OBJECTID":865}},{"type":"Feature","id":808,"geometry":{"type":"Point","coordinates":[-76.98669648904028,38.901595101186615]},"properties":{"NAME":"Engine Company 10 (Truck Company 13)","ADDRESS":"1342 FLORIDA AVENUE NE","TYPE":"Indoor/Outdoor","SITE_TYPE":"Fire Emergency Medical Services","WARD":"Ward 5","MAR_ID":294519,"GIS_ID":"WirelessHotSpotPt_808","YCOORD":137081.59,"XCOORD":401154.17,"LONGITUDE":-76.98669421,"LATITUDE":38.90158765,"LABEL":null,"NUMBER_OF_SITES":null,"SE_ANNO_CAD_DATA":null,"GLOBALID":"{A4841B13-6F45-4FCF-9110-61F51780B1B8}","CREATOR":"JLAY","CREATED":1713469448000,"EDITOR":"DCGIS","EDITED":1713477402000,"OBJECTID":808}},{"type":"Feature","id":934,"geometry":{"type":"Point","coordinates":[-77.06699455048462,38.933711536432014]},"properties":{"NAME":"Macomb Recreation Center","ADDRESS":"3409 MACOMB STREET NW","TYPE":"Indoor/Outdoor","SITE_TYPE":"Rec. Center","WARD":"Ward 3","MAR_ID":221115,"GIS_ID":"WirelessHotSpotPt_934","YCOORD":140648.83000000002,"XCOORD":394191.58,"LONGITUDE":-77.06699224,"LATITUDE":38.93370408,"LABEL":null,"NUMBER_OF_SITES":null,"SE_ANNO_CAD_DATA":null,"GLOBALID":"{F7A90ACC-B109-4748-8C17-74A3CD6760B1}","CREATOR":"JLAY","CREATED":1713469448000,"EDITOR":"DCGIS","EDITED":1713477402000,"OBJECTID":934}},{"type":"Feature","id":969,"geometry":{"type":"Point","coordinates":[-76.93079876645994,38.88596187224885]},"properties":{"NAME":"Nalle Elementary School","ADDRESS":"219 50TH STREET SE","TYPE":"Indoor/Outdoor","SITE_TYPE":"Public School","WARD":"Ward 7","MAR_ID":294474,"GIS_ID":"WirelessHotSpotPt_969","YCOORD":135348.37,"XCOORD":406004.16000000003,"LONGITUDE":-76.93079651,"LATITUDE":38.88595442,"LABEL":null,"NUMBER_OF_SITES":null,"SE_ANNO_CAD_DATA":null,"GLOBALID":"{9F22C24F-1FFC-4B1D-BFCE-BFEBC317E9AF}","CREATOR":"JLAY","CREATED":1713469448000,"EDITOR":"DCGIS","EDITED":1713477402000,"OBJECTID":969}},{"type":"Feature","id":761,"geometry":{"type":"Point","coordinates":[-76.9948164107172,38.92103844767702]},"properties":{"NAME":"DMV","ADDRESS":"2350 WASHINGTON PLACE NE","TYPE":"Indoor","SITE_TYPE":"Administrative","WARD":"Ward 5","MAR_ID":306519,"GIS_ID":"WirelessHotSpotPt_761","YCOORD":139239.89,"XCOORD":400449.71,"LONGITUDE":-76.99481413,"LATITUDE":38.92103099,"LABEL":null,"NUMBER_OF_SITES":null,"SE_ANNO_CAD_DATA":null,"GLOBALID":"{1ECE62CC-EB53-4218-9244-666C411B248D}","CREATOR":"JLAY","CREATED":1713469448000,"EDITOR":"DCGIS","EDITED":1713477402000,"OBJECTID":761}},{"type":"Feature","id":748,"geometry":{"type":"Point","coordinates":[-77.03054290091909,38.94470794888934]},"properties":{"NAME":"DECOM - 4/11/2022 ( Formerly Dorothy I. Height Elementary School)","ADDRESS":"1300 ALLISON STREET NW","TYPE":"Indoor","SITE_TYPE":"Public School","WARD":"Ward 4","MAR_ID":255251,"GIS_ID":"WirelessHotSpotPt_748","YCOORD":141867.84,"XCOORD":397352.45,"LONGITUDE":-77.03054061,"LATITUDE":38.94470049,"LABEL":null,"NUMBER_OF_SITES":null,"SE_ANNO_CAD_DATA":null,"GLOBALID":"{FE2C6934-5C0D-44DF-96D2-D5CA3C42BE26}","CREATOR":"JLAY","CREATED":1713469448000,"EDITOR":"DCGIS","EDITED":1713477402000,"OBJECTID":748}},{"type":"Feature","id":944,"geometry":{"type":"Point","coordinates":[-76.99500181553275,38.85882228727458]},"properties":{"NAME":"Matthews Memorial Baptist Church Child Development Center","ADDRESS":"2616 MARTIN LUTHER KING JR AVENUE SE","TYPE":"Outdoor","SITE_TYPE":"Community Service Organization","WARD":"Ward 8","MAR_ID":278192,"GIS_ID":"WirelessHotSpotPt_944","YCOORD":132333.41,"XCOORD":400434.01,"LONGITUDE":-76.99499954,"LATITUDE":38.85881451,"LABEL":null,"NUMBER_OF_SITES":null,"SE_ANNO_CAD_DATA":null,"GLOBALID":"{F46F2F2F-ABBE-4B04-AF74-63F6A0E653BE}","CREATOR":"JLAY","CREATED":1713469448000,"EDITOR":"DCGIS","EDITED":1713477402000,"OBJECTID":944}},{"type":"Feature","id":801,"geometry":{"type":"Point","coordinates":[-77.00202906804766,38.924732137352706]},"properties":{"NAME":"Edgewood Recreation Center","ADDRESS":"301 FRANKLIN STREET NE","TYPE":"Outdoor","SITE_TYPE":"Rec. Center","WARD":"Ward 5","MAR_ID":289734,"GIS_ID":"WirelessHotSpotPt_801","YCOORD":139649.91,"XCOORD":399824.25,"LONGITUDE":-77.002027,"LATITUDE":38.924724999999995,"LABEL":null,"NUMBER_OF_SITES":null,"SE_ANNO_CAD_DATA":null,"GLOBALID":"{EEE2A181-D29D-4321-957C-0AD7D61DCAA6}","CREATOR":"JLAY","CREATED":1713469448000,"EDITOR":"DCGIS","EDITED":1713477402000,"OBJECTID":801}},{"type":"Feature","id":1020,"geometry":{"type":"Point","coordinates":[-77.02643495398235,38.93581866527034]},"properties":{"NAME":"Raymond Rec Center","ADDRESS":"915 SPRING ROAD NW","TYPE":"Indoor/Outdoor","SITE_TYPE":"Rec. Center","WARD":"Ward 4","MAR_ID":226682,"GIS_ID":"WirelessHotSpotPt_1020","YCOORD":140880.94,"XCOORD":397708.28,"LONGITUDE":-77.026433,"LATITUDE":38.935811,"LABEL":null,"NUMBER_OF_SITES":null,"SE_ANNO_CAD_DATA":null,"GLOBALID":"{84DD7B4D-0AB6-47DF-B02E-1C18838EE5BC}","CREATOR":"JLAY","CREATED":1713469448000,"EDITOR":"DCGIS","EDITED":1713477402000,"OBJECTID":1020}},{"type":"Feature","id":1073,"geometry":{"type":"Point","coordinates":[-77.03797310963569,38.917875062934215]},"properties":{"NAME":"Third District Station","ADDRESS":"1620 V STREET NW","TYPE":"Indoor/Outdoor","SITE_TYPE":"Metro. Police Dept.","WARD":"Ward 1","MAR_ID":241847,"GIS_ID":"WirelessHotSpotPt_1073","YCOORD":138889.4,"XCOORD":396707.09,"LONGITUDE":-77.03797081,"LATITUDE":38.91786761,"LABEL":null,"NUMBER_OF_SITES":null,"SE_ANNO_CAD_DATA":null,"GLOBALID":"{5EA5672F-65BA-4054-9246-9DFEEFDBC318}","CREATOR":"JLAY","CREATED":1713469448000,"EDITOR":"DCGIS","EDITED":1713477402000,"OBJECTID":1073}},{"type":"Feature","id":711,"geometry":{"type":"Point","coordinates":[-77.05789548661774,38.93378801395411]},"properties":{"NAME":"Cleveland Park Neighborhood Library","ADDRESS":"3310 CONNECTICUT AVENUE NW","TYPE":"Outdoor","SITE_TYPE":"Library","WARD":"Ward 3","MAR_ID":221190,"GIS_ID":"WirelessHotSpotPt_711","YCOORD":140656.78,"XCOORD":394980.5,"LONGITUDE":-77.05789318,"LATITUDE":38.93378022,"LABEL":null,"NUMBER_OF_SITES":null,"SE_ANNO_CAD_DATA":null,"GLOBALID":"{87B83047-E357-4FCC-9793-710FE3BDC28D}","CREATOR":"JLAY","CREATED":1713469448000,"EDITOR":"DCGIS","EDITED":1713477402000,"OBJECTID":711}},{"type":"Feature","id":1051,"geometry":{"type":"Point","coordinates":[-77.0175491985572,38.88757905808289]},"properties":{"NAME":"Smithsonian National Museum of the American indian","ADDRESS":"4TH STREET SW AND INDEPENDENCE AVENUE SW","TYPE":"Outdoor","SITE_TYPE":"Federal","WARD":"Ward 2/6","MAR_ID":902157,"GIS_ID":"WirelessHotSpotPt_1051","YCOORD":135525.760667,"XCOORD":398477.648317,"LONGITUDE":-77.017547,"LATITUDE":38.887572,"LABEL":null,"NUMBER_OF_SITES":null,"SE_ANNO_CAD_DATA":null,"GLOBALID":"{F5AD2EAE-F7D3-49AF-A7D9-AF018EB6D4E3}","CREATOR":"JLAY","CREATED":1713469448000,"EDITOR":"DCGIS","EDITED":1713477402000,"OBJECTID":1051}},{"type":"Feature","id":887,"geometry":{"type":"Point","coordinates":[-77.06453178371633,38.90811269496357]},"properties":{"NAME":"Hyde-Addison Elementary School","ADDRESS":"3219 O STREET NW","TYPE":"Indoor","SITE_TYPE":"Public School","WARD":"Ward 2","MAR_ID":294558,"GIS_ID":"WirelessHotSpotPt_887","YCOORD":137806.99,"XCOORD":394403.10000000003,"LONGITUDE":-77.06452948,"LATITUDE":38.90810491,"LABEL":null,"NUMBER_OF_SITES":null,"SE_ANNO_CAD_DATA":null,"GLOBALID":"{E9A7D3E2-4F7B-4137-BECF-506D4E3DD265}","CREATOR":"JLAY","CREATED":1713469448000,"EDITOR":"DCGIS","EDITED":1713477402000,"OBJECTID":887}},{"type":"Feature","id":857,"geometry":{"type":"Point","coordinates":[-76.97080704835298,38.85174082148901]},"properties":{"NAME":"Garfield Elementary School","ADDRESS":"2435 ALABAMA AVENUE SE","TYPE":"Indoor/Outdoor","SITE_TYPE":"Public School","WARD":"Ward 8","MAR_ID":278160,"GIS_ID":"WirelessHotSpotPt_857","YCOORD":131547.71,"XCOORD":402534.22000000003,"LONGITUDE":-76.97080478,"LATITUDE":38.85173338,"LABEL":null,"NUMBER_OF_SITES":null,"SE_ANNO_CAD_DATA":null,"GLOBALID":"{D6F52682-BE2E-4197-A1AC-E0761F58E651}","CREATOR":"JLAY","CREATED":1713469448000,"EDITOR":"DCGIS","EDITED":1713477402000,"OBJECTID":857}},{"type":"Feature","id":1039,"geometry":{"type":"Point","coordinates":[-77.02649128041816,38.920097432199974]},"properties":{"NAME":"Service Center","ADDRESS":"2244 10TH STREET NW","TYPE":"Outdoor","SITE_TYPE":"University","WARD":"Ward 1","MAR_ID":301070,"GIS_ID":"WirelessHotSpotPt_1039","YCOORD":139135.75,"XCOORD":397702.89,"LONGITUDE":-77.02648899,"LATITUDE":38.92008964,"LABEL":null,"NUMBER_OF_SITES":null,"SE_ANNO_CAD_DATA":null,"GLOBALID":"{A08C71D3-BC09-46F7-85FD-2554552A0F1F}","CREATOR":"JLAY","CREATED":1713469448000,"EDITOR":"DCGIS","EDITED":1713477402000,"OBJECTID":1039}},{"type":"Feature","id":1000,"geometry":{"type":"Point","coordinates":[-77.0221357356967,38.9323467673494]},"properties":{"NAME":"Park Morton  (SITE DECOMM ON DCNET-13985, 03-21-2022)","ADDRESS":"617 MORTON STREET NW","TYPE":"Outdoor","SITE_TYPE":"Public Housing","WARD":"Ward 1","MAR_ID":285318,"GIS_ID":"WirelessHotSpotPt_1000","YCOORD":140495.43,"XCOORD":398080.93,"LONGITUDE":-77.02213344,"LATITUDE":38.93233897,"LABEL":null,"NUMBER_OF_SITES":null,"SE_ANNO_CAD_DATA":null,"GLOBALID":"{2F3C310F-209D-480D-B49D-C743BB889782}","CREATOR":"JLAY","CREATED":1713469448000,"EDITOR":"DCGIS","EDITED":1713477402000,"OBJECTID":1000}},{"type":"Feature","id":946,"geometry":{"type":"Point","coordinates":[-76.92063752276401,38.89029889194947]},"properties":{"NAME":"Maya Angelou PCS - Evans Campus","ADDRESS":"5600 EAST CAPITOL STREET NE","TYPE":"Outdoor","SITE_TYPE":"Public Charter School","WARD":"Ward 7","MAR_ID":289793,"GIS_ID":"WirelessHotSpotPt_946","YCOORD":135830.53,"XCOORD":406885.34,"LONGITUDE":-76.92063526,"LATITUDE":38.89029144,"LABEL":null,"NUMBER_OF_SITES":null,"SE_ANNO_CAD_DATA":null,"GLOBALID":"{C9727AC5-A535-437B-B74E-59523D0A96E7}","CREATOR":"JLAY","CREATED":1713469448000,"EDITOR":"DCGIS","EDITED":1713477402000,"OBJECTID":946}},{"type":"Feature","id":758,"geometry":{"type":"Point","coordinates":[-76.99053389248978,38.8317593823815]},"properties":{"NAME":"Digital Pioneers Academy","ADDRESS":"4025 9TH STREET SE","TYPE":"Outdoor","SITE_TYPE":"Public Charter School","WARD":"Ward 8","MAR_ID":278471,"GIS_ID":"WirelessHotSpotPt_758","YCOORD":129329.27,"XCOORD":400822.11,"LONGITUDE":-76.99053162,"LATITUDE":38.83175194,"LABEL":null,"NUMBER_OF_SITES":null,"SE_ANNO_CAD_DATA":null,"GLOBALID":"{BB28511E-FD29-4EBD-BD01-4C7AAD3E1A08}","CREATOR":"JLAY","CREATED":1713469448000,"EDITOR":"DCGIS","EDITED":1713477402000,"OBJECTID":758}},{"type":"Feature","id":707,"geometry":{"type":"Point","coordinates":[-76.9693283623001,38.86068815438676]},"properties":{"NAME":"Children's Health Center @ Good Hope Rd","ADDRESS":"2501 GOOD HOPE ROAD SE","TYPE":"Outdoor","SITE_TYPE":"Health Center","WARD":"Ward 8","MAR_ID":46727,"GIS_ID":"WirelessHotSpotPt_707","YCOORD":132540.97,"XCOORD":402662.24,"LONGITUDE":-76.96932609,"LATITUDE":38.86068071,"LABEL":null,"NUMBER_OF_SITES":null,"SE_ANNO_CAD_DATA":null,"GLOBALID":"{6196F1B2-FA69-405A-84FE-022ED9AA27E3}","CREATOR":"JLAY","CREATED":1713469448000,"EDITOR":"DCGIS","EDITED":1713477402000,"OBJECTID":707}},{"type":"Feature","id":677,"geometry":{"type":"Point","coordinates":[-76.9728814959161,38.900952937805535]},"properties":{"NAME":"Browne Education Campus (ES) @ Phelps Trailers (Swing Space)","ADDRESS":"810 26TH STREET NE","TYPE":"Outdoor","SITE_TYPE":"Public School","WARD":"Ward 5","MAR_ID":333162,"GIS_ID":"WirelessHotSpotPt_677","YCOORD":137010.57,"XCOORD":402352.53,"LONGITUDE":-76.97287922,"LATITUDE":38.90094515,"LABEL":null,"NUMBER_OF_SITES":null,"SE_ANNO_CAD_DATA":null,"GLOBALID":"{D5EE2CDC-E204-4746-93EA-C9C1FA42AA74}","CREATOR":"JLAY","CREATED":1713469448000,"EDITOR":"DCGIS","EDITED":1713477402000,"OBJECTID":677}},{"type":"Feature","id":999,"geometry":{"type":"Point","coordinates":[-77.10457298586337,38.924480336679835]},"properties":{"NAME":"Palisades Recreation Center","ADDRESS":"5200 SHERIER PLACE NW","TYPE":"Indoor","SITE_TYPE":"Rec. Center","WARD":"Ward 3","MAR_ID":268352,"GIS_ID":"WirelessHotSpotPt_999","YCOORD":139627.15,"XCOORD":390932.25,"LONGITUDE":-77.10457067,"LATITUDE":38.92447255,"LABEL":null,"NUMBER_OF_SITES":null,"SE_ANNO_CAD_DATA":null,"GLOBALID":"{A4606DAF-9EC9-46F6-8E9B-9273D023DB6A}","CREATOR":"JLAY","CREATED":1713469448000,"EDITOR":"DCGIS","EDITED":1713477402000,"OBJECTID":999}},{"type":"Feature","id":929,"geometry":{"type":"Point","coordinates":[-76.92999959764677,38.89532056019041]},"properties":{"NAME":"Lincoln Heights","ADDRESS":"400 50TH STREET NE","TYPE":"Indoor/Outdoor","SITE_TYPE":"Public Housing","WARD":"Ward 7","MAR_ID":28532,"GIS_ID":"WirelessHotSpotPt_929","YCOORD":136387.31,"XCOORD":406072.7,"LONGITUDE":-76.92999734,"LATITUDE":38.89531277,"LABEL":null,"NUMBER_OF_SITES":null,"SE_ANNO_CAD_DATA":null,"GLOBALID":"{8EF78686-66B9-4060-8518-ABAB7EF06E31}","CREATOR":"JLAY","CREATED":1713469448000,"EDITOR":"DCGIS","EDITED":1713477402000,"OBJECTID":929}},{"type":"Feature","id":908,"geometry":{"type":"Point","coordinates":[-76.98362343869536,38.86605014193506]},"properties":{"NAME":"Ketcham Elementary School","ADDRESS":"1919 15TH STREET SE","TYPE":"Indoor/Outdoor","SITE_TYPE":"Public School","WARD":"Ward 8","MAR_ID":286537,"GIS_ID":"WirelessHotSpotPt_908","YCOORD":133135.87,"XCOORD":401421.44,"LONGITUDE":-76.98362116,"LATITUDE":38.86604269,"LABEL":null,"NUMBER_OF_SITES":null,"SE_ANNO_CAD_DATA":null,"GLOBALID":"{74F74166-0129-47DE-AC65-4F7DA3E1D740}","CREATOR":"JLAY","CREATED":1713469448000,"EDITOR":"DCGIS","EDITED":1713477402000,"OBJECTID":908}},{"type":"Feature","id":1015,"geometry":{"type":"Point","coordinates":[-77.03783920447543,38.98779568770854]},"properties":{"NAME":"Public Safety","ADDRESS":"7927 ORCHID STREET NW","TYPE":"Outdoor","SITE_TYPE":"Administrative","WARD":"Ward 4","MAR_ID":256462,"GIS_ID":"WirelessHotSpotPt_1015","YCOORD":146651.22,"XCOORD":396721.92,"LONGITUDE":-77.0378369,"LATITUDE":38.98778822,"LABEL":null,"NUMBER_OF_SITES":null,"SE_ANNO_CAD_DATA":null,"GLOBALID":"{089576D0-708E-49EF-8320-08A8C7173F48}","CREATOR":"JLAY","CREATED":1713469448000,"EDITOR":"DCGIS","EDITED":1713477402000,"OBJECTID":1015}},{"type":"Feature","id":788,"geometry":{"type":"Point","coordinates":[-76.98352285069899,38.91095121973342]},"properties":{"NAME":"DPW - D.C. Vehicle Maintenance Complex  (Mechanics)","ADDRESS":"1833 WEST VIRGINIA AVENUE NE","TYPE":"Indoor/Outdoor","SITE_TYPE":"Administrative","WARD":"Ward 5","MAR_ID":301125,"GIS_ID":"WirelessHotSpotPt_788","YCOORD":138120.24,"XCOORD":401429.27,"LONGITUDE":-76.98352057,"LATITUDE":38.91094343,"LABEL":null,"NUMBER_OF_SITES":null,"SE_ANNO_CAD_DATA":null,"GLOBALID":"{172DD82B-290C-424D-8629-3735BBEDA81E}","CREATOR":"JLAY","CREATED":1713469448000,"EDITOR":"DCGIS","EDITED":1713477402000,"OBJECTID":788}},{"type":"Feature","id":964,"geometry":{"type":"Point","coordinates":[-76.96188649418957,38.918343451808575]},"properties":{"NAME":"MPD Photo Radar","ADDRESS":"3165 V STREET NE","TYPE":"Outdoor","SITE_TYPE":"Metro. Police Dept.","WARD":"Ward 5","MAR_ID":149333,"GIS_ID":"WirelessHotSpotPt_964","YCOORD":138941.4,"XCOORD":403305.46,"LONGITUDE":-76.96188422,"LATITUDE":38.91833599,"LABEL":null,"NUMBER_OF_SITES":null,"SE_ANNO_CAD_DATA":null,"GLOBALID":"{9E47997C-5CA5-4118-8C5E-55231C53718B}","CREATOR":"JLAY","CREATED":1713469448000,"EDITOR":"DCGIS","EDITED":1713477402000,"OBJECTID":964}},{"type":"Feature","id":697,"geometry":{"type":"Point","coordinates":[-77.02266161400715,38.90752845325833]},"properties":{"NAME":"Center City Shaw Campus","ADDRESS":"711 N STREET NW","TYPE":"Outdoor","SITE_TYPE":"Public Charter School","WARD":"Ward 2","MAR_ID":290191,"GIS_ID":"WirelessHotSpotPt_697","YCOORD":137740.4,"XCOORD":398034.65,"LONGITUDE":-77.02265932,"LATITUDE":38.90752066,"LABEL":null,"NUMBER_OF_SITES":null,"SE_ANNO_CAD_DATA":null,"GLOBALID":"{0528FA67-E4E5-46BB-95C5-8983A8A03378}","CREATOR":"JLAY","CREATED":1713469448000,"EDITOR":"DCGIS","EDITED":1713477402000,"OBJECTID":697}},{"type":"Feature","id":769,"geometry":{"type":"Point","coordinates":[-76.96004932231519,38.919009634809534]},"properties":{"NAME":"DOH - CSFP Food Warehouse","ADDRESS":"3330 V STREET NE","TYPE":"Indoor","SITE_TYPE":"Administrative","WARD":"Ward 5","MAR_ID":287834,"GIS_ID":"WirelessHotSpotPt_769","YCOORD":139015.42,"XCOORD":403464.75,"LONGITUDE":-76.96004705,"LATITUDE":38.91900218,"LABEL":null,"NUMBER_OF_SITES":null,"SE_ANNO_CAD_DATA":null,"GLOBALID":"{B36AB1FD-3C60-473A-B6EB-0ECB2D800E87}","CREATOR":"JLAY","CREATED":1713469448000,"EDITOR":"DCGIS","EDITED":1713477402000,"OBJECTID":769}},{"type":"Feature","id":713,"geometry":{"type":"Point","coordinates":[-77.03556018376322,38.92934458729509]},"properties":{"NAME":"Columbia Heighs Education Center (CHEC) / Bell Multicultural Middle School","ADDRESS":"3101 16TH STREET NW","TYPE":"Indoor/Outdoor","SITE_TYPE":"Public School","WARD":"Ward 1","MAR_ID":234375,"GIS_ID":"WirelessHotSpotPt_713","YCOORD":140162.53,"XCOORD":396916.84,"LONGITUDE":-77.03555789,"LATITUDE":38.92933679,"LABEL":null,"NUMBER_OF_SITES":null,"SE_ANNO_CAD_DATA":null,"GLOBALID":"{F07435A5-29ED-4468-BAD9-E2AA23EC9547}","CREATOR":"JLAY","CREATED":1713469448000,"EDITOR":"DCGIS","EDITED":1713477402000,"OBJECTID":713}},{"type":"Feature","id":733,"geometry":{"type":"Point","coordinates":[-77.02830180343888,38.90520631165168]},"properties":{"NAME":"DCHA Horizon House","ADDRESS":"1150 12TH STREET NW","TYPE":"Indoor/Outdoor","SITE_TYPE":"Public Housing","WARD":"Ward 2","MAR_ID":278887,"GIS_ID":"WirelessHotSpotPt_733","YCOORD":137482.76,"XCOORD":397545.37,"LONGITUDE":-77.02829951,"LATITUDE":38.90519886,"LABEL":null,"NUMBER_OF_SITES":null,"SE_ANNO_CAD_DATA":null,"GLOBALID":"{1BFA4A31-2252-43AC-BD18-1AF249E768FD}","CREATOR":"JLAY","CREATED":1713469448000,"EDITOR":"DCGIS","EDITED":1713477402000,"OBJECTID":733}},{"type":"Feature","id":956,"geometry":{"type":"Point","coordinates":[-77.01291127466094,38.87679066712287]},"properties":{"NAME":"MPD First District (Bowen)","ADDRESS":"101 M STREET SW","TYPE":"Indoor","SITE_TYPE":"Public School","WARD":"Ward 6","MAR_ID":152387,"GIS_ID":"WirelessHotSpotPt_956","YCOORD":134328.1,"XCOORD":398879.86,"LONGITUDE":-77.01290899,"LATITUDE":38.87678322,"LABEL":null,"NUMBER_OF_SITES":null,"SE_ANNO_CAD_DATA":null,"GLOBALID":"{6BC684ED-5232-4783-AD08-B588E14139DA}","CREATOR":"JLAY","CREATED":1713469448000,"EDITOR":"DCGIS","EDITED":1713477402000,"OBJECTID":956}},{"type":"Feature","id":852,"geometry":{"type":"Point","coordinates":[-76.97873329573854,38.85760729304152]},"properties":{"NAME":"Fort Stanton Community Center","ADDRESS":"1812 ERIE STREET SE","TYPE":"Indoor","SITE_TYPE":"Rec. Center","WARD":"Ward 8","MAR_ID":296165,"GIS_ID":"WirelessHotSpotPt_852","YCOORD":132198.74,"XCOORD":401846.05,"LONGITUDE":-76.97873102,"LATITUDE":38.85759951,"LABEL":null,"NUMBER_OF_SITES":null,"SE_ANNO_CAD_DATA":null,"GLOBALID":"{DBF6FBA8-F7F5-4757-AB3D-1ECC2EEB99F8}","CREATOR":"JLAY","CREATED":1713469448000,"EDITOR":"DCGIS","EDITED":1713477402000,"OBJECTID":852}},{"type":"Feature","id":1104,"geometry":{"type":"Point","coordinates":[-76.99703098773298,38.88659283133462]},"properties":{"NAME":"William H Rumsey Aquatic Center","ADDRESS":"635 NORTH CAROLINA AVENUE SE","TYPE":"Indoor/Outdoor","SITE_TYPE":"Rec. Center","WARD":"Ward 6","MAR_ID":295159,"GIS_ID":"WirelessHotSpotPt_1104","YCOORD":135416.14,"XCOORD":400257.79000000004,"LONGITUDE":-76.99702871,"LATITUDE":38.88658538,"LABEL":null,"NUMBER_OF_SITES":null,"SE_ANNO_CAD_DATA":null,"GLOBALID":"{87B281B5-C2AC-41C0-A40D-C89D4A3BF405}","CREATOR":"JLAY","CREATED":1713469448000,"EDITOR":"DCGIS","EDITED":1713477402000,"OBJECTID":1104}},{"type":"Feature","id":726,"geometry":{"type":"Point","coordinates":[-76.9960164170686,38.92465966029013]},"properties":{"NAME":"D.C. Preparatory Academy PCES - Middle Campus","ADDRESS":"701 EDGEWOOD STREET NE","TYPE":"Outdoor","SITE_TYPE":"Public Charter School","WARD":"Ward 5","MAR_ID":289579,"GIS_ID":"WirelessHotSpotPt_726","YCOORD":139641.87,"XCOORD":400345.63,"LONGITUDE":-76.99601413,"LATITUDE":38.92465187,"LABEL":null,"NUMBER_OF_SITES":null,"SE_ANNO_CAD_DATA":null,"GLOBALID":"{95D3643B-B36D-429E-A1F9-DA6BCD14E2BA}","CREATOR":"JLAY","CREATED":1713469448000,"EDITOR":"DCGIS","EDITED":1713477402000,"OBJECTID":726}},{"type":"Feature","id":741,"geometry":{"type":"Point","coordinates":[-77.00080718031192,38.95064983472477]},"properties":{"NAME":"DDOT","ADDRESS":"401 FARRAGUT STREET NE","TYPE":"Indoor/Outdoor","SITE_TYPE":"Fire Emergency Medical Services","WARD":"Ward 5","MAR_ID":288069,"GIS_ID":"WirelessHotSpotPt_741","YCOORD":142527,"XCOORD":399930.23,"LONGITUDE":-77.00080489,"LATITUDE":38.95064237,"LABEL":null,"NUMBER_OF_SITES":null,"SE_ANNO_CAD_DATA":null,"GLOBALID":"{1D17BCA8-7895-4B21-A18A-70401A7C118E}","CREATOR":"JLAY","CREATED":1713469448000,"EDITOR":"DCGIS","EDITED":1713477402000,"OBJECTID":741}},{"type":"Feature","id":645,"geometry":{"type":"Point","coordinates":[-77.04437954892543,38.917316991230486]},"properties":{"NAME":"Adams Elementary School","ADDRESS":"2020 19TH STREET NW","TYPE":"Indoor/Outdoor","SITE_TYPE":"Public School / Rec. Center","WARD":"Ward 1","MAR_ID":294534,"GIS_ID":"WirelessHotSpotPt_645","YCOORD":138827.7,"XCOORD":396151.48,"LONGITUDE":-77.04437725,"LATITUDE":38.91730954,"LABEL":null,"NUMBER_OF_SITES":null,"SE_ANNO_CAD_DATA":null,"GLOBALID":"{F0DA7F1C-1102-4B91-ACFA-E55965598522}","CREATOR":"JLAY","CREATED":1713469448000,"EDITOR":"DCGIS","EDITED":1713477402000,"OBJECTID":645}},{"type":"Feature","id":905,"geometry":{"type":"Point","coordinates":[-76.94048721040234,38.90823652375257]},"properties":{"NAME":"Kenilworth-Parkside Rec Center","ADDRESS":"1300 44TH STREET NE","TYPE":"Indoor","SITE_TYPE":"Rec. Center","WARD":"Ward 7","MAR_ID":294516,"GIS_ID":"WirelessHotSpotPt_905","YCOORD":137820.44,"XCOORD":405161.97000000003,"LONGITUDE":-76.940485,"LATITUDE":38.908229,"LABEL":null,"NUMBER_OF_SITES":null,"SE_ANNO_CAD_DATA":null,"GLOBALID":"{F52B0F4D-9A85-4F07-A853-37D1B1720C1A}","CREATOR":"JLAY","CREATED":1713469448000,"EDITOR":"DCGIS","EDITED":1713477402000,"OBJECTID":905}},{"type":"Feature","id":951,"geometry":{"type":"Point","coordinates":[-76.97671138621963,38.92408519955536]},"properties":{"NAME":"Model Cities Senior Wellness Center","ADDRESS":"1901 EVARTS STREET NE","TYPE":"Indoor","SITE_TYPE":"Senior Center","WARD":"Ward 5","MAR_ID":301587,"GIS_ID":"WirelessHotSpotPt_951","YCOORD":139578.35,"XCOORD":402019.66000000003,"LONGITUDE":-76.97670911,"LATITUDE":38.92407741,"LABEL":null,"NUMBER_OF_SITES":null,"SE_ANNO_CAD_DATA":null,"GLOBALID":"{59D164B2-641C-404E-813D-8B4CF8CC14EA}","CREATOR":"JLAY","CREATED":1713469448000,"EDITOR":"DCGIS","EDITED":1713477402000,"OBJECTID":951}},{"type":"Feature","id":847,"geometry":{"type":"Point","coordinates":[-76.97364233336668,38.91508504733776]},"properties":{"NAME":"Fifth District Station","ADDRESS":"1805 BLADENSBURG ROAD NE","TYPE":"Indoor","SITE_TYPE":"Metro. Police Dept.","WARD":"Ward 5","MAR_ID":286486,"GIS_ID":"WirelessHotSpotPt_847","YCOORD":138579.33000000002,"XCOORD":402286.08,"LONGITUDE":-76.97364006,"LATITUDE":38.91507759,"LABEL":null,"NUMBER_OF_SITES":null,"SE_ANNO_CAD_DATA":null,"GLOBALID":"{61112C98-5317-4AF4-99E4-5B6F05C1F950}","CREATOR":"JLAY","CREATED":1713469448000,"EDITOR":"DCGIS","EDITED":1713477402000,"OBJECTID":847}},{"type":"Feature","id":1103,"geometry":{"type":"Point","coordinates":[-76.99581938948789,38.92367999855663]},"properties":{"NAME":"William Doar PCS","ADDRESS":"705 EDGEWOOD STREET NE","TYPE":"Outdoor","SITE_TYPE":"Public Charter School","WARD":"Ward 5","MAR_ID":289576,"GIS_ID":"WirelessHotSpotPt_1103","YCOORD":139533.12,"XCOORD":400362.72000000003,"LONGITUDE":-76.99581711,"LATITUDE":38.92367221,"LABEL":null,"NUMBER_OF_SITES":null,"SE_ANNO_CAD_DATA":null,"GLOBALID":"{2E2A670F-25DF-429A-A120-580C97484F21}","CREATOR":"JLAY","CREATED":1713469448000,"EDITOR":"DCGIS","EDITED":1713477402000,"OBJECTID":1103}},{"type":"Feature","id":988,"geometry":{"type":"Point","coordinates":[-77.04170709651586,38.89960168215451]},"properties":{"NAME":"PA2040 Cabinet 13 (NW Corner)","ADDRESS":"18TH STREET NW AND PENNSYLVANIA AVENUE NW","TYPE":"Outdoor","SITE_TYPE":"Administrative","WARD":"Ward 2","MAR_ID":903286,"GIS_ID":"WirelessHotSpotPt_988","YCOORD":136861.046876,"XCOORD":396382.343739,"LONGITUDE":-77.041705,"LATITUDE":38.899594,"LABEL":null,"NUMBER_OF_SITES":null,"SE_ANNO_CAD_DATA":null,"GLOBALID":"{1EB87FDF-5EF8-4457-8516-D8B744A394CA}","CREATOR":"JLAY","CREATED":1713469448000,"EDITOR":"DCGIS","EDITED":1713477402000,"OBJECTID":988}},{"type":"Feature","id":809,"geometry":{"type":"Point","coordinates":[-77.03306488220217,38.9322542833616]},"properties":{"NAME":"Engine Company 11 (Truck Company 6 BFC 4)","ADDRESS":"3420 14TH STREET NW","TYPE":"Indoor/Outdoor","SITE_TYPE":"Fire Emergency Medical Services","WARD":"Ward 1","MAR_ID":234580,"GIS_ID":"WirelessHotSpotPt_809","YCOORD":140485.45,"XCOORD":397133.32,"LONGITUDE":-77.03306259,"LATITUDE":38.93224682,"LABEL":null,"NUMBER_OF_SITES":null,"SE_ANNO_CAD_DATA":null,"GLOBALID":"{F291A98D-10FB-43DD-89BF-5BBC7256ED5E}","CREATOR":"JLAY","CREATED":1713469448000,"EDITOR":"DCGIS","EDITED":1713477402000,"OBJECTID":809}},{"type":"Feature","id":750,"geometry":{"type":"Point","coordinates":[-77.00699215244485,38.876263459695906]},"properties":{"NAME":"DECOM 03-23-21 (OLD - DDOT HQ)","ADDRESS":"55 M STREET SE","TYPE":"Indoor","SITE_TYPE":"Administrative","WARD":"Ward 8","MAR_ID":306664,"GIS_ID":"WirelessHotSpotPt_750","YCOORD":134269.52,"XCOORD":399393.47000000003,"LONGITUDE":-77.00698987,"LATITUDE":38.87625601,"LABEL":null,"NUMBER_OF_SITES":null,"SE_ANNO_CAD_DATA":null,"GLOBALID":"{AAFD6805-EA81-4D43-B4DF-6277E6477D96}","CREATOR":"JLAY","CREATED":1713469448000,"EDITOR":"DCGIS","EDITED":1713477402000,"OBJECTID":750}},{"type":"Feature","id":723,"geometry":{"type":"Point","coordinates":[-77.03320985830199,38.8975914250755]},"properties":{"NAME":"D.C. Economic Partnership","ADDRESS":"1495 F STREET NW","TYPE":"Indoor","SITE_TYPE":"Community Service Organization","WARD":"Ward 2","MAR_ID":301576,"GIS_ID":"WirelessHotSpotPt_723","YCOORD":136637.59,"XCOORD":397119.35000000003,"LONGITUDE":-77.03320756,"LATITUDE":38.89758397,"LABEL":null,"NUMBER_OF_SITES":null,"SE_ANNO_CAD_DATA":null,"GLOBALID":"{ADCF84C8-2DB8-436E-9010-9DF11C743085}","CREATOR":"JLAY","CREATED":1713469448000,"EDITOR":"DCGIS","EDITED":1713477402000,"OBJECTID":723}},{"type":"Feature","id":883,"geometry":{"type":"Point","coordinates":[-77.02164926009088,38.920586500811105]},"properties":{"NAME":"Howard University","ADDRESS":"2301 GEORGIA AVENUE NW","TYPE":"Outdoor","SITE_TYPE":"Health Center","WARD":"Ward 1","MAR_ID":229522,"GIS_ID":"WirelessHotSpotPt_883","YCOORD":139189.93,"XCOORD":398122.8,"LONGITUDE":-77.02164697,"LATITUDE":38.92057871,"LABEL":null,"NUMBER_OF_SITES":null,"SE_ANNO_CAD_DATA":null,"GLOBALID":"{092F5A8E-C7BF-438B-9EDA-C7BABE3BB990}","CREATOR":"JLAY","CREATED":1713469448000,"EDITOR":"DCGIS","EDITED":1713477402000,"OBJECTID":883}},{"type":"Feature","id":720,"geometry":{"type":"Point","coordinates":[-77.00373530818045,38.839911820393354]},"properties":{"NAME":"Congress Heights Senior Wellness Center","ADDRESS":"3500 MARTIN LUTHER KING JR AVENUE SE","TYPE":"Indoor/Outdoor","SITE_TYPE":"Senior Center","WARD":"Ward 8","MAR_ID":303598,"GIS_ID":"WirelessHotSpotPt_720","YCOORD":130234.21,"XCOORD":399675.91000000003,"LONGITUDE":-77.00373303,"LATITUDE":38.83990438,"LABEL":null,"NUMBER_OF_SITES":null,"SE_ANNO_CAD_DATA":null,"GLOBALID":"{89A7DBFE-4928-474C-8401-DB40486924D9}","CREATOR":"JLAY","CREATED":1713469448000,"EDITOR":"DCGIS","EDITED":1713477402000,"OBJECTID":720}},{"type":"Feature","id":804,"geometry":{"type":"Point","coordinates":[-76.98599360656422,38.85340577712509]},"properties":{"NAME":"Elvans Road","ADDRESS":"2402 ELVANS ROAD SE","TYPE":"Outdoor","SITE_TYPE":"Public Housing","WARD":"Ward 8","MAR_ID":296096,"GIS_ID":"WirelessHotSpotPt_804","YCOORD":131732.22,"XCOORD":401215.96,"LONGITUDE":-76.985991,"LATITUDE":38.853398,"LABEL":null,"NUMBER_OF_SITES":null,"SE_ANNO_CAD_DATA":null,"GLOBALID":"{04B2545E-C926-4892-8C00-B083DC08F1B0}","CREATOR":"JLAY","CREATED":1713469448000,"EDITOR":"DCGIS","EDITED":1713477402000,"OBJECTID":804}},{"type":"Feature","id":844,"geometry":{"type":"Point","coordinates":[-77.0132964414888,38.895448785688785]},"properties":{"NAME":"Federal City - CCNV (Homeless)","ADDRESS":"425 2ND STREET NW","TYPE":"Outdoor","SITE_TYPE":"Health Center","WARD":"Ward 6","MAR_ID":299726,"GIS_ID":"WirelessHotSpotPt_844","YCOORD":136399.3,"XCOORD":398846.74,"LONGITUDE":-77.01329415,"LATITUDE":38.895441,"LABEL":null,"NUMBER_OF_SITES":null,"SE_ANNO_CAD_DATA":null,"GLOBALID":"{2346FC31-CDC3-4939-BEBE-1A9E7153FC77}","CREATOR":"JLAY","CREATED":1713469448000,"EDITOR":"DCGIS","EDITED":1713477402000,"OBJECTID":844}},{"type":"Feature","id":745,"geometry":{"type":"Point","coordinates":[-76.98242994450973,38.91883083229258]},"properties":{"NAME":"DDOT YARD @ W STREET NE","ADDRESS":"1403 W STREET NE","TYPE":"Indoor/Outdoor","SITE_TYPE":"Unknown","WARD":"Ward 5","MAR_ID":304795,"GIS_ID":"WirelessHotSpotPt_745","YCOORD":138994.96,"XCOORD":401523.89,"LONGITUDE":-76.982428,"LATITUDE":38.918822999999996,"LABEL":null,"NUMBER_OF_SITES":null,"SE_ANNO_CAD_DATA":null,"GLOBALID":"{34C090D7-5C40-474E-A17C-975DD3E1812A}","CREATOR":"JLAY","CREATED":1713469448000,"EDITOR":"DCGIS","EDITED":1713477402000,"OBJECTID":745}},{"type":"Feature","id":652,"geometry":{"type":"Point","coordinates":[-76.98307953050461,38.87009150762567]},"properties":{"NAME":"Anacostia Senior High School","ADDRESS":"1601 16TH STREET SE","TYPE":"Indoor/Outdoor","SITE_TYPE":"Public School","WARD":"Ward 8","MAR_ID":155922,"GIS_ID":"WirelessHotSpotPt_652","YCOORD":133584.5,"XCOORD":401468.56,"LONGITUDE":-76.98307725,"LATITUDE":38.87008406,"LABEL":null,"NUMBER_OF_SITES":null,"SE_ANNO_CAD_DATA":null,"GLOBALID":"{C2F982E9-B4FF-4287-B9D0-9346EF03963C}","CREATOR":"JLAY","CREATED":1713469448000,"EDITOR":"DCGIS","EDITED":1713477402000,"OBJECTID":652}},{"type":"Feature","id":826,"geometry":{"type":"Point","coordinates":[-76.9867688448706,38.92482644401062]},"properties":{"NAME":"Engine Company 26 (Truck Company 15)","ADDRESS":"1340 RHODE ISLAND AVENUE NE","TYPE":"Indoor/Outdoor","SITE_TYPE":"Fire Emergency Medical Services","WARD":"Ward 5","MAR_ID":294518,"GIS_ID":"WirelessHotSpotPt_826","YCOORD":139660.46,"XCOORD":401147.52,"LONGITUDE":-76.98676656,"LATITUDE":38.92481865,"LABEL":null,"NUMBER_OF_SITES":null,"SE_ANNO_CAD_DATA":null,"GLOBALID":"{D734ADEA-283B-4E8E-89EB-3427780CBFEB}","CREATOR":"JLAY","CREATED":1713469448000,"EDITOR":"DCGIS","EDITED":1713477402000,"OBJECTID":826}},{"type":"Feature","id":841,"geometry":{"type":"Point","coordinates":[-76.94288758286443,38.8924912860856]},"properties":{"NAME":"Executive Office of the Mayor","ADDRESS":"100 42ND STREET NE","TYPE":"Indoor/Outdoor","SITE_TYPE":"Administrative","WARD":"Ward 7","MAR_ID":294469,"GIS_ID":"WirelessHotSpotPt_841","YCOORD":136072.46,"XCOORD":404954.87,"LONGITUDE":-76.94288532,"LATITUDE":38.89248383,"LABEL":null,"NUMBER_OF_SITES":null,"SE_ANNO_CAD_DATA":null,"GLOBALID":"{2501DD74-2141-4D12-8A8E-9D97F4486F04}","CREATOR":"JLAY","CREATED":1713469448000,"EDITOR":"DCGIS","EDITED":1713477402000,"OBJECTID":841}},{"type":"Feature","id":952,"geometry":{"type":"Point","coordinates":[-76.97731564501183,38.89660230326102]},"properties":{"NAME":"Monument Academy PCS","ADDRESS":"500 19TH STREET NE","TYPE":"Indoor","SITE_TYPE":"Public Charter School","WARD":"Ward 7","MAR_ID":290080,"GIS_ID":"WirelessHotSpotPt_952","YCOORD":136527.51,"XCOORD":401968.02,"LONGITUDE":-76.97731337,"LATITUDE":38.89659451,"LABEL":null,"NUMBER_OF_SITES":null,"SE_ANNO_CAD_DATA":null,"GLOBALID":"{69D76A5E-0A82-465D-B349-96B429D6FFFD}","CREATOR":"JLAY","CREATED":1713469448000,"EDITOR":"DCGIS","EDITED":1713477402000,"OBJECTID":952}},{"type":"Feature","id":736,"geometry":{"type":"Point","coordinates":[-76.95725552784519,38.91823762328653]},"properties":{"NAME":"DCPS - Security / DC BOEE","ADDRESS":"3535 V STREET NE","TYPE":"Indoor","SITE_TYPE":"Administrative","WARD":"Ward 5","MAR_ID":33275,"GIS_ID":"WirelessHotSpotPt_736","YCOORD":138929.83000000002,"XCOORD":403707.07,"LONGITUDE":-76.95725326,"LATITUDE":38.91823016,"LABEL":null,"NUMBER_OF_SITES":null,"SE_ANNO_CAD_DATA":null,"GLOBALID":"{BCAF3035-5499-451D-AB0D-729D336091F7}","CREATOR":"JLAY","CREATED":1713469448000,"EDITOR":"DCGIS","EDITED":1713477402000,"OBJECTID":736}},{"type":"Feature","id":773,"geometry":{"type":"Point","coordinates":[-76.97091505023623,38.92484014932161]},"properties":{"NAME":"DPR","ADDRESS":"2424 EVARTS STREET NE","TYPE":"Indoor","SITE_TYPE":"Administrative","WARD":"Ward 5","MAR_ID":47286,"GIS_ID":"WirelessHotSpotPt_773","YCOORD":139662.3,"XCOORD":402522.26,"LONGITUDE":-76.97091277,"LATITUDE":38.92483269,"LABEL":null,"NUMBER_OF_SITES":null,"SE_ANNO_CAD_DATA":null,"GLOBALID":"{FA162110-57FE-4255-B397-B9D2267677EF}","CREATOR":"JLAY","CREATED":1713469448000,"EDITOR":"DCGIS","EDITED":1713477402000,"OBJECTID":773}},{"type":"Feature","id":812,"geometry":{"type":"Point","coordinates":[-77.00829374541156,38.94890040611764]},"properties":{"NAME":"Engine Company 14","ADDRESS":"4801 NORTH CAPITOL STREET NE","TYPE":"Indoor/Outdoor","SITE_TYPE":"Fire Emergency Medical Services","WARD":"Ward 5","MAR_ID":288276,"GIS_ID":"WirelessHotSpotPt_812","YCOORD":142332.83000000002,"XCOORD":399281.26,"LONGITUDE":-77.00829146,"LATITUDE":38.94889261,"LABEL":null,"NUMBER_OF_SITES":null,"SE_ANNO_CAD_DATA":null,"GLOBALID":"{8DBFF1E5-AE7F-475B-9D97-855356105DD2}","CREATOR":"JLAY","CREATED":1713469448000,"EDITOR":"DCGIS","EDITED":1713477402000,"OBJECTID":812}},{"type":"Feature","id":851,"geometry":{"type":"Point","coordinates":[-76.96093838028929,38.928068073756044]},"properties":{"NAME":"Fort Lincoln","ADDRESS":"2855 BLADENSBURG ROAD NE","TYPE":"Indoor/Outdoor","SITE_TYPE":"Public Housing","WARD":"Ward 5","MAR_ID":289764,"GIS_ID":"WirelessHotSpotPt_851","YCOORD":140020.95,"XCOORD":403387.22000000003,"LONGITUDE":-76.96093611,"LATITUDE":38.92806028,"LABEL":null,"NUMBER_OF_SITES":null,"SE_ANNO_CAD_DATA":null,"GLOBALID":"{76D4230B-E74F-48F9-970A-695315BD6B94}","CREATOR":"JLAY","CREATED":1713469448000,"EDITOR":"DCGIS","EDITED":1713477402000,"OBJECTID":851}},{"type":"Feature","id":730,"geometry":{"type":"Point","coordinates":[-77.01779079312274,38.813743888361266]},"properties":{"NAME":"DC MPD IMPOUND ADMIN BLDG","ADDRESS":"5000 SHEPHERD PARKWAY SW","TYPE":"Outdoor","SITE_TYPE":"Metro. Police Dept.","WARD":"Ward 8","MAR_ID":330989,"GIS_ID":"WirelessHotSpotPt_730","YCOORD":127329.54000000001,"XCOORD":398455.09,"LONGITUDE":-77.01778851,"LATITUDE":38.81373612,"LABEL":null,"NUMBER_OF_SITES":null,"SE_ANNO_CAD_DATA":null,"GLOBALID":"{F01BB137-9C89-4BBB-B76D-7A0857446B4D}","CREATOR":"JLAY","CREATED":1713469448000,"EDITOR":"DCGIS","EDITED":1713477402000,"OBJECTID":730}},{"type":"Feature","id":1108,"geometry":{"type":"Point","coordinates":[-76.97305202939567,38.85753864695631]},"properties":{"NAME":"Woodland Terrace","ADDRESS":"2311 AINGER PLACE SE","TYPE":"Outdoor","SITE_TYPE":"Public Housing","WARD":"Ward 8","MAR_ID":286828,"GIS_ID":"WirelessHotSpotPt_1108","YCOORD":132191.25,"XCOORD":402339.16000000003,"LONGITUDE":-76.97304976,"LATITUDE":38.8575312,"LABEL":null,"NUMBER_OF_SITES":null,"SE_ANNO_CAD_DATA":null,"GLOBALID":"{CC31E418-16AB-4798-B78B-888E6EEC6213}","CREATOR":"JLAY","CREATED":1713469448000,"EDITOR":"DCGIS","EDITED":1713477402000,"OBJECTID":1108}},{"type":"Feature","id":780,"geometry":{"type":"Point","coordinates":[-76.99893352587183,38.83676378084203]},"properties":{"NAME":"DPR-Oxon Run Pool House","ADDRESS":"501 MISSISSIPPI AVENUE SE","TYPE":"Indoor/Outdoor","SITE_TYPE":"Rec. Center","WARD":"Ward 8","MAR_ID":310268,"GIS_ID":"WirelessHotSpotPt_780","YCOORD":129884.75,"XCOORD":400092.79000000004,"LONGITUDE":-76.99893125,"LATITUDE":38.83675634,"LABEL":null,"NUMBER_OF_SITES":null,"SE_ANNO_CAD_DATA":null,"GLOBALID":"{CDA80D14-8B31-45C5-A8CB-DF9F3184104E}","CREATOR":"JLAY","CREATED":1713469448000,"EDITOR":"DCGIS","EDITED":1713477402000,"OBJECTID":780}},{"type":"Feature","id":943,"geometry":{"type":"Point","coordinates":[-77.02038046752374,38.95616427510794]},"properties":{"NAME":"Mary's Center for Maternal and Child Care","ADDRESS":"508 KENNEDY STREET NW","TYPE":"Indoor","SITE_TYPE":"Health Center","WARD":"Ward 4","MAR_ID":285079,"GIS_ID":"WirelessHotSpotPt_943","YCOORD":143139.35,"XCOORD":398233.71,"LONGITUDE":-77.02037817,"LATITUDE":38.95615681,"LABEL":null,"NUMBER_OF_SITES":null,"SE_ANNO_CAD_DATA":null,"GLOBALID":"{FC1A087D-BB4F-481D-82BB-5F3D583F42E3}","CREATOR":"JLAY","CREATED":1713469448000,"EDITOR":"DCGIS","EDITED":1713477402000,"OBJECTID":943}},{"type":"Feature","id":970,"geometry":{"type":"Point","coordinates":[-77.00308686501565,38.841020689648076]},"properties":{"NAME":"National Children's Center","ADDRESS":"3400 MARTIN LUTHER KING JR AVENUE SE","TYPE":"Outdoor","SITE_TYPE":"Community Service Organization","WARD":"Ward 8","MAR_ID":35265,"GIS_ID":"WirelessHotSpotPt_970","YCOORD":130357.3,"XCOORD":399732.21,"LONGITUDE":-77.00308458,"LATITUDE":38.84101325,"LABEL":null,"NUMBER_OF_SITES":null,"SE_ANNO_CAD_DATA":null,"GLOBALID":"{A892C290-A158-449B-BF19-A38D90788938}","CREATOR":"JLAY","CREATED":1713469448000,"EDITOR":"DCGIS","EDITED":1713477402000,"OBJECTID":970}},{"type":"Feature","id":1002,"geometry":{"type":"Point","coordinates":[-77.02137809856028,38.93501778063995]},"properties":{"NAME":"Parkview Community Center","ADDRESS":"693 OTIS PLACE NW","TYPE":"Indoor/Outdoor","SITE_TYPE":"Rec. Center","WARD":"Ward 1","MAR_ID":295160,"GIS_ID":"WirelessHotSpotPt_1002","YCOORD":140791.92,"XCOORD":398146.69,"LONGITUDE":-77.021376,"LATITUDE":38.93501,"LABEL":null,"NUMBER_OF_SITES":null,"SE_ANNO_CAD_DATA":null,"GLOBALID":"{E2251474-CA3B-48A0-858F-75442D1017DF}","CREATOR":"JLAY","CREATED":1713469448000,"EDITOR":"DCGIS","EDITED":1713477402000,"OBJECTID":1002}},{"type":"Feature","id":679,"geometry":{"type":"Point","coordinates":[-77.03303254519695,38.928177491335894]},"properties":{"NAME":"Buckley Upper Cardoza Health Center","ADDRESS":"3020 14TH STREET NW","TYPE":"Outdoor","SITE_TYPE":"Health Center","WARD":"Ward 1","MAR_ID":242939,"GIS_ID":"WirelessHotSpotPt_679","YCOORD":140032.89,"XCOORD":397135.96,"LONGITUDE":-77.03303025,"LATITUDE":38.92817003,"LABEL":null,"NUMBER_OF_SITES":null,"SE_ANNO_CAD_DATA":null,"GLOBALID":"{BA4E7A98-741E-431F-98F3-3E370D2FC69A}","CREATOR":"JLAY","CREATED":1713469448000,"EDITOR":"DCGIS","EDITED":1713477402000,"OBJECTID":679}},{"type":"Feature","id":900,"geometry":{"type":"Point","coordinates":[-77.0443596493498,38.92073259725136]},"properties":{"NAME":"Kalorama Recreation Center","ADDRESS":"1875 COLUMBIA ROAD NW","TYPE":"Indoor/Outdoor","SITE_TYPE":"Rec. Center","WARD":"Ward 1","MAR_ID":284143,"GIS_ID":"WirelessHotSpotPt_900","YCOORD":139206.86000000002,"XCOORD":396153.39,"LONGITUDE":-77.04435735,"LATITUDE":38.92072514,"LABEL":null,"NUMBER_OF_SITES":null,"SE_ANNO_CAD_DATA":null,"GLOBALID":"{40F401BE-D839-46E6-A605-01B965404898}","CREATOR":"JLAY","CREATED":1713469448000,"EDITOR":"DCGIS","EDITED":1713477402000,"OBJECTID":900}},{"type":"Feature","id":1033,"geometry":{"type":"Point","coordinates":[-76.99360654064103,38.862859433361635]},"properties":{"NAME":"Savoy Elementary School","ADDRESS":"2400 SHANNON PLACE SE","TYPE":"Indoor/Outdoor","SITE_TYPE":"Public School","WARD":"Ward 8","MAR_ID":278153,"GIS_ID":"WirelessHotSpotPt_1033","YCOORD":132781.57,"XCOORD":400555.08,"LONGITUDE":-76.99360426,"LATITUDE":38.86285199,"LABEL":null,"NUMBER_OF_SITES":null,"SE_ANNO_CAD_DATA":null,"GLOBALID":"{047FB61E-14E0-46ED-A55D-92D8C803FDB2}","CREATOR":"JLAY","CREATED":1713469448000,"EDITOR":"DCGIS","EDITED":1713477402000,"OBJECTID":1033}},{"type":"Feature","id":710,"geometry":{"type":"Point","coordinates":[-77.02261788677585,38.91506610195143]},"properties":{"NAME":"Cleveland Elementary School","ADDRESS":"1825 8TH STREET NW","TYPE":"Indoor/Outdoor","SITE_TYPE":"Public School","WARD":"Ward 1","MAR_ID":294531,"GIS_ID":"WirelessHotSpotPt_710","YCOORD":138577.14,"XCOORD":398038.65,"LONGITUDE":-77.0226156,"LATITUDE":38.91505831,"LABEL":null,"NUMBER_OF_SITES":null,"SE_ANNO_CAD_DATA":null,"GLOBALID":"{216D6B86-71E9-4A93-9C01-3C303E7E4DD4}","CREATOR":"JLAY","CREATED":1713469448000,"EDITOR":"DCGIS","EDITED":1713477402000,"OBJECTID":710}},{"type":"Feature","id":1079,"geometry":{"type":"Point","coordinates":[-76.992792389558,38.938112153274666]},"properties":{"NAME":"Turkey Thicket Recreation Center","ADDRESS":"1100 MICHIGAN AVENUE NE","TYPE":"Indoor/Outdoor","SITE_TYPE":"Rec. Center","WARD":"Ward 5","MAR_ID":74603,"GIS_ID":"WirelessHotSpotPt_1079","YCOORD":141135.23,"XCOORD":400625.08,"LONGITUDE":-76.99279011,"LATITUDE":38.93810436,"LABEL":null,"NUMBER_OF_SITES":null,"SE_ANNO_CAD_DATA":null,"GLOBALID":"{BBACA2D9-C111-4D19-B71E-31A39EF6C5E6}","CREATOR":"JLAY","CREATED":1713469448000,"EDITOR":"DCGIS","EDITED":1713477402000,"OBJECTID":1079}},{"type":"Feature","id":1075,"geometry":{"type":"Point","coordinates":[-77.02848543098018,38.90339910117322]},"properties":{"NAME":"Thomson Elementary","ADDRESS":"1200 L STREET NW","TYPE":"Indoor/Outdoor","SITE_TYPE":"Public School","WARD":"Ward 2","MAR_ID":240922,"GIS_ID":"WirelessHotSpotPt_1075","YCOORD":137282.15,"XCOORD":397529.38,"LONGITUDE":-77.02848314,"LATITUDE":38.90339131,"LABEL":null,"NUMBER_OF_SITES":null,"SE_ANNO_CAD_DATA":null,"GLOBALID":"{96AC48A0-8C77-4E6B-A12B-B5EE603EC7DA}","CREATOR":"JLAY","CREATED":1713469448000,"EDITOR":"DCGIS","EDITED":1713477402000,"OBJECTID":1075}},{"type":"Feature","id":661,"geometry":{"type":"Point","coordinates":[-76.95560701756008,38.86435728742931]},"properties":{"NAME":"Beers Elementary School","ADDRESS":"3600 ALABAMA AVENUE SE","TYPE":"Indoor/Outdoor","SITE_TYPE":"Public School","WARD":"Ward 7","MAR_ID":278406,"GIS_ID":"WirelessHotSpotPt_661","YCOORD":132948.76,"XCOORD":403852.94,"LONGITUDE":-76.95560475,"LATITUDE":38.86434984,"LABEL":null,"NUMBER_OF_SITES":null,"SE_ANNO_CAD_DATA":null,"GLOBALID":"{62DF7EE4-8A0F-4568-9000-C36B95DAFA02}","CREATOR":"JLAY","CREATED":1713469448000,"EDITOR":"DCGIS","EDITED":1713477402000,"OBJECTID":661}},{"type":"Feature","id":648,"geometry":{"type":"Point","coordinates":[-77.01812758723682,38.879522850651654]},"properties":{"NAME":"Amidon Elementary School","ADDRESS":"401 I STREET SW","TYPE":"Indoor/Outdoor","SITE_TYPE":"Public School","WARD":"Ward 6","MAR_ID":294482,"GIS_ID":"WirelessHotSpotPt_648","YCOORD":134631.47,"XCOORD":398427.29000000004,"LONGITUDE":-77.0181253,"LATITUDE":38.8795154,"LABEL":null,"NUMBER_OF_SITES":null,"SE_ANNO_CAD_DATA":null,"GLOBALID":"{2DC0C2C0-DE45-4B97-BCFD-C8201CBCC4D1}","CREATOR":"JLAY","CREATED":1713469448000,"EDITOR":"DCGIS","EDITED":1713477402000,"OBJECTID":648}},{"type":"Feature","id":681,"geometry":{"type":"Point","coordinates":[-76.98499791719597,38.94201993131291]},"properties":{"NAME":"Bunker Hill Elementary School","ADDRESS":"1401 MICHIGAN AVENUE NE","TYPE":"Indoor/Outdoor","SITE_TYPE":"Public School","WARD":"Ward 5","MAR_ID":286131,"GIS_ID":"WirelessHotSpotPt_681","YCOORD":141569.11000000002,"XCOORD":401300.77,"LONGITUDE":-76.98499564,"LATITUDE":38.94201247,"LABEL":null,"NUMBER_OF_SITES":null,"SE_ANNO_CAD_DATA":null,"GLOBALID":"{77AA89FD-66B7-4304-AAD1-12A0C6704613}","CREATOR":"JLAY","CREATED":1713469448000,"EDITOR":"DCGIS","EDITED":1713477402000,"OBJECTID":681}},{"type":"Feature","id":685,"geometry":{"type":"Point","coordinates":[-76.92598998167583,38.88423345782162]},"properties":{"NAME":"C.W. Harris Elementary School","ADDRESS":"301 53RD STREET SE","TYPE":"Indoor/Outdoor","SITE_TYPE":"Public School","WARD":"Ward 7","MAR_ID":289801,"GIS_ID":"WirelessHotSpotPt_685","YCOORD":135156.83000000002,"XCOORD":406421.53,"LONGITUDE":-76.92598772,"LATITUDE":38.88422567,"LABEL":null,"NUMBER_OF_SITES":null,"SE_ANNO_CAD_DATA":null,"GLOBALID":"{19745D05-375A-46E1-BA28-E593AB14C057}","CREATOR":"JLAY","CREATED":1713469448000,"EDITOR":"DCGIS","EDITED":1713477402000,"OBJECTID":685}},{"type":"Feature","id":884,"geometry":{"type":"Point","coordinates":[-77.02161909510332,38.918841773389524]},"properties":{"NAME":"Howard University Hospital Family Health Center","ADDRESS":"2139 GEORGIA AVENUE NW","TYPE":"Outdoor","SITE_TYPE":"Health Center","WARD":"Ward 1","MAR_ID":291573,"GIS_ID":"WirelessHotSpotPt_884","YCOORD":138996.25,"XCOORD":398125.37,"LONGITUDE":-77.0216168,"LATITUDE":38.91883432,"LABEL":null,"NUMBER_OF_SITES":null,"SE_ANNO_CAD_DATA":null,"GLOBALID":"{CD6A22AE-C53A-4B3B-B8C9-B3B5F3D9E0B3}","CREATOR":"JLAY","CREATED":1713469448000,"EDITOR":"DCGIS","EDITED":1713477402000,"OBJECTID":884}},{"type":"Feature","id":913,"geometry":{"type":"Point","coordinates":[-76.98113829028553,38.90808143103591]},"properties":{"NAME":"KIPP DC Webb Campus","ADDRESS":"1375 MOUNT OLIVET ROAD NE","TYPE":"Outdoor","SITE_TYPE":"Public Charter School","WARD":"Ward 5","MAR_ID":286108,"GIS_ID":"WirelessHotSpotPt_913","YCOORD":137801.71,"XCOORD":401636.15,"LONGITUDE":-76.98113601,"LATITUDE":38.90807397,"LABEL":null,"NUMBER_OF_SITES":null,"SE_ANNO_CAD_DATA":null,"GLOBALID":"{1D491B6D-2F4F-4C05-A0EF-5C9122860DBC}","CREATOR":"JLAY","CREATED":1713469448000,"EDITOR":"DCGIS","EDITED":1713477402000,"OBJECTID":913}},{"type":"Feature","id":936,"geometry":{"type":"Point","coordinates":[-77.08797358639528,38.93428749227227]},"properties":{"NAME":"Mann Elementary School","ADDRESS":"4430 NEWARK STREET NW","TYPE":"Indoor/Outdoor","SITE_TYPE":"Public School","WARD":"Ward 3","MAR_ID":294597,"GIS_ID":"WirelessHotSpotPt_936","YCOORD":140714.31,"XCOORD":392372.7,"LONGITUDE":-77.08797127,"LATITUDE":38.9342797,"LABEL":null,"NUMBER_OF_SITES":null,"SE_ANNO_CAD_DATA":null,"GLOBALID":"{A87B953B-1629-407A-ACB2-41BBF2B3408B}","CREATOR":"JLAY","CREATED":1713469448000,"EDITOR":"DCGIS","EDITED":1713477402000,"OBJECTID":936}},{"type":"Feature","id":868,"geometry":{"type":"Point","coordinates":[-77.08498348793236,38.909923619321354]},"properties":{"NAME":"Hardy Recreation Center","ADDRESS":"4500 Q STREET NW","TYPE":"Indoor/Outdoor","SITE_TYPE":"Rec. Center","WARD":"Ward 3","MAR_ID":284929,"GIS_ID":"WirelessHotSpotPt_868","YCOORD":138009.47,"XCOORD":392629.43,"LONGITUDE":-77.08498118,"LATITUDE":38.90991617,"LABEL":null,"NUMBER_OF_SITES":null,"SE_ANNO_CAD_DATA":null,"GLOBALID":"{94F79B48-8C82-4E8B-984F-C0A6C2CDFFA4}","CREATOR":"JLAY","CREATED":1713469448000,"EDITOR":"DCGIS","EDITED":1713477402000,"OBJECTID":868}},{"type":"Feature","id":923,"geometry":{"type":"Point","coordinates":[-76.99988483141722,38.95997960935013]},"properties":{"NAME":"LaSalle-Backus Elementary School","ADDRESS":"501 RIGGS ROAD NE","TYPE":"Indoor/Outdoor","SITE_TYPE":"Public School","WARD":"Ward 4","MAR_ID":294489,"GIS_ID":"WirelessHotSpotPt_923","YCOORD":143562.69,"XCOORD":400010.18,"LONGITUDE":-76.99988254,"LATITUDE":38.95997214,"LABEL":null,"NUMBER_OF_SITES":null,"SE_ANNO_CAD_DATA":null,"GLOBALID":"{BEF59FFE-C578-41F8-B2D4-6FF866444BBB}","CREATOR":"JLAY","CREATED":1713469448000,"EDITOR":"DCGIS","EDITED":1713477402000,"OBJECTID":923}},{"type":"Feature","id":682,"geometry":{"type":"Point","coordinates":[-76.97845864927179,38.93351012172939]},"properties":{"NAME":"Burroughs Elementary School","ADDRESS":"1820 MONROE STREET NE","TYPE":"Indoor/Outdoor","SITE_TYPE":"Public School","WARD":"Ward 5","MAR_ID":294530,"GIS_ID":"WirelessHotSpotPt_682","YCOORD":140624.56,"XCOORD":401867.9,"LONGITUDE":-76.97845637,"LATITUDE":38.93350266,"LABEL":null,"NUMBER_OF_SITES":null,"SE_ANNO_CAD_DATA":null,"GLOBALID":"{E33B0656-BA6B-423D-B807-EEFABE5F688C}","CREATOR":"JLAY","CREATED":1713469448000,"EDITOR":"DCGIS","EDITED":1713477402000,"OBJECTID":682}},{"type":"Feature","id":860,"geometry":{"type":"Point","coordinates":[-77.0284557017386,38.913839602087585]},"properties":{"NAME":"Garrison Elementary School","ADDRESS":"1200 S STREET NW","TYPE":"Indoor/Outdoor","SITE_TYPE":"Public School","WARD":"Ward 2","MAR_ID":294509,"GIS_ID":"WirelessHotSpotPt_860","YCOORD":138441.13,"XCOORD":397532.32,"LONGITUDE":-77.02845341,"LATITUDE":38.91383181,"LABEL":null,"NUMBER_OF_SITES":null,"SE_ANNO_CAD_DATA":null,"GLOBALID":"{35A419B5-639D-4978-8569-9269845DCFEA}","CREATOR":"JLAY","CREATED":1713469448000,"EDITOR":"DCGIS","EDITED":1713477402000,"OBJECTID":860}},{"type":"Feature","id":915,"geometry":{"type":"Point","coordinates":[-76.98019410437799,38.87124998544797]},"properties":{"NAME":"Kramer Middle School","ADDRESS":"1700 Q STREET SE","TYPE":"Indoor/Outdoor","SITE_TYPE":"Public School","WARD":"Ward 8","MAR_ID":289467,"GIS_ID":"WirelessHotSpotPt_915","YCOORD":133713.15,"XCOORD":401718.93,"LONGITUDE":-76.98019183,"LATITUDE":38.8712422,"LABEL":null,"NUMBER_OF_SITES":null,"SE_ANNO_CAD_DATA":null,"GLOBALID":"{0981E3B1-C8F7-4D29-A87F-61C28DAC7C7C}","CREATOR":"JLAY","CREATED":1713469448000,"EDITOR":"DCGIS","EDITED":1713477402000,"OBJECTID":915}},{"type":"Feature","id":731,"geometry":{"type":"Point","coordinates":[-76.98531678779437,38.85666647544761]},"properties":{"NAME":"DC Prep - Anacostia Middle School Campus","ADDRESS":"2330 POMEROY ROAD SE","TYPE":"Indoor","SITE_TYPE":"Administrative","WARD":"Ward 8","MAR_ID":294542,"GIS_ID":"WirelessHotSpotPt_731","YCOORD":132094.19,"XCOORD":401274.65,"LONGITUDE":-76.98531451,"LATITUDE":38.8566587,"LABEL":null,"NUMBER_OF_SITES":null,"SE_ANNO_CAD_DATA":null,"GLOBALID":"{4FAC00A1-560E-45DA-8558-B8AC6BF944C3}","CREATOR":"JLAY","CREATED":1713469448000,"EDITOR":"DCGIS","EDITED":1713477402000,"OBJECTID":731}},{"type":"Feature","id":1006,"geometry":{"type":"Point","coordinates":[-76.98419719147367,38.885140099354174]},"properties":{"NAME":"Payne Elementary School","ADDRESS":"305 15TH STREET SE","TYPE":"Indoor/Outdoor","SITE_TYPE":"Public School","WARD":"Ward 6","MAR_ID":294478,"GIS_ID":"WirelessHotSpotPt_1006","YCOORD":135254.99,"XCOORD":401371.28,"LONGITUDE":-76.98419491,"LATITUDE":38.88513231,"LABEL":null,"NUMBER_OF_SITES":null,"SE_ANNO_CAD_DATA":null,"GLOBALID":"{861F5485-5570-48A1-BD2C-DBA09670E522}","CREATOR":"JLAY","CREATED":1713469448000,"EDITOR":"DCGIS","EDITED":1713477402000,"OBJECTID":1006}},{"type":"Feature","id":819,"geometry":{"type":"Point","coordinates":[-77.07842514441735,38.944981373132585]},"properties":{"NAME":"Engine Company 20 (Truck Company 12)","ADDRESS":"4300 WISCONSIN AVENUE NW","TYPE":"Indoor/Outdoor","SITE_TYPE":"Fire Emergency Medical Services","WARD":"Ward 3","MAR_ID":222965,"GIS_ID":"WirelessHotSpotPt_819","YCOORD":141900.67,"XCOORD":393201.59,"LONGITUDE":-77.07842283,"LATITUDE":38.94497391,"LABEL":null,"NUMBER_OF_SITES":null,"SE_ANNO_CAD_DATA":null,"GLOBALID":"{C984BDB3-A32D-43C9-82BE-D2B737CE3F14}","CREATOR":"JLAY","CREATED":1713469448000,"EDITOR":"DCGIS","EDITED":1713477402000,"OBJECTID":819}},{"type":"Feature","id":910,"geometry":{"type":"Point","coordinates":[-76.95762689088572,38.8830068728665]},"properties":{"NAME":"Kimball Elementary School","ADDRESS":"3375 MINNESOTA AVENUE SE","TYPE":"Indoor/Outdoor","SITE_TYPE":"Public School","WARD":"Ward 7","MAR_ID":294565,"GIS_ID":"WirelessHotSpotPt_910","YCOORD":135018.92,"XCOORD":403676.68,"LONGITUDE":-76.95762462,"LATITUDE":38.88299909,"LABEL":null,"NUMBER_OF_SITES":null,"SE_ANNO_CAD_DATA":null,"GLOBALID":"{E79D6CD1-6765-4072-9AD1-C0C0F59BE1C4}","CREATOR":"JLAY","CREATED":1713469448000,"EDITOR":"DCGIS","EDITED":1713477402000,"OBJECTID":910}},{"type":"Feature","id":810,"geometry":{"type":"Point","coordinates":[-76.99914573127532,38.919915851689844]},"properties":{"NAME":"Engine Company 12 (Hazmat BFC 1)","ADDRESS":"2225 5TH STREET NE","TYPE":"Indoor/Outdoor","SITE_TYPE":"Fire Emergency Medical Services","WARD":"Ward 5","MAR_ID":294541,"GIS_ID":"WirelessHotSpotPt_810","YCOORD":139115.26,"XCOORD":400074.28,"LONGITUDE":-76.99914345,"LATITUDE":38.91990806,"LABEL":null,"NUMBER_OF_SITES":null,"SE_ANNO_CAD_DATA":null,"GLOBALID":"{8B8CC195-EC24-4F00-BEBF-25F7A1211874}","CREATOR":"JLAY","CREATED":1713469448000,"EDITOR":"DCGIS","EDITED":1713477402000,"OBJECTID":810}},{"type":"Feature","id":853,"geometry":{"type":"Point","coordinates":[-77.03116118440663,38.970269724150754]},"properties":{"NAME":"Fort Stevens Recreation Center","ADDRESS":"1327 VAN BUREN STREET NW","TYPE":"Indoor/Outdoor","SITE_TYPE":"Rec. Center","WARD":"Ward 4","MAR_ID":290152,"GIS_ID":"WirelessHotSpotPt_853","YCOORD":144705.45,"XCOORD":397299.82,"LONGITUDE":-77.03115889,"LATITUDE":38.97026192,"LABEL":null,"NUMBER_OF_SITES":null,"SE_ANNO_CAD_DATA":null,"GLOBALID":"{6220A7F4-E94D-445A-8FFF-F70FDEB43F7A}","CREATOR":"JLAY","CREATED":1713469448000,"EDITOR":"DCGIS","EDITED":1713477402000,"OBJECTID":853}},{"type":"Feature","id":657,"geometry":{"type":"Point","coordinates":[-77.04055574230114,38.93432581619344]},"properties":{"NAME":"Bancroft Elementary School","ADDRESS":"1755 NEWTON STREET NW","TYPE":"Indoor/Outdoor","SITE_TYPE":"Public School / Rec. Center","WARD":"Ward 1","MAR_ID":294528,"GIS_ID":"WirelessHotSpotPt_657","YCOORD":140715.67,"XCOORD":396483.93,"LONGITUDE":-77.04055344,"LATITUDE":38.93431836,"LABEL":null,"NUMBER_OF_SITES":null,"SE_ANNO_CAD_DATA":null,"GLOBALID":"{67AE95E8-687F-4433-9F79-3FD363734212}","CREATOR":"JLAY","CREATED":1713469448000,"EDITOR":"DCGIS","EDITED":1713477402000,"OBJECTID":657}},{"type":"Feature","id":878,"geometry":{"type":"Point","coordinates":[-76.99918712496049,38.828993353467766]},"properties":{"NAME":"Hendley Elementary School","ADDRESS":"425 CHESAPEAKE STREET SE","TYPE":"Indoor/Outdoor","SITE_TYPE":"Public School / Rec. Center","WARD":"Ward 8","MAR_ID":24445,"GIS_ID":"WirelessHotSpotPt_878","YCOORD":129022.18000000001,"XCOORD":400070.78,"LONGITUDE":-76.99918485,"LATITUDE":38.82898591,"LABEL":null,"NUMBER_OF_SITES":null,"SE_ANNO_CAD_DATA":null,"GLOBALID":"{D5FC7AB8-58A0-4FA4-B667-33C3BFFF168D}","CREATOR":"JLAY","CREATED":1713469448000,"EDITOR":"DCGIS","EDITED":1713477402000,"OBJECTID":878}},{"type":"Feature","id":1026,"geometry":{"type":"Point","coordinates":[-76.99988483141722,38.95997960935013]},"properties":{"NAME":"Riggs LaSalle Community Center","ADDRESS":"501 RIGGS ROAD NE","TYPE":"Indoor/Outdoor","SITE_TYPE":"Rec. Center","WARD":"Ward 4","MAR_ID":294489,"GIS_ID":"WirelessHotSpotPt_1026","YCOORD":143562.69,"XCOORD":400010.18,"LONGITUDE":-76.99988254,"LATITUDE":38.95997214,"LABEL":null,"NUMBER_OF_SITES":null,"SE_ANNO_CAD_DATA":null,"GLOBALID":"{9521CC92-A437-45BA-9C1A-F915EF86F01E}","CREATOR":"JLAY","CREATED":1713469448000,"EDITOR":"DCGIS","EDITED":1713477402000,"OBJECTID":1026}},{"type":"Feature","id":842,"geometry":{"type":"Point","coordinates":[-76.98982866632619,38.865930134482376]},"properties":{"NAME":"Family and Medical Counseling","ADDRESS":"2041 MARTIN LUTHER KING JR AVENUE SE","TYPE":"Indoor","SITE_TYPE":"Health Center","WARD":"Ward 8","MAR_ID":278056,"GIS_ID":"WirelessHotSpotPt_842","YCOORD":133122.47,"XCOORD":400882.92,"LONGITUDE":-76.98982639,"LATITUDE":38.86592269,"LABEL":null,"NUMBER_OF_SITES":null,"SE_ANNO_CAD_DATA":null,"GLOBALID":"{1DA67163-1949-4435-BD48-7C540157F8E7}","CREATOR":"JLAY","CREATED":1713469448000,"EDITOR":"DCGIS","EDITED":1713477402000,"OBJECTID":842}},{"type":"Feature","id":742,"geometry":{"type":"Point","coordinates":[-76.98242994450973,38.91883083229258]},"properties":{"NAME":"DDOT - W Street NE","ADDRESS":"1403 W STREET NE","TYPE":"Outdoor","SITE_TYPE":"Administrative","WARD":"Ward 5","MAR_ID":304795,"GIS_ID":"WirelessHotSpotPt_742","YCOORD":138994.96,"XCOORD":401523.89,"LONGITUDE":-76.98242767,"LATITUDE":38.91882304,"LABEL":null,"NUMBER_OF_SITES":null,"SE_ANNO_CAD_DATA":null,"GLOBALID":"{D66F904C-9CD6-4840-B8A2-125E12B8EAA6}","CREATOR":"JLAY","CREATED":1713469448000,"EDITOR":"DCGIS","EDITED":1713477402000,"OBJECTID":742}},{"type":"Feature","id":1018,"geometry":{"type":"Point","coordinates":[-77.00941305047004,38.87957243354513]},"properties":{"NAME":"Randall Recreation Center","ADDRESS":"820 SOUTH CAPITOL STREET SW","TYPE":"Indoor","SITE_TYPE":"Rec. Center","WARD":"Ward 6","MAR_ID":276842,"GIS_ID":"WirelessHotSpotPt_1018","YCOORD":134636.86000000002,"XCOORD":399183.44,"LONGITUDE":-77.00941077,"LATITUDE":38.87956498,"LABEL":null,"NUMBER_OF_SITES":null,"SE_ANNO_CAD_DATA":null,"GLOBALID":"{4B29DCF8-073E-4542-8316-B132B19A7787}","CREATOR":"JLAY","CREATED":1713469448000,"EDITOR":"DCGIS","EDITED":1713477402000,"OBJECTID":1018}},{"type":"Feature","id":974,"geometry":{"type":"Point","coordinates":[-76.99184516681355,38.92518543949813]},"properties":{"NAME":"Noyes Elementary School","ADDRESS":"2725 10TH STREET NE","TYPE":"Indoor/Outdoor","SITE_TYPE":"Public School","WARD":"Ward 5","MAR_ID":289594,"GIS_ID":"WirelessHotSpotPt_974","YCOORD":139700.26,"XCOORD":400707.33,"LONGITUDE":-76.99184288,"LATITUDE":38.92517798,"LABEL":null,"NUMBER_OF_SITES":null,"SE_ANNO_CAD_DATA":null,"GLOBALID":"{8F99B5A7-F777-44A7-A917-8A5EAB2FA33B}","CREATOR":"JLAY","CREATED":1713469448000,"EDITOR":"DCGIS","EDITED":1713477402000,"OBJECTID":974}},{"type":"Feature","id":980,"geometry":{"type":"Point","coordinates":[-77.00622308278162,38.90344240558757]},"properties":{"NAME":"OSSE - DISB Building","ADDRESS":"1050 1ST STREET NE","TYPE":"Indoor","SITE_TYPE":"Administrative","WARD":"Ward 6","MAR_ID":310029,"GIS_ID":"WirelessHotSpotPt_980","YCOORD":137286.59,"XCOORD":399460.41000000003,"LONGITUDE":-77.0062208,"LATITUDE":38.90343495,"LABEL":null,"NUMBER_OF_SITES":null,"SE_ANNO_CAD_DATA":null,"GLOBALID":"{59967099-1FFB-4559-A29C-AFA13783B13C}","CREATOR":"JLAY","CREATED":1713469448000,"EDITOR":"DCGIS","EDITED":1713477402000,"OBJECTID":980}},{"type":"Feature","id":1076,"geometry":{"type":"Point","coordinates":[-76.99368805339478,38.86228452050858]},"properties":{"NAME":"Thurgood Marshall Academy PCS","ADDRESS":"2427 MARTIN LUTHER KING JR AVENUE SE","TYPE":"Outdoor","SITE_TYPE":"Public Charter School","WARD":"Ward 8","MAR_ID":278159,"GIS_ID":"WirelessHotSpotPt_1076","YCOORD":132717.75,"XCOORD":400548.01,"LONGITUDE":-76.99368577,"LATITUDE":38.86227707,"LABEL":null,"NUMBER_OF_SITES":null,"SE_ANNO_CAD_DATA":null,"GLOBALID":"{1697D440-03AF-4313-B0B1-97EA4658CA0C}","CREATOR":"JLAY","CREATED":1713469448000,"EDITOR":"DCGIS","EDITED":1713477402000,"OBJECTID":1076}},{"type":"Feature","id":724,"geometry":{"type":"Point","coordinates":[-77.03228319628889,38.901031708033756]},"properties":{"NAME":"D.C. Police Complaints (DC OPC)","ADDRESS":"1400 I STREET NW","TYPE":"Indoor","SITE_TYPE":"Administrative","WARD":"Ward 2","MAR_ID":217995,"GIS_ID":"WirelessHotSpotPt_724","YCOORD":137019.46,"XCOORD":397199.87,"LONGITUDE":-77.0322809,"LATITUDE":38.90102426,"LABEL":null,"NUMBER_OF_SITES":null,"SE_ANNO_CAD_DATA":null,"GLOBALID":"{A53AACF4-D7E0-4880-A133-C5CAA50C0723}","CREATOR":"JLAY","CREATED":1713469448000,"EDITOR":"DCGIS","EDITED":1713477402000,"OBJECTID":724}},{"type":"Feature","id":1017,"geometry":{"type":"Point","coordinates":[-76.99711031324335,38.84606920867279]},"properties":{"NAME":"Ralph Waldo \"Petey\" Greene Community Service Center","ADDRESS":"2907 MARTIN LUTHER KING JR AVENUE SE","TYPE":"Outdoor","SITE_TYPE":"Community Service Organization","WARD":"Ward 8","MAR_ID":278297,"GIS_ID":"WirelessHotSpotPt_1017","YCOORD":130917.72,"XCOORD":400251.05,"LONGITUDE":-76.99710803,"LATITUDE":38.84606143,"LABEL":null,"NUMBER_OF_SITES":null,"SE_ANNO_CAD_DATA":null,"GLOBALID":"{05D57CA4-0358-49FC-9572-8B4C386D55C4}","CREATOR":"JLAY","CREATED":1713469448000,"EDITOR":"DCGIS","EDITED":1713477402000,"OBJECTID":1017}},{"type":"Feature","id":917,"geometry":{"type":"Point","coordinates":[-77.06803943094211,38.96663501880403]},"properties":{"NAME":"Lafayette Elementary School","ADDRESS":"5701 BROAD BRANCH ROAD NW","TYPE":"Indoor/Outdoor","SITE_TYPE":"Public School","WARD":"Ward 4","MAR_ID":294611,"GIS_ID":"WirelessHotSpotPt_917","YCOORD":144303.7,"XCOORD":394103.71,"LONGITUDE":-77.06803712,"LATITUDE":38.96662755,"LABEL":null,"NUMBER_OF_SITES":null,"SE_ANNO_CAD_DATA":null,"GLOBALID":"{266EE649-9219-476C-AA07-C2AA8DA2E04B}","CREATOR":"JLAY","CREATED":1713469448000,"EDITOR":"DCGIS","EDITED":1713477402000,"OBJECTID":917}},{"type":"Feature","id":885,"geometry":{"type":"Point","coordinates":[-77.02092265141366,38.917810266164985]},"properties":{"NAME":"Howard University Hospital Family Medicine Group","ADDRESS":"2041 GEORGIA AVENUE NW","TYPE":"Outdoor","SITE_TYPE":"Health Center","WARD":"Ward 1","MAR_ID":279523,"GIS_ID":"WirelessHotSpotPt_885","YCOORD":138881.73,"XCOORD":398185.74,"LONGITUDE":-77.02092036,"LATITUDE":38.91780248,"LABEL":null,"NUMBER_OF_SITES":null,"SE_ANNO_CAD_DATA":null,"GLOBALID":"{FBEAE88C-7342-4ADA-88D7-8EDCFAB3E775}","CREATOR":"JLAY","CREATED":1713469448000,"EDITOR":"DCGIS","EDITED":1713477402000,"OBJECTID":885}},{"type":"Feature","id":1074,"geometry":{"type":"Point","coordinates":[-76.95217759607264,38.90132744132842]},"properties":{"NAME":"Thomas Elementary School","ADDRESS":"650 ANACOSTIA AVENUE NE","TYPE":"Indoor/Outdoor","SITE_TYPE":"Public School","WARD":"Ward 7","MAR_ID":294493,"GIS_ID":"WirelessHotSpotPt_1074","YCOORD":137052.88,"XCOORD":404148.42,"LONGITUDE":-76.95217533,"LATITUDE":38.90131965,"LABEL":null,"NUMBER_OF_SITES":null,"SE_ANNO_CAD_DATA":null,"GLOBALID":"{F8711C66-3B0E-40CE-B6BB-8AB48C9A04E3}","CREATOR":"JLAY","CREATED":1713469448000,"EDITOR":"DCGIS","EDITED":1713477402000,"OBJECTID":1074}},{"type":"Feature","id":893,"geometry":{"type":"Point","coordinates":[-77.08099713716987,38.94755788089559]},"properties":{"NAME":"Janney Elementary School","ADDRESS":"4130 ALBEMARLE STREET NW","TYPE":"Indoor/Outdoor","SITE_TYPE":"Public School","WARD":"Ward 3","MAR_ID":285713,"GIS_ID":"WirelessHotSpotPt_893","YCOORD":142186.88,"XCOORD":392978.88,"LONGITUDE":-77.08099483,"LATITUDE":38.94755042,"LABEL":null,"NUMBER_OF_SITES":null,"SE_ANNO_CAD_DATA":null,"GLOBALID":"{7C6AA662-76E4-44C6-A70E-5D6ADAF626F8}","CREATOR":"JLAY","CREATED":1713469448000,"EDITOR":"DCGIS","EDITED":1713477402000,"OBJECTID":893}},{"type":"Feature","id":1066,"geometry":{"type":"Point","coordinates":[-77.00000666379914,38.89630515733756]},"properties":{"NAME":"Stuart-Hobson Middle School","ADDRESS":"410 E STREET NE","TYPE":"Indoor/Outdoor","SITE_TYPE":"Public School","WARD":"Ward 6","MAR_ID":294483,"GIS_ID":"WirelessHotSpotPt_1066","YCOORD":136494.28,"XCOORD":399999.62,"LONGITUDE":-77.00000438,"LATITUDE":38.8962977,"LABEL":null,"NUMBER_OF_SITES":null,"SE_ANNO_CAD_DATA":null,"GLOBALID":"{371B34AB-38E7-4F45-A555-56FDE71D427C}","CREATOR":"JLAY","CREATED":1713469448000,"EDITOR":"DCGIS","EDITED":1713477402000,"OBJECTID":1066}},{"type":"Feature","id":664,"geometry":{"type":"Point","coordinates":[-76.93745031362762,38.888667868142306]},"properties":{"NAME":"Benning Rd DMV","ADDRESS":"4525 BENNING ROAD SE","TYPE":"Indoor","SITE_TYPE":"Administrative","WARD":"Ward 7","MAR_ID":278512,"GIS_ID":"WirelessHotSpotPt_664","YCOORD":135648.34,"XCOORD":405426.86,"LONGITUDE":-76.93744805,"LATITUDE":38.88866008,"LABEL":null,"NUMBER_OF_SITES":null,"SE_ANNO_CAD_DATA":null,"GLOBALID":"{BEFFCF00-0BAA-4F18-AD55-AF583F64D14B}","CREATOR":"JLAY","CREATED":1713469448000,"EDITOR":"DCGIS","EDITED":1713477402000,"OBJECTID":664}},{"type":"Feature","id":767,"geometry":{"type":"Point","coordinates":[-76.9478302993315,38.896979316009]},"properties":{"NAME":"DOES HQ","ADDRESS":"4058 MINNESOTA AVENUE NE","TYPE":"Indoor","SITE_TYPE":"Administrative","WARD":"Ward 7","MAR_ID":305174,"GIS_ID":"WirelessHotSpotPt_767","YCOORD":136570.41,"XCOORD":404525.79000000004,"LONGITUDE":-76.94782803,"LATITUDE":38.89697153,"LABEL":null,"NUMBER_OF_SITES":null,"SE_ANNO_CAD_DATA":null,"GLOBALID":"{C6AC5336-6DCB-4DCC-8843-A6780D228C67}","CREATOR":"JLAY","CREATED":1713469448000,"EDITOR":"DCGIS","EDITED":1713477402000,"OBJECTID":767}},{"type":"Feature","id":688,"geometry":{"type":"Point","coordinates":[-77.00256875293076,38.898537762094264]},"properties":{"NAME":"Capitol Hill Montessori School at Logan","ADDRESS":"215 G STREET NE","TYPE":"Indoor/Outdoor","SITE_TYPE":"Public School","WARD":"Ward 6","MAR_ID":286687,"GIS_ID":"WirelessHotSpotPt_688","YCOORD":136742.12,"XCOORD":399777.37,"LONGITUDE":-77.00256647,"LATITUDE":38.89853031,"LABEL":null,"NUMBER_OF_SITES":null,"SE_ANNO_CAD_DATA":null,"GLOBALID":"{0099982D-7220-45A2-BC93-0ACDF72B6206}","CREATOR":"JLAY","CREATED":1713469448000,"EDITOR":"DCGIS","EDITED":1713477402000,"OBJECTID":688}},{"type":"Feature","id":667,"geometry":{"type":"Point","coordinates":[-76.93691062842727,38.8806093956531]},"properties":{"NAME":"Benning Terrace DCHA","ADDRESS":"4450 G STREET SE","TYPE":"Outdoor","SITE_TYPE":"Public Housing","WARD":"Ward 7","MAR_ID":21041,"GIS_ID":"WirelessHotSpotPt_667","YCOORD":134753.82,"XCOORD":405474.3,"LONGITUDE":-76.93690837,"LATITUDE":38.88060194,"LABEL":null,"NUMBER_OF_SITES":null,"SE_ANNO_CAD_DATA":null,"GLOBALID":"{E286D700-7B29-44C1-9086-A30CFF3D4789}","CREATOR":"JLAY","CREATED":1713469448000,"EDITOR":"DCGIS","EDITED":1713477402000,"OBJECTID":667}},{"type":"Feature","id":1049,"geometry":{"type":"Point","coordinates":[-77.03196612977071,38.89210099090108]},"properties":{"NAME":"Smithsonian Museum of American History","ADDRESS":"14TH STREET NW AND CONSTITUTION AVENUE NW","TYPE":"Outdoor","SITE_TYPE":"Federal","WARD":"Ward 2","MAR_ID":903110,"GIS_ID":"WirelessHotSpotPt_1049","YCOORD":136028.0703,"XCOORD":397227.025819,"LONGITUDE":-77.031964,"LATITUDE":38.892094,"LABEL":null,"NUMBER_OF_SITES":null,"SE_ANNO_CAD_DATA":null,"GLOBALID":"{4D7C3266-B823-4E5E-856C-DC6FD4823347}","CREATOR":"JLAY","CREATED":1713469448000,"EDITOR":"DCGIS","EDITED":1713477402000,"OBJECTID":1049}},{"type":"Feature","id":918,"geometry":{"type":"Point","coordinates":[-77.06701464463843,38.96772903177059]},"properties":{"NAME":"Lafayette Recreation Center","ADDRESS":"5900 33RD STREET NW","TYPE":"Indoor/Outdoor","SITE_TYPE":"Rec. Center","WARD":"Ward 4","MAR_ID":308530,"GIS_ID":"WirelessHotSpotPt_918","YCOORD":144425.08000000002,"XCOORD":394192.61,"LONGITUDE":-77.06701234,"LATITUDE":38.96772123,"LABEL":null,"NUMBER_OF_SITES":null,"SE_ANNO_CAD_DATA":null,"GLOBALID":"{F5483072-3939-4DD6-8ADE-F305F90574A0}","CREATOR":"JLAY","CREATED":1713469448000,"EDITOR":"DCGIS","EDITED":1713477402000,"OBJECTID":918}},{"type":"Feature","id":714,"geometry":{"type":"Point","coordinates":[-77.03509235690169,38.92760107947047]},"properties":{"NAME":"Columbia Road Apartments","ADDRESS":"1475 COLUMBIA ROAD NW","TYPE":"Outdoor","SITE_TYPE":"Public Housing","WARD":"Ward 1","MAR_ID":234372,"GIS_ID":"WirelessHotSpotPt_714","YCOORD":139968.97,"XCOORD":396957.33,"LONGITUDE":-77.03509006,"LATITUDE":38.92759362,"LABEL":null,"NUMBER_OF_SITES":null,"SE_ANNO_CAD_DATA":null,"GLOBALID":"{B16F054F-57B2-4753-85BB-C5B57B6190DC}","CREATOR":"JLAY","CREATED":1713469448000,"EDITOR":"DCGIS","EDITED":1713477402000,"OBJECTID":714}},{"type":"Feature","id":746,"geometry":{"type":"Point","coordinates":[-77.01443132596816,38.88294394178455]},"properties":{"NAME":"DDS at One Independence Square","ADDRESS":"250 E STREET SW","TYPE":"Indoor","SITE_TYPE":"Health Center","WARD":"Ward 6","MAR_ID":301036,"GIS_ID":"WirelessHotSpotPt_746","YCOORD":135011.18,"XCOORD":398748.07,"LONGITUDE":-77.01442904,"LATITUDE":38.88293616,"LABEL":null,"NUMBER_OF_SITES":null,"SE_ANNO_CAD_DATA":null,"GLOBALID":"{2A8ED915-CF33-441D-92D3-2AC2CEDDB5AA}","CREATOR":"JLAY","CREATED":1713469448000,"EDITOR":"DCGIS","EDITED":1713477402000,"OBJECTID":746}},{"type":"Feature","id":987,"geometry":{"type":"Point","coordinates":[-77.04170277677214,38.90021861231731]},"properties":{"NAME":"PA2040 Cabinet 12 (NW Corner)","ADDRESS":"18TH STREET NW AND H STREET NW","TYPE":"Outdoor","SITE_TYPE":"Administrative","WARD":"Ward 2","MAR_ID":901144,"GIS_ID":"WirelessHotSpotPt_987","YCOORD":136929.53126,"XCOORD":396382.750011,"LONGITUDE":-77.0417,"LATITUDE":38.900211,"LABEL":null,"NUMBER_OF_SITES":null,"SE_ANNO_CAD_DATA":null,"GLOBALID":"{484B329F-9CED-4FE5-9A1E-D31CF0DDA4BB}","CREATOR":"JLAY","CREATED":1713469448000,"EDITOR":"DCGIS","EDITED":1713477402000,"OBJECTID":987}},{"type":"Feature","id":793,"geometry":{"type":"Point","coordinates":[-77.01269376420728,38.907634008020054]},"properties":{"NAME":"Dunbar Senior High","ADDRESS":"101 N STREET NW","TYPE":"Indoor/Outdoor","SITE_TYPE":"Public School","WARD":"Ward 5","MAR_ID":309947,"GIS_ID":"WirelessHotSpotPt_793","YCOORD":137751.95,"XCOORD":398899.21,"LONGITUDE":-77.01269099999999,"LATITUDE":38.907627,"LABEL":null,"NUMBER_OF_SITES":null,"SE_ANNO_CAD_DATA":null,"GLOBALID":"{9D634E62-784B-420F-B4E1-5C1959AD9766}","CREATOR":"JLAY","CREATED":1713469448000,"EDITOR":"DCGIS","EDITED":1713477402000,"OBJECTID":793}},{"type":"Feature","id":689,"geometry":{"type":"Point","coordinates":[-76.999128830728,38.87791238263819]},"properties":{"NAME":"Capper Community Center","ADDRESS":"1000 5TH STREET SE","TYPE":"Indoor/Outdoor","SITE_TYPE":"Rec. Center","WARD":"Ward 8","MAR_ID":289437,"GIS_ID":"WirelessHotSpotPt_689","YCOORD":134452.54,"XCOORD":400075.79000000004,"LONGITUDE":-76.99912655,"LATITUDE":38.8779046,"LABEL":null,"NUMBER_OF_SITES":null,"SE_ANNO_CAD_DATA":null,"GLOBALID":"{E864D822-5813-491F-87D2-F43620AE67E5}","CREATOR":"JLAY","CREATED":1713469448000,"EDITOR":"DCGIS","EDITED":1713477402000,"OBJECTID":689}},{"type":"Feature","id":820,"geometry":{"type":"Point","coordinates":[-77.04221775355914,38.924778938875754]},"properties":{"NAME":"Engine Company 21","ADDRESS":"1763 LANIER PLACE NW","TYPE":"Indoor/Outdoor","SITE_TYPE":"Fire Emergency Medical Services","WARD":"Ward 1","MAR_ID":236004,"GIS_ID":"WirelessHotSpotPt_820","YCOORD":139655.95,"XCOORD":396339.34,"LONGITUDE":-77.04221546,"LATITUDE":38.92477148,"LABEL":null,"NUMBER_OF_SITES":null,"SE_ANNO_CAD_DATA":null,"GLOBALID":"{3AF8FC7D-28B1-4458-A8C0-4287A8B51C24}","CREATOR":"JLAY","CREATED":1713469448000,"EDITOR":"DCGIS","EDITED":1713477402000,"OBJECTID":820}},{"type":"Feature","id":837,"geometry":{"type":"Point","coordinates":[-77.01123207062344,38.87693641642039]},"properties":{"NAME":"Engine Company 7/Ambulance 7","ADDRESS":"1101 HALF STREET SW","TYPE":"Indoor/Outdoor","SITE_TYPE":"Fire Emergency Medical Services","WARD":"Ward 6","MAR_ID":277735,"GIS_ID":"WirelessHotSpotPt_837","YCOORD":134344.26,"XCOORD":399025.57,"LONGITUDE":-77.01122979,"LATITUDE":38.87692897,"LABEL":null,"NUMBER_OF_SITES":null,"SE_ANNO_CAD_DATA":null,"GLOBALID":"{DBFA0F21-FE1D-4674-B1F0-71DF079FA32B}","CREATOR":"JLAY","CREATED":1713469448000,"EDITOR":"DCGIS","EDITED":1713477402000,"OBJECTID":837}},{"type":"Feature","id":824,"geometry":{"type":"Point","coordinates":[-77.02716388331515,38.952116291091066]},"properties":{"NAME":"Engine Company 24 (Rescue Squad 2)","ADDRESS":"5101 GEORGIA AVENUE NW","TYPE":"Indoor/Outdoor","SITE_TYPE":"Fire Emergency Medical Services","WARD":"Ward 4","MAR_ID":251752,"GIS_ID":"WirelessHotSpotPt_824","YCOORD":142690.14,"XCOORD":397645.62,"LONGITUDE":-77.02716159,"LATITUDE":38.95210849,"LABEL":null,"NUMBER_OF_SITES":null,"SE_ANNO_CAD_DATA":null,"GLOBALID":"{83D09249-FCD6-45D9-9C15-D0F0462BC4BA}","CREATOR":"JLAY","CREATED":1713469448000,"EDITOR":"DCGIS","EDITED":1713477402000,"OBJECTID":824}},{"type":"Feature","id":954,"geometry":{"type":"Point","coordinates":[-76.9646268004585,38.917563110901376]},"properties":{"NAME":"MPD ATEU/SOD/ERT/EOD/NSID/ESB","ADDRESS":"2850 NEW YORK AVENUE NE","TYPE":"Indoor","SITE_TYPE":"Metro. Police Dept.","WARD":"Ward 5","MAR_ID":287304,"GIS_ID":"WirelessHotSpotPt_954","YCOORD":138854.68,"XCOORD":403067.85000000003,"LONGITUDE":-76.96462453,"LATITUDE":38.91755532,"LABEL":null,"NUMBER_OF_SITES":null,"SE_ANNO_CAD_DATA":null,"GLOBALID":"{41204EE1-4E26-4AE8-9402-490DDD5A02C1}","CREATOR":"JLAY","CREATED":1713469448000,"EDITOR":"DCGIS","EDITED":1713477402000,"OBJECTID":954}},{"type":"Feature","id":1019,"geometry":{"type":"Point","coordinates":[-76.96435855383109,38.870099185756054]},"properties":{"NAME":"Randle Highlands Elementary School","ADDRESS":"1650 30TH STREET SE","TYPE":"Indoor/Outdoor","SITE_TYPE":"Public School","WARD":"Ward 7","MAR_ID":156337,"GIS_ID":"WirelessHotSpotPt_1019","YCOORD":133585.82,"XCOORD":403093.17,"LONGITUDE":-76.96435628,"LATITUDE":38.87009174,"LABEL":null,"NUMBER_OF_SITES":null,"SE_ANNO_CAD_DATA":null,"GLOBALID":"{00C79F40-4FE5-4381-A124-F560AE69631C}","CREATOR":"JLAY","CREATED":1713469448000,"EDITOR":"DCGIS","EDITED":1713477402000,"OBJECTID":1019}},{"type":"Feature","id":979,"geometry":{"type":"Point","coordinates":[-76.99726967486879,38.95334832385766]},"properties":{"NAME":"Old Bernie Backus School","ADDRESS":"5171 SOUTH DAKOTA AVENUE NE","TYPE":"Indoor","SITE_TYPE":"Administrative","WARD":"Ward 5","MAR_ID":294607,"GIS_ID":"WirelessHotSpotPt_979","YCOORD":142826.56,"XCOORD":400236.86,"LONGITUDE":-76.99726739,"LATITUDE":38.95334086,"LABEL":null,"NUMBER_OF_SITES":null,"SE_ANNO_CAD_DATA":null,"GLOBALID":"{C99775E7-E59A-407D-ABA1-C27B37C3A4BC}","CREATOR":"JLAY","CREATED":1713469448000,"EDITOR":"DCGIS","EDITED":1713477402000,"OBJECTID":979}},{"type":"Feature","id":708,"geometry":{"type":"Point","coordinates":[-77.03196509080155,38.92692932576333]},"properties":{"NAME":"CIC Building","ADDRESS":"1371 HARVARD STREET NW","TYPE":"Indoor","SITE_TYPE":"Administrative","WARD":"Ward 1","MAR_ID":304920,"GIS_ID":"WirelessHotSpotPt_708","YCOORD":139894.30000000002,"XCOORD":397228.47000000003,"LONGITUDE":-77.0319628,"LATITUDE":38.92692187,"LABEL":null,"NUMBER_OF_SITES":null,"SE_ANNO_CAD_DATA":null,"GLOBALID":"{009CDEF1-42A0-4544-8F8D-F8FAB270812A}","CREATOR":"JLAY","CREATED":1713469448000,"EDITOR":"DCGIS","EDITED":1713477402000,"OBJECTID":708}},{"type":"Feature","id":935,"geometry":{"type":"Point","coordinates":[-76.98358847693065,38.84170214737332]},"properties":{"NAME":"Malcolm X Elementary School","ADDRESS":"1500 MISSISSIPPI AVENUE SE","TYPE":"Indoor/Outdoor","SITE_TYPE":"Public School","WARD":"Ward 8","MAR_ID":294523,"GIS_ID":"WirelessHotSpotPt_935","YCOORD":130433.07,"XCOORD":401424.96,"LONGITUDE":-76.9835862,"LATITUDE":38.84169437,"LABEL":null,"NUMBER_OF_SITES":null,"SE_ANNO_CAD_DATA":null,"GLOBALID":"{64957B55-8EE6-40D8-B028-66316A5956EA}","CREATOR":"JLAY","CREATED":1713469448000,"EDITOR":"DCGIS","EDITED":1713477402000,"OBJECTID":935}},{"type":"Feature","id":911,"geometry":{"type":"Point","coordinates":[-77.01275769559075,38.87509088930882]},"properties":{"NAME":"King Greenleaf Recreation Center","ADDRESS":"201 N STREET SW","TYPE":"Indoor/Outdoor","SITE_TYPE":"Rec. Center","WARD":"Ward 6","MAR_ID":52917,"GIS_ID":"WirelessHotSpotPt_911","YCOORD":134139.41,"XCOORD":398893.16000000003,"LONGITUDE":-77.01275541,"LATITUDE":38.87508311,"LABEL":null,"NUMBER_OF_SITES":null,"SE_ANNO_CAD_DATA":null,"GLOBALID":"{BC7979A5-72E8-40FD-95F5-FC1D6BCD62A3}","CREATOR":"JLAY","CREATED":1713469448000,"EDITOR":"DCGIS","EDITED":1713477402000,"OBJECTID":911}},{"type":"Feature","id":771,"geometry":{"type":"Point","coordinates":[-76.99916373536746,38.91862621948438]},"properties":{"NAME":"DOT Bus Lot - 5th St","ADDRESS":"2115 5TH STREET NE","TYPE":"Indoor/Outdoor","SITE_TYPE":"Public School","WARD":"Ward 5","MAR_ID":286636,"GIS_ID":"WirelessHotSpotPt_771","YCOORD":138972.1,"XCOORD":400072.72000000003,"LONGITUDE":-76.99916145,"LATITUDE":38.91861843,"LABEL":null,"NUMBER_OF_SITES":null,"SE_ANNO_CAD_DATA":null,"GLOBALID":"{9568A6BA-0282-47C2-8F2E-A154358C52EA}","CREATOR":"JLAY","CREATED":1713469448000,"EDITOR":"DCGIS","EDITED":1713477402000,"OBJECTID":771}},{"type":"Feature","id":899,"geometry":{"type":"Point","coordinates":[-77.02700785776884,38.980298270018736]},"properties":{"NAME":"Juanita E. Thornton/Shepherd Park Neighborhood Library","ADDRESS":"7420 GEORGIA AVENUE NW","TYPE":"Outdoor","SITE_TYPE":"Library","WARD":"Ward 4","MAR_ID":253522,"GIS_ID":"WirelessHotSpotPt_899","YCOORD":145818.6,"XCOORD":397660.07,"LONGITUDE":-77.02700556,"LATITUDE":38.98029047,"LABEL":null,"NUMBER_OF_SITES":null,"SE_ANNO_CAD_DATA":null,"GLOBALID":"{C18D6F95-AB60-4098-8AF5-C38199868319}","CREATOR":"JLAY","CREATED":1713469448000,"EDITOR":"DCGIS","EDITED":1713477402000,"OBJECTID":899}},{"type":"Feature","id":984,"geometry":{"type":"Point","coordinates":[-77.04491075931824,38.89833017110602]},"properties":{"NAME":"PA2040 Cabinet 1 (SW Corner)","ADDRESS":"20TH STREET NW AND G STREET NW","TYPE":"Outdoor","SITE_TYPE":"Administrative","WARD":"Ward 2","MAR_ID":901743,"GIS_ID":"WirelessHotSpotPt_984","YCOORD":136720.03126,"XCOORD":396104.375002,"LONGITUDE":-77.04490799999999,"LATITUDE":38.898323,"LABEL":null,"NUMBER_OF_SITES":null,"SE_ANNO_CAD_DATA":null,"GLOBALID":"{0E8CEA28-840C-4AFB-80EF-FC77EF349C92}","CREATOR":"JLAY","CREATED":1713469448000,"EDITOR":"DCGIS","EDITED":1713477402000,"OBJECTID":984}},{"type":"Feature","id":881,"geometry":{"type":"Point","coordinates":[-77.0288894497179,38.943090661007666]},"properties":{"NAME":"Hospitality High School (Roosevelt High School)","ADDRESS":"4301 13TH STREET NW","TYPE":"Indoor/Outdoor","SITE_TYPE":"Public School","WARD":"Ward 4","MAR_ID":252605,"GIS_ID":"WirelessHotSpotPt_881","YCOORD":141688.26,"XCOORD":397495.73,"LONGITUDE":-77.02888715,"LATITUDE":38.94308287,"LABEL":null,"NUMBER_OF_SITES":null,"SE_ANNO_CAD_DATA":null,"GLOBALID":"{C5CF76B1-27F8-4E90-8B19-1524ADD175D5}","CREATOR":"JLAY","CREATED":1713469448000,"EDITOR":"DCGIS","EDITED":1713477402000,"OBJECTID":881}},{"type":"Feature","id":1041,"geometry":{"type":"Point","coordinates":[-77.03397482769057,38.98469003196804]},"properties":{"NAME":"Shepherd Elementary School","ADDRESS":"7800 14TH STREET NW","TYPE":"Indoor/Outdoor","SITE_TYPE":"Public School","WARD":"Ward 4","MAR_ID":256319,"GIS_ID":"WirelessHotSpotPt_1041","YCOORD":146306.33000000002,"XCOORD":397056.59,"LONGITUDE":-77.03397253,"LATITUDE":38.98468223,"LABEL":null,"NUMBER_OF_SITES":null,"SE_ANNO_CAD_DATA":null,"GLOBALID":"{01CCCAC7-D698-49D3-A403-0C2F0C93A186}","CREATOR":"JLAY","CREATED":1713469448000,"EDITOR":"DCGIS","EDITED":1713477402000,"OBJECTID":1041}},{"type":"Feature","id":668,"geometry":{"type":"Point","coordinates":[-76.93890586053595,38.88126743844295]},"properties":{"NAME":"Benning Terrace, DCHA Community Center","ADDRESS":"4739 ALABAMA AVENUE SE","TYPE":"Outdoor","SITE_TYPE":"Public Housing","WARD":"Ward 7","MAR_ID":290935,"GIS_ID":"WirelessHotSpotPt_668","YCOORD":134826.75,"XCOORD":405301.13,"LONGITUDE":-76.9389036,"LATITUDE":38.88125999,"LABEL":null,"NUMBER_OF_SITES":null,"SE_ANNO_CAD_DATA":null,"GLOBALID":"{11BE1B2B-101A-46E4-B770-1832D60890F9}","CREATOR":"JLAY","CREATED":1713469448000,"EDITOR":"DCGIS","EDITED":1713477402000,"OBJECTID":668}},{"type":"Feature","id":789,"geometry":{"type":"Point","coordinates":[-76.98362306259084,38.913390422204195]},"properties":{"NAME":"DPW - Fenwick Street NE","ADDRESS":"1831 FENWICK STREET NE","TYPE":"Indoor","SITE_TYPE":"Administrative","WARD":"Ward 5","MAR_ID":314581,"GIS_ID":"WirelessHotSpotPt_789","YCOORD":138391.01,"XCOORD":401420.53,"LONGITUDE":-76.98362078,"LATITUDE":38.91338263,"LABEL":null,"NUMBER_OF_SITES":null,"SE_ANNO_CAD_DATA":null,"GLOBALID":"{7151BD7D-CAB5-4E15-9FF0-4A660C0AE7E2}","CREATOR":"JLAY","CREATED":1713469448000,"EDITOR":"DCGIS","EDITED":1713477402000,"OBJECTID":789}},{"type":"Feature","id":811,"geometry":{"type":"Point","coordinates":[-77.01796586349529,38.88306686641928]},"properties":{"NAME":"Engine Company 13 (Future location)","ADDRESS":"400 E STREET SW","TYPE":"Indoor","SITE_TYPE":"Fire Emergency Medical Services","WARD":"Ward 6","MAR_ID":311526,"GIS_ID":"WirelessHotSpotPt_811","YCOORD":135024.88,"XCOORD":398441.4,"LONGITUDE":-77.01796358,"LATITUDE":38.88305908,"LABEL":null,"NUMBER_OF_SITES":null,"SE_ANNO_CAD_DATA":null,"GLOBALID":"{A1A70F0A-6297-48CF-9065-EFDEB8ADCD44}","CREATOR":"JLAY","CREATED":1713469448000,"EDITOR":"DCGIS","EDITED":1713477402000,"OBJECTID":811}},{"type":"Feature","id":1107,"geometry":{"type":"Point","coordinates":[-77.0313551676286,38.89501013972449]},"properties":{"NAME":"Wilson Building","ADDRESS":"1350 PENNSYLVANIA AVENUE NW","TYPE":"Indoor","SITE_TYPE":"Administrative","WARD":"Ward 2","MAR_ID":293203,"GIS_ID":"WirelessHotSpotPt_1107","YCOORD":136350.99,"XCOORD":397280.14,"LONGITUDE":-77.03135287,"LATITUDE":38.89500269,"LABEL":null,"NUMBER_OF_SITES":null,"SE_ANNO_CAD_DATA":null,"GLOBALID":"{56596126-4D95-4778-9924-76994A3F529E}","CREATOR":"JLAY","CREATED":1713469448000,"EDITOR":"DCGIS","EDITED":1713477402000,"OBJECTID":1107}},{"type":"Feature","id":705,"geometry":{"type":"Point","coordinates":[-77.07543203306497,38.96558336447867]},"properties":{"NAME":"Chevy Chase Neighborhood Library","ADDRESS":"5625 CONNECTICUT AVENUE NW","TYPE":"Outdoor","SITE_TYPE":"Library","WARD":"Ward 3","MAR_ID":263960,"GIS_ID":"WirelessHotSpotPt_705","YCOORD":144187.46,"XCOORD":393462.95,"LONGITUDE":-77.07542972,"LATITUDE":38.96557557,"LABEL":null,"NUMBER_OF_SITES":null,"SE_ANNO_CAD_DATA":null,"GLOBALID":"{A812469F-AC85-476D-83E4-0A1DB0FB8984}","CREATOR":"JLAY","CREATED":1713469448000,"EDITOR":"DCGIS","EDITED":1713477402000,"OBJECTID":705}},{"type":"Feature","id":759,"geometry":{"type":"Point","coordinates":[-77.00699595529993,38.902114530200684]},"properties":{"NAME":"DMH Region 3","ADDRESS":"35 K STREET NE","TYPE":"Indoor","SITE_TYPE":"Administrative","WARD":"Ward 6","MAR_ID":287960,"GIS_ID":"WirelessHotSpotPt_759","YCOORD":137139.19,"XCOORD":399393.36,"LONGITUDE":-77.00699367,"LATITUDE":38.90210708,"LABEL":null,"NUMBER_OF_SITES":null,"SE_ANNO_CAD_DATA":null,"GLOBALID":"{DF2035C4-5B39-4983-B215-E7AF8A3B8695}","CREATOR":"JLAY","CREATED":1713469448000,"EDITOR":"DCGIS","EDITED":1713477402000,"OBJECTID":759}},{"type":"Feature","id":658,"geometry":{"type":"Point","coordinates":[-77.02258537040541,38.92271174781962]},"properties":{"NAME":"Banneker Community Center","ADDRESS":"2500 GEORGIA AVENUE NW","TYPE":"Indoor/Outdoor","SITE_TYPE":"Rec. Center","WARD":"Ward 1","MAR_ID":232292,"GIS_ID":"WirelessHotSpotPt_658","YCOORD":139425.87,"XCOORD":398041.68,"LONGITUDE":-77.02258308,"LATITUDE":38.92270429,"LABEL":null,"NUMBER_OF_SITES":null,"SE_ANNO_CAD_DATA":null,"GLOBALID":"{515E0C79-3F1E-4FAD-ACD7-15B8F807C911}","CREATOR":"JLAY","CREATED":1713469448000,"EDITOR":"DCGIS","EDITED":1713477402000,"OBJECTID":658}},{"type":"Feature","id":1029,"geometry":{"type":"Point","coordinates":[-76.93270704204585,38.90657017112479]},"properties":{"NAME":"Ron H. Brown Preparatory High School","ADDRESS":"4800 MEADE STREET NE","TYPE":"Indoor/Outdoor","SITE_TYPE":"Public School","WARD":"Ward 7","MAR_ID":294601,"GIS_ID":"WirelessHotSpotPt_1029","YCOORD":137635.93,"XCOORD":405836.91000000003,"LONGITUDE":-76.93270478,"LATITUDE":38.90656271,"LABEL":null,"NUMBER_OF_SITES":null,"SE_ANNO_CAD_DATA":null,"GLOBALID":"{9FCA3EA3-9EB3-4D3C-9D32-7A1E5AEC45BD}","CREATOR":"JLAY","CREATED":1713469448000,"EDITOR":"DCGIS","EDITED":1713477402000,"OBJECTID":1029}},{"type":"Feature","id":795,"geometry":{"type":"Point","coordinates":[-77.02241866898952,38.94560935673571]},"properties":{"NAME":"E.L. Haynes Public Charter School","ADDRESS":"4501 KANSAS AVENUE NW","TYPE":"Outdoor","SITE_TYPE":"Public Charter School","WARD":"Ward 4","MAR_ID":284930,"GIS_ID":"WirelessHotSpotPt_795","YCOORD":141967.7,"XCOORD":398056.76,"LONGITUDE":-77.02241638,"LATITUDE":38.94560189,"LABEL":null,"NUMBER_OF_SITES":null,"SE_ANNO_CAD_DATA":null,"GLOBALID":"{DD5C055F-714A-448B-ADBD-58D9D117E327}","CREATOR":"JLAY","CREATED":1713469448000,"EDITOR":"DCGIS","EDITED":1713477402000,"OBJECTID":795}},{"type":"Feature","id":1001,"geometry":{"type":"Point","coordinates":[-76.98125359233046,38.84619430810598]},"properties":{"NAME":"Parklands Turner Community Library","ADDRESS":"1547 ALABAMA AVENUE SE","TYPE":"Outdoor","SITE_TYPE":"Library","WARD":"Ward 8","MAR_ID":304504,"GIS_ID":"WirelessHotSpotPt_1001","YCOORD":130931.77,"XCOORD":401627.56,"LONGITUDE":-76.98125132,"LATITUDE":38.84618686,"LABEL":null,"NUMBER_OF_SITES":null,"SE_ANNO_CAD_DATA":null,"GLOBALID":"{261406E6-1949-4D0A-B78D-616EB28FB1C6}","CREATOR":"JLAY","CREATED":1713469448000,"EDITOR":"DCGIS","EDITED":1713477402000,"OBJECTID":1001}},{"type":"Feature","id":877,"geometry":{"type":"Point","coordinates":[-77.0715848702459,38.94087635983397]},"properties":{"NAME":"Hearst Recreation Center","ADDRESS":"3950 37TH STREET NW","TYPE":"Indoor/Outdoor","SITE_TYPE":"Rec. Center","WARD":"Ward 3","MAR_ID":294586,"GIS_ID":"WirelessHotSpotPt_877","YCOORD":141444.49,"XCOORD":393794.21,"LONGITUDE":-77.07158256,"LATITUDE":38.94086857,"LABEL":null,"NUMBER_OF_SITES":null,"SE_ANNO_CAD_DATA":null,"GLOBALID":"{9B6C862F-41B4-47C5-83D7-BD363185AFCE}","CREATOR":"JLAY","CREATED":1713469448000,"EDITOR":"DCGIS","EDITED":1713477402000,"OBJECTID":877}},{"type":"Feature","id":779,"geometry":{"type":"Point","coordinates":[-76.99838204791038,38.877338449802735]},"properties":{"NAME":"DPR-Lincoln Capper Childrens Pool","ADDRESS":"555 L STREET SE","TYPE":"Outdoor","SITE_TYPE":"Rec. Center","WARD":"Ward 8","MAR_ID":289646,"GIS_ID":"WirelessHotSpotPt_779","YCOORD":134388.83000000002,"XCOORD":400140.59,"LONGITUDE":-76.99837977,"LATITUDE":38.877331,"LABEL":null,"NUMBER_OF_SITES":null,"SE_ANNO_CAD_DATA":null,"GLOBALID":"{796F1756-095B-45F9-A192-9044398ADF7B}","CREATOR":"JLAY","CREATED":1713469448000,"EDITOR":"DCGIS","EDITED":1713477402000,"OBJECTID":779}},{"type":"Feature","id":1054,"geometry":{"type":"Point","coordinates":[-76.95306999599471,38.88400064775235]},"properties":{"NAME":"Sousa Middle School","ADDRESS":"3650 ELY PLACE SE","TYPE":"Indoor/Outdoor","SITE_TYPE":"Public School","WARD":"Ward 7","MAR_ID":294584,"GIS_ID":"WirelessHotSpotPt_1054","YCOORD":135129.43,"XCOORD":404072,"LONGITUDE":-76.95306773,"LATITUDE":38.88399286,"LABEL":null,"NUMBER_OF_SITES":null,"SE_ANNO_CAD_DATA":null,"GLOBALID":"{10FD5695-3BBD-49F3-A3E3-9738E2C8DF3B}","CREATOR":"JLAY","CREATED":1713469448000,"EDITOR":"DCGIS","EDITED":1713477402000,"OBJECTID":1054}},{"type":"Feature","id":839,"geometry":{"type":"Point","coordinates":[-77.03752782465934,38.91730425869699]},"properties":{"NAME":"Engine Company 9 (Truck Company 9)","ADDRESS":"1617 U STREET NW","TYPE":"Indoor/Outdoor","SITE_TYPE":"Fire Emergency Medical Services","WARD":"Ward 1","MAR_ID":241846,"GIS_ID":"WirelessHotSpotPt_839","YCOORD":138826.02,"XCOORD":396745.68,"LONGITUDE":-77.03752553,"LATITUDE":38.9172968,"LABEL":null,"NUMBER_OF_SITES":null,"SE_ANNO_CAD_DATA":null,"GLOBALID":"{6A74083A-AA0F-4DF2-B2FA-3AA2AC7919E3}","CREATOR":"JLAY","CREATED":1713469448000,"EDITOR":"DCGIS","EDITED":1713477402000,"OBJECTID":839}},{"type":"Feature","id":1003,"geometry":{"type":"Point","coordinates":[-77.00321337532756,38.82390145361909]},"properties":{"NAME":"Patricia R. Harris Education Center (UDC-CC)","ADDRESS":"4600 LIVINGSTON ROAD SE","TYPE":"Indoor/Outdoor","SITE_TYPE":"Public School","WARD":"Ward 8","MAR_ID":294600,"GIS_ID":"WirelessHotSpotPt_1003","YCOORD":128456.95,"XCOORD":399721.16000000003,"LONGITUDE":-77.0032111,"LATITUDE":38.82389368,"LABEL":null,"NUMBER_OF_SITES":null,"SE_ANNO_CAD_DATA":null,"GLOBALID":"{1396A8E2-BC0F-4516-B5AF-E64D62220E0A}","CREATOR":"JLAY","CREATED":1713469448000,"EDITOR":"DCGIS","EDITED":1713477402000,"OBJECTID":1003}},{"type":"Feature","id":678,"geometry":{"type":"Point","coordinates":[-77.02138240815006,38.934388910226424]},"properties":{"NAME":"Bruce-Monroe Elementary School @ Parkview","ADDRESS":"3560 WARDER STREET NW","TYPE":"Indoor/Outdoor","SITE_TYPE":"Public School","WARD":"Ward 1","MAR_ID":294583,"GIS_ID":"WirelessHotSpotPt_678","YCOORD":140722.11000000002,"XCOORD":398146.3,"LONGITUDE":-77.02138012,"LATITUDE":38.93438112,"LABEL":null,"NUMBER_OF_SITES":null,"SE_ANNO_CAD_DATA":null,"GLOBALID":"{77A26ABA-26C5-40D0-AF96-30FC7FE92DE5}","CREATOR":"JLAY","CREATED":1713469448000,"EDITOR":"DCGIS","EDITED":1713477402000,"OBJECTID":678}},{"type":"Feature","id":996,"geometry":{"type":"Point","coordinates":[-77.04490181485788,38.90071288633399]},"properties":{"NAME":"PA2040 Cabinet 8 (NE Corner)","ADDRESS":"20TH STREET NW AND PENNSYLVANIA AVENUE NW","TYPE":"Outdoor","SITE_TYPE":"Administrative","WARD":"Ward 2","MAR_ID":904189,"GIS_ID":"WirelessHotSpotPt_996","YCOORD":136984.531261,"XCOORD":396105.281242,"LONGITUDE":-77.0449,"LATITUDE":38.900704999999995,"LABEL":null,"NUMBER_OF_SITES":null,"SE_ANNO_CAD_DATA":null,"GLOBALID":"{2FFB76D9-C940-4C26-8388-80EE4DCA1260}","CREATOR":"JLAY","CREATED":1713469448000,"EDITOR":"DCGIS","EDITED":1713477402000,"OBJECTID":996}},{"type":"Feature","id":985,"geometry":{"type":"Point","coordinates":[-77.04346295878456,38.90134388057454]},"properties":{"NAME":"PA2040 Cabinet 10 (NE Corner)","ADDRESS":"19TH STREET NW AND I STREET NW","TYPE":"Outdoor","SITE_TYPE":"Administrative","WARD":"Ward 2","MAR_ID":901002,"GIS_ID":"WirelessHotSpotPt_985","YCOORD":137054.515645,"XCOORD":396230.124986,"LONGITUDE":-77.043461,"LATITUDE":38.901336,"LABEL":null,"NUMBER_OF_SITES":null,"SE_ANNO_CAD_DATA":null,"GLOBALID":"{4D1C540D-7BB7-4EDB-BCE0-6A984DC8C5A8}","CREATOR":"JLAY","CREATED":1713469448000,"EDITOR":"DCGIS","EDITED":1713477402000,"OBJECTID":985}},{"type":"Feature","id":706,"geometry":{"type":"Point","coordinates":[-77.08075617932607,38.96346692265461]},"properties":{"NAME":"Chevy Chase Playground and Recreation Center","ADDRESS":"5500 41ST STREET NW","TYPE":"Indoor/Outdoor","SITE_TYPE":"Rec. Center","WARD":"Ward 3","MAR_ID":264727,"GIS_ID":"WirelessHotSpotPt_706","YCOORD":143952.91,"XCOORD":393001.33,"LONGITUDE":-77.08075387,"LATITUDE":38.96345912,"LABEL":null,"NUMBER_OF_SITES":null,"SE_ANNO_CAD_DATA":null,"GLOBALID":"{236DF2C4-C052-45CC-BDF8-B92FA85F60F3}","CREATOR":"JLAY","CREATED":1713469448000,"EDITOR":"DCGIS","EDITED":1713477402000,"OBJECTID":706}},{"type":"Feature","id":715,"geometry":{"type":"Point","coordinates":[-77.03160929735343,38.96045574662527]},"properties":{"NAME":"Community Academy PCS-Amos 2 Campus","ADDRESS":"1351 NICHOLSON STREET NW","TYPE":"Outdoor","SITE_TYPE":"Public Charter School","WARD":"Ward 4","MAR_ID":257768,"GIS_ID":"WirelessHotSpotPt_715","YCOORD":143616.02,"XCOORD":397260.61,"LONGITUDE":-77.031607,"LATITUDE":38.96044795,"LABEL":null,"NUMBER_OF_SITES":null,"SE_ANNO_CAD_DATA":null,"GLOBALID":"{83414E24-66D7-4098-8E4E-2615EC3A5D85}","CREATOR":"JLAY","CREATED":1713469448000,"EDITOR":"DCGIS","EDITED":1713477402000,"OBJECTID":715}},{"type":"Feature","id":948,"geometry":{"type":"Point","coordinates":[-77.00433075985664,38.914934797585644]},"properties":{"NAME":"McKinley","ADDRESS":"151 T STREET NE","TYPE":"Indoor/Outdoor","SITE_TYPE":"Public School","WARD":"Ward 5","MAR_ID":296345,"GIS_ID":"WirelessHotSpotPt_948","YCOORD":138562.33000000002,"XCOORD":399624.61,"LONGITUDE":-77.00432847,"LATITUDE":38.91492701,"LABEL":null,"NUMBER_OF_SITES":null,"SE_ANNO_CAD_DATA":null,"GLOBALID":"{AB40CC46-8C82-41C2-9691-B750CBEA19BA}","CREATOR":"JLAY","CREATED":1713469448000,"EDITOR":"DCGIS","EDITED":1713477402000,"OBJECTID":948}},{"type":"Feature","id":725,"geometry":{"type":"Point","coordinates":[-76.99559898101474,38.92419076226287]},"properties":{"NAME":"D.C. Preparatory Academy PCES - Elementary Campus","ADDRESS":"707 EDGEWOOD STREET NE","TYPE":"Outdoor","SITE_TYPE":"Public Charter School","WARD":"Ward 5","MAR_ID":289577,"GIS_ID":"WirelessHotSpotPt_725","YCOORD":139589.82,"XCOORD":400381.83,"LONGITUDE":-76.9955967,"LATITUDE":38.92418297,"LABEL":null,"NUMBER_OF_SITES":null,"SE_ANNO_CAD_DATA":null,"GLOBALID":"{8768FD94-1413-47C7-8EC7-B64732C84CCD}","CREATOR":"JLAY","CREATED":1713469448000,"EDITOR":"DCGIS","EDITED":1713477402000,"OBJECTID":725}},{"type":"Feature","id":674,"geometry":{"type":"Point","coordinates":[-77.03069114301844,38.96054319118934]},"properties":{"NAME":"Brightwood Elementary School","ADDRESS":"1300 NICHOLSON STREET NW","TYPE":"Indoor/Outdoor","SITE_TYPE":"Public School","WARD":"Ward 4","MAR_ID":294515,"GIS_ID":"WirelessHotSpotPt_674","YCOORD":143625.7,"XCOORD":397340.19,"LONGITUDE":-77.03068885,"LATITUDE":38.96053573,"LABEL":null,"NUMBER_OF_SITES":null,"SE_ANNO_CAD_DATA":null,"GLOBALID":"{543C1850-ED0E-42F2-95FC-206F7EA3A7F2}","CREATOR":"JLAY","CREATED":1713469448000,"EDITOR":"DCGIS","EDITED":1713477402000,"OBJECTID":674}},{"type":"Feature","id":1065,"geometry":{"type":"Point","coordinates":[-77.07898262337399,38.923193686605565]},"properties":{"NAME":"Stoddert Elementary School","ADDRESS":"4001 CALVERT STREET NW","TYPE":"Indoor/Outdoor","SITE_TYPE":"Public School / Rec. Center","WARD":"Ward 3","MAR_ID":224730,"GIS_ID":"WirelessHotSpotPt_1065","YCOORD":139482.09,"XCOORD":393151.17,"LONGITUDE":-77.07898031,"LATITUDE":38.9231859,"LABEL":null,"NUMBER_OF_SITES":null,"SE_ANNO_CAD_DATA":null,"GLOBALID":"{84C629F5-6920-4068-8CDA-F8E95634D6A3}","CREATOR":"JLAY","CREATED":1713469448000,"EDITOR":"DCGIS","EDITED":1713477402000,"OBJECTID":1065}},{"type":"Feature","id":734,"geometry":{"type":"Point","coordinates":[-77.03317715271248,38.8979110511419]},"properties":{"NAME":"DC-Net Central office","ADDRESS":"655 15TH STREET NW","TYPE":"Indoor","SITE_TYPE":"Administrative","WARD":"Ward 2","MAR_ID":279876,"GIS_ID":"WirelessHotSpotPt_734","YCOORD":136673.07,"XCOORD":397122.2,"LONGITUDE":-77.03317486,"LATITUDE":38.8979036,"LABEL":null,"NUMBER_OF_SITES":null,"SE_ANNO_CAD_DATA":null,"GLOBALID":"{465587F7-951F-48FE-B146-88F423062C6D}","CREATOR":"JLAY","CREATED":1713469448000,"EDITOR":"DCGIS","EDITED":1713477402000,"OBJECTID":734}},{"type":"Feature","id":986,"geometry":{"type":"Point","coordinates":[-77.04170055309304,38.90134480224112]},"properties":{"NAME":"PA2040 Cabinet 11 (NW Corner)","ADDRESS":"18TH STREET NW AND I STREET NW","TYPE":"Outdoor","SITE_TYPE":"Administrative","WARD":"Ward 2","MAR_ID":901145,"GIS_ID":"WirelessHotSpotPt_986","YCOORD":137054.546877,"XCOORD":396382.999995,"LONGITUDE":-77.041698,"LATITUDE":38.901337,"LABEL":null,"NUMBER_OF_SITES":null,"SE_ANNO_CAD_DATA":null,"GLOBALID":"{6988075B-B9A8-4A84-8939-3BBAFD8E599B}","CREATOR":"JLAY","CREATED":1713469448000,"EDITOR":"DCGIS","EDITED":1713477402000,"OBJECTID":986}},{"type":"Feature","id":995,"geometry":{"type":"Point","coordinates":[-77.04490758466856,38.899586559714315]},"properties":{"NAME":"PA2040 Cabinet 7 (NE Corner)","ADDRESS":"20TH STREET NW AND H STREET NW","TYPE":"Outdoor","SITE_TYPE":"Administrative","WARD":"Ward 2","MAR_ID":904988,"GIS_ID":"WirelessHotSpotPt_995","YCOORD":136859.499996,"XCOORD":396104.718746,"LONGITUDE":-77.044905,"LATITUDE":38.899578999999996,"LABEL":null,"NUMBER_OF_SITES":null,"SE_ANNO_CAD_DATA":null,"GLOBALID":"{395DC83A-93ED-4E95-8F2F-19903F396BCB}","CREATOR":"JLAY","CREATED":1713469448000,"EDITOR":"DCGIS","EDITED":1713477402000,"OBJECTID":995}},{"type":"Feature","id":1014,"geometry":{"type":"Point","coordinates":[-77.03158447058023,38.94166521270239]},"properties":{"NAME":"Powell Elementary School","ADDRESS":"1350 UPSHUR STREET NW","TYPE":"Indoor/Outdoor","SITE_TYPE":"Public School","WARD":"Ward 4","MAR_ID":255302,"GIS_ID":"WirelessHotSpotPt_1014","YCOORD":141530.1,"XCOORD":397262.04000000004,"LONGITUDE":-77.03158217,"LATITUDE":38.94165742,"LABEL":null,"NUMBER_OF_SITES":null,"SE_ANNO_CAD_DATA":null,"GLOBALID":"{670F8598-E00F-4A79-8E6E-ECB134162E96}","CREATOR":"JLAY","CREATED":1713469448000,"EDITOR":"DCGIS","EDITED":1713477402000,"OBJECTID":1014}},{"type":"Feature","id":1080,"geometry":{"type":"Point","coordinates":[-76.98031550483384,38.84764388232178]},"properties":{"NAME":"Turner Elementary School","ADDRESS":"3264 STANTON ROAD SE","TYPE":"Indoor/Outdoor","SITE_TYPE":"Public School","WARD":"Ward 8","MAR_ID":294561,"GIS_ID":"WirelessHotSpotPt_1080","YCOORD":131092.7,"XCOORD":401708.96,"LONGITUDE":-76.98031323,"LATITUDE":38.84763644,"LABEL":null,"NUMBER_OF_SITES":null,"SE_ANNO_CAD_DATA":null,"GLOBALID":"{7CA00310-90F0-4179-98B4-DD64A48E5BF9}","CREATOR":"JLAY","CREATED":1713469448000,"EDITOR":"DCGIS","EDITED":1713477402000,"OBJECTID":1080}},{"type":"Feature","id":904,"geometry":{"type":"Point","coordinates":[-76.93648148663286,38.91227204545093]},"properties":{"NAME":"Kenilworth Courts","ADDRESS":"4500 QUARLES STREET NE","TYPE":"Indoor/Outdoor","SITE_TYPE":"Public Housing","WARD":"Ward 7","MAR_ID":20614,"GIS_ID":"WirelessHotSpotPt_904","YCOORD":138268.65,"XCOORD":405509.09,"LONGITUDE":-76.93647922,"LATITUDE":38.91226425,"LABEL":null,"NUMBER_OF_SITES":null,"SE_ANNO_CAD_DATA":null,"GLOBALID":"{92DA1828-EB09-4785-AD6B-557966D39953}","CREATOR":"JLAY","CREATED":1713469448000,"EDITOR":"DCGIS","EDITED":1713477402000,"OBJECTID":904}},{"type":"Feature","id":729,"geometry":{"type":"Point","coordinates":[-77.01654461815181,38.894321243666994]},"properties":{"NAME":"Daly Building","ADDRESS":"300 INDIANA AVENUE NW","TYPE":"Indoor","SITE_TYPE":"Administrative","WARD":"Ward 6","MAR_ID":279642,"GIS_ID":"WirelessHotSpotPt_729","YCOORD":136274.18,"XCOORD":398564.94,"LONGITUDE":-77.016542,"LATITUDE":38.894314,"LABEL":null,"NUMBER_OF_SITES":null,"SE_ANNO_CAD_DATA":null,"GLOBALID":"{C8C8601F-7E7A-40B6-9791-886EF18FA9F3}","CREATOR":"JLAY","CREATED":1713469448000,"EDITOR":"DCGIS","EDITED":1713477402000,"OBJECTID":729}},{"type":"Feature","id":650,"geometry":{"type":"Point","coordinates":[-76.97854620319836,38.86599400790332]},"properties":{"NAME":"Anacostia Neighborhood Library","ADDRESS":"1800 GOOD HOPE ROAD SE","TYPE":"Indoor/Outdoor","SITE_TYPE":"Library","WARD":"Ward 8","MAR_ID":53560,"GIS_ID":"WirelessHotSpotPt_650","YCOORD":133129.73,"XCOORD":401862.07,"LONGITUDE":-76.97854393,"LATITUDE":38.86598623,"LABEL":null,"NUMBER_OF_SITES":null,"SE_ANNO_CAD_DATA":null,"GLOBALID":"{36273E6C-ED15-45DB-9D50-744BFD7413DB}","CREATOR":"JLAY","CREATED":1713469448000,"EDITOR":"DCGIS","EDITED":1713477402000,"OBJECTID":650}},{"type":"Feature","id":1048,"geometry":{"type":"Point","coordinates":[-77.01990962245586,38.88757482396033]},"properties":{"NAME":"Smithsonian Air and Space Museum","ADDRESS":"INDEPENDENCE AVENUE SW AND 6TH STREET SW","TYPE":"Outdoor","SITE_TYPE":"Federal","WARD":"Ward 2/6","MAR_ID":901831,"GIS_ID":"WirelessHotSpotPt_1048","YCOORD":135525.332891,"XCOORD":398272.859996,"LONGITUDE":-77.019907,"LATITUDE":38.887567,"LABEL":null,"NUMBER_OF_SITES":null,"SE_ANNO_CAD_DATA":null,"GLOBALID":"{89DBE091-839E-451D-9BB9-44E3C5C46D44}","CREATOR":"JLAY","CREATED":1713469448000,"EDITOR":"DCGIS","EDITED":1713477402000,"OBJECTID":1048}},{"type":"Feature","id":1090,"geometry":{"type":"Point","coordinates":[-77.01391798047295,38.904199434835874]},"properties":{"NAME":"Walker Jones Education Campus","ADDRESS":"1125 NEW JERSEY AVENUE NW","TYPE":"Indoor/Outdoor","SITE_TYPE":"Public School / Rec. Center","WARD":"Ward 6","MAR_ID":307735,"GIS_ID":"WirelessHotSpotPt_1090","YCOORD":137370.7,"XCOORD":398792.97000000003,"LONGITUDE":-77.01391569,"LATITUDE":38.90419198,"LABEL":null,"NUMBER_OF_SITES":null,"SE_ANNO_CAD_DATA":null,"GLOBALID":"{2F10A4D9-F8E7-4B0D-AC6C-4DA1F88AC726}","CREATOR":"JLAY","CREATED":1713469448000,"EDITOR":"DCGIS","EDITED":1713477402000,"OBJECTID":1090}},{"type":"Feature","id":947,"geometry":{"type":"Point","coordinates":[-76.92063752276401,38.89029889194947]},"properties":{"NAME":"Maya Angelou PCS - Middle School Campus","ADDRESS":"5600 EAST CAPITOL STREET NE","TYPE":"Outdoor","SITE_TYPE":"Public Charter School","WARD":"Ward 7","MAR_ID":289793,"GIS_ID":"WirelessHotSpotPt_947","YCOORD":135830.53,"XCOORD":406885.34,"LONGITUDE":-76.92063526,"LATITUDE":38.89029144,"LABEL":null,"NUMBER_OF_SITES":null,"SE_ANNO_CAD_DATA":null,"GLOBALID":"{4AF6BE0F-76E8-4C9C-931A-239B48D1BDD4}","CREATOR":"JLAY","CREATED":1713469448000,"EDITOR":"DCGIS","EDITED":1713477402000,"OBJECTID":947}},{"type":"Feature","id":858,"geometry":{"type":"Point","coordinates":[-76.9376185709236,38.87907573644052]},"properties":{"NAME":"Garfield ES @ Davis Swing Space","ADDRESS":"4430 H STREET SE","TYPE":"Indoor/Outdoor","SITE_TYPE":"Public School","WARD":"Ward 7","MAR_ID":294598,"GIS_ID":"WirelessHotSpotPt_858","YCOORD":134583.53,"XCOORD":405412.99,"LONGITUDE":-76.93761631,"LATITUDE":38.87906828,"LABEL":null,"NUMBER_OF_SITES":null,"SE_ANNO_CAD_DATA":null,"GLOBALID":"{B5BA8DCF-832E-4D4A-9FA3-2FFB59B55F26}","CREATOR":"JLAY","CREATED":1713469448000,"EDITOR":"DCGIS","EDITED":1713477402000,"OBJECTID":858}},{"type":"Feature","id":931,"geometry":{"type":"Point","coordinates":[-76.9964947761817,38.89875159638192]},"properties":{"NAME":"Ludlow-Taylor Elementary School","ADDRESS":"659 G STREET NE","TYPE":"Indoor/Outdoor","SITE_TYPE":"Public School","WARD":"Ward 6","MAR_ID":294494,"GIS_ID":"WirelessHotSpotPt_931","YCOORD":136765.86000000002,"XCOORD":400304.26,"LONGITUDE":-76.99649249,"LATITUDE":38.89874414,"LABEL":null,"NUMBER_OF_SITES":null,"SE_ANNO_CAD_DATA":null,"GLOBALID":"{C579B99D-6628-4F47-A4AA-F9F84486D7F4}","CREATOR":"JLAY","CREATED":1713469448000,"EDITOR":"DCGIS","EDITED":1713477402000,"OBJECTID":931}},{"type":"Feature","id":1082,"geometry":{"type":"Point","coordinates":[-77.02997038299117,38.88678054160693]},"properties":{"NAME":"U.S. Department of Agriculture","ADDRESS":"1400 INDEPENDENCE AVENUE SW","TYPE":"Outdoor","SITE_TYPE":"Federal","WARD":"Ward 6","MAR_ID":291739,"GIS_ID":"WirelessHotSpotPt_1082","YCOORD":135437.4,"XCOORD":397399.97000000003,"LONGITUDE":-77.02996809,"LATITUDE":38.88677276,"LABEL":null,"NUMBER_OF_SITES":null,"SE_ANNO_CAD_DATA":null,"GLOBALID":"{B744086E-5504-4A90-91F3-E11E644E16C1}","CREATOR":"JLAY","CREATED":1713469448000,"EDITOR":"DCGIS","EDITED":1713477402000,"OBJECTID":1082}},{"type":"Feature","id":1056,"geometry":{"type":"Point","coordinates":[-76.99504917103104,38.838853011831006]},"properties":{"NAME":"Southeast Tennis and Learning Center","ADDRESS":"720 MISSISSIPPI AVENUE SE","TYPE":"Indoor/Outdoor","SITE_TYPE":"Rec. Center","WARD":"Ward 8","MAR_ID":77659,"GIS_ID":"WirelessHotSpotPt_1056","YCOORD":130116.68000000001,"XCOORD":400430.02,"LONGITUDE":-76.99504689,"LATITUDE":38.83884557,"LABEL":null,"NUMBER_OF_SITES":null,"SE_ANNO_CAD_DATA":null,"GLOBALID":"{DAF9E807-8DE2-49DF-BE99-426C5AD6A1D7}","CREATOR":"JLAY","CREATED":1713469448000,"EDITOR":"DCGIS","EDITED":1713477402000,"OBJECTID":1056}},{"type":"Feature","id":785,"geometry":{"type":"Point","coordinates":[-77.00258354734908,38.94731107086702]},"properties":{"NAME":"DPW - Bates Road","ADDRESS":"4900 BATES ROAD NE","TYPE":"Indoor/Outdoor","SITE_TYPE":"Administrative","WARD":"Ward 5","MAR_ID":301206,"GIS_ID":"WirelessHotSpotPt_785","YCOORD":142156.37,"XCOORD":399776.24,"LONGITUDE":-77.00258126,"LATITUDE":38.94730327,"LABEL":null,"NUMBER_OF_SITES":null,"SE_ANNO_CAD_DATA":null,"GLOBALID":"{197BF38D-570E-4A7F-A721-733A9A18921B}","CREATOR":"JLAY","CREATED":1713469448000,"EDITOR":"DCGIS","EDITED":1713477402000,"OBJECTID":785}},{"type":"Feature","id":1078,"geometry":{"type":"Point","coordinates":[-77.029445592325,38.92920602848035]},"properties":{"NAME":"Tubman Elementary School","ADDRESS":"3101 13TH STREET NW","TYPE":"Indoor/Outdoor","SITE_TYPE":"Public School","WARD":"Ward 1","MAR_ID":294555,"GIS_ID":"WirelessHotSpotPt_1078","YCOORD":140146.96,"XCOORD":397447.02,"LONGITUDE":-77.0294433,"LATITUDE":38.92919857,"LABEL":null,"NUMBER_OF_SITES":null,"SE_ANNO_CAD_DATA":null,"GLOBALID":"{F81C080B-F0F5-45C8-B057-6CF93A5D1570}","CREATOR":"JLAY","CREATED":1713469448000,"EDITOR":"DCGIS","EDITED":1713477402000,"OBJECTID":1078}},{"type":"Feature","id":663,"geometry":{"type":"Point","coordinates":[-76.92691126306339,38.87981001676676]},"properties":{"NAME":"Benning Park Community Center","ADDRESS":"5100 SOUTHERN AVENUE SE","TYPE":"Indoor/Outdoor","SITE_TYPE":"Rec. Center","WARD":"Ward 7","MAR_ID":296175,"GIS_ID":"WirelessHotSpotPt_663","YCOORD":134665.73,"XCOORD":406341.99,"LONGITUDE":-76.926909,"LATITUDE":38.87980223,"LABEL":null,"NUMBER_OF_SITES":null,"SE_ANNO_CAD_DATA":null,"GLOBALID":"{064904E3-970C-48A0-9192-2EEAC8A1DCD5}","CREATOR":"JLAY","CREATED":1713469448000,"EDITOR":"DCGIS","EDITED":1713477402000,"OBJECTID":663}},{"type":"Feature","id":991,"geometry":{"type":"Point","coordinates":[-77.0417045501562,38.89832235139722]},"properties":{"NAME":"PA2040 Cabinet 3 (SW Corner)","ADDRESS":"18TH STREET NW AND G STREET NW","TYPE":"Outdoor","SITE_TYPE":"Administrative","WARD":"Ward 2","MAR_ID":906527,"GIS_ID":"WirelessHotSpotPt_991","YCOORD":136719.03126,"XCOORD":396382.499995,"LONGITUDE":-77.041702,"LATITUDE":38.898315,"LABEL":null,"NUMBER_OF_SITES":null,"SE_ANNO_CAD_DATA":null,"GLOBALID":"{95476674-616D-43CD-9961-FF31E72BF920}","CREATOR":"JLAY","CREATED":1713469448000,"EDITOR":"DCGIS","EDITED":1713477402000,"OBJECTID":991}},{"type":"Feature","id":998,"geometry":{"type":"Point","coordinates":[-77.09717695291295,38.91838925246726]},"properties":{"NAME":"Palisades Neighborhood Library","ADDRESS":"4901 V STREET NW","TYPE":"Outdoor","SITE_TYPE":"Library","WARD":"Ward 3","MAR_ID":224474,"GIS_ID":"WirelessHotSpotPt_998","YCOORD":138950.28,"XCOORD":391572.87,"LONGITUDE":-77.09717464,"LATITUDE":38.9183818,"LABEL":null,"NUMBER_OF_SITES":null,"SE_ANNO_CAD_DATA":null,"GLOBALID":"{7E664A1F-99D9-4036-840B-2CEC561CA477}","CREATOR":"JLAY","CREATED":1713469448000,"EDITOR":"DCGIS","EDITED":1713477402000,"OBJECTID":998}},{"type":"Feature","id":919,"geometry":{"type":"Point","coordinates":[-77.00823997299499,38.96773506328903]},"properties":{"NAME":"Lamond Recreation Center","ADDRESS":"20 TUCKERMAN STREET NE","TYPE":"Indoor/Outdoor","SITE_TYPE":"Rec. Center","WARD":"Ward 4","MAR_ID":296166,"GIS_ID":"WirelessHotSpotPt_919","YCOORD":144423.65,"XCOORD":399286.11,"LONGITUDE":-77.00823768,"LATITUDE":38.96772726,"LABEL":null,"NUMBER_OF_SITES":null,"SE_ANNO_CAD_DATA":null,"GLOBALID":"{C055497E-B739-4D44-8BCB-21A8EA2C29DE}","CREATOR":"JLAY","CREATED":1713469448000,"EDITOR":"DCGIS","EDITED":1713477402000,"OBJECTID":919}},{"type":"Feature","id":892,"geometry":{"type":"Point","coordinates":[-77.010863422255,38.87479326321414]},"properties":{"NAME":"James Creek","ADDRESS":"1265 HALF STREET SW","TYPE":"Outdoor","SITE_TYPE":"Public Housing","WARD":"Ward 6","MAR_ID":156174,"GIS_ID":"WirelessHotSpotPt_892","YCOORD":134106.35,"XCOORD":399057.53,"LONGITUDE":-77.01086114,"LATITUDE":38.87478581,"LABEL":null,"NUMBER_OF_SITES":null,"SE_ANNO_CAD_DATA":null,"GLOBALID":"{27555BCC-3923-4613-87D8-BFA50A933825}","CREATOR":"JLAY","CREATED":1713469448000,"EDITOR":"DCGIS","EDITED":1713477402000,"OBJECTID":892}},{"type":"Feature","id":848,"geometry":{"type":"Point","coordinates":[-77.02085145941267,38.87388250871252]},"properties":{"NAME":"Fire Boats 1 and 2","ADDRESS":"550 WATER STREET SW","TYPE":"Indoor/Outdoor","SITE_TYPE":"Fire Emergency Medical Services","WARD":"Ward 6","MAR_ID":294491,"GIS_ID":"WirelessHotSpotPt_848","YCOORD":134005.4,"XCOORD":398190.8,"LONGITUDE":-77.02084917,"LATITUDE":38.87387506,"LABEL":null,"NUMBER_OF_SITES":null,"SE_ANNO_CAD_DATA":null,"GLOBALID":"{272746A5-591F-44E7-B9E2-6A716B181CF1}","CREATOR":"JLAY","CREATED":1713469448000,"EDITOR":"DCGIS","EDITED":1713477402000,"OBJECTID":848}},{"type":"Feature","id":1072,"geometry":{"type":"Point","coordinates":[-76.95827901011343,38.924188983662994]},"properties":{"NAME":"Theodore Hagan Cultural Center","ADDRESS":"3201 FORT LINCOLN DRIVE NE","TYPE":"Indoor/Outdoor","SITE_TYPE":"Rec. Center","WARD":"Ward 5","MAR_ID":295140,"GIS_ID":"WirelessHotSpotPt_1072","YCOORD":139590.44,"XCOORD":403618.01,"LONGITUDE":-76.95827674,"LATITUDE":38.92418119,"LABEL":null,"NUMBER_OF_SITES":null,"SE_ANNO_CAD_DATA":null,"GLOBALID":"{24EB6C80-4057-4585-B178-EAC97B7540D4}","CREATOR":"JLAY","CREATED":1713469448000,"EDITOR":"DCGIS","EDITED":1713477402000,"OBJECTID":1072}},{"type":"Feature","id":941,"geometry":{"type":"Point","coordinates":[-76.98686690974924,38.92961338381691]},"properties":{"NAME":"Mary McLeod Bethune PCS    (Old Slowe Elementary Campus)","ADDRESS":"1404 JACKSON STREET NE","TYPE":"Indoor","SITE_TYPE":"Public School","WARD":"Ward 5","MAR_ID":294522,"GIS_ID":"WirelessHotSpotPt_941","YCOORD":140191.85,"XCOORD":401138.94,"LONGITUDE":-76.98686463,"LATITUDE":38.92960592,"LABEL":null,"NUMBER_OF_SITES":null,"SE_ANNO_CAD_DATA":null,"GLOBALID":"{C43A981D-E978-4597-8518-8A7D90F24E55}","CREATOR":"JLAY","CREATED":1713469448000,"EDITOR":"DCGIS","EDITED":1713477402000,"OBJECTID":941}},{"type":"Feature","id":686,"geometry":{"type":"Point","coordinates":[-76.99945917881675,38.94730812548705]},"properties":{"NAME":"Capital Area Food Bank","ADDRESS":"4900 PUERTO RICO AVENUE NE","TYPE":"Outdoor","SITE_TYPE":"Community Service Organization","WARD":"Ward 5","MAR_ID":288297,"GIS_ID":"WirelessHotSpotPt_686","YCOORD":142156.04,"XCOORD":400047.08,"LONGITUDE":-76.99945689,"LATITUDE":38.94730066,"LABEL":null,"NUMBER_OF_SITES":null,"SE_ANNO_CAD_DATA":null,"GLOBALID":"{E35478BE-6481-45D2-98D1-975FD2257F5F}","CREATOR":"JLAY","CREATED":1713469448000,"EDITOR":"DCGIS","EDITED":1713477402000,"OBJECTID":686}},{"type":"Feature","id":1105,"geometry":{"type":"Point","coordinates":[-77.00942107635773,38.8312588754093]},"properties":{"NAME":"William O. Lockridge / Bellevue Heighborhood Library (Old Washington Highlands Neighborhood Library)","ADDRESS":"115 ATLANTIC STREET SW","TYPE":"Outdoor","SITE_TYPE":"Library","WARD":"Ward 8","MAR_ID":302935,"GIS_ID":"WirelessHotSpotPt_1105","YCOORD":129273.71,"XCOORD":399182.19,"LONGITUDE":-77.00941879,"LATITUDE":38.8312511,"LABEL":null,"NUMBER_OF_SITES":null,"SE_ANNO_CAD_DATA":null,"GLOBALID":"{762F4BFD-A15C-4B9C-A855-25204883659A}","CREATOR":"JLAY","CREATED":1713469448000,"EDITOR":"DCGIS","EDITED":1713477402000,"OBJECTID":1105}},{"type":"Feature","id":863,"geometry":{"type":"Point","coordinates":[-77.01324903334248,38.876047166227586]},"properties":{"NAME":"Greenleaf Gardens Senior","ADDRESS":"1200 DELAWARE AVENUE SW","TYPE":"Outdoor","SITE_TYPE":"Public Housing","WARD":"Ward 6","MAR_ID":72281,"GIS_ID":"WirelessHotSpotPt_863","YCOORD":134245.57,"XCOORD":398850.54000000004,"LONGITUDE":-77.01324675,"LATITUDE":38.87603938,"LABEL":null,"NUMBER_OF_SITES":null,"SE_ANNO_CAD_DATA":null,"GLOBALID":"{B7E7D0ED-F13C-4FE0-ACFB-E5C11D64A26B}","CREATOR":"JLAY","CREATED":1713469448000,"EDITOR":"DCGIS","EDITED":1713477402000,"OBJECTID":863}},{"type":"Feature","id":874,"geometry":{"type":"Point","coordinates":[-77.02916214795209,38.9016574386936]},"properties":{"NAME":"HBX","ADDRESS":"1225 I STREET NW","TYPE":"Indoor","SITE_TYPE":"Administrative","WARD":"Ward 2","MAR_ID":240923,"GIS_ID":"WirelessHotSpotPt_874","YCOORD":137088.83000000002,"XCOORD":397470.62,"LONGITUDE":-77.02915986,"LATITUDE":38.90164999,"LABEL":null,"NUMBER_OF_SITES":null,"SE_ANNO_CAD_DATA":null,"GLOBALID":"{EDFD90C7-56AA-4761-8349-04FFE80DC581}","CREATOR":"JLAY","CREATED":1713469448000,"EDITOR":"DCGIS","EDITED":1713477402000,"OBJECTID":874}},{"type":"Feature","id":950,"geometry":{"type":"Point","coordinates":[-76.98270116584631,38.897408842918495]},"properties":{"NAME":"Miner Elementary School","ADDRESS":"601 15TH STREET NE","TYPE":"Indoor/Outdoor","SITE_TYPE":"Public School","WARD":"Ward 7","MAR_ID":289548,"GIS_ID":"WirelessHotSpotPt_950","YCOORD":136616.94,"XCOORD":401500.82,"LONGITUDE":-76.98269889,"LATITUDE":38.89740105,"LABEL":null,"NUMBER_OF_SITES":null,"SE_ANNO_CAD_DATA":null,"GLOBALID":"{CDED9276-8A14-4E54-AFC8-3438D3ADDB3E}","CREATOR":"JLAY","CREATED":1713469448000,"EDITOR":"DCGIS","EDITED":1713477402000,"OBJECTID":950}},{"type":"Feature","id":831,"geometry":{"type":"Point","coordinates":[-76.93343435922378,38.89070127205784]},"properties":{"NAME":"Engine Company 30 (Truck Company 17)","ADDRESS":"50 49TH STREET NE","TYPE":"Indoor/Outdoor","SITE_TYPE":"Fire Emergency Medical Services","WARD":"Ward 7","MAR_ID":156317,"GIS_ID":"WirelessHotSpotPt_831","YCOORD":135874.31,"XCOORD":405775.11,"LONGITUDE":-76.9334321,"LATITUDE":38.89069348,"LABEL":null,"NUMBER_OF_SITES":null,"SE_ANNO_CAD_DATA":null,"GLOBALID":"{565D6848-F51C-40F2-B730-A06D3CF28A49}","CREATOR":"JLAY","CREATED":1713469448000,"EDITOR":"DCGIS","EDITED":1713477402000,"OBJECTID":831}},{"type":"Feature","id":924,"geometry":{"type":"Point","coordinates":[-76.97383109162962,38.87233865993227]},"properties":{"NAME":"Lawrence E. Boone Elementary School","ADDRESS":"2200 MINNESOTA AVENUE SE","TYPE":"Indoor","SITE_TYPE":"Public School","WARD":"Ward 8","MAR_ID":294539,"GIS_ID":"WirelessHotSpotPt_924","YCOORD":133834.14,"XCOORD":402271.07,"LONGITUDE":-76.97382882,"LATITUDE":38.87233088,"LABEL":null,"NUMBER_OF_SITES":null,"SE_ANNO_CAD_DATA":null,"GLOBALID":"{FEE04DAA-3D60-4462-90A5-F5A54C2F0A32}","CREATOR":"JLAY","CREATED":1713469448000,"EDITOR":"DCGIS","EDITED":1713477402000,"OBJECTID":924}},{"type":"Feature","id":673,"geometry":{"type":"Point","coordinates":[-76.98293956528767,38.92101002228395]},"properties":{"NAME":"Brentwood Recreation Center","ADDRESS":"2311 14TH STREET NE","TYPE":"Indoor/Outdoor","SITE_TYPE":"Rec. Center","WARD":"Ward 5","MAR_ID":286825,"GIS_ID":"WirelessHotSpotPt_673","YCOORD":139236.86000000002,"XCOORD":401479.65,"LONGITUDE":-76.98293729,"LATITUDE":38.92100223,"LABEL":null,"NUMBER_OF_SITES":null,"SE_ANNO_CAD_DATA":null,"GLOBALID":"{E93522AC-230D-435D-910F-A8143B5C2602}","CREATOR":"JLAY","CREATED":1713469448000,"EDITOR":"DCGIS","EDITED":1713477402000,"OBJECTID":673}},{"type":"Feature","id":850,"geometry":{"type":"Point","coordinates":[-76.94971265009634,38.886034695262516]},"properties":{"NAME":"Fort Dupont Stoddert","ADDRESS":"155 RIDGE ROAD SE","TYPE":"Outdoor","SITE_TYPE":"Public Housing","WARD":"Ward 7","MAR_ID":286318,"GIS_ID":"WirelessHotSpotPt_850","YCOORD":135355.38,"XCOORD":404363.17,"LONGITUDE":-76.94971038,"LATITUDE":38.88602724,"LABEL":null,"NUMBER_OF_SITES":null,"SE_ANNO_CAD_DATA":null,"GLOBALID":"{534E08FE-4058-41A3-AF33-EB350BBB8FE8}","CREATOR":"JLAY","CREATED":1713469448000,"EDITOR":"DCGIS","EDITED":1713477402000,"OBJECTID":850}},{"type":"Feature","id":782,"geometry":{"type":"Point","coordinates":[-76.94072531442306,38.87644140732827]},"properties":{"NAME":"DPR-Ridge Road Community Center","ADDRESS":"830 RIDGE ROAD SE","TYPE":"Indoor","SITE_TYPE":"Rec. Center","WARD":"Ward 7","MAR_ID":310262,"GIS_ID":"WirelessHotSpotPt_782","YCOORD":134290.92,"XCOORD":405143.61,"LONGITUDE":-76.94072305,"LATITUDE":38.87643362,"LABEL":null,"NUMBER_OF_SITES":null,"SE_ANNO_CAD_DATA":null,"GLOBALID":"{4F718495-48C2-449B-BE91-7E4D1FB66453}","CREATOR":"JLAY","CREATED":1713469448000,"EDITOR":"DCGIS","EDITED":1713477402000,"OBJECTID":782}},{"type":"Feature","id":693,"geometry":{"type":"Point","coordinates":[-76.98325833544138,38.88941156255523]},"properties":{"NAME":"Center City Capitol Hill","ADDRESS":"1503 EAST CAPITOL STREET SE","TYPE":"Outdoor","SITE_TYPE":"Public Charter School","WARD":"Ward 7","MAR_ID":295125,"GIS_ID":"WirelessHotSpotPt_693","YCOORD":135729.17,"XCOORD":401452.65,"LONGITUDE":-76.98325606,"LATITUDE":38.88940378,"LABEL":null,"NUMBER_OF_SITES":null,"SE_ANNO_CAD_DATA":null,"GLOBALID":"{E10B162F-5BD7-40F9-81EE-B5B47CE89886}","CREATOR":"JLAY","CREATED":1713469448000,"EDITOR":"DCGIS","EDITED":1713477402000,"OBJECTID":693}},{"type":"Feature","id":807,"geometry":{"type":"Point","coordinates":[-77.04969781998271,38.90549022896261]},"properties":{"NAME":"Engine Company 1 (Truck Company 2)","ADDRESS":"2225 M STREET NW","TYPE":"Indoor","SITE_TYPE":"Fire Emergency Medical Services","WARD":"Ward 2","MAR_ID":294540,"GIS_ID":"WirelessHotSpotPt_807","YCOORD":137515.07,"XCOORD":395689.55,"LONGITUDE":-77.04969552,"LATITUDE":38.90548244,"LABEL":null,"NUMBER_OF_SITES":null,"SE_ANNO_CAD_DATA":null,"GLOBALID":"{2DA3D665-3621-4C94-AF04-F0EFB8C16396}","CREATOR":"JLAY","CREATED":1713469448000,"EDITOR":"DCGIS","EDITED":1713477402000,"OBJECTID":807}},{"type":"Feature","id":649,"geometry":{"type":"Point","coordinates":[-76.98074260194691,38.865784855045455]},"properties":{"NAME":"Anacostia Community Service Center","ADDRESS":"1649 GOOD HOPE ROAD SE","TYPE":"Outdoor","SITE_TYPE":"Community Service Organization","WARD":"Ward 8","MAR_ID":286385,"GIS_ID":"WirelessHotSpotPt_649","YCOORD":133106.47,"XCOORD":401671.46,"LONGITUDE":-76.98074033,"LATITUDE":38.86577707,"LABEL":null,"NUMBER_OF_SITES":null,"SE_ANNO_CAD_DATA":null,"GLOBALID":"{4E2BB9F2-5A40-4B3D-8DE8-A37C4CFCF6B8}","CREATOR":"JLAY","CREATED":1713469448000,"EDITOR":"DCGIS","EDITED":1713477402000,"OBJECTID":649}},{"type":"Feature","id":1071,"geometry":{"type":"Point","coordinates":[-77.00696586444256,38.90918167356525]},"properties":{"NAME":"The Peoples Building","ADDRESS":"64 NEW YORK AVENUE NE","TYPE":"Indoor","SITE_TYPE":"Administrative","WARD":"Ward 5","MAR_ID":289616,"GIS_ID":"WirelessHotSpotPt_1071","YCOORD":137923.7,"XCOORD":399396.03,"LONGITUDE":-77.00696358,"LATITUDE":38.90917422,"LABEL":null,"NUMBER_OF_SITES":null,"SE_ANNO_CAD_DATA":null,"GLOBALID":"{6C17D5D1-8B9C-4348-96D9-1FD2E93C540D}","CREATOR":"JLAY","CREATED":1713469448000,"EDITOR":"DCGIS","EDITED":1713477402000,"OBJECTID":1071}},{"type":"Feature","id":862,"geometry":{"type":"Point","coordinates":[-77.01383254913046,38.87506040861589]},"properties":{"NAME":"Greenleaf Gardens","ADDRESS":"203 N STREET SW","TYPE":"Outdoor","SITE_TYPE":"Public Housing","WARD":"Ward 6","MAR_ID":277800,"GIS_ID":"WirelessHotSpotPt_862","YCOORD":134136.04,"XCOORD":398799.89,"LONGITUDE":-77.01383026,"LATITUDE":38.87505263,"LABEL":null,"NUMBER_OF_SITES":null,"SE_ANNO_CAD_DATA":null,"GLOBALID":"{D17FF747-CC49-479D-A4DA-1C56D2E0BE16}","CREATOR":"JLAY","CREATED":1713469448000,"EDITOR":"DCGIS","EDITED":1713477402000,"OBJECTID":862}},{"type":"Feature","id":1099,"geometry":{"type":"Point","coordinates":[-77.05063198271642,38.90397363177819]},"properties":{"NAME":"West End Neighborhood Library","ADDRESS":"2301 L STREET NW","TYPE":"Outdoor","SITE_TYPE":"Library","WARD":"Ward 2","MAR_ID":242337,"GIS_ID":"WirelessHotSpotPt_1099","YCOORD":137346.76,"XCOORD":395608.43,"LONGITUDE":-77.05062968,"LATITUDE":38.90396584,"LABEL":null,"NUMBER_OF_SITES":null,"SE_ANNO_CAD_DATA":null,"GLOBALID":"{F4312245-E774-441B-9807-F1912335E2DB}","CREATOR":"JLAY","CREATED":1713469448000,"EDITOR":"DCGIS","EDITED":1713477402000,"OBJECTID":1099}},{"type":"Feature","id":696,"geometry":{"type":"Point","coordinates":[-77.02088274698517,38.94377465343486]},"properties":{"NAME":"Center City Petworth Campus","ADDRESS":"510 WEBSTER STREET NW","TYPE":"Outdoor","SITE_TYPE":"Public Charter School","WARD":"Ward 4","MAR_ID":303332,"GIS_ID":"WirelessHotSpotPt_696","YCOORD":141764,"XCOORD":398189.86,"LONGITUDE":-77.02088045,"LATITUDE":38.94376686,"LABEL":null,"NUMBER_OF_SITES":null,"SE_ANNO_CAD_DATA":null,"GLOBALID":"{C8C347EF-550F-4137-9668-3172EFBD13C2}","CREATOR":"JLAY","CREATED":1713469448000,"EDITOR":"DCGIS","EDITED":1713477402000,"OBJECTID":696}},{"type":"Feature","id":737,"geometry":{"type":"Point","coordinates":[-77.00630159698946,38.906090136371574]},"properties":{"NAME":"DCPS and DDOE","ADDRESS":"1200 1ST STREET NE","TYPE":"Indoor","SITE_TYPE":"Administrative","WARD":"Ward 6","MAR_ID":302635,"GIS_ID":"WirelessHotSpotPt_737","YCOORD":137580.51,"XCOORD":399453.62,"LONGITUDE":-77.00629931,"LATITUDE":38.90608235,"LABEL":null,"NUMBER_OF_SITES":null,"SE_ANNO_CAD_DATA":null,"GLOBALID":"{C1F113FD-BD4F-41E1-B9EC-BE788C2C7540}","CREATOR":"JLAY","CREATED":1713469448000,"EDITOR":"DCGIS","EDITED":1713477402000,"OBJECTID":737}},{"type":"Feature","id":695,"geometry":{"type":"Point","coordinates":[-76.99116457624166,38.9052813829021]},"properties":{"NAME":"Center City PCS Trinidad Campus","ADDRESS":"1217 WEST VIRGINIA AVENUE NE","TYPE":"Outdoor","SITE_TYPE":"Public Charter School","WARD":"Ward 5","MAR_ID":285938,"GIS_ID":"WirelessHotSpotPt_695","YCOORD":137490.75,"XCOORD":400766.56,"LONGITUDE":-76.9911623,"LATITUDE":38.90527359,"LABEL":null,"NUMBER_OF_SITES":null,"SE_ANNO_CAD_DATA":null,"GLOBALID":"{6E653EA7-EFDD-446D-BAF8-7CD5FC7F2627}","CREATOR":"JLAY","CREATED":1713469448000,"EDITOR":"DCGIS","EDITED":1713477402000,"OBJECTID":695}},{"type":"Feature","id":855,"geometry":{"type":"Point","coordinates":[-77.08063888034559,38.951373405672186]},"properties":{"NAME":"Friendship","ADDRESS":"4713 WISCONSIN AVENUE NW","TYPE":"Outdoor","SITE_TYPE":"Health Center","WARD":"Ward 3","MAR_ID":274422,"GIS_ID":"WirelessHotSpotPt_855","YCOORD":142610.41,"XCOORD":393010.31,"LONGITUDE":-77.08063657,"LATITUDE":38.95136594,"LABEL":null,"NUMBER_OF_SITES":null,"SE_ANNO_CAD_DATA":null,"GLOBALID":"{AF6CA518-987F-4458-A388-DEE176E0F4FD}","CREATOR":"JLAY","CREATED":1713469448000,"EDITOR":"DCGIS","EDITED":1713477402000,"OBJECTID":855}},{"type":"Feature","id":833,"geometry":{"type":"Point","coordinates":[-77.00514970493523,38.830902767241575]},"properties":{"NAME":"Engine Company 33 (Truck Company 8)","ADDRESS":"101 ATLANTIC STREET SE","TYPE":"Indoor/Outdoor","SITE_TYPE":"Fire Emergency Medical Services","WARD":"Ward 8","MAR_ID":294471,"GIS_ID":"WirelessHotSpotPt_833","YCOORD":129234.15000000001,"XCOORD":399553.06,"LONGITUDE":-77.00514742,"LATITUDE":38.83089533,"LABEL":null,"NUMBER_OF_SITES":null,"SE_ANNO_CAD_DATA":null,"GLOBALID":"{9D113A28-2E3B-4804-AE61-1194E2244EC0}","CREATOR":"JLAY","CREATED":1713469448000,"EDITOR":"DCGIS","EDITED":1713477402000,"OBJECTID":833}},{"type":"Feature","id":840,"geometry":{"type":"Point","coordinates":[-76.99535684793933,38.859769537679455]},"properties":{"NAME":"Excel Academy","ADDRESS":"2501 MARTIN LUTHER KING JR AVENUE SE","TYPE":"Indoor/Outdoor","SITE_TYPE":"Public Charter School","WARD":"Ward 8","MAR_ID":278172,"GIS_ID":"WirelessHotSpotPt_840","YCOORD":132438.56,"XCOORD":400403.19,"LONGITUDE":-76.99535457,"LATITUDE":38.85976209,"LABEL":null,"NUMBER_OF_SITES":null,"SE_ANNO_CAD_DATA":null,"GLOBALID":"{F93BE1B5-C0A0-4838-B556-A8D8D60F22E0}","CREATOR":"JLAY","CREATED":1713469448000,"EDITOR":"DCGIS","EDITED":1713477402000,"OBJECTID":840}},{"type":"Feature","id":763,"geometry":{"type":"Point","coordinates":[-76.9898318812051,38.92020890390389]},"properties":{"NAME":"DMV - Brentwood Square Center","ADDRESS":"1205 BRENTWOOD ROAD NE","TYPE":"Indoor","SITE_TYPE":"Administrative","WARD":"Ward 5","MAR_ID":285919,"GIS_ID":"WirelessHotSpotPt_763","YCOORD":139147.84,"XCOORD":400881.97000000003,"LONGITUDE":-76.9898296,"LATITUDE":38.92020145,"LABEL":null,"NUMBER_OF_SITES":null,"SE_ANNO_CAD_DATA":null,"GLOBALID":"{BD7BBCCD-28F2-4B42-A566-A2E6C20A104F}","CREATOR":"JLAY","CREATED":1713469448000,"EDITOR":"DCGIS","EDITED":1713477402000,"OBJECTID":763}},{"type":"Feature","id":1098,"geometry":{"type":"Point","coordinates":[-76.98986145072088,38.88335643737536]},"properties":{"NAME":"Watkins Elementary School","ADDRESS":"420 12TH STREET SE","TYPE":"Indoor/Outdoor","SITE_TYPE":"Public School / Rec. Center","WARD":"Ward 6","MAR_ID":294486,"GIS_ID":"WirelessHotSpotPt_1098","YCOORD":135056.92,"XCOORD":400879.86,"LONGITUDE":-76.98985917,"LATITUDE":38.88334865,"LABEL":null,"NUMBER_OF_SITES":null,"SE_ANNO_CAD_DATA":null,"GLOBALID":"{C27C8430-D210-48F1-A700-A7209BF89BCE}","CREATOR":"JLAY","CREATED":1713469448000,"EDITOR":"DCGIS","EDITED":1713477402000,"OBJECTID":1098}},{"type":"Feature","id":768,"geometry":{"type":"Point","coordinates":[-77.00843735394831,38.90101901865976]},"properties":{"NAME":"DOH","ADDRESS":"899 NORTH CAPITOL STREET NE","TYPE":"Indoor","SITE_TYPE":"Administrative","WARD":"Ward 6","MAR_ID":308942,"GIS_ID":"WirelessHotSpotPt_768","YCOORD":137017.59,"XCOORD":399268.32,"LONGITUDE":-77.00843507,"LATITUDE":38.90101123,"LABEL":null,"NUMBER_OF_SITES":null,"SE_ANNO_CAD_DATA":null,"GLOBALID":"{DA90FF8B-4530-407D-AB27-23E5BD9BD589}","CREATOR":"JLAY","CREATED":1713469448000,"EDITOR":"DCGIS","EDITED":1713477402000,"OBJECTID":768}},{"type":"Feature","id":838,"geometry":{"type":"Point","coordinates":[-76.98293211334692,38.885650966970225]},"properties":{"NAME":"Engine Company 8 (BFC 2)","ADDRESS":"1520 C STREET SE","TYPE":"Indoor/Outdoor","SITE_TYPE":"Fire Emergency Medical Services","WARD":"Ward 7","MAR_ID":289723,"GIS_ID":"WirelessHotSpotPt_838","YCOORD":135311.72,"XCOORD":401481.03,"LONGITUDE":-76.98292984,"LATITUDE":38.88564318,"LABEL":null,"NUMBER_OF_SITES":null,"SE_ANNO_CAD_DATA":null,"GLOBALID":"{3A357A49-7A47-4FEB-B948-A2BA00A1133A}","CREATOR":"JLAY","CREATED":1713469448000,"EDITOR":"DCGIS","EDITED":1713477402000,"OBJECTID":838}},{"type":"Feature","id":683,"geometry":{"type":"Point","coordinates":[-76.92446143985119,38.90057322205528]},"properties":{"NAME":"Burrville Elementary School","ADDRESS":"801 DIVISION AVENUE NE","TYPE":"Indoor/Outdoor","SITE_TYPE":"Public School","WARD":"Ward 7","MAR_ID":289787,"GIS_ID":"WirelessHotSpotPt_683","YCOORD":136970.78,"XCOORD":406552.65,"LONGITUDE":-76.92445918,"LATITUDE":38.90056577,"LABEL":null,"NUMBER_OF_SITES":null,"SE_ANNO_CAD_DATA":null,"GLOBALID":"{AD8B3F1D-76F2-42E9-8273-9DE2DCE242CF}","CREATOR":"JLAY","CREATED":1713469448000,"EDITOR":"DCGIS","EDITED":1713477402000,"OBJECTID":683}},{"type":"Feature","id":728,"geometry":{"type":"Point","coordinates":[-76.98352285069899,38.91095121973342]},"properties":{"NAME":"D.C. Vehicle Maintenance Complex  (Gas Pump Canopy)","ADDRESS":"1833 WEST VIRGINIA AVENUE NE","TYPE":"Outdoor","SITE_TYPE":"Administrative","WARD":"Ward 5","MAR_ID":301125,"GIS_ID":"WirelessHotSpotPt_728","YCOORD":138120.24,"XCOORD":401429.27,"LONGITUDE":-76.983521,"LATITUDE":38.910942999999996,"LABEL":null,"NUMBER_OF_SITES":null,"SE_ANNO_CAD_DATA":null,"GLOBALID":"{ED33F838-5273-47D0-BBA7-DFB7F0F04733}","CREATOR":"JLAY","CREATED":1713469448000,"EDITOR":"DCGIS","EDITED":1713477402000,"OBJECTID":728}},{"type":"Feature","id":939,"geometry":{"type":"Point","coordinates":[-76.99816708594966,38.842550621150835]},"properties":{"NAME":"Martin Luther King Jr Elementary School","ADDRESS":"3200 6TH STREET SE","TYPE":"Indoor/Outdoor","SITE_TYPE":"Public School","WARD":"Ward 8","MAR_ID":294557,"GIS_ID":"WirelessHotSpotPt_939","YCOORD":130527.13,"XCOORD":400159.32,"LONGITUDE":-76.99816481,"LATITUDE":38.84254284,"LABEL":null,"NUMBER_OF_SITES":null,"SE_ANNO_CAD_DATA":null,"GLOBALID":"{F37447F2-B0D6-4F45-9A0F-F209F297E55A}","CREATOR":"JLAY","CREATED":1713469448000,"EDITOR":"DCGIS","EDITED":1713477402000,"OBJECTID":939}},{"type":"Feature","id":691,"geometry":{"type":"Point","coordinates":[-76.99995583864875,38.87671859320186]},"properties":{"NAME":"Carroll Apartments","ADDRESS":"410 M STREET SE","TYPE":"Indoor/Outdoor","SITE_TYPE":"Public Housing","WARD":"Ward 8","MAR_ID":155956,"GIS_ID":"WirelessHotSpotPt_691","YCOORD":134320.02,"XCOORD":400004.03,"LONGITUDE":-76.99995356,"LATITUDE":38.87671114,"LABEL":null,"NUMBER_OF_SITES":null,"SE_ANNO_CAD_DATA":null,"GLOBALID":"{44192602-8F5C-4FA7-B09B-31F8EF2792E3}","CREATOR":"JLAY","CREATED":1713469448000,"EDITOR":"DCGIS","EDITED":1713477402000,"OBJECTID":691}},{"type":"Feature","id":1043,"geometry":{"type":"Point","coordinates":[-77.0094799339905,38.905018198097224]},"properties":{"NAME":"Sibley Plaza","ADDRESS":"1140 NORTH CAPITOL STREET NW","TYPE":"Indoor/Outdoor","SITE_TYPE":"Public Housing","WARD":"Ward 6","MAR_ID":285576,"GIS_ID":"WirelessHotSpotPt_1043","YCOORD":137461.54,"XCOORD":399177.93,"LONGITUDE":-77.00947765,"LATITUDE":38.90501041,"LABEL":null,"NUMBER_OF_SITES":null,"SE_ANNO_CAD_DATA":null,"GLOBALID":"{259A08F9-CFE0-4815-9E8B-12A1DA830024}","CREATOR":"JLAY","CREATED":1713469448000,"EDITOR":"DCGIS","EDITED":1713477402000,"OBJECTID":1043}},{"type":"Feature","id":739,"geometry":{"type":"Point","coordinates":[-76.99135500321157,38.864639171441816]},"properties":{"NAME":"DCTC - DCLB","ADDRESS":"2235 SHANNON PLACE SE","TYPE":"Indoor","SITE_TYPE":"Administrative","WARD":"Ward 8","MAR_ID":49693,"GIS_ID":"WirelessHotSpotPt_739","YCOORD":132979.15,"XCOORD":400750.47000000003,"LONGITUDE":-76.99135272,"LATITUDE":38.86463139,"LABEL":null,"NUMBER_OF_SITES":null,"SE_ANNO_CAD_DATA":null,"GLOBALID":"{E2F518A5-504A-4287-933A-EF2BBDC80879}","CREATOR":"JLAY","CREATED":1713469448000,"EDITOR":"DCGIS","EDITED":1713477402000,"OBJECTID":739}},{"type":"Feature","id":872,"geometry":{"type":"Point","coordinates":[-77.04314145247712,38.92835012914742]},"properties":{"NAME":"Harvard Towers (\"Hot Spot\" wireless creation)","ADDRESS":"1845 HARVARD STREET NW","TYPE":"Indoor/Outdoor","SITE_TYPE":"Public Housing","WARD":"Ward 1","MAR_ID":236261,"GIS_ID":"WirelessHotSpotPt_872","YCOORD":140052.42,"XCOORD":396259.43,"LONGITUDE":-77.04313915,"LATITUDE":38.92834234,"LABEL":null,"NUMBER_OF_SITES":null,"SE_ANNO_CAD_DATA":null,"GLOBALID":"{6EE0619F-9D99-4230-B337-9785AD648BB7}","CREATOR":"JLAY","CREATED":1713469448000,"EDITOR":"DCGIS","EDITED":1713477402000,"OBJECTID":872}},{"type":"Feature","id":978,"geometry":{"type":"Point","coordinates":[-76.99918271124518,38.90287864555964]},"properties":{"NAME":"Office on Aging - Ward 6 Hayes Senior Wellness Center","ADDRESS":"500 K STREET NE","TYPE":"Indoor","SITE_TYPE":"Administrative","WARD":"Ward 6","MAR_ID":300865,"GIS_ID":"WirelessHotSpotPt_978","YCOORD":137223.99,"XCOORD":400071.09,"LONGITUDE":-76.99918043,"LATITUDE":38.90287086,"LABEL":null,"NUMBER_OF_SITES":null,"SE_ANNO_CAD_DATA":null,"GLOBALID":"{96013441-98AB-4C77-BB54-B1881439285A}","CREATOR":"JLAY","CREATED":1713469448000,"EDITOR":"DCGIS","EDITED":1713477402000,"OBJECTID":978}},{"type":"Feature","id":976,"geometry":{"type":"Point","coordinates":[-77.02854869419237,38.90102087943982]},"properties":{"NAME":"Office of Government Ethics","ADDRESS":"1201 NEW YORK AVENUE NW","TYPE":"Indoor","SITE_TYPE":"Federal","WARD":"Ward 2","MAR_ID":278918,"GIS_ID":"WirelessHotSpotPt_976","YCOORD":137018.15,"XCOORD":397523.81,"LONGITUDE":-77.0285464,"LATITUDE":38.90101343,"LABEL":null,"NUMBER_OF_SITES":null,"SE_ANNO_CAD_DATA":null,"GLOBALID":"{AE911450-BFBC-4AFA-9F67-CAF9B9773C5A}","CREATOR":"JLAY","CREATED":1713469448000,"EDITOR":"DCGIS","EDITED":1713477402000,"OBJECTID":976}},{"type":"Feature","id":866,"geometry":{"type":"Point","coordinates":[-77.03133863300002,38.95262160148612]},"properties":{"NAME":"Hamilton Recreation Center","ADDRESS":"1340 HAMILTON STREET NW","TYPE":"Indoor/Outdoor","SITE_TYPE":"Rec. Center","WARD":"Ward 4","MAR_ID":255042,"GIS_ID":"WirelessHotSpotPt_866","YCOORD":142746.35,"XCOORD":397283.77,"LONGITUDE":-77.03133634,"LATITUDE":38.95261414,"LABEL":null,"NUMBER_OF_SITES":null,"SE_ANNO_CAD_DATA":null,"GLOBALID":"{B5E23752-0592-4D5F-963D-549EFD057287}","CREATOR":"JLAY","CREATED":1713469448000,"EDITOR":"DCGIS","EDITED":1713477402000,"OBJECTID":866}},{"type":"Feature","id":1089,"geometry":{"type":"Point","coordinates":[-77.0668048520189,38.91010946890964]},"properties":{"NAME":"Volta Park Recreation Center","ADDRESS":"1555 34TH STREET NW","TYPE":"Indoor/Outdoor","SITE_TYPE":"Rec. Center","WARD":"Ward 2","MAR_ID":279236,"GIS_ID":"WirelessHotSpotPt_1089","YCOORD":138028.79,"XCOORD":394206.11,"LONGITUDE":-77.06680255,"LATITUDE":38.91010202,"LABEL":null,"NUMBER_OF_SITES":null,"SE_ANNO_CAD_DATA":null,"GLOBALID":"{F600677E-CD6A-4357-B120-BA81C57BC551}","CREATOR":"JLAY","CREATED":1713469448000,"EDITOR":"DCGIS","EDITED":1713477402000,"OBJECTID":1089}},{"type":"Feature","id":994,"geometry":{"type":"Point","coordinates":[-77.03852470997236,38.90135269404445]},"properties":{"NAME":"PA2040 Cabinet 6 (NE Corner)","ADDRESS":"17TH STREET NW AND I STREET NW","TYPE":"Outdoor","SITE_TYPE":"Administrative","WARD":"Ward 2","MAR_ID":903513,"GIS_ID":"WirelessHotSpotPt_994","YCOORD":137055.302205,"XCOORD":396658.480027,"LONGITUDE":-77.038522,"LATITUDE":38.901345,"LABEL":null,"NUMBER_OF_SITES":null,"SE_ANNO_CAD_DATA":null,"GLOBALID":"{59719E59-4B46-4004-B91F-7D0F67DF1D92}","CREATOR":"JLAY","CREATED":1713469448000,"EDITOR":"DCGIS","EDITED":1713477402000,"OBJECTID":994}},{"type":"Feature","id":760,"geometry":{"type":"Point","coordinates":[-77.00792765808508,38.87796013140912]},"properties":{"NAME":"DMPED - 6th Floor","ADDRESS":"1015 HALF STREET SE","TYPE":"Indoor","SITE_TYPE":"Administrative","WARD":"Ward 6","MAR_ID":75572,"GIS_ID":"WirelessHotSpotPt_760","YCOORD":134457.87,"XCOORD":399312.31,"LONGITUDE":-77.00792537,"LATITUDE":38.87795235,"LABEL":null,"NUMBER_OF_SITES":null,"SE_ANNO_CAD_DATA":null,"GLOBALID":"{857C5C3F-CA31-4152-9CD4-711FB87A4F74}","CREATOR":"JLAY","CREATED":1713469448000,"EDITOR":"DCGIS","EDITED":1713477402000,"OBJECTID":760}},{"type":"Feature","id":653,"geometry":{"type":"Point","coordinates":[-76.99210696510268,38.93129525612776]},"properties":{"NAME":"Anchor Mental Health Services","ADDRESS":"1001 LAWRENCE STREET NE","TYPE":"Outdoor","SITE_TYPE":"Community Service Organization","WARD":"Ward 5","MAR_ID":289589,"GIS_ID":"WirelessHotSpotPt_653","YCOORD":140378.5,"XCOORD":400684.57,"LONGITUDE":-76.99210468,"LATITUDE":38.93128746,"LABEL":null,"NUMBER_OF_SITES":null,"SE_ANNO_CAD_DATA":null,"GLOBALID":"{2E1E17F5-D4C7-4F6D-B42E-62512289B184}","CREATOR":"JLAY","CREATED":1713469448000,"EDITOR":"DCGIS","EDITED":1713477402000,"OBJECTID":653}},{"type":"Feature","id":755,"geometry":{"type":"Point","coordinates":[-76.99305446440006,38.922569321016056]},"properties":{"NAME":"DHS","ADDRESS":"920 RHODE ISLAND AVENUE NE","TYPE":"Indoor","SITE_TYPE":"Administrative","WARD":"Ward 5","MAR_ID":289074,"GIS_ID":"WirelessHotSpotPt_755","YCOORD":139409.84,"XCOORD":400602.49,"LONGITUDE":-76.99305218,"LATITUDE":38.92256186,"LABEL":null,"NUMBER_OF_SITES":null,"SE_ANNO_CAD_DATA":null,"GLOBALID":"{B567593B-672A-4A92-A24D-77A765C4C8C5}","CREATOR":"JLAY","CREATED":1713469448000,"EDITOR":"DCGIS","EDITED":1713477402000,"OBJECTID":755}},{"type":"Feature","id":1016,"geometry":{"type":"Point","coordinates":[-77.03099182442442,38.89872501651874]},"properties":{"NAME":"Public Service Commission","ADDRESS":"1325 G STREET NW","TYPE":"Indoor","SITE_TYPE":"Administrative","WARD":"Ward 2","MAR_ID":240653,"GIS_ID":"WirelessHotSpotPt_1016","YCOORD":136763.36000000002,"XCOORD":397311.8,"LONGITUDE":-77.03098953,"LATITUDE":38.89871756,"LABEL":null,"NUMBER_OF_SITES":null,"SE_ANNO_CAD_DATA":null,"GLOBALID":"{E95756DE-52AC-47AA-8520-C2E1C250890B}","CREATOR":"JLAY","CREATED":1713469448000,"EDITOR":"DCGIS","EDITED":1713477402000,"OBJECTID":1016}},{"type":"Feature","id":832,"geometry":{"type":"Point","coordinates":[-76.97136818900634,38.852647749489094]},"properties":{"NAME":"Engine Company 32 (Truck Company 16)","ADDRESS":"2425 IRVING STREET SE","TYPE":"Indoor/Outdoor","SITE_TYPE":"Fire Emergency Medical Services","WARD":"Ward 8","MAR_ID":47304,"GIS_ID":"WirelessHotSpotPt_832","YCOORD":131648.37,"XCOORD":402485.48,"LONGITUDE":-76.97136592,"LATITUDE":38.8526403,"LABEL":null,"NUMBER_OF_SITES":null,"SE_ANNO_CAD_DATA":null,"GLOBALID":"{67252D5B-CCEC-44AE-A705-714E066F4A7F}","CREATOR":"JLAY","CREATED":1713469448000,"EDITOR":"DCGIS","EDITED":1713477402000,"OBJECTID":832}},{"type":"Feature","id":702,"geometry":{"type":"Point","coordinates":[-77.03814708976215,38.90597426630629]},"properties":{"NAME":"Charles Sumner School Museum and Archives","ADDRESS":"1201 17TH STREET NW","TYPE":"Indoor","SITE_TYPE":"Public School","WARD":"Ward 2","MAR_ID":301200,"GIS_ID":"WirelessHotSpotPt_702","YCOORD":137568.32,"XCOORD":396691.45,"LONGITUDE":-77.03814479,"LATITUDE":38.905966480000004,"LABEL":null,"NUMBER_OF_SITES":null,"SE_ANNO_CAD_DATA":null,"GLOBALID":"{A77548AC-9186-4C74-BFB6-781DF4EFDBAF}","CREATOR":"JLAY","CREATED":1713469448000,"EDITOR":"DCGIS","EDITED":1713477402000,"OBJECTID":702}},{"type":"Feature","id":805,"geometry":{"type":"Point","coordinates":[-77.00677822688458,38.91351055318902]},"properties":{"NAME":"Emery Elementary School","ADDRESS":"1720 1ST STREET NE","TYPE":"Indoor","SITE_TYPE":"Public School","WARD":"Ward 5","MAR_ID":294527,"GIS_ID":"WirelessHotSpotPt_805","YCOORD":138404.24,"XCOORD":399412.34,"LONGITUDE":-77.00677594,"LATITUDE":38.9135031,"LABEL":null,"NUMBER_OF_SITES":null,"SE_ANNO_CAD_DATA":null,"GLOBALID":"{0C18ADB4-0992-4817-B755-6FD14900B784}","CREATOR":"JLAY","CREATED":1713469448000,"EDITOR":"DCGIS","EDITED":1713477402000,"OBJECTID":805}},{"type":"Feature","id":1094,"geometry":{"type":"Point","coordinates":[-76.96413050048325,38.86048128130892]},"properties":{"NAME":"Washington Seniors Wellness Center","ADDRESS":"3001 ALABAMA AVENUE SE","TYPE":"Indoor/Outdoor","SITE_TYPE":"Senior Center","WARD":"Ward 7","MAR_ID":289473,"GIS_ID":"WirelessHotSpotPt_1094","YCOORD":132518.17,"XCOORD":403113.38,"LONGITUDE":-76.96412823,"LATITUDE":38.8604735,"LABEL":null,"NUMBER_OF_SITES":null,"SE_ANNO_CAD_DATA":null,"GLOBALID":"{14FADD83-B018-44B5-A7F5-9959F877A1E7}","CREATOR":"JLAY","CREATED":1713469448000,"EDITOR":"DCGIS","EDITED":1713477402000,"OBJECTID":1094}},{"type":"Feature","id":879,"geometry":{"type":"Point","coordinates":[-76.99998270029496,38.831219258235365]},"properties":{"NAME":"Highland Dwellings/Parkside","ADDRESS":"400 ATLANTIC STREET SE","TYPE":"Outdoor","SITE_TYPE":"Public Housing","WARD":"Ward 8","MAR_ID":290742,"GIS_ID":"WirelessHotSpotPt_879","YCOORD":129269.27,"XCOORD":400001.7,"LONGITUDE":-76.99998042,"LATITUDE":38.83121148,"LABEL":null,"NUMBER_OF_SITES":null,"SE_ANNO_CAD_DATA":null,"GLOBALID":"{D7D1F997-A6BF-4D16-A499-D91C30DD0009}","CREATOR":"JLAY","CREATED":1713469448000,"EDITOR":"DCGIS","EDITED":1713477402000,"OBJECTID":879}},{"type":"Feature","id":1081,"geometry":{"type":"Point","coordinates":[-76.99204394250515,38.881091807426344]},"properties":{"NAME":"Tyler Elementary School","ADDRESS":"1001 G STREET SE","TYPE":"Indoor/Outdoor","SITE_TYPE":"Public School","WARD":"Ward 6","MAR_ID":294505,"GIS_ID":"WirelessHotSpotPt_1081","YCOORD":134805.51,"XCOORD":400690.52,"LONGITUDE":-76.99204166,"LATITUDE":38.88108436,"LABEL":null,"NUMBER_OF_SITES":null,"SE_ANNO_CAD_DATA":null,"GLOBALID":"{6BD6892B-9048-4075-9063-99918E6BA717}","CREATOR":"JLAY","CREATED":1713469448000,"EDITOR":"DCGIS","EDITED":1713477402000,"OBJECTID":1081}},{"type":"Feature","id":694,"geometry":{"type":"Point","coordinates":[-77.00449228964473,38.84152115349544]},"properties":{"NAME":"Center City PCS Congress Heights","ADDRESS":"220 HIGHVIEW PLACE SE","TYPE":"Outdoor","SITE_TYPE":"Public Charter School","WARD":"Ward 8","MAR_ID":303702,"GIS_ID":"WirelessHotSpotPt_694","YCOORD":130412.86,"XCOORD":399610.2,"LONGITUDE":-77.00449001,"LATITUDE":38.84151338,"LABEL":null,"NUMBER_OF_SITES":null,"SE_ANNO_CAD_DATA":null,"GLOBALID":"{191C6CA8-16D8-40AE-9AF3-2C12B87361D6}","CREATOR":"JLAY","CREATED":1713469448000,"EDITOR":"DCGIS","EDITED":1713477402000,"OBJECTID":694}},{"type":"Feature","id":1023,"geometry":{"type":"Point","coordinates":[-77.07112557093987,38.95788877693924]},"properties":{"NAME":"Regency House","ADDRESS":"5201 CONNECTICUT AVENUE NW","TYPE":"Outdoor","SITE_TYPE":"Public Housing","WARD":"Ward 3","MAR_ID":264202,"GIS_ID":"WirelessHotSpotPt_1023","YCOORD":143332.99,"XCOORD":393835.5,"LONGITUDE":-77.07112326,"LATITUDE":38.95788131,"LABEL":null,"NUMBER_OF_SITES":null,"SE_ANNO_CAD_DATA":null,"GLOBALID":"{29F01129-9779-4798-8B58-212A4C3B0C16}","CREATOR":"JLAY","CREATED":1713469448000,"EDITOR":"DCGIS","EDITED":1713477402000,"OBJECTID":1023}},{"type":"Feature","id":1093,"geometry":{"type":"Point","coordinates":[-77.07428663816613,38.94151147032841]},"properties":{"NAME":"Washington Home & Community Hospices","ADDRESS":"3720 UPTON STREET NW","TYPE":"Outdoor","SITE_TYPE":"Health Center","WARD":"Ward 3","MAR_ID":222233,"GIS_ID":"WirelessHotSpotPt_1093","YCOORD":141515.18,"XCOORD":393560.04000000004,"LONGITUDE":-77.07428433,"LATITUDE":38.94150368,"LABEL":null,"NUMBER_OF_SITES":null,"SE_ANNO_CAD_DATA":null,"GLOBALID":"{C2F21D3E-5A1A-4894-8329-A70923124712}","CREATOR":"JLAY","CREATED":1713469448000,"EDITOR":"DCGIS","EDITED":1713477402000,"OBJECTID":1093}},{"type":"Feature","id":870,"geometry":{"type":"Point","coordinates":[-77.0078704376956,38.91399351178317]},"properties":{"NAME":"Harry L. Thomas Community Center","ADDRESS":"1743 LINCOLN ROAD NE","TYPE":"Indoor/Outdoor","SITE_TYPE":"Rec. Center","WARD":"Ward 5","MAR_ID":296786,"GIS_ID":"WirelessHotSpotPt_870","YCOORD":138457.86000000002,"XCOORD":399317.62,"LONGITUDE":-77.00786815,"LATITUDE":38.91398606,"LABEL":null,"NUMBER_OF_SITES":null,"SE_ANNO_CAD_DATA":null,"GLOBALID":"{A84139AD-8C5D-429D-AC48-AA0E929BC9FD}","CREATOR":"JLAY","CREATED":1713469448000,"EDITOR":"DCGIS","EDITED":1713477402000,"OBJECTID":870}},{"type":"Feature","id":997,"geometry":{"type":"Point","coordinates":[-77.04490436877154,38.901345299229796]},"properties":{"NAME":"PA2040 Cabinet 9 (NW Corner)","ADDRESS":"20TH STREET NW AND I STREET NW","TYPE":"Outdoor","SITE_TYPE":"Administrative","WARD":"Ward 2","MAR_ID":901003,"GIS_ID":"WirelessHotSpotPt_997","YCOORD":137054.734397,"XCOORD":396105.093754,"LONGITUDE":-77.044902,"LATITUDE":38.901337999999996,"LABEL":null,"NUMBER_OF_SITES":null,"SE_ANNO_CAD_DATA":null,"GLOBALID":"{6B74C33E-38B5-44F9-B8C6-F9029FEFBAFC}","CREATOR":"JLAY","CREATED":1713469448000,"EDITOR":"DCGIS","EDITED":1713477402000,"OBJECTID":997}},{"type":"Feature","id":1032,"geometry":{"type":"Point","coordinates":[-77.03970674914365,38.91238417587817]},"properties":{"NAME":"Ross Elementary School","ADDRESS":"1730 R STREET NW","TYPE":"Indoor/Outdoor","SITE_TYPE":"Public School","WARD":"Ward 2","MAR_ID":241714,"GIS_ID":"WirelessHotSpotPt_1032","YCOORD":138279.93,"XCOORD":396556.48,"LONGITUDE":-77.03970445,"LATITUDE":38.91237639,"LABEL":null,"NUMBER_OF_SITES":null,"SE_ANNO_CAD_DATA":null,"GLOBALID":"{DE520790-951D-41D7-AE24-539D1B20A57E}","CREATOR":"JLAY","CREATED":1713469448000,"EDITOR":"DCGIS","EDITED":1713477402000,"OBJECTID":1032}},{"type":"Feature","id":743,"geometry":{"type":"Point","coordinates":[-76.99970902916928,38.95127185852336]},"properties":{"NAME":"DDOT (Farragut Street)","ADDRESS":"414 FARRAGUT STREET NE","TYPE":"Indoor/Outdoor","SITE_TYPE":"Administrative","WARD":"Ward 5","MAR_ID":309422,"GIS_ID":"WirelessHotSpotPt_743","YCOORD":142596.05000000002,"XCOORD":400025.42,"LONGITUDE":-76.99970674,"LATITUDE":38.95126406,"LABEL":null,"NUMBER_OF_SITES":null,"SE_ANNO_CAD_DATA":null,"GLOBALID":"{1FBC6BBD-32A9-4163-877E-5AE01375D83B}","CREATOR":"JLAY","CREATED":1713469448000,"EDITOR":"DCGIS","EDITED":1713477402000,"OBJECTID":743}},{"type":"Feature","id":822,"geometry":{"type":"Point","coordinates":[-77.02834109587602,38.95998887574723]},"properties":{"NAME":"Engine Company 22 (Old Location, See Site 1247)","ADDRESS":"5760 GEORGIA AVENUE NW","TYPE":"Indoor","SITE_TYPE":"Fire Emergency Medical Services","WARD":"Ward 4","MAR_ID":294612,"GIS_ID":"WirelessHotSpotPt_822","YCOORD":143564.1,"XCOORD":397543.85000000003,"LONGITUDE":-77.0283388,"LATITUDE":38.95998141,"LABEL":null,"NUMBER_OF_SITES":null,"SE_ANNO_CAD_DATA":null,"GLOBALID":"{7429F996-DC63-4F69-B7CC-F33E9896220A}","CREATOR":"JLAY","CREATED":1713469448000,"EDITOR":"DCGIS","EDITED":1713477402000,"OBJECTID":822}},{"type":"Feature","id":806,"geometry":{"type":"Point","coordinates":[-77.02785136290227,38.95864270895285]},"properties":{"NAME":"Emery Recreation Center (DOES One Stop)","ADDRESS":"5701 GEORGIA AVENUE NW","TYPE":"Indoor/Outdoor","SITE_TYPE":"Rec. Center","WARD":"Ward 4","MAR_ID":309352,"GIS_ID":"WirelessHotSpotPt_806","YCOORD":143414.65,"XCOORD":397586.25,"LONGITUDE":-77.02784907,"LATITUDE":38.95863524,"LABEL":null,"NUMBER_OF_SITES":null,"SE_ANNO_CAD_DATA":null,"GLOBALID":"{47F47BBA-99E4-49B4-9BB6-B5D1489E1365}","CREATOR":"JLAY","CREATED":1713469448000,"EDITOR":"DCGIS","EDITED":1713477402000,"OBJECTID":806}},{"type":"Feature","id":671,"geometry":{"type":"Point","coordinates":[-76.98105682801521,38.86620812171819]},"properties":{"NAME":"Bread for the City","ADDRESS":"1640 GOOD HOPE ROAD SE","TYPE":"Outdoor","SITE_TYPE":"Health Center","WARD":"Ward 8","MAR_ID":286380,"GIS_ID":"WirelessHotSpotPt_671","YCOORD":133153.45,"XCOORD":401644.18,"LONGITUDE":-76.98105455,"LATITUDE":38.86620067,"LABEL":null,"NUMBER_OF_SITES":null,"SE_ANNO_CAD_DATA":null,"GLOBALID":"{CE3ABFFB-A53E-4946-9D2D-00BFAE3400B2}","CREATOR":"JLAY","CREATED":1713469448000,"EDITOR":"DCGIS","EDITED":1713477402000,"OBJECTID":671}},{"type":"Feature","id":901,"geometry":{"type":"Point","coordinates":[-77.01740567402511,38.919228754176075]},"properties":{"NAME":"Kelly Miller / Ledroit Apartments","ADDRESS":"2125 4TH STREET NW","TYPE":"Outdoor","SITE_TYPE":"Public Housing","WARD":"Ward 1","MAR_ID":284228,"GIS_ID":"WirelessHotSpotPt_901","YCOORD":139039.13,"XCOORD":398490.77,"LONGITUDE":-77.01740338,"LATITUDE":38.9192213,"LABEL":null,"NUMBER_OF_SITES":null,"SE_ANNO_CAD_DATA":null,"GLOBALID":"{7C256C77-8449-476A-9E28-A9D95C344419}","CREATOR":"JLAY","CREATED":1713469448000,"EDITOR":"DCGIS","EDITED":1713477402000,"OBJECTID":901}},{"type":"Feature","id":735,"geometry":{"type":"Point","coordinates":[-77.03750142304176,38.90108618140846]},"properties":{"NAME":"DCPCA - 3rd Floor","ADDRESS":"1620 I STREET NW","TYPE":"Indoor","SITE_TYPE":"Health Center","WARD":"Ward 2","MAR_ID":279268,"GIS_ID":"WirelessHotSpotPt_735","YCOORD":137025.68,"XCOORD":396747.23,"LONGITUDE":-77.03749913,"LATITUDE":38.90107873,"LABEL":null,"NUMBER_OF_SITES":null,"SE_ANNO_CAD_DATA":null,"GLOBALID":"{D40CDEDA-2290-449C-A8E4-A784A05C0450}","CREATOR":"JLAY","CREATED":1713469448000,"EDITOR":"DCGIS","EDITED":1713477402000,"OBJECTID":735}},{"type":"Feature","id":968,"geometry":{"type":"Point","coordinates":[-76.98645376697849,38.94981470644715]},"properties":{"NAME":"N. Michigan Park Rec. Center","ADDRESS":"1333 EMERSON STREET NE","TYPE":"Indoor/Outdoor","SITE_TYPE":"Rec. Center","WARD":"Ward 5","MAR_ID":296163,"GIS_ID":"WirelessHotSpotPt_968","YCOORD":142434.38,"XCOORD":401174.43,"LONGITUDE":-76.986451,"LATITUDE":38.949807,"LABEL":null,"NUMBER_OF_SITES":null,"SE_ANNO_CAD_DATA":null,"GLOBALID":"{07B0F3FA-0C1D-4EBE-A368-F0E8CC2D52F9}","CREATOR":"JLAY","CREATED":1713469448000,"EDITOR":"DCGIS","EDITED":1713477402000,"OBJECTID":968}},{"type":"Feature","id":949,"geometry":{"type":"Point","coordinates":[-77.06991251713748,38.954248006282604]},"properties":{"NAME":"Medic Unit 31","ADDRESS":"4930 CONNECTICUT AVENUE NW","TYPE":"Indoor/Outdoor","SITE_TYPE":"Fire Emergency Medical Services","WARD":"Ward 3","MAR_ID":294604,"GIS_ID":"WirelessHotSpotPt_949","YCOORD":142928.75,"XCOORD":393940.33,"LONGITUDE":-77.06991021,"LATITUDE":38.95424054,"LABEL":null,"NUMBER_OF_SITES":null,"SE_ANNO_CAD_DATA":null,"GLOBALID":"{7C387775-0591-4282-89F5-6DC7735D51DC}","CREATOR":"JLAY","CREATED":1713469448000,"EDITOR":"DCGIS","EDITED":1713477402000,"OBJECTID":949}},{"type":"Feature","id":1057,"geometry":{"type":"Point","coordinates":[-77.0124388010871,38.87959935577305]},"properties":{"NAME":"Southwest Community Health Center","ADDRESS":"850 DELAWARE AVENUE SW","TYPE":"Outdoor","SITE_TYPE":"Health Center","WARD":"Ward 6","MAR_ID":276851,"GIS_ID":"WirelessHotSpotPt_1057","YCOORD":134639.88,"XCOORD":398920.9,"LONGITUDE":-77.01243651,"LATITUDE":38.87959157,"LABEL":null,"NUMBER_OF_SITES":null,"SE_ANNO_CAD_DATA":null,"GLOBALID":"{5222D29A-3AEC-421A-BA3A-127BA0F1281D}","CREATOR":"JLAY","CREATED":1713469448000,"EDITOR":"DCGIS","EDITED":1713477402000,"OBJECTID":1057}},{"type":"Feature","id":783,"geometry":{"type":"Point","coordinates":[-77.03231699744904,38.94332118654871]},"properties":{"NAME":"DPR-Upshur Pool","ADDRESS":"4300 ARKANSAS AVENUE NW","TYPE":"Outdoor","SITE_TYPE":"Rec. Center","WARD":"Ward 4","MAR_ID":295147,"GIS_ID":"WirelessHotSpotPt_783","YCOORD":141713.95,"XCOORD":397198.60000000003,"LONGITUDE":-77.0323147,"LATITUDE":38.94331373,"LABEL":null,"NUMBER_OF_SITES":null,"SE_ANNO_CAD_DATA":null,"GLOBALID":"{8687806C-3849-474D-937C-DE17C9F03022}","CREATOR":"JLAY","CREATED":1713469448000,"EDITOR":"DCGIS","EDITED":1713477402000,"OBJECTID":783}},{"type":"Feature","id":716,"geometry":{"type":"Point","coordinates":[-77.0331548058465,38.925726293820226]},"properties":{"NAME":"Community of Hope (Girard St Apts)","ADDRESS":"1413 GIRARD STREET NW","TYPE":"Outdoor","SITE_TYPE":"Health Center","WARD":"Ward 1","MAR_ID":234321,"GIS_ID":"WirelessHotSpotPt_716","YCOORD":139760.79,"XCOORD":397125.26,"LONGITUDE":-77.03315251,"LATITUDE":38.92571884,"LABEL":null,"NUMBER_OF_SITES":null,"SE_ANNO_CAD_DATA":null,"GLOBALID":"{08BB5034-BD57-40BC-9D3C-AF931442D2C5}","CREATOR":"JLAY","CREATED":1713469448000,"EDITOR":"DCGIS","EDITED":1713477402000,"OBJECTID":716}},{"type":"Feature","id":1095,"geometry":{"type":"Point","coordinates":[-77.01716180534368,38.87762150469111]},"properties":{"NAME":"Waterfront Tower East (DC Permit Office)","ADDRESS":"1100 4TH STREET SW","TYPE":"Indoor","SITE_TYPE":"Administrative","WARD":"Ward 6","MAR_ID":307170,"GIS_ID":"WirelessHotSpotPt_1095","YCOORD":134420.39,"XCOORD":398511.05,"LONGITUDE":-77.01715952,"LATITUDE":38.87761406,"LABEL":null,"NUMBER_OF_SITES":null,"SE_ANNO_CAD_DATA":null,"GLOBALID":"{6E7262C8-3EEA-434B-912A-B820CC10EBF1}","CREATOR":"JLAY","CREATED":1713469448000,"EDITOR":"DCGIS","EDITED":1713477402000,"OBJECTID":1095}},{"type":"Feature","id":656,"geometry":{"type":"Point","coordinates":[-77.0013647757232,38.838519435597846]},"properties":{"NAME":"Ballou Senior High","ADDRESS":"3401 4TH STREET SE","TYPE":"Indoor/Outdoor","SITE_TYPE":"Public School","WARD":"Ward 8","MAR_ID":294567,"GIS_ID":"WirelessHotSpotPt_656","YCOORD":130079.64,"XCOORD":399881.71,"LONGITUDE":-77.0013625,"LATITUDE":38.83851166,"LABEL":null,"NUMBER_OF_SITES":null,"SE_ANNO_CAD_DATA":null,"GLOBALID":"{B34434D4-B99A-4D71-A41A-DD7DFD764BD8}","CREATOR":"JLAY","CREATED":1713469448000,"EDITOR":"DCGIS","EDITED":1713477402000,"OBJECTID":656}},{"type":"Feature","id":902,"geometry":{"type":"Point","coordinates":[-76.93245741053285,38.893322869213705]},"properties":{"NAME":"Kelly Miller Middle School and Rec Center","ADDRESS":"301 49TH STREET NE","TYPE":"Indoor/Outdoor","SITE_TYPE":"Public School / Rec. Center","WARD":"Ward 7","MAR_ID":294476,"GIS_ID":"WirelessHotSpotPt_902","YCOORD":136165.39,"XCOORD":405859.65,"LONGITUDE":-76.93245515,"LATITUDE":38.89331541,"LABEL":null,"NUMBER_OF_SITES":null,"SE_ANNO_CAD_DATA":null,"GLOBALID":"{0E063548-286F-4E81-89DC-896F0FB1DF1B}","CREATOR":"JLAY","CREATED":1713469448000,"EDITOR":"DCGIS","EDITED":1713477402000,"OBJECTID":902}},{"type":"Feature","id":701,"geometry":{"type":"Point","coordinates":[-76.94893724793602,38.8959319517964]},"properties":{"NAME":"CFSA at East of the River Family Strengthening Collaborative","ADDRESS":"4020 MINNESOTA AVENUE NE","TYPE":"Indoor","SITE_TYPE":"Unknown","WARD":"Ward 7","MAR_ID":310430,"GIS_ID":"WirelessHotSpotPt_701","YCOORD":136454.09,"XCOORD":404429.83,"LONGITUDE":-76.94893498,"LATITUDE":38.89592416,"LABEL":null,"NUMBER_OF_SITES":null,"SE_ANNO_CAD_DATA":null,"GLOBALID":"{C6CBF258-2E18-426C-BA9C-1501A142EF05}","CREATOR":"JLAY","CREATED":1713469448000,"EDITOR":"DCGIS","EDITED":1713477402000,"OBJECTID":701}},{"type":"Feature","id":781,"geometry":{"type":"Point","coordinates":[-77.01033715679077,38.879850174216905]},"properties":{"NAME":"DPR-Randall Pool","ADDRESS":"25 I STREET SW","TYPE":"Outdoor","SITE_TYPE":"Rec. Center","WARD":"Ward 6","MAR_ID":310270,"GIS_ID":"WirelessHotSpotPt_781","YCOORD":134667.7,"XCOORD":399103.26,"LONGITUDE":-77.01033487,"LATITUDE":38.87984239,"LABEL":null,"NUMBER_OF_SITES":null,"SE_ANNO_CAD_DATA":null,"GLOBALID":"{F7F36FB8-D91D-43FB-97BB-99FE1D79EF63}","CREATOR":"JLAY","CREATED":1713469448000,"EDITOR":"DCGIS","EDITED":1713477402000,"OBJECTID":781}},{"type":"Feature","id":680,"geometry":{"type":"Point","coordinates":[-77.01707754804765,38.90886543096504]},"properties":{"NAME":"Bundy School","ADDRESS":"429 O STREET NW","TYPE":"Indoor","SITE_TYPE":"Administrative","WARD":"Ward 2","MAR_ID":237434,"GIS_ID":"WirelessHotSpotPt_680","YCOORD":137888.71,"XCOORD":398519.01,"LONGITUDE":-77.01707526,"LATITUDE":38.90885764,"LABEL":null,"NUMBER_OF_SITES":null,"SE_ANNO_CAD_DATA":null,"GLOBALID":"{99E31FF4-927A-4DDA-8147-E863CE87A469}","CREATOR":"JLAY","CREATED":1713469448000,"EDITOR":"DCGIS","EDITED":1713477402000,"OBJECTID":680}},{"type":"Feature","id":800,"geometry":{"type":"Point","coordinates":[-76.99787914074629,38.92312216868449]},"properties":{"NAME":"Edgewood Commons Apartments","ADDRESS":"611 EDGEWOOD STREET NE","TYPE":"Indoor","SITE_TYPE":"Administrative","WARD":"Ward 5","MAR_ID":289572,"GIS_ID":"WirelessHotSpotPt_800","YCOORD":139471.19,"XCOORD":400184.11,"LONGITUDE":-76.99787686,"LATITUDE":38.92311471,"LABEL":null,"NUMBER_OF_SITES":null,"SE_ANNO_CAD_DATA":null,"GLOBALID":"{481AC092-6579-4D6B-A329-B9CA1445AC1E}","CREATOR":"JLAY","CREATED":1713469448000,"EDITOR":"DCGIS","EDITED":1713477402000,"OBJECTID":800}},{"type":"Feature","id":798,"geometry":{"type":"Point","coordinates":[-76.99647071598433,38.886420575498676]},"properties":{"NAME":"Eastern Market","ADDRESS":"225 7TH STREET SE","TYPE":"Indoor/Outdoor","SITE_TYPE":"Administrative","WARD":"Ward 6","MAR_ID":300829,"GIS_ID":"WirelessHotSpotPt_798","YCOORD":135397.02,"XCOORD":400306.4,"LONGITUDE":-76.99646843,"LATITUDE":38.88641312,"LABEL":null,"NUMBER_OF_SITES":null,"SE_ANNO_CAD_DATA":null,"GLOBALID":"{36D0BF1C-9E88-495E-A0C5-C3AA15E5DD47}","CREATOR":"JLAY","CREATED":1713469448000,"EDITOR":"DCGIS","EDITED":1713477402000,"OBJECTID":798}},{"type":"Feature","id":1059,"geometry":{"type":"Point","coordinates":[-76.99537898188572,38.84711674479154]},"properties":{"NAME":"St. Elizabeths Chapel-Digital Inclusion Center","ADDRESS":"2730 MARTIN LUTHER KING JR AVENUE SE","TYPE":"Indoor/Outdoor","SITE_TYPE":"Community Service Organization","WARD":"Ward 8","MAR_ID":311840,"GIS_ID":"WirelessHotSpotPt_1059","YCOORD":131034.01000000001,"XCOORD":400401.34,"LONGITUDE":-76.9953767,"LATITUDE":38.84710897,"LABEL":null,"NUMBER_OF_SITES":null,"SE_ANNO_CAD_DATA":null,"GLOBALID":"{E9B5C601-02BE-4D4D-91BC-DEF92C611021}","CREATOR":"JLAY","CREATED":1713469448000,"EDITOR":"DCGIS","EDITED":1713477402000,"OBJECTID":1059}},{"type":"Feature","id":644,"geometry":{"type":"Point","coordinates":[-76.98858811908718,38.91214705091434]},"properties":{"NAME":"Absconders Unit (DYRS)","ADDRESS":"1000 MOUNT OLIVET ROAD NE","TYPE":"Indoor/Outdoor","SITE_TYPE":"Administrative","WARD":"Ward 5","MAR_ID":290013,"GIS_ID":"WirelessHotSpotPt_644","YCOORD":138252.92,"XCOORD":400989.94,"LONGITUDE":-76.98858584,"LATITUDE":38.91213959,"LABEL":null,"NUMBER_OF_SITES":null,"SE_ANNO_CAD_DATA":null,"GLOBALID":"{E74357D7-DB13-4DB2-979B-4A2FF7FCDDFE}","CREATOR":"JLAY","CREATED":1713469448000,"EDITOR":"DCGIS","EDITED":1713477402000,"OBJECTID":644}},{"type":"Feature","id":975,"geometry":{"type":"Point","coordinates":[-77.00293871957611,38.879798526340075]},"properties":{"NAME":"OCTO HQ","ADDRESS":"200 I STREET SE","TYPE":"Indoor","SITE_TYPE":"Administrative","WARD":"Ward 8","MAR_ID":308596,"GIS_ID":"WirelessHotSpotPt_975","YCOORD":134661.92,"XCOORD":399745.21,"LONGITUDE":-77.00293644,"LATITUDE":38.87979074,"LABEL":null,"NUMBER_OF_SITES":null,"SE_ANNO_CAD_DATA":null,"GLOBALID":"{17CC2FAF-6921-429D-BC08-7CED66BF914C}","CREATOR":"JLAY","CREATED":1713469448000,"EDITOR":"DCGIS","EDITED":1713477402000,"OBJECTID":975}},{"type":"Feature","id":751,"geometry":{"type":"Point","coordinates":[-77.00767478346577,38.906658751347386]},"properties":{"NAME":"DECOM 2-26-18 (Unity - Walker Jones)","ADDRESS":"40 PATTERSON STREET NE","TYPE":"Outdoor","SITE_TYPE":"Health Center","WARD":"Ward 6","MAR_ID":28515,"GIS_ID":"WirelessHotSpotPt_751","YCOORD":137643.64,"XCOORD":399334.52,"LONGITUDE":-77.0076725,"LATITUDE":38.9066513,"LABEL":null,"NUMBER_OF_SITES":null,"SE_ANNO_CAD_DATA":null,"GLOBALID":"{579E4DA7-4BD0-4E98-B4AB-083204CC9CAC}","CREATOR":"JLAY","CREATED":1713469448000,"EDITOR":"DCGIS","EDITED":1713477402000,"OBJECTID":751}},{"type":"Feature","id":642,"geometry":{"type":"Point","coordinates":[-77.03156081112677,38.89890674301945]},"properties":{"NAME":"717 Fourteenth Street","ADDRESS":"717 14TH STREET NW","TYPE":"Indoor","SITE_TYPE":"Administrative","WARD":"Ward 2","MAR_ID":279904,"GIS_ID":"WirelessHotSpotPt_642","YCOORD":136783.55,"XCOORD":397262.45,"LONGITUDE":-77.03155852,"LATITUDE":38.89889929,"LABEL":null,"NUMBER_OF_SITES":null,"SE_ANNO_CAD_DATA":null,"GLOBALID":"{591AAD16-014A-41BD-BFE0-901462ACC978}","CREATOR":"JLAY","CREATED":1713469448000,"EDITOR":"DCGIS","EDITED":1713477402000,"OBJECTID":642}},{"type":"Feature","id":933,"geometry":{"type":"Point","coordinates":[-77.02790382298862,38.943520775973056]},"properties":{"NAME":"MacFarland Middle School","ADDRESS":"4400 IOWA AVENUE NW","TYPE":"Indoor/Outdoor","SITE_TYPE":"Public School","WARD":"Ward 4","MAR_ID":294595,"GIS_ID":"WirelessHotSpotPt_933","YCOORD":141735.98,"XCOORD":397581.19,"LONGITUDE":-77.02790153,"LATITUDE":38.94351298,"LABEL":null,"NUMBER_OF_SITES":null,"SE_ANNO_CAD_DATA":null,"GLOBALID":"{1745094A-0E8A-40D7-AABF-BFBEE2D114A7}","CREATOR":"JLAY","CREATED":1713469448000,"EDITOR":"DCGIS","EDITED":1713477402000,"OBJECTID":933}},{"type":"Feature","id":704,"geometry":{"type":"Point","coordinates":[-77.07511092995016,38.965166218868475]},"properties":{"NAME":"Chevy Chase Community Center","ADDRESS":"5601 CONNECTICUT AVENUE NW","TYPE":"Indoor/Outdoor","SITE_TYPE":"Rec. Center","WARD":"Ward 3","MAR_ID":263959,"GIS_ID":"WirelessHotSpotPt_704","YCOORD":144141.13,"XCOORD":393490.74,"LONGITUDE":-77.07510862,"LATITUDE":38.96515875,"LABEL":null,"NUMBER_OF_SITES":null,"SE_ANNO_CAD_DATA":null,"GLOBALID":"{06E87C6E-D43C-49CE-A8BE-9040D440F6D2}","CREATOR":"JLAY","CREATED":1713469448000,"EDITOR":"DCGIS","EDITED":1713477402000,"OBJECTID":704}},{"type":"Feature","id":882,"geometry":{"type":"Point","coordinates":[-76.92995680106908,38.904978580348654]},"properties":{"NAME":"Houston Elementary School","ADDRESS":"1100 50TH PLACE NE","TYPE":"Indoor","SITE_TYPE":"Public School","WARD":"Ward 7","MAR_ID":156316,"GIS_ID":"WirelessHotSpotPt_882","YCOORD":137459.43,"XCOORD":406075.59,"LONGITUDE":-76.92995454,"LATITUDE":38.90497079,"LABEL":null,"NUMBER_OF_SITES":null,"SE_ANNO_CAD_DATA":null,"GLOBALID":"{1A199931-C4F1-4E72-AFEF-B4C5236FA309}","CREATOR":"JLAY","CREATED":1713469448000,"EDITOR":"DCGIS","EDITED":1713477402000,"OBJECTID":882}},{"type":"Feature","id":992,"geometry":{"type":"Point","coordinates":[-77.03946264471537,38.89882126574663]},"properties":{"NAME":"PA2040 Cabinet 4 (NW Corner)","ADDRESS":"17TH STREET NW AND PENNSYLVANIA AVENUE NW","TYPE":"Outdoor","SITE_TYPE":"Administrative","WARD":"Ward 2","MAR_ID":902251,"GIS_ID":"WirelessHotSpotPt_992","YCOORD":136774.328124,"XCOORD":396576.999995,"LONGITUDE":-77.03945999999999,"LATITUDE":38.898814,"LABEL":null,"NUMBER_OF_SITES":null,"SE_ANNO_CAD_DATA":null,"GLOBALID":"{AE3180CF-5A20-4D7D-9E52-A48ACFF57A12}","CREATOR":"JLAY","CREATED":1713469448000,"EDITOR":"DCGIS","EDITED":1713477402000,"OBJECTID":992}},{"type":"Feature","id":794,"geometry":{"type":"Point","coordinates":[-77.01322095289844,38.90673104275165]},"properties":{"NAME":"Dunbar-New York Ave Playground","ADDRESS":"100 N STREET NW","TYPE":"Outdoor","SITE_TYPE":"Rec. Center","WARD":"Ward 5","MAR_ID":305773,"GIS_ID":"WirelessHotSpotPt_794","YCOORD":137651.72,"XCOORD":398853.47000000003,"LONGITUDE":-77.01321866,"LATITUDE":38.90672325,"LABEL":null,"NUMBER_OF_SITES":null,"SE_ANNO_CAD_DATA":null,"GLOBALID":"{E68D4E3A-31B8-446E-8282-A97547326509}","CREATOR":"JLAY","CREATED":1713469448000,"EDITOR":"DCGIS","EDITED":1713477402000,"OBJECTID":794}},{"type":"Feature","id":1009,"geometry":{"type":"Point","coordinates":[-77.02613971967232,38.94220768517906]},"properties":{"NAME":"Petworth Neighborhood Library","ADDRESS":"4200 KANSAS AVENUE NW","TYPE":"Outdoor","SITE_TYPE":"Library","WARD":"Ward 4","MAR_ID":295146,"GIS_ID":"WirelessHotSpotPt_1009","YCOORD":141590.17,"XCOORD":397734.08,"LONGITUDE":-77.02613743,"LATITUDE":38.94220022,"LABEL":null,"NUMBER_OF_SITES":null,"SE_ANNO_CAD_DATA":null,"GLOBALID":"{623CBA51-81F7-47AD-BD40-75D5CFDE3FFA}","CREATOR":"JLAY","CREATED":1713469448000,"EDITOR":"DCGIS","EDITED":1713477402000,"OBJECTID":1009}},{"type":"Feature","id":1004,"geometry":{"type":"Point","coordinates":[-77.00824028842857,38.82679013408768]},"properties":{"NAME":"Patterson Elementary School","ADDRESS":"4399 SOUTH CAPITOL TERRACE SW","TYPE":"Indoor/Outdoor","SITE_TYPE":"Public School","WARD":"Ward 8","MAR_ID":301073,"GIS_ID":"WirelessHotSpotPt_1004","YCOORD":128777.64,"XCOORD":399284.67,"LONGITUDE":-77.00823801,"LATITUDE":38.82678236,"LABEL":null,"NUMBER_OF_SITES":null,"SE_ANNO_CAD_DATA":null,"GLOBALID":"{B38C44DB-1199-41ED-932F-EFDC145E8660}","CREATOR":"JLAY","CREATED":1713469448000,"EDITOR":"DCGIS","EDITED":1713477402000,"OBJECTID":1004}},{"type":"Feature","id":927,"geometry":{"type":"Point","coordinates":[-77.02504253088047,38.88448051061307]},"properties":{"NAME":"L'Enfant Plaza","ADDRESS":"955 L'ENFANT PLAZA SW","TYPE":"Indoor","SITE_TYPE":"Federal","WARD":"Ward 6","MAR_ID":291726,"GIS_ID":"WirelessHotSpotPt_927","YCOORD":135181.95,"XCOORD":397827.44,"LONGITUDE":-77.02504024,"LATITUDE":38.88447306,"LABEL":null,"NUMBER_OF_SITES":null,"SE_ANNO_CAD_DATA":null,"GLOBALID":"{80326B8D-884C-4206-AB87-82E7D0E34DCF}","CREATOR":"JLAY","CREATED":1713469448000,"EDITOR":"DCGIS","EDITED":1713477402000,"OBJECTID":927}},{"type":"Feature","id":775,"geometry":{"type":"Point","coordinates":[-76.98274439903977,38.90644819538896]},"properties":{"NAME":"DPR Trinidad Recreation Center","ADDRESS":"1310 CHILDRESS STREET NE","TYPE":"Indoor","SITE_TYPE":"Rec. Center","WARD":"Ward 5","MAR_ID":68509,"GIS_ID":"WirelessHotSpotPt_775","YCOORD":137620.38,"XCOORD":401496.88,"LONGITUDE":-76.98274212,"LATITUDE":38.90644074,"LABEL":null,"NUMBER_OF_SITES":null,"SE_ANNO_CAD_DATA":null,"GLOBALID":"{9B9ADB76-AE99-4B27-9CED-37F2A6ECBAF8}","CREATOR":"JLAY","CREATED":1713469448000,"EDITOR":"DCGIS","EDITED":1713477402000,"OBJECTID":775}},{"type":"Feature","id":1067,"geometry":{"type":"Point","coordinates":[-77.01084210734817,38.871790944821]},"properties":{"NAME":"Syphax Gardens","ADDRESS":"1501 HALF STREET SW","TYPE":"Outdoor","SITE_TYPE":"Public Housing","WARD":"Ward 6","MAR_ID":276554,"GIS_ID":"WirelessHotSpotPt_1067","YCOORD":133773.07,"XCOORD":399059.34,"LONGITUDE":-77.01083982,"LATITUDE":38.8717835,"LABEL":null,"NUMBER_OF_SITES":null,"SE_ANNO_CAD_DATA":null,"GLOBALID":"{C900A1C0-685A-4DD2-BEA5-9E380F8F54BB}","CREATOR":"JLAY","CREATED":1713469448000,"EDITOR":"DCGIS","EDITED":1713477402000,"OBJECTID":1067}},{"type":"Feature","id":880,"geometry":{"type":"Point","coordinates":[-76.96264436789612,38.858813896558765]},"properties":{"NAME":"Hillcrest Recreation Center","ADDRESS":"3100 DENVER STREET SE","TYPE":"Indoor/Outdoor","SITE_TYPE":"Rec. Center","WARD":"Ward 7","MAR_ID":296174,"GIS_ID":"WirelessHotSpotPt_880","YCOORD":132333.13,"XCOORD":403242.44,"LONGITUDE":-76.9626421,"LATITUDE":38.85880612,"LABEL":null,"NUMBER_OF_SITES":null,"SE_ANNO_CAD_DATA":null,"GLOBALID":"{1994E410-D6F1-4C88-B7F6-8681A1F52F93}","CREATOR":"JLAY","CREATED":1713469448000,"EDITOR":"DCGIS","EDITED":1713477402000,"OBJECTID":880}},{"type":"Feature","id":930,"geometry":{"type":"Point","coordinates":[-76.94048721040234,38.90823652375257]},"properties":{"NAME":"Lorraine H. Whitlock Elementary School @ Kenilworth ES (Swing Space)","ADDRESS":"1300 44TH STREET NE","TYPE":"Indoor/Outdoor","SITE_TYPE":"Public School / Rec. Center","WARD":"Ward 7","MAR_ID":294516,"GIS_ID":"WirelessHotSpotPt_930","YCOORD":137820.44,"XCOORD":405161.97000000003,"LONGITUDE":-76.94048494,"LATITUDE":38.90822907,"LABEL":null,"NUMBER_OF_SITES":null,"SE_ANNO_CAD_DATA":null,"GLOBALID":"{93F89D5F-7D7F-4A74-B037-0B433342E24C}","CREATOR":"JLAY","CREATED":1713469448000,"EDITOR":"DCGIS","EDITED":1713477402000,"OBJECTID":930}},{"type":"Feature","id":774,"geometry":{"type":"Point","coordinates":[-77.02903777613348,38.916716000655484]},"properties":{"NAME":"DPR Headquarters & DGS","ADDRESS":"1250 U STREET NW","TYPE":"Indoor","SITE_TYPE":"Administrative","WARD":"Ward 1","MAR_ID":297746,"GIS_ID":"WirelessHotSpotPt_774","YCOORD":138760.45,"XCOORD":397481.94,"LONGITUDE":-77.02903548,"LATITUDE":38.91670854,"LABEL":null,"NUMBER_OF_SITES":null,"SE_ANNO_CAD_DATA":null,"GLOBALID":"{54AF8FC3-5B4E-4A87-8FE6-366E362EC77E}","CREATOR":"JLAY","CREATED":1713469448000,"EDITOR":"DCGIS","EDITED":1713477402000,"OBJECTID":774}},{"type":"Feature","id":959,"geometry":{"type":"Point","coordinates":[-77.008692809883,38.86875907497569]},"properties":{"NAME":"MPD Helo Branch","ADDRESS":"1724 SOUTH CAPITOL STREET SE","TYPE":"Outdoor","SITE_TYPE":"Metro. Police Dept.","WARD":"Ward 6","MAR_ID":277757,"GIS_ID":"WirelessHotSpotPt_959","YCOORD":133436.49,"XCOORD":399245.82,"LONGITUDE":-77.008691,"LATITUDE":38.868752,"LABEL":null,"NUMBER_OF_SITES":null,"SE_ANNO_CAD_DATA":null,"GLOBALID":"{58E26C5C-C5AA-475F-A12D-899B1131FCEA}","CREATOR":"JLAY","CREATED":1713469448000,"EDITOR":"DCGIS","EDITED":1713477402000,"OBJECTID":959}},{"type":"Feature","id":973,"geometry":{"type":"Point","coordinates":[-76.98583171416384,38.9150757203169]},"properties":{"NAME":"New York Avenue (Homeless)","ADDRESS":"1355 NEW YORK AVENUE NE","TYPE":"Outdoor","SITE_TYPE":"Health Center","WARD":"Ward 5","MAR_ID":66060,"GIS_ID":"WirelessHotSpotPt_973","YCOORD":138578.06,"XCOORD":401228.95,"LONGITUDE":-76.98582943,"LATITUDE":38.91506826,"LABEL":null,"NUMBER_OF_SITES":null,"SE_ANNO_CAD_DATA":null,"GLOBALID":"{7D8113FC-D176-4100-B319-D0F0B720E41F}","CREATOR":"JLAY","CREATED":1713469448000,"EDITOR":"DCGIS","EDITED":1713477402000,"OBJECTID":973}},{"type":"Feature","id":962,"geometry":{"type":"Point","coordinates":[-77.01955231559987,38.903994408277526]},"properties":{"NAME":"MPD Major Crash Division","ADDRESS":"501 NEW YORK AVENUE NW","TYPE":"Outdoor","SITE_TYPE":"Metro. Police Dept.","WARD":"Ward 2","MAR_ID":238919,"GIS_ID":"WirelessHotSpotPt_962","YCOORD":137348.03,"XCOORD":398304.25,"LONGITUDE":-77.01955003,"LATITUDE":38.90398662,"LABEL":null,"NUMBER_OF_SITES":null,"SE_ANNO_CAD_DATA":null,"GLOBALID":"{FE14577D-A4AD-4491-926B-59AB1EBD8ED5}","CREATOR":"JLAY","CREATED":1713469448000,"EDITOR":"DCGIS","EDITED":1713477402000,"OBJECTID":962}},{"type":"Feature","id":786,"geometry":{"type":"Point","coordinates":[-76.95683996977849,38.90123872272934]},"properties":{"NAME":"DPW - Benning Road NE","ADDRESS":"3200 BENNING ROAD NE","TYPE":"Indoor","SITE_TYPE":"Administrative","WARD":"Ward 7","MAR_ID":301048,"GIS_ID":"WirelessHotSpotPt_786","YCOORD":137042.83000000002,"XCOORD":403744,"LONGITUDE":-76.9568377,"LATITUDE":38.90123093,"LABEL":null,"NUMBER_OF_SITES":null,"SE_ANNO_CAD_DATA":null,"GLOBALID":"{D2038A56-FC70-4590-A7CE-67C1EF2421B5}","CREATOR":"JLAY","CREATED":1713469448000,"EDITOR":"DCGIS","EDITED":1713477402000,"OBJECTID":786}},{"type":"Feature","id":914,"geometry":{"type":"Point","coordinates":[-76.99525597035361,38.83296608315205]},"properties":{"NAME":"KIPP, DC @ Ferebee Hope","ADDRESS":"3999 8TH STREET SE","TYPE":"Indoor/Outdoor","SITE_TYPE":"Public Charter School","WARD":"Ward 8","MAR_ID":294588,"GIS_ID":"WirelessHotSpotPt_914","YCOORD":129463.19,"XCOORD":400412.10000000003,"LONGITUDE":-76.99525369,"LATITUDE":38.83295831,"LABEL":null,"NUMBER_OF_SITES":null,"SE_ANNO_CAD_DATA":null,"GLOBALID":"{DA0E23C3-8241-4DF3-A95A-0F01BFFD472C}","CREATOR":"JLAY","CREATED":1713469448000,"EDITOR":"DCGIS","EDITED":1713477402000,"OBJECTID":914}},{"type":"Feature","id":703,"geometry":{"type":"Point","coordinates":[-76.99136870647688,38.82944832521806]},"properties":{"NAME":"Chesapeake Veterans House","ADDRESS":"840 CHESAPEAKE STREET SE","TYPE":"Outdoor","SITE_TYPE":"Health Center","WARD":"Ward 8","MAR_ID":81323,"GIS_ID":"WirelessHotSpotPt_703","YCOORD":129072.72,"XCOORD":400749.65,"LONGITUDE":-76.99136643,"LATITUDE":38.82944055,"LABEL":null,"NUMBER_OF_SITES":null,"SE_ANNO_CAD_DATA":null,"GLOBALID":"{AD9DA495-BA00-491E-AB6D-53F819920C7B}","CREATOR":"JLAY","CREATED":1713469448000,"EDITOR":"DCGIS","EDITED":1713477402000,"OBJECTID":703}},{"type":"Feature","id":1012,"geometry":{"type":"Point","coordinates":[-76.93993693965622,38.88724765063357]},"properties":{"NAME":"Plummer Elementary School","ADDRESS":"4601 TEXAS AVENUE SE","TYPE":"Indoor/Outdoor","SITE_TYPE":"Public School","WARD":"Ward 7","MAR_ID":19536,"GIS_ID":"WirelessHotSpotPt_1012","YCOORD":135490.54,"XCOORD":405211.23,"LONGITUDE":-76.93993468,"LATITUDE":38.8872402,"LABEL":null,"NUMBER_OF_SITES":null,"SE_ANNO_CAD_DATA":null,"GLOBALID":"{433B0E63-2448-4A88-B0CC-E9037FAA5066}","CREATOR":"JLAY","CREATED":1713469448000,"EDITOR":"DCGIS","EDITED":1713477402000,"OBJECTID":1012}},{"type":"Feature","id":784,"geometry":{"type":"Point","coordinates":[-76.98115215038638,38.91322429637021]},"properties":{"NAME":"DPW - 15th Street NE (Impound Lot)","ADDRESS":"1725 15TH STREET NE","TYPE":"Indoor/Outdoor","SITE_TYPE":"Administrative","WARD":"Ward 5","MAR_ID":301201,"GIS_ID":"WirelessHotSpotPt_784","YCOORD":138372.61000000002,"XCOORD":401634.83,"LONGITUDE":-76.98114987,"LATITUDE":38.91321684,"LABEL":null,"NUMBER_OF_SITES":null,"SE_ANNO_CAD_DATA":null,"GLOBALID":"{54188872-6367-49AB-B4EB-3D6C92A289AB}","CREATOR":"JLAY","CREATED":1713469448000,"EDITOR":"DCGIS","EDITED":1713477402000,"OBJECTID":784}},{"type":"Feature","id":945,"geometry":{"type":"Point","coordinates":[-76.98870861565318,38.892438670108945]},"properties":{"NAME":"Maury Elementary School","ADDRESS":"1250 CONSTITUTION AVENUE NE","TYPE":"Indoor/Outdoor","SITE_TYPE":"Public School","WARD":"Ward 6","MAR_ID":294511,"GIS_ID":"WirelessHotSpotPt_945","YCOORD":136065.13,"XCOORD":400979.76,"LONGITUDE":-76.98870634,"LATITUDE":38.89243088,"LABEL":null,"NUMBER_OF_SITES":null,"SE_ANNO_CAD_DATA":null,"GLOBALID":"{3CBFF7F5-BE30-465B-B488-F7D580153FD0}","CREATOR":"JLAY","CREATED":1713469448000,"EDITOR":"DCGIS","EDITED":1713477402000,"OBJECTID":945}},{"type":"Feature","id":856,"geometry":{"type":"Point","coordinates":[-77.08808020630163,38.94244893227182]},"properties":{"NAME":"Friendship Recreation Center","ADDRESS":"4500 VAN NESS STREET NW","TYPE":"Indoor/Outdoor","SITE_TYPE":"Rec. Center","WARD":"Ward 3","MAR_ID":295150,"GIS_ID":"WirelessHotSpotPt_856","YCOORD":141620.31,"XCOORD":392364.33,"LONGITUDE":-77.08807789,"LATITUDE":38.94244114,"LABEL":null,"NUMBER_OF_SITES":null,"SE_ANNO_CAD_DATA":null,"GLOBALID":"{D6CEDFF0-4B46-48E6-A8F1-630D629434A0}","CREATOR":"JLAY","CREATED":1713469448000,"EDITOR":"DCGIS","EDITED":1713477402000,"OBJECTID":856}},{"type":"Feature","id":744,"geometry":{"type":"Point","coordinates":[-77.0189335787541,38.89832221703227]},"properties":{"NAME":"DDoT Chinatown Cabinet","ADDRESS":"5TH STREET NW AND G STREET NW","TYPE":"Outdoor","SITE_TYPE":"Administrative","WARD":"Ward 2/6","MAR_ID":904252,"GIS_ID":"WirelessHotSpotPt_744","YCOORD":136718.359964,"XCOORD":398357.78758,"LONGITUDE":-77.018931,"LATITUDE":38.898315,"LABEL":null,"NUMBER_OF_SITES":null,"SE_ANNO_CAD_DATA":null,"GLOBALID":"{FB145FAE-27EB-4336-B44F-395A1C107D61}","CREATOR":"JLAY","CREATED":1713469448000,"EDITOR":"DCGIS","EDITED":1713477402000,"OBJECTID":744}},{"type":"Feature","id":981,"geometry":{"type":"Point","coordinates":[-77.014275196924,38.81287541255511]},"properties":{"NAME":"OSSE-DOT Bus Terminal","ADDRESS":"4 DC VILLAGE LANE SW","TYPE":"Indoor/Outdoor","SITE_TYPE":"Administrative","WARD":"Ward 8","MAR_ID":338645,"GIS_ID":"WirelessHotSpotPt_981","YCOORD":127233.08,"XCOORD":398760.4,"LONGITUDE":-77.01427291,"LATITUDE":38.81286764,"LABEL":null,"NUMBER_OF_SITES":null,"SE_ANNO_CAD_DATA":null,"GLOBALID":"{431DA043-FC33-4B93-893B-6D4C292FCD40}","CREATOR":"JLAY","CREATED":1713469448000,"EDITOR":"DCGIS","EDITED":1713477402000,"OBJECTID":981}},{"type":"Feature","id":989,"geometry":{"type":"Point","coordinates":[-77.04346479246158,38.90020980843608]},"properties":{"NAME":"PA2040 Cabinet 14 (NE Corner)","ADDRESS":"19TH STREET NW AND PENNSYLVANIA AVENUE NW","TYPE":"Outdoor","SITE_TYPE":"Administrative","WARD":"Ward 2","MAR_ID":902310,"GIS_ID":"WirelessHotSpotPt_989","YCOORD":136928.6250205,"XCOORD":396229.90626645,"LONGITUDE":-77.04346249,"LATITUDE":38.90020202,"LABEL":null,"NUMBER_OF_SITES":null,"SE_ANNO_CAD_DATA":null,"GLOBALID":"{F586C237-0B1A-44CD-81C3-C4839C18B590}","CREATOR":"JLAY","CREATED":1713469448000,"EDITOR":"DCGIS","EDITED":1713477402000,"OBJECTID":989}},{"type":"Feature","id":1050,"geometry":{"type":"Point","coordinates":[-77.02599273773224,38.89208972608932]},"properties":{"NAME":"Smithsonian National Museum of Natural History","ADDRESS":"10TH STREET NW AND CONSTITUTION AVENUE NW","TYPE":"Outdoor","SITE_TYPE":"Federal","WARD":"Ward 2","MAR_ID":905743,"GIS_ID":"WirelessHotSpotPt_1050","YCOORD":136026.654556,"XCOORD":397745.238428,"LONGITUDE":-77.02599,"LATITUDE":38.892081999999995,"LABEL":null,"NUMBER_OF_SITES":null,"SE_ANNO_CAD_DATA":null,"GLOBALID":"{23F5C704-C0C6-4BA4-86C9-3B08C1FAA3C8}","CREATOR":"JLAY","CREATED":1713469448000,"EDITOR":"DCGIS","EDITED":1713477402000,"OBJECTID":1050}},{"type":"Feature","id":845,"geometry":{"type":"Point","coordinates":[-76.99289938058023,38.943226347599335]},"properties":{"NAME":"FEMS Fire Clinic/Medical Services Office","ADDRESS":"920 VARNUM STREET NE","TYPE":"Indoor/Outdoor","SITE_TYPE":"Fire Emergency Medical Services","WARD":"Ward 5","MAR_ID":289075,"GIS_ID":"WirelessHotSpotPt_845","YCOORD":141702.95,"XCOORD":400615.76,"LONGITUDE":-76.9928971,"LATITUDE":38.94321855,"LABEL":null,"NUMBER_OF_SITES":null,"SE_ANNO_CAD_DATA":null,"GLOBALID":"{38E34CD7-34F2-41B9-86D2-30E2E7EA15C5}","CREATOR":"JLAY","CREATED":1713469448000,"EDITOR":"DCGIS","EDITED":1713477402000,"OBJECTID":845}},{"type":"Feature","id":813,"geometry":{"type":"Point","coordinates":[-76.9860985139989,38.86488279210234]},"properties":{"NAME":"Engine Company 15 (Rescue Squad 3 BFC 3)","ADDRESS":"2101 14TH STREET SE","TYPE":"Indoor/Outdoor","SITE_TYPE":"Fire Emergency Medical Services","WARD":"Ward 8","MAR_ID":156246,"GIS_ID":"WirelessHotSpotPt_813","YCOORD":133006.25,"XCOORD":401206.66000000003,"LONGITUDE":-76.98609624,"LATITUDE":38.86487501,"LABEL":null,"NUMBER_OF_SITES":null,"SE_ANNO_CAD_DATA":null,"GLOBALID":"{BDE26E65-2598-42FD-888D-A6CC0C08C6EB}","CREATOR":"JLAY","CREATED":1713469448000,"EDITOR":"DCGIS","EDITED":1713477402000,"OBJECTID":813}}]}
