{
  "type": "FeatureCollection",
  "features": [
    {
      "type": "Feature",
      "id": "us-cd:119:34:01",
      "properties": {
        "boundary_id": "us-cd:119:34:01",
        "boundary_type": "congressional_district",
        "name": "1",
        "stateFips": "34",
        "congress": 119,
        "district": "01",
        "bbox": [
          -75.26710699979486,
          39.57846200026547,
          -74.73621599967566,
          40.0161380001129
        ]
      },
      "geometry": {
        "type": "Polygon",
        "coordinates": [
          [
            [
              -75.26710699979486,
              39.80792900008723
            ],
            [
              -75.24544200040603,
              39.7949279997739
            ],
            [
              -75.23032999991078,
              39.807766999872555
            ],
            [
              -75.2359639998108,
              39.797935000197455
            ],
            [
              -75.22556300002405,
              39.78327299998574
            ],
            [
              -75.1994039996617,
              39.798021000216444
            ],
            [
              -75.19395600043282,
              39.79300100032637
            ],
            [
              -75.22901699983363,
              39.75805799985213
            ],
            [
              -75.2094010001157,
              39.75648600001968
            ],
            [
              -75.13951299986921,
              39.715024000097294
            ],
            [
              -75.16754500017538,
              39.68546799996738
            ],
            [
              -75.113576000163,
              39.694641000150604
            ],
            [
              -75.10757300019203,
              39.67993699967048
            ],
            [
              -75.05349200002667,
              39.67752900024493
            ],
            [
              -74.91188199994792,
              39.57846200026547
            ],
            [
              -74.73621599967566,
              39.729774999671704
            ],
            [
              -74.80743299989284,
              39.78373799966774
            ],
            [
              -74.84320800004438,
              39.78991899986618
            ],
            [
              -74.88831799977773,
              39.78175700011658
            ],
            [
              -74.90296300029274,
              39.79110799969832
            ],
            [
              -74.93074500035367,
              39.88590800008742
            ],
            [
              -74.96287099980368,
              39.920222999824276
            ],
            [
              -74.98395000028489,
              39.92688999967536
            ],
            [
              -74.96681599988293,
              39.938017999728885
            ],
            [
              -74.974981000401,
              39.95305199981199
            ],
            [
              -75.0054029999616,
              39.973030000318325
            ],
            [
              -75.02009399960907,
              39.968047000181215
            ],
            [
              -75.01014599955886,
              39.979767999851106
            ],
            [
              -75.03116300011581,
              39.992166000211604
            ],
            [
              -75.01044100000998,
              40.00324900026217
            ],
            [
              -75.03052700008116,
              40.0161380001129
            ],
            [
              -75.05171100014438,
              40.006991000115214
            ],
            [
              -75.07323099976824,
              39.97955900032996
            ],
            [
              -75.13107999956252,
              39.958908999869976
            ],
            [
              -75.1292839996116,
              39.9073900001384
            ],
            [
              -75.14111700019949,
              39.88592999971516
            ],
            [
              -75.18766100038381,
              39.88045800003657
            ],
            [
              -75.2567620000846,
              39.85193400028835
            ],
            [
              -75.24537799993362,
              39.83873799990999
            ],
            [
              -75.25612199985203,
              39.82620600029116
            ],
            [
              -75.23617899989597,
              39.81957199990289
            ],
            [
              -75.26668300037065,
              39.80820700013676
            ],
            [
              -75.26710699979486,
              39.80792900008723
            ]
          ]
        ]
      }
    },
    {
      "type": "Feature",
      "id": "us-cd:119:34:02",
      "properties": {
        "boundary_id": "us-cd:119:34:02",
        "boundary_type": "congressional_district",
        "name": "2",
        "stateFips": "34",
        "congress": 119,
        "district": "02",
        "bbox": [
          -75.56356200030582,
          38.78865700033517,
          -73.96541400005688,
          40.09951799966531
        ]
      },
      "geometry": {
        "type": "Polygon",
        "coordinates": [
          [
            [
              -75.56356200030582,
              39.483290000153644
            ],
            [
              -75.56053799976824,
              39.45564499965932
            ],
            [
              -75.3162229997068,
              39.24530700003133
            ],
            [
              -75.1684620004174,
              39.05617899999779
            ],
            [
              -75.01512300040618,
              38.78865700033517
            ],
            [
              -74.90798600027249,
              38.87931599965433
            ],
            [
              -74.82432899974512,
              38.89626200009923
            ],
            [
              -74.77393800028918,
              38.94279400015132
            ],
            [
              -74.74310699957636,
              38.95888500010801
            ],
            [
              -74.71557099956273,
              39.00921600006041
            ],
            [
              -74.64687400009295,
              39.07621200008082
            ],
            [
              -74.6442789999008,
              39.1148239998561
            ],
            [
              -74.56524100002044,
              39.21064200015361
            ],
            [
              -74.46161499959773,
              39.301022999997
            ],
            [
              -74.36875399990812,
              39.320681000031556
            ],
            [
              -74.26591800040416,
              39.42241499985719
            ],
            [
              -74.09653100028737,
              39.64994900031353
            ],
            [
              -74.04386299975826,
              39.73635300027306
            ],
            [
              -73.99957700038053,
              39.97679799994903
            ],
            [
              -73.96541400005688,
              40.097642000063864
            ],
            [
              -74.03354599963713,
              40.09951799966531
            ],
            [
              -74.07678900017275,
              39.91272099987797
            ],
            [
              -74.09885500031788,
              39.915440000130005
            ],
            [
              -74.09694700021397,
              39.94147399971308
            ],
            [
              -74.12411199960853,
              39.935361999676
            ],
            [
              -74.12407599962351,
              39.9230169996768
            ],
            [
              -74.17096700013748,
              39.914684999832474
            ],
            [
              -74.15685600044813,
              39.91062700005733
            ],
            [
              -74.17478599981999,
              39.90446999972216
            ],
            [
              -74.1697949996273,
              39.868151999738515
            ],
            [
              -74.08746199994604,
              39.87517999979603
            ],
            [
              -74.10286399997122,
              39.79637200004671
            ],
            [
              -74.19962999955708,
              39.81110400026
            ],
            [
              -74.19449699997249,
              39.83552100017827
            ],
            [
              -74.20419700032555,
              39.84119500002625
            ],
            [
              -74.21387099984108,
              39.83822900016397
            ],
            [
              -74.21157600012288,
              39.82940299972439
            ],
            [
              -74.22528299958115,
              39.83066800024295
            ],
            [
              -74.23173199961596,
              39.804006999832744
            ],
            [
              -74.25026500030881,
              39.79819800027818
            ],
            [
              -74.33140700011165,
              39.828942999906396
            ],
            [
              -74.41689099965376,
              39.822681999798036
            ],
            [
              -74.38970799981756,
              39.77328300015959
            ],
            [
              -74.39039900010378,
              39.59603700032012
            ],
            [
              -74.40081900015709,
              39.57224200013312
            ],
            [
              -74.41904099960699,
              39.56836700016105
            ],
            [
              -74.4173929997941,
              39.557254999897914
            ],
            [
              -74.43836799961993,
              39.55351900000485
            ],
            [
              -74.43522299960686,
              39.541506000118154
            ],
            [
              -74.44573399989676,
              39.54635199974279
            ],
            [
              -74.44625699995349,
              39.55892200025589
            ],
            [
              -74.45609000037597,
              39.54726899989904
            ],
            [
              -74.46299700017016,
              39.55644399970435
            ],
            [
              -74.49305200020797,
              39.555626999670444
            ],
            [
              -74.51479299976477,
              39.57400199978364
            ],
            [
              -74.53970099997427,
              39.57498799978408
            ],
            [
              -74.55390200007527,
              39.59840599973259
            ],
            [
              -74.57665500030868,
              39.598596000045326
            ],
            [
              -74.62102799972504,
              39.62669100005413
            ],
            [
              -74.62877499976837,
              39.62009299994992
            ],
            [
              -74.63415199975044,
              39.628073000002566
            ],
            [
              -74.65480100006135,
              39.626846000030376
            ],
            [
              -74.66785099956861,
              39.683606000027936
            ],
            [
              -74.73621599967566,
              39.729774999671704
            ],
            [
              -74.91188199994792,
              39.57846200026547
            ],
            [
              -75.05349200002667,
              39.67752900024493
            ],
            [
              -75.10757300019203,
              39.67993699967048
            ],
            [
              -75.113576000163,
              39.694641000150604
            ],
            [
              -75.16754500017538,
              39.68546799996738
            ],
            [
              -75.13951299986921,
              39.715024000097294
            ],
            [
              -75.2094010001157,
              39.75648600001968
            ],
            [
              -75.22901699983363,
              39.75805799985213
            ],
            [
              -75.19395600043282,
              39.79300100032637
            ],
            [
              -75.1994039996617,
              39.798021000216444
            ],
            [
              -75.22556300002405,
              39.78327299998574
            ],
            [
              -75.2359639998108,
              39.797935000197455
            ],
            [
              -75.23032999991078,
              39.807766999872555
            ],
            [
              -75.24544200040603,
              39.7949279997739
            ],
            [
              -75.26710699979486,
              39.80792900008723
            ],
            [
              -75.23617899989597,
              39.81957199990289
            ],
            [
              -75.25612199985203,
              39.82620600029116
            ],
            [
              -75.24537799993362,
              39.83873799990999
            ],
            [
              -75.2567620000846,
              39.85193400028835
            ],
            [
              -75.32323099978333,
              39.8498129996647
            ],
            [
              -75.35440100042989,
              39.839917000342616
            ],
            [
              -75.41502199996835,
              39.8020039997799
            ],
            [
              -75.40541399967677,
              39.79639600027121
            ],
            [
              -75.45068800033995,
              39.77506399988425
            ],
            [
              -75.4639210001453,
              39.76076300034258
            ],
            [
              -75.47643800044841,
              39.71619900015685
            ],
            [
              -75.50987399960253,
              39.693915000008744
            ],
            [
              -75.5155329996169,
              39.66632600032675
            ],
            [
              -75.55732699963295,
              39.6325909997925
            ],
            [
              -75.55351200014837,
              39.60181900000794
            ],
            [
              -75.51474699979444,
              39.5808840001613
            ],
            [
              -75.51195999998167,
              39.56729000003944
            ],
            [
              -75.53401400043121,
              39.540701999701156
            ],
            [
              -75.52697399966931,
              39.49916800007501
            ],
            [
              -75.55908999997187,
              39.495805999785276
            ],
            [
              -75.56356200030582,
              39.483290000153644
            ]
          ]
        ]
      }
    },
    {
      "type": "Feature",
      "id": "us-cd:119:34:03",
      "properties": {
        "boundary_id": "us-cd:119:34:03",
        "boundary_type": "congressional_district",
        "name": "3",
        "stateFips": "34",
        "congress": 119,
        "district": "03",
        "bbox": [
          -75.03116899996358,
          39.541506000118154,
          -74.1331569996604,
          40.426855999902806
        ]
      },
      "geometry": {
        "type": "Polygon",
        "coordinates": [
          [
            [
              -75.03116899996358,
              39.992116999710106
            ],
            [
              -75.01014599955886,
              39.979767999851106
            ],
            [
              -75.01993700014854,
              39.967917999806396
            ],
            [
              -75.0054029999616,
              39.973030000318325
            ],
            [
              -74.96873499985747,
              39.94556000028148
            ],
            [
              -74.96681599988293,
              39.938017999728885
            ],
            [
              -74.98398100024703,
              39.92693900009569
            ],
            [
              -74.96287099980368,
              39.920222999824276
            ],
            [
              -74.93074500035367,
              39.88590800008742
            ],
            [
              -74.89482200006412,
              39.78331200009314
            ],
            [
              -74.84320800004438,
              39.78991899986618
            ],
            [
              -74.80685600030773,
              39.783463000265144
            ],
            [
              -74.77255700043996,
              39.75063599988244
            ],
            [
              -74.66785099956861,
              39.683606000027936
            ],
            [
              -74.65480100006135,
              39.626846000030376
            ],
            [
              -74.63415199975044,
              39.628073000002566
            ],
            [
              -74.62877499976837,
              39.62009299994992
            ],
            [
              -74.62102799972504,
              39.62669100005413
            ],
            [
              -74.57665500030868,
              39.598596000045326
            ],
            [
              -74.55390200007527,
              39.59840599973259
            ],
            [
              -74.53970099997427,
              39.57498799978408
            ],
            [
              -74.51479299976477,
              39.57400199978364
            ],
            [
              -74.49305200020797,
              39.555626999670444
            ],
            [
              -74.46299700017016,
              39.55644399970435
            ],
            [
              -74.45609000037597,
              39.54726899989904
            ],
            [
              -74.44625699995349,
              39.55892200025589
            ],
            [
              -74.44573399989676,
              39.54635199974279
            ],
            [
              -74.43522299960686,
              39.541506000118154
            ],
            [
              -74.43836799961993,
              39.55351900000485
            ],
            [
              -74.4173929997941,
              39.557254999897914
            ],
            [
              -74.41904099960699,
              39.56836700016105
            ],
            [
              -74.40081900015709,
              39.57224200013312
            ],
            [
              -74.39039900010378,
              39.59603700032012
            ],
            [
              -74.38970799981756,
              39.77328300015959
            ],
            [
              -74.55310500038216,
              40.07912999984969
            ],
            [
              -74.34162799997333,
              40.216542000154185
            ],
            [
              -74.32928300009767,
              40.21804899985339
            ],
            [
              -74.32868100039823,
              40.20742600010142
            ],
            [
              -74.30867999981753,
              40.21401899993448
            ],
            [
              -74.26860499975952,
              40.206005999933694
            ],
            [
              -74.22385900007424,
              40.26118599974819
            ],
            [
              -74.22529500017504,
              40.339457000170135
            ],
            [
              -74.19486299967038,
              40.345106000000214
            ],
            [
              -74.17352200014666,
              40.32866799979181
            ],
            [
              -74.14907800044264,
              40.32465800020814
            ],
            [
              -74.15046699978947,
              40.371507000275095
            ],
            [
              -74.1331569996604,
              40.426855999902806
            ],
            [
              -74.20905299990073,
              40.40502499970751
            ],
            [
              -74.20881500024936,
              40.381827000000825
            ],
            [
              -74.26207399970895,
              40.395372999825135
            ],
            [
              -74.37754500041511,
              40.30543199997928
            ],
            [
              -74.39346799994887,
              40.27952400017159
            ],
            [
              -74.46101700009625,
              40.251121999942036
            ],
            [
              -74.48496200003295,
              40.25332500007391
            ],
            [
              -74.48192699962473,
              40.27382200003024
            ],
            [
              -74.48910600030382,
              40.277155999748366
            ],
            [
              -74.57292399959137,
              40.30119699976388
            ],
            [
              -74.5673869997757,
              40.278522000086184
            ],
            [
              -74.5992849996201,
              40.24682999975985
            ],
            [
              -74.60770899970595,
              40.253169000126206
            ],
            [
              -74.64993700009026,
              40.241758999969235
            ],
            [
              -74.71322099959293,
              40.358475999830794
            ],
            [
              -74.74373299956522,
              40.33138000003579
            ],
            [
              -74.76222400042529,
              40.28427399978768
            ],
            [
              -74.74929500039354,
              40.26053899991835
            ],
            [
              -74.75631000014279,
              40.24871300025131
            ],
            [
              -74.74894200021615,
              40.23981100009797
            ],
            [
              -74.73179100009571,
              40.242191999844366
            ],
            [
              -74.7394779998646,
              40.231507000102084
            ],
            [
              -74.72880799956604,
              40.220767999943774
            ],
            [
              -74.73742300034593,
              40.20970799983224
            ],
            [
              -74.7325650002226,
              40.20339100008333
            ],
            [
              -74.75284100026461,
              40.19833999972934
            ],
            [
              -74.75175999999105,
              40.183838999720784
            ],
            [
              -74.72232500009436,
              40.160727000296625
            ],
            [
              -74.7243689997424,
              40.146411999771246
            ],
            [
              -74.7841680003717,
              40.120477000143985
            ],
            [
              -74.82253100014438,
              40.12684400011013
            ],
            [
              -74.86175599990754,
              40.08346200017494
            ],
            [
              -74.93325299960888,
              40.068556000273006
            ],
            [
              -75.03052700008116,
              40.0161380001129
            ],
            [
              -75.01044100000998,
              40.00324900026217
            ],
            [
              -75.03116300011581,
              39.992166000211604
            ],
            [
              -75.03116899996358,
              39.992116999710106
            ]
          ]
        ]
      }
    },
    {
      "type": "Feature",
      "id": "us-cd:119:34:04",
      "properties": {
        "boundary_id": "us-cd:119:34:04",
        "boundary_type": "congressional_district",
        "name": "4",
        "stateFips": "34",
        "congress": 119,
        "district": "04",
        "bbox": [
          -74.55310500038216,
          39.79637200004671,
          -74.00288899989988,
          40.43880700026231
        ]
      },
      "geometry": {
        "type": "Polygon",
        "coordinates": [
          [
            [
              -74.55310500038216,
              40.07912999984969
            ],
            [
              -74.41689099965376,
              39.822681999798036
            ],
            [
              -74.33140700011165,
              39.828942999906396
            ],
            [
              -74.25026500030881,
              39.79819800027818
            ],
            [
              -74.23173199961596,
              39.804006999832744
            ],
            [
              -74.22528299958115,
              39.83066800024295
            ],
            [
              -74.21157600012288,
              39.82940299972439
            ],
            [
              -74.21387099984108,
              39.83822900016397
            ],
            [
              -74.20419700032555,
              39.84119500002625
            ],
            [
              -74.19449699997249,
              39.83552100017827
            ],
            [
              -74.19962999955708,
              39.81110400026
            ],
            [
              -74.10286399997122,
              39.79637200004671
            ],
            [
              -74.08746199994604,
              39.87517999979603
            ],
            [
              -74.16762899978055,
              39.86731599971938
            ],
            [
              -74.17478599981999,
              39.90446999972216
            ],
            [
              -74.15685600044813,
              39.91062700005733
            ],
            [
              -74.17096700013748,
              39.914684999832474
            ],
            [
              -74.12407599962351,
              39.9230169996768
            ],
            [
              -74.12411199960853,
              39.935361999676
            ],
            [
              -74.09694700021397,
              39.94147399971308
            ],
            [
              -74.09885500031788,
              39.915440000130005
            ],
            [
              -74.07678900017275,
              39.91272099987797
            ],
            [
              -74.03551400001548,
              40.09434600011335
            ],
            [
              -74.03171600024933,
              40.1009739999507
            ],
            [
              -74.00717899976061,
              40.09771500024742
            ],
            [
              -74.02827999998314,
              40.11741500027622
            ],
            [
              -74.0049810001268,
              40.19501299984134
            ],
            [
              -74.02126100003592,
              40.19748899988816
            ],
            [
              -74.02564799998103,
              40.18531200014376
            ],
            [
              -74.04130699992416,
              40.18146700004905
            ],
            [
              -74.09458499965032,
              40.2063210001734
            ],
            [
              -74.0916820003849,
              40.22558399970736
            ],
            [
              -74.07740900031388,
              40.2343949998393
            ],
            [
              -74.03062499993003,
              40.224354000203604
            ],
            [
              -74.01384000040584,
              40.23023400003919
            ],
            [
              -74.02276200043406,
              40.24087400032771
            ],
            [
              -74.0086840003567,
              40.23536400003889
            ],
            [
              -74.00288899989988,
              40.27640699977863
            ],
            [
              -74.02762499968192,
              40.27274100003049
            ],
            [
              -74.03853799965472,
              40.29149600017408
            ],
            [
              -74.03255200030053,
              40.29875500005644
            ],
            [
              -74.0511239995548,
              40.31502000025727
            ],
            [
              -74.04091299973886,
              40.32041299977259
            ],
            [
              -74.04709200033523,
              40.329804999670245
            ],
            [
              -74.090315999706,
              40.3394090001688
            ],
            [
              -74.08168199955784,
              40.34013999988466
            ],
            [
              -74.07912400007392,
              40.36009399970842
            ],
            [
              -74.01174399998094,
              40.38233300032447
            ],
            [
              -74.01509999988123,
              40.38904600019414
            ],
            [
              -74.0431460004311,
              40.41164199981217
            ],
            [
              -74.08966600032596,
              40.419730999824075
            ],
            [
              -74.11672199994055,
              40.43880700026231
            ],
            [
              -74.13060199965122,
              40.4364270000385
            ],
            [
              -74.15046699978947,
              40.371507000275095
            ],
            [
              -74.14907800044264,
              40.32465800020814
            ],
            [
              -74.17352200014666,
              40.32866799979181
            ],
            [
              -74.19486299967038,
              40.345106000000214
            ],
            [
              -74.22529500017504,
              40.339457000170135
            ],
            [
              -74.22385900007424,
              40.26118599974819
            ],
            [
              -74.26860499975952,
              40.206005999933694
            ],
            [
              -74.30867999981753,
              40.21401899993448
            ],
            [
              -74.32868100039823,
              40.20742600010142
            ],
            [
              -74.32928300009767,
              40.21804899985339
            ],
            [
              -74.34162799997333,
              40.216542000154185
            ],
            [
              -74.55245699975364,
              40.079403000118894
            ],
            [
              -74.55310500038216,
              40.07912999984969
            ]
          ]
        ]
      }
    },
    {
      "type": "Feature",
      "id": "us-cd:119:34:05",
      "properties": {
        "boundary_id": "us-cd:119:34:05",
        "boundary_type": "congressional_district",
        "name": "5",
        "stateFips": "34",
        "congress": 119,
        "district": "05",
        "bbox": [
          -74.87210099961777,
          40.82783300023859,
          -73.89362799975223,
          41.357607000098184
        ]
      },
      "geometry": {
        "type": "Polygon",
        "coordinates": [
          [
            [
              -74.87210099961777,
              41.20125100010991
            ],
            [
              -74.81081999975524,
              41.05992899981352
            ],
            [
              -74.76297300043782,
              41.06863700018133
            ],
            [
              -74.77585999973847,
              41.05532800033726
            ],
            [
              -74.7658990001678,
              41.04486000029681
            ],
            [
              -74.77295199955186,
              41.02149800030812
            ],
            [
              -74.78764300009765,
              41.005786000071105
            ],
            [
              -74.75162600009675,
              40.97737799992851
            ],
            [
              -74.74863800044253,
              40.99968299978083
            ],
            [
              -74.7324510004198,
              40.99565500025679
            ],
            [
              -74.74006899969339,
              40.96974000000107
            ],
            [
              -74.68851699959795,
              41.00928900007287
            ],
            [
              -74.68542699983645,
              41.0520309999471
            ],
            [
              -74.66775199983441,
              41.09412900027673
            ],
            [
              -74.63854500044167,
              41.11866800017673
            ],
            [
              -74.53586200020024,
              41.05851299992761
            ],
            [
              -74.50048700008176,
              41.085999000113276
            ],
            [
              -74.48683499997675,
              41.07644499976188
            ],
            [
              -74.49763400014675,
              41.03411599981535
            ],
            [
              -74.44691399990452,
              41.05442599978968
            ],
            [
              -74.42694300035934,
              41.035980999937564
            ],
            [
              -74.43504000020705,
              41.02002099973441
            ],
            [
              -74.41801999960789,
              41.02860300008331
            ],
            [
              -74.38729099990063,
              41.011693000034306
            ],
            [
              -74.35530099999475,
              41.01387000008744
            ],
            [
              -74.35004799986123,
              41.003944000316096
            ],
            [
              -74.30143400008961,
              40.99924500028689
            ],
            [
              -74.30235499963129,
              41.01308200003432
            ],
            [
              -74.27065799962836,
              41.021032999865156
            ],
            [
              -74.2489539998815,
              41.06361499985553
            ],
            [
              -74.169921000024,
              41.028240999802904
            ],
            [
              -74.18730700032106,
              41.017398999986
            ],
            [
              -74.19181999976456,
              40.97860000018706
            ],
            [
              -74.17114100021473,
              40.97706600015953
            ],
            [
              -74.17027500002632,
              40.983903999751945
            ],
            [
              -74.14104799964379,
              40.96634800033681
            ],
            [
              -74.14817100024638,
              40.94215300031239
            ],
            [
              -74.1402180003387,
              40.92400199977206
            ],
            [
              -74.084825999746,
              40.91902499993889
            ],
            [
              -74.05442099990383,
              40.90633199986297
            ],
            [
              -74.06830499981245,
              40.87604899985113
            ],
            [
              -74.04860000040607,
              40.87315700016198
            ],
            [
              -74.02166400044206,
              40.83988400025591
            ],
            [
              -74.01094100044006,
              40.84683199998816
            ],
            [
              -73.97682499997205,
              40.82783300023859
            ],
            [
              -73.92982100037852,
              40.88868200023685
            ],
            [
              -73.89614400030167,
              40.981872999729994
            ],
            [
              -73.89362799975223,
              40.997165000085786
            ],
            [
              -74.33067499981756,
              41.18545699999806
            ],
            [
              -74.69557999992607,
              41.357607000098184
            ],
            [
              -74.75428200038827,
              41.34619999978247
            ],
            [
              -74.76728199966682,
              41.32774399967151
            ],
            [
              -74.79557199971586,
              41.320342000201286
            ],
            [
              -74.79217099960975,
              41.31084100025404
            ],
            [
              -74.83002700011757,
              41.28744100020502
            ],
            [
              -74.84709299984915,
              41.25284099984687
            ],
            [
              -74.86111700039817,
              41.243644999836064
            ],
            [
              -74.86759099964902,
              41.22797400002429
            ],
            [
              -74.85925100012707,
              41.21943200018968
            ],
            [
              -74.87170200030792,
              41.20186100006554
            ],
            [
              -74.87210099961777,
              41.20125100010991
            ]
          ]
        ]
      }
    },
    {
      "type": "Feature",
      "id": "us-cd:119:34:06",
      "properties": {
        "boundary_id": "us-cd:119:34:06",
        "boundary_type": "congressional_district",
        "name": "6",
        "stateFips": "34",
        "congress": 119,
        "district": "06",
        "bbox": [
          -74.51984300040701,
          40.097642000063864,
          -73.88964500003816,
          40.608683000210505
        ]
      },
      "geometry": {
        "type": "Polygon",
        "coordinates": [
          [
            [
              -74.51984300040701,
              40.55558399977153
            ],
            [
              -74.45917900031255,
              40.49661900008038
            ],
            [
              -74.48949100026827,
              40.47445199988398
            ],
            [
              -74.47734399986105,
              40.46724399999913
            ],
            [
              -74.46037900041179,
              40.477626000024664
            ],
            [
              -74.38507800019819,
              40.48721200009942
            ],
            [
              -74.3756370003112,
              40.47509299981354
            ],
            [
              -74.38608900015156,
              40.45952099997879
            ],
            [
              -74.37565200037982,
              40.46109700025741
            ],
            [
              -74.3783760004434,
              40.45248300004786
            ],
            [
              -74.37155599978952,
              40.45620400006947
            ],
            [
              -74.35358500040977,
              40.43183599986152
            ],
            [
              -74.36153999996726,
              40.416595000091355
            ],
            [
              -74.31362900017743,
              40.45061699987033
            ],
            [
              -74.30156399978596,
              40.43540599972228
            ],
            [
              -74.30489299992205,
              40.41548999971084
            ],
            [
              -74.2744060000641,
              40.42528499971579
            ],
            [
              -74.26140699971218,
              40.41271600010752
            ],
            [
              -74.26207399970895,
              40.395372999825135
            ],
            [
              -74.20881500024936,
              40.381827000000825
            ],
            [
              -74.20905299990073,
              40.40502499970751
            ],
            [
              -74.1331569996604,
              40.426855999902806
            ],
            [
              -74.12231599965762,
              40.438955999680736
            ],
            [
              -74.0968919999624,
              40.42244800004407
            ],
            [
              -74.0236240004245,
              40.40032799983935
            ],
            [
              -74.01174399998094,
              40.38233300032447
            ],
            [
              -74.06519499995947,
              40.36883899990911
            ],
            [
              -74.07912400007392,
              40.36009399970842
            ],
            [
              -74.08183899991667,
              40.33988000016081
            ],
            [
              -74.09030499983533,
              40.33926900008382
            ],
            [
              -74.04709200033523,
              40.329804999670245
            ],
            [
              -74.04091299973886,
              40.32041299977259
            ],
            [
              -74.0511239995548,
              40.31502000025727
            ],
            [
              -74.03255200030053,
              40.29875500005644
            ],
            [
              -74.03571800022999,
              40.284798000266996
            ],
            [
              -74.02594099988401,
              40.27219800007097
            ],
            [
              -74.00288899989988,
              40.27640699977863
            ],
            [
              -74.000215000065,
              40.25631199983234
            ],
            [
              -74.0086840003567,
              40.23536400003889
            ],
            [
              -74.02276200043406,
              40.24087400032771
            ],
            [
              -74.01384000040584,
              40.23023400003919
            ],
            [
              -74.0276089997884,
              40.224730000289654
            ],
            [
              -74.07740900031388,
              40.2343949998393
            ],
            [
              -74.0916820003849,
              40.22558399970736
            ],
            [
              -74.09458499965032,
              40.2063210001734
            ],
            [
              -74.04130699992416,
              40.18146700004905
            ],
            [
              -74.02564799998103,
              40.18531200014376
            ],
            [
              -74.02126100003592,
              40.19748899988816
            ],
            [
              -74.0049810001268,
              40.19501299984134
            ],
            [
              -74.02827999998314,
              40.11741500027622
            ],
            [
              -74.00717899976061,
              40.09771500024742
            ],
            [
              -73.96541400005688,
              40.097642000063864
            ],
            [
              -73.89079099971073,
              40.310690000159944
            ],
            [
              -73.88964500003816,
              40.486510999918224
            ],
            [
              -73.97787399956025,
              40.519095000327916
            ],
            [
              -74.22533100016004,
              40.4765780002232
            ],
            [
              -74.25303600022808,
              40.48666000014258
            ],
            [
              -74.2581289996297,
              40.5087169999171
            ],
            [
              -74.2460199997556,
              40.52095800033075
            ],
            [
              -74.24748400034382,
              40.549376999861444
            ],
            [
              -74.21457499964777,
              40.56053299989416
            ],
            [
              -74.20329099995419,
              40.593041999793996
            ],
            [
              -74.21445699964698,
              40.60414100022822
            ],
            [
              -74.29098999974687,
              40.59192500025295
            ],
            [
              -74.3053259995671,
              40.600585999788095
            ],
            [
              -74.30292100024404,
              40.608683000210505
            ],
            [
              -74.45513200012606,
              40.59595400024261
            ],
            [
              -74.45973599980614,
              40.58155300010574
            ],
            [
              -74.46966999961262,
              40.585567000301396
            ],
            [
              -74.51948799968146,
              40.55577600000002
            ],
            [
              -74.51984300040701,
              40.55558399977153
            ]
          ]
        ]
      }
    },
    {
      "type": "Feature",
      "id": "us-cd:119:34:07",
      "properties": {
        "boundary_id": "us-cd:119:34:07",
        "boundary_type": "congressional_district",
        "name": "7",
        "stateFips": "34",
        "congress": 119,
        "district": "07",
        "bbox": [
          -75.20392100020146,
          40.33942700000212,
          -74.19958900044752,
          41.20125100010991
        ]
      },
      "geometry": {
        "type": "Polygon",
        "coordinates": [
          [
            [
              -75.20392100020146,
              40.69149799977434
            ],
            [
              -75.17680299976428,
              40.67571500032264
            ],
            [
              -75.2004520003233,
              40.64921899967027
            ],
            [
              -75.18857899955243,
              40.6246280002922
            ],
            [
              -75.20181200025611,
              40.61718799993225
            ],
            [
              -75.18931800041754,
              40.59055000001134
            ],
            [
              -75.19493700024897,
              40.577141999710555
            ],
            [
              -75.171623000324,
              40.56422199977658
            ],
            [
              -75.14017200036837,
              40.57537000008221
            ],
            [
              -75.11553600014544,
              40.57286000009449
            ],
            [
              -75.0688349996023,
              40.54241800008612
            ],
            [
              -75.06266400030016,
              40.480439000221615
            ],
            [
              -75.07067800030717,
              40.45679400011246
            ],
            [
              -75.05949699964746,
              40.419438000284096
            ],
            [
              -75.02863300022098,
              40.40397099970239
            ],
            [
              -74.99585999996735,
              40.410384000022766
            ],
            [
              -74.96749899977321,
              40.39881300019703
            ],
            [
              -74.94290899958102,
              40.34168300020672
            ],
            [
              -74.93227699981563,
              40.33942700000212
            ],
            [
              -74.8562619997496,
              40.34669599976677
            ],
            [
              -74.86967799985307,
              40.377773999809385
            ],
            [
              -74.80201599972779,
              40.384972000083565
            ],
            [
              -74.80846999978546,
              40.416663999988465
            ],
            [
              -74.74814700017285,
              40.424155999900904
            ],
            [
              -74.75201299971106,
              40.43136100024754
            ],
            [
              -74.74030300004512,
              40.43940300005703
            ],
            [
              -74.71533399973626,
              40.44206099969575
            ],
            [
              -74.70182300009655,
              40.468241999788596
            ],
            [
              -74.6553400000116,
              40.47803900008602
            ],
            [
              -74.68280400005521,
              40.48710400019775
            ],
            [
              -74.69096000035246,
              40.51429699971635
            ],
            [
              -74.68457200041702,
              40.51718599969969
            ],
            [
              -74.70754200038539,
              40.52802900018182
            ],
            [
              -74.70918299962729,
              40.537596000129426
            ],
            [
              -74.6874089995602,
              40.555353999682985
            ],
            [
              -74.67454099962782,
              40.547713000314346
            ],
            [
              -74.63712299968624,
              40.56476200031308
            ],
            [
              -74.61609599998188,
              40.556040999979736
            ],
            [
              -74.58957099992163,
              40.56118299998771
            ],
            [
              -74.58625900040228,
              40.57053099988475
            ],
            [
              -74.53940200022352,
              40.571423000003996
            ],
            [
              -74.52470300018012,
              40.581839000037164
            ],
            [
              -74.52391700035767,
              40.569669999751135
            ],
            [
              -74.51614900039793,
              40.5813269999391
            ],
            [
              -74.45972699958531,
              40.60008800002688
            ],
            [
              -74.46495100030482,
              40.61127100013606
            ],
            [
              -74.4085300002154,
              40.644345999659755
            ],
            [
              -74.38272499985537,
              40.62946700025215
            ],
            [
              -74.39471999992665,
              40.60098899997827
            ],
            [
              -74.30292100024404,
              40.608683000210505
            ],
            [
              -74.3053259995671,
              40.600585999788095
            ],
            [
              -74.29098999974687,
              40.59192500025295
            ],
            [
              -74.25768900031197,
              40.602276000003705
            ],
            [
              -74.19958900044752,
              40.59784599992768
            ],
            [
              -74.20066800017293,
              40.632900000082664
            ],
            [
              -74.21591700003722,
              40.64385399983176
            ],
            [
              -74.2559319998208,
              40.63829400011011
            ],
            [
              -74.27481299976989,
              40.6254789999244
            ],
            [
              -74.28774299962654,
              40.639719000163666
            ],
            [
              -74.30486699998279,
              40.63349000003143
            ],
            [
              -74.33396200012085,
              40.64917099992696
            ],
            [
              -74.32247800041073,
              40.67684899966553
            ],
            [
              -74.30679799965289,
              40.68060600000587
            ],
            [
              -74.3110649999474,
              40.70117400004029
            ],
            [
              -74.29602899962013,
              40.71239200029093
            ],
            [
              -74.36914800009343,
              40.739368000139926
            ],
            [
              -74.44370699996716,
              40.688047999752065
            ],
            [
              -74.44944899982221,
              40.71739200019575
            ],
            [
              -74.5137170004124,
              40.69775000018039
            ],
            [
              -74.53089299974886,
              40.72985399988796
            ],
            [
              -74.54940100032736,
              40.73395000031913
            ],
            [
              -74.5381750003601,
              40.81111000033314
            ],
            [
              -74.54815400037243,
              40.80912800007015
            ],
            [
              -74.5425890000694,
              40.80174900006531
            ],
            [
              -74.54999100033125,
              40.7970960000559
            ],
            [
              -74.56828399992627,
              40.79440200017152
            ],
            [
              -74.57735999994028,
              40.80487299995662
            ],
            [
              -74.56601199977429,
              40.80632599967297
            ],
            [
              -74.57158499957494,
              40.81562000001326
            ],
            [
              -74.63064699988728,
              40.80470999999517
            ],
            [
              -74.62803900017462,
              40.83033300011689
            ],
            [
              -74.64601999960013,
              40.83740300023388
            ],
            [
              -74.62364200018378,
              40.866831000316914
            ],
            [
              -74.60227499982248,
              40.86257599970071
            ],
            [
              -74.58425900023687,
              40.87197899997492
            ],
            [
              -74.56595400004797,
              40.90830599997299
            ],
            [
              -74.58103499968277,
              40.91522899997176
            ],
            [
              -74.59486099986505,
              40.902409999876774
            ],
            [
              -74.62422700016478,
              40.942681000049035
            ],
            [
              -74.63643999979594,
              40.94263799991609
            ],
            [
              -74.64148200004227,
              40.96242900011723
            ],
            [
              -74.53586200020024,
              41.05851299992761
            ],
            [
              -74.63854500044167,
              41.11866800017673
            ],
            [
              -74.66775199983441,
              41.09412900027673
            ],
            [
              -74.68542699983645,
              41.0520309999471
            ],
            [
              -74.68851699959795,
              41.00928900007287
            ],
            [
              -74.74006899969339,
              40.96974000000107
            ],
            [
              -74.7324510004198,
              40.99565500025679
            ],
            [
              -74.74863800044253,
              40.99968299978083
            ],
            [
              -74.75162600009675,
              40.97737799992851
            ],
            [
              -74.78764300009765,
              41.005786000071105
            ],
            [
              -74.77295199955186,
              41.02149800030812
            ],
            [
              -74.7658990001678,
              41.04486000029681
            ],
            [
              -74.77585999973847,
              41.05532800033726
            ],
            [
              -74.76297300043782,
              41.06863700018133
            ],
            [
              -74.81081999975524,
              41.05992899981352
            ],
            [
              -74.87210099961777,
              41.20125100010991
            ],
            [
              -74.92314899992306,
              41.13852699984189
            ],
            [
              -74.98200000034821,
              41.10849000004425
            ],
            [
              -74.991815000329,
              41.0891320002385
            ],
            [
              -74.9694339996413,
              41.09607400033376
            ],
            [
              -74.97009399996537,
              41.085885999803814
            ],
            [
              -75.01241000021322,
              41.067263999691136
            ],
            [
              -75.02710199968563,
              41.03952900029701
            ],
            [
              -75.13109600035436,
              40.99046400028405
            ],
            [
              -75.13470099977664,
              40.972038000141005
            ],
            [
              -75.12023199988705,
              40.968702000151474
            ],
            [
              -75.11776700028955,
              40.953013000222896
            ],
            [
              -75.07929499983857,
              40.91387999996059
            ],
            [
              -75.07534499973646,
              40.894166000227074
            ],
            [
              -75.05102900007898,
              40.86566199966461
            ],
            [
              -75.06600799960653,
              40.84759400007355
            ],
            [
              -75.09578399998509,
              40.847082000325614
            ],
            [
              -75.08392899965588,
              40.82447100004867
            ],
            [
              -75.10850499960436,
              40.79109400003635
            ],
            [
              -75.13440000037609,
              40.77377000030115
            ],
            [
              -75.171587000339,
              40.77774499976364
            ],
            [
              -75.19653499983315,
              40.75163100017074
            ],
            [
              -75.1820840003852,
              40.73152200031234
            ],
            [
              -75.20309500019603,
              40.69447799997386
            ],
            [
              -75.20392100020146,
              40.69149799977434
            ]
          ]
        ]
      }
    },
    {
      "type": "Feature",
      "id": "us-cd:119:34:08",
      "properties": {
        "boundary_id": "us-cd:119:34:08",
        "boundary_type": "congressional_district",
        "name": "8",
        "stateFips": "34",
        "congress": 119,
        "district": "08",
        "bbox": [
          -74.25406800009783,
          40.632900000082664,
          -73.98473900041998,
          40.82334100011774
        ]
      },
      "geometry": {
        "type": "Polygon",
        "coordinates": [
          [
            [
              -74.25406800009783,
              40.67025100011552
            ],
            [
              -74.20066800017293,
              40.632900000082664
            ],
            [
              -74.1856410000665,
              40.64604200002757
            ],
            [
              -74.12601800006259,
              40.6421510000512
            ],
            [
              -74.0557490000496,
              40.65147600027673
            ],
            [
              -74.02639000032089,
              40.700102999681974
            ],
            [
              -74.0140289996534,
              40.757550999706794
            ],
            [
              -73.98473900041998,
              40.79766199983964
            ],
            [
              -74.01781899992196,
              40.82334100011774
            ],
            [
              -74.04492300011543,
              40.80755500022822
            ],
            [
              -74.0336779998816,
              40.80326400004171
            ],
            [
              -74.04046900022317,
              40.781856000000786
            ],
            [
              -74.05390600024303,
              40.780949000226805
            ],
            [
              -74.0599800003591,
              40.762575999967694
            ],
            [
              -74.09064399976904,
              40.74880200026089
            ],
            [
              -74.09078699988417,
              40.761984000035504
            ],
            [
              -74.10923000016535,
              40.77782500030183
            ],
            [
              -74.12718999967446,
              40.771342000178905
            ],
            [
              -74.13035899997696,
              40.777563999763466
            ],
            [
              -74.14476799959213,
              40.75199999983637
            ],
            [
              -74.16310000044352,
              40.75376499996204
            ],
            [
              -74.14834199995059,
              40.77988500019534
            ],
            [
              -74.17165800042368,
              40.788235000193
            ],
            [
              -74.1925200002716,
              40.75557500002304
            ],
            [
              -74.1654649995836,
              40.750995999948444
            ],
            [
              -74.16195800007061,
              40.736006999802825
            ],
            [
              -74.17676099987105,
              40.72756899978097
            ],
            [
              -74.16712400016547,
              40.7197419997585
            ],
            [
              -74.13867099990983,
              40.72714799974516
            ],
            [
              -74.12098699968693,
              40.72290100001678
            ],
            [
              -74.11705699967631,
              40.71038100018985
            ],
            [
              -74.08928600038438,
              40.73840100031141
            ],
            [
              -74.05486500031785,
              40.73160000003366
            ],
            [
              -74.05549899980434,
              40.716537999705345
            ],
            [
              -74.09449000011406,
              40.68672499975278
            ],
            [
              -74.11455899956853,
              40.70107199980763
            ],
            [
              -74.13655699994159,
              40.67436799975193
            ],
            [
              -74.16238900006583,
              40.68961300008967
            ],
            [
              -74.21234699987671,
              40.690664999796695
            ],
            [
              -74.22217199990327,
              40.67499400020594
            ],
            [
              -74.25315000003089,
              40.67061700002989
            ],
            [
              -74.25406800009783,
              40.67025100011552
            ]
          ],
          [
            [
              -74.04720699996298,
              40.690843000275905
            ],
            [
              -74.04720699996298,
              40.69089299981986
            ],
            [
              -74.04719199989435,
              40.69092600020673
            ],
            [
              -74.04718699987147,
              40.690936999877955
            ],
            [
              -74.04714900023664,
              40.69098500021777
            ],
            [
              -74.04709900000793,
              40.691017999877886
            ],
            [
              -74.04704100028162,
              40.69104099977588
            ],
            [
              -74.04696500011363,
              40.691051000202854
            ],
            [
              -74.04653599976822,
              40.69107599990148
            ],
            [
              -74.04648700026276,
              40.6910779997135
            ],
            [
              -74.04630899998752,
              40.69108999994658
            ],
            [
              -74.04617699974304,
              40.69109199975817
            ],
            [
              -74.04616400022256,
              40.69109799987374
            ],
            [
              -74.04614300030616,
              40.691123000235834
            ],
            [
              -74.04611300016893,
              40.69112500004644
            ],
            [
              -74.04598199974936,
              40.69110900019767
            ],
            [
              -74.0459700000538,
              40.69110300008314
            ],
            [
              -74.04542699990559,
              40.69089500031851
            ],
            [
              -74.04503400044351,
              40.69073100009873
            ],
            [
              -74.04456999993802,
              40.69055900016554
            ],
            [
              -74.04388500039789,
              40.69018500002999
            ],
            [
              -74.04386299975826,
              40.690166000196534
            ],
            [
              -74.04345500022758,
              40.68963000022541
            ],
            [
              -74.0434989997102,
              40.68917199974171
            ],
            [
              -74.04361900025911,
              40.68876000021331
            ],
            [
              -74.04394200029931,
              40.68856899967192
            ],
            [
              -74.04395800019282,
              40.688566999784605
            ],
            [
              -74.0441320002701,
              40.68853800004948
            ],
            [
              -74.04434900000508,
              40.6885079996761
            ],
            [
              -74.04444500026453,
              40.688526000037996
            ],
            [
              -74.0447170002511,
              40.6885759999582
            ],
            [
              -74.04479199969586,
              40.688589999847366
            ],
            [
              -74.04507399972816,
              40.6887350003269
            ],
            [
              -74.04537000000417,
              40.68887799993182
            ],
            [
              -74.04624799988815,
              40.689319000181996
            ],
            [
              -74.04648499971461,
              40.689588999770535
            ],
            [
              -74.04691099968697,
              40.6900820000793
            ],
            [
              -74.0469219995576,
              40.690096000333234
            ],
            [
              -74.04718299967352,
              40.690410999820166
            ],
            [
              -74.04715000006156,
              40.690426999836525
            ],
            [
              -74.04704100028162,
              40.69048299986358
            ],
            [
              -74.04703100023589,
              40.690560000079344
            ],
            [
              -74.04702700003791,
              40.690589000296725
            ],
            [
              -74.0470479999543,
              40.69062699971697
            ],
            [
              -74.0471459998636,
              40.69071500015535
            ],
            [
              -74.04719000024454,
              40.6907859999599
            ],
            [
              -74.04719600009231,
              40.69079499983379
            ],
            [
              -74.04720699996298,
              40.690843000275905
            ]
          ],
          [
            [
              -74.04074000038482,
              40.70013100006191
            ],
            [
              -74.04074700005752,
              40.700166999949325
            ],
            [
              -74.04073000033908,
              40.70019300008298
            ],
            [
              -74.0406969998288,
              40.70021499976897
            ],
            [
              -74.04064800032332,
              40.700214000000116
            ],
            [
              -74.0406120003383,
              40.70020100027921
            ],
            [
              -74.04056899978227,
              40.70018799987471
            ],
            [
              -74.0405279997744,
              40.70017599991816
            ],
            [
              -74.04049599998734,
              40.70016199973915
            ],
            [
              -74.04046000000233,
              40.70014900000805
            ],
            [
              -74.0404149997965,
              40.700125999848986
            ],
            [
              -74.04037600033675,
              40.70011200034052
            ],
            [
              -74.04032899958277,
              40.70010100014085
            ],
            [
              -74.04028299955202,
              40.70011099988902
            ],
            [
              -74.04024900011514,
              40.70011699987344
            ],
            [
              -74.04018700019087,
              40.70011399988132
            ],
            [
              -74.04015299985568,
              40.700102999681974
            ],
            [
              -74.04012100006862,
              40.70010100014085
            ],
            [
              -74.04008199971057,
              40.70009200016192
            ],
            [
              -74.04004800027369,
              40.70007400020038
            ],
            [
              -74.04002200033442,
              40.7000609997711
            ],
            [
              -74.03999399984701,
              40.700041000258246
            ],
            [
              -74.03996600025792,
              40.70001800006189
            ],
            [
              -74.03993399957255,
              40.69999400008539
            ],
            [
              -74.03990000013567,
              40.69998100032155
            ],
            [
              -74.0398590001278,
              40.699966000328935
            ],
            [
              -74.03982499979261,
              40.6999550001052
            ],
            [
              -74.03978299995981,
              40.69995200010578
            ],
            [
              -74.03974500032498,
              40.69994999987906
            ],
            [
              -74.03971299963962,
              40.6999280001055
            ],
            [
              -74.03968900024849,
              40.69989899986667
            ],
            [
              -74.03966499995903,
              40.69987300029931
            ],
            [
              -74.03962200030135,
              40.69985600005288
            ],
            [
              -74.03958600031633,
              40.69985300004901
            ],
            [
              -74.03954699995828,
              40.699843000262106
            ],
            [
              -74.03951099997326,
              40.69981600021702
            ],
            [
              -74.03947699963807,
              40.69978199969067
            ],
            [
              -74.03942800013257,
              40.69976299986969
            ],
            [
              -74.03938100027692,
              40.699750000060774
            ],
            [
              -74.03933000022329,
              40.69972699976393
            ],
            [
              -74.03928699966725,
              40.69970799992727
            ],
            [
              -74.03925499988023,
              40.69968699985061
            ],
            [
              -74.03916299981871,
              40.69967700003879
            ],
            [
              -74.03912099998593,
              40.69967100001479
            ],
            [
              -74.03907499995518,
              40.69966800000253
            ],
            [
              -74.03902399990153,
              40.699661999977714
            ],
            [
              -74.03898999956635,
              40.699661999977714
            ],
            [
              -74.03893600003799,
              40.69965500017506
            ],
            [
              -74.03889300038028,
              40.69962500003963
            ],
            [
              -74.03887999996148,
              40.699601999699645
            ],
            [
              -74.0388380001287,
              40.699561999711264
            ],
            [
              -74.03881499966415,
              40.699532000215
            ],
            [
              -74.03880200014369,
              40.69948699992374
            ],
            [
              -74.03879600029592,
              40.69943900026052
            ],
            [
              -74.03878299987711,
              40.69940600000381
            ],
            [
              -74.03877200000645,
              40.6993979997121
            ],
            [
              -74.03875899958766,
              40.69936800014199
            ],
            [
              -74.03874199986923,
              40.699334999850095
            ],
            [
              -74.03872299960264,
              40.69930200022293
            ],
            [
              -74.0386969996634,
              40.69927899977141
            ],
            [
              -74.03866400005141,
              40.699262999837586
            ],
            [
              -74.03863200026437,
              40.699239000270126
            ],
            [
              -74.0385979999292,
              40.69920999973133
            ],
            [
              -74.03856100011927,
              40.699192999996704
            ],
            [
              -74.03853299963185,
              40.699171999757645
            ],
            [
              -74.03851000006564,
              40.69914699969147
            ],
            [
              -74.03849400017211,
              40.69911499975658
            ],
            [
              -74.03849800037008,
              40.699073999689745
            ],
            [
              -74.03846700040793,
              40.69901700028584
            ],
            [
              -74.03845900001201,
              40.69898099977693
            ],
            [
              -74.03846300020997,
              40.69892400029344
            ],
            [
              -74.03846700040793,
              40.69887000012845
            ],
            [
              -74.03845499981405,
              40.698825000071
            ],
            [
              -74.03843499972257,
              40.69879200019113
            ],
            [
              -74.03839600026282,
              40.69872899975601
            ],
            [
              -74.03838000036929,
              40.69871400016254
            ],
            [
              -74.03836799977542,
              40.698686999659884
            ],
            [
              -74.03837199997338,
              40.698668999999704
            ],
            [
              -74.03839200006486,
              40.69866599994237
            ],
            [
              -74.03841999965395,
              40.698665000150285
            ],
            [
              -74.03845300016424,
              40.69868100022773
            ],
            [
              -74.03850500004276,
              40.6987019999405
            ],
            [
              -74.03852699978408,
              40.6987119998987
            ],
            [
              -74.03856899961687,
              40.69873000022827
            ],
            [
              -74.0386060003251,
              40.69871800000908
            ],
            [
              -74.03862300004354,
              40.698698000093
            ],
            [
              -74.03860299995206,
              40.698676999697945
            ],
            [
              -74.03862100039372,
              40.69867100026489
            ],
            [
              -74.03863399991421,
              40.698666999734506
            ],
            [
              -74.03865300018077,
              40.69866299988491
            ],
            [
              -74.03868099976985,
              40.698659999827306
            ],
            [
              -74.03871199973202,
              40.69865399971165
            ],
            [
              -74.03874400041735,
              40.698636999835145
            ],
            [
              -74.03878000040237,
              40.698636000042605
            ],
            [
              -74.03882700025805,
              40.69862399980648
            ],
            [
              -74.03887900013657,
              40.698610999775276
            ],
            [
              -74.03892500016734,
              40.69860699992232
            ],
            [
              -74.03896000032742,
              40.69859499968101
            ],
            [
              -74.03900600035819,
              40.6985939998878
            ],
            [
              -74.03906099971147,
              40.69859699994837
            ],
            [
              -74.03911500013814,
              40.69859200030137
            ],
            [
              -74.03916799984158,
              40.69859499968101
            ],
            [
              -74.03920499965152,
              40.69860399986219
            ],
            [
              -74.03924499983448,
              40.69861399983508
            ],
            [
              -74.03928500001744,
              40.69863200019115
            ],
            [
              -74.0393169998045,
              40.698665000150285
            ],
            [
              -74.03934100009394,
              40.69868400028438
            ],
            [
              -74.03936500038338,
              40.69870899984325
            ],
            [
              -74.03937600025404,
              40.69873100001939
            ],
            [
              -74.03941100041413,
              40.69873700012806
            ],
            [
              -74.03943800017834,
              40.69873899971014
            ],
            [
              -74.03946900014047,
              40.69875199971641
            ],
            [
              -74.03948800040705,
              40.69877699993083
            ],
            [
              -74.0395079996002,
              40.69877999998315
            ],
            [
              -74.03953799973745,
              40.69878699987775
            ],
            [
              -74.03958499959309,
              40.69878999992963
            ],
            [
              -74.03963200034708,
              40.69878999992963
            ],
            [
              -74.03965099971533,
              40.69879500024283
            ],
            [
              -74.03966999998191,
              40.69877499966883
            ],
            [
              -74.03993100009782,
              40.69859000003386
            ],
            [
              -74.04007800041093,
              40.69871499995395
            ],
            [
              -74.04023400004652,
              40.69883299975046
            ],
            [
              -74.04021499977995,
              40.69885400009634
            ],
            [
              -74.04014500035808,
              40.698896999875906
            ],
            [
              -74.04009599995426,
              40.6989340002183
            ],
            [
              -74.04005900014435,
              40.69890699980482
            ],
            [
              -74.04004400007572,
              40.69890299996963
            ],
            [
              -74.04002800018219,
              40.698897999664524
            ],
            [
              -74.0399860003494,
              40.6988869999455
            ],
            [
              -74.0399510001893,
              40.69888200032021
            ],
            [
              -74.03991000018144,
              40.698883000109106
            ],
            [
              -74.03986800034863,
              40.698893000040115
            ],
            [
              -74.03982399996771,
              40.698911000320784
            ],
            [
              -74.03979800002844,
              40.69893700026356
            ],
            [
              -74.0397960003786,
              40.69897699994623
            ],
            [
              -74.039817000295,
              40.69900899994742
            ],
            [
              -74.039845999709,
              40.69903199981115
            ],
            [
              -74.03986300032575,
              40.69904499976019
            ],
            [
              -74.03989900031077,
              40.69906800029249
            ],
            [
              -74.03994799981625,
              40.69909799999772
            ],
            [
              -74.0399799996033,
              40.69912399986751
            ],
            [
              -74.04007000001499,
              40.699171999757645
            ],
            [
              -74.04015799987855,
              40.69919699981444
            ],
            [
              -74.04018600036595,
              40.69921500001296
            ],
            [
              -74.0401899996656,
              40.69924500033304
            ],
            [
              -74.0401899996656,
              40.6992779999885
            ],
            [
              -74.04021099958199,
              40.69931500011927
            ],
            [
              -74.04024300026737,
              40.69933300028592
            ],
            [
              -74.04027800042746,
              40.69935099976668
            ],
            [
              -74.04031600006229,
              40.69936500011613
            ],
            [
              -74.04035100022239,
              40.69937499997479
            ],
            [
              -74.04040200027602,
              40.69939300012521
            ],
            [
              -74.04042599966715,
              40.69941299983262
            ],
            [
              -74.04043800026102,
              40.69943799979897
            ],
            [
              -74.04045499997947,
              40.69946700023855
            ],
            [
              -74.04046699967502,
              40.69949299996432
            ],
            [
              -74.04046599985013,
              40.699527999736326
            ],
            [
              -74.04047000004807,
              40.69955799991544
            ],
            [
              -74.04048400029177,
              40.69959499989074
            ],
            [
              -74.04051199988088,
              40.69962700027612
            ],
            [
              -74.04053100014745,
              40.69965699972959
            ],
            [
              -74.04055299988876,
              40.6996800000506
            ],
            [
              -74.04057800000311,
              40.699710000161254
            ],
            [
              -74.04059999974443,
              40.69973899980137
            ],
            [
              -74.0406120003383,
              40.69976599987761
            ],
            [
              -74.04061700036118,
              40.699802999737386
            ],
            [
              -74.04061499981303,
              40.69982800023842
            ],
            [
              -74.04062400003386,
              40.6998599998308
            ],
            [
              -74.04064400012535,
              40.69988300008171
            ],
            [
              -74.04066300039193,
              40.6999070000982
            ],
            [
              -74.04067400026257,
              40.69993499987947
            ],
            [
              -74.04067400026257,
              40.69996199987632
            ],
            [
              -74.04068400030833,
              40.699982999866286
            ],
            [
              -74.04068699978305,
              40.70000999984368
            ],
            [
              -74.04069099998101,
              40.700050000244055
            ],
            [
              -74.04070199985168,
              40.70007100020633
            ],
            [
              -74.0407189995701,
              40.70009599992567
            ],
            [
              -74.04074000038482,
              40.70013100006191
            ]
          ]
        ]
      }
    },
    {
      "type": "Feature",
      "id": "us-cd:119:34:09",
      "properties": {
        "boundary_id": "us-cd:119:34:09",
        "boundary_type": "congressional_district",
        "name": "9",
        "stateFips": "34",
        "congress": 119,
        "district": "09",
        "bbox": [
          -74.30308299972744,
          40.75060099998193,
          -73.95419399993742,
          41.06361499985553
        ]
      },
      "geometry": {
        "type": "Polygon",
        "coordinates": [
          [
            [
              -74.30308299972744,
              41.01205099981473
            ],
            [
              -74.29283299955344,
              40.98795499999616
            ],
            [
              -74.29766899993544,
              40.97991200000652
            ],
            [
              -74.28168799977703,
              40.979961000075235
            ],
            [
              -74.28203299955854,
              40.969171000045364
            ],
            [
              -74.2700049998753,
              40.97629700028838
            ],
            [
              -74.25355400026194,
              40.96299500021745
            ],
            [
              -74.20899199980137,
              40.9502330000026
            ],
            [
              -74.19688299992725,
              40.955161999783385
            ],
            [
              -74.20613600039161,
              40.91695300021495
            ],
            [
              -74.17412200019628,
              40.90134599986295
            ],
            [
              -74.19831099963216,
              40.85728899981302
            ],
            [
              -74.13001599984528,
              40.81993800025714
            ],
            [
              -74.16353899993635,
              40.75398299983492
            ],
            [
              -74.14476799959213,
              40.75199999983637
            ],
            [
              -74.13035899997696,
              40.777563999763466
            ],
            [
              -74.12718999967446,
              40.771342000178905
            ],
            [
              -74.10923000016535,
              40.77782500030183
            ],
            [
              -74.09078699988417,
              40.761984000035504
            ],
            [
              -74.0936189999028,
              40.75090600017112
            ],
            [
              -74.07868600040601,
              40.75060099998193
            ],
            [
              -74.0336489995693,
              40.792386999710914
            ],
            [
              -74.04124300035005,
              40.79563400027331
            ],
            [
              -74.0336779998816,
              40.80326400004171
            ],
            [
              -74.04492300011543,
              40.80755500022822
            ],
            [
              -74.01684099958055,
              40.823576000010625
            ],
            [
              -73.98473900041998,
              40.79766199983964
            ],
            [
              -73.96357700009808,
              40.82664200000648
            ],
            [
              -73.95419399993742,
              40.848002999854295
            ],
            [
              -73.9681110003563,
              40.847416999992284
            ],
            [
              -73.97682499997205,
              40.82783300023859
            ],
            [
              -74.01094100044006,
              40.84683199998816
            ],
            [
              -74.02166400044206,
              40.83988400025591
            ],
            [
              -74.04860000040607,
              40.87315700016198
            ],
            [
              -74.06830499981245,
              40.87604899985113
            ],
            [
              -74.05568899977514,
              40.90707700018382
            ],
            [
              -74.1402180003387,
              40.92400199977206
            ],
            [
              -74.14817100024638,
              40.94215300031239
            ],
            [
              -74.14104799964379,
              40.96634800033681
            ],
            [
              -74.17027500002632,
              40.983903999751945
            ],
            [
              -74.17114100021473,
              40.97706600015953
            ],
            [
              -74.19181999976456,
              40.97860000018706
            ],
            [
              -74.18730700032106,
              41.017398999986
            ],
            [
              -74.16758000027505,
              41.02378100023623
            ],
            [
              -74.18184099975221,
              41.0354680001562
            ],
            [
              -74.2489539998815,
              41.06361499985553
            ],
            [
              -74.27065799962836,
              41.021032999865156
            ],
            [
              -74.28185199980857,
              41.02439200013664
            ],
            [
              -74.30262699961786,
              41.011994999776725
            ],
            [
              -74.30308299972744,
              41.01205099981473
            ]
          ]
        ]
      }
    },
    {
      "type": "Feature",
      "id": "us-cd:119:34:10",
      "properties": {
        "boundary_id": "us-cd:119:34:10",
        "boundary_type": "congressional_district",
        "name": "10",
        "stateFips": "34",
        "congress": 119,
        "district": "10",
        "bbox": [
          -74.33361099959325,
          40.62679200024059,
          -74.05486500031785,
          40.849622999776436
        ]
      },
      "geometry": {
        "type": "Polygon",
        "coordinates": [
          [
            [
              -74.33361099959325,
              40.649513999748486
            ],
            [
              -74.30486699998279,
              40.63349000003143
            ],
            [
              -74.28886800028103,
              40.63992700008523
            ],
            [
              -74.2658790000461,
              40.62679200024059
            ],
            [
              -74.2559319998208,
              40.63829400011011
            ],
            [
              -74.21619900006954,
              40.643708999892915
            ],
            [
              -74.25406800009783,
              40.67025100011552
            ],
            [
              -74.22217199990327,
              40.67499400020594
            ],
            [
              -74.21234699987671,
              40.690664999796695
            ],
            [
              -74.16238900006583,
              40.68961300008967
            ],
            [
              -74.13655699994159,
              40.67436799975193
            ],
            [
              -74.11455899956853,
              40.70107199980763
            ],
            [
              -74.09449000011406,
              40.68672499975278
            ],
            [
              -74.05549899980434,
              40.716537999705345
            ],
            [
              -74.05486500031785,
              40.73160000003366
            ],
            [
              -74.08928600038438,
              40.73840100031141
            ],
            [
              -74.11705699967631,
              40.71038100018985
            ],
            [
              -74.12098699968693,
              40.72290100001678
            ],
            [
              -74.13867099990983,
              40.72714799974516
            ],
            [
              -74.16712400016547,
              40.7197419997585
            ],
            [
              -74.17676099987105,
              40.72756899978097
            ],
            [
              -74.16195800007061,
              40.736006999802825
            ],
            [
              -74.1654649995836,
              40.750995999948444
            ],
            [
              -74.1925200002716,
              40.75557500002304
            ],
            [
              -74.1897590003981,
              40.76863399971296
            ],
            [
              -74.21852800012292,
              40.78821299967672
            ],
            [
              -74.20567400043424,
              40.80991999980834
            ],
            [
              -74.2078109999687,
              40.82547800017516
            ],
            [
              -74.22677200028373,
              40.794579000325655
            ],
            [
              -74.23772899973915,
              40.803527000050906
            ],
            [
              -74.22024100023314,
              40.83410700011578
            ],
            [
              -74.2516019997771,
              40.849622999776436
            ],
            [
              -74.25980499993001,
              40.83487600022485
            ],
            [
              -74.2852129997317,
              40.847026999883795
            ],
            [
              -74.2878580001526,
              40.83441300006898
            ],
            [
              -74.30022499976954,
              40.832485999681865
            ],
            [
              -74.27642600032101,
              40.81456799982325
            ],
            [
              -74.30472100039292,
              40.75787599983204
            ],
            [
              -74.26782899998278,
              40.76230299975762
            ],
            [
              -74.23467099976472,
              40.75055600018145
            ],
            [
              -74.25136099975268,
              40.737533999924935
            ],
            [
              -74.24312699963761,
              40.73200500025834
            ],
            [
              -74.25566800023014,
              40.71346200025015
            ],
            [
              -74.29402099995711,
              40.719749000173316
            ],
            [
              -74.31109199971159,
              40.70112100009247
            ],
            [
              -74.30679799965289,
              40.68060600000587
            ],
            [
              -74.32247800041073,
              40.67684899966553
            ],
            [
              -74.33272400038676,
              40.65039399980077
            ],
            [
              -74.33361099959325,
              40.649513999748486
            ]
          ]
        ]
      }
    },
    {
      "type": "Feature",
      "id": "us-cd:119:34:11",
      "properties": {
        "boundary_id": "us-cd:119:34:11",
        "boundary_type": "congressional_district",
        "name": "11",
        "stateFips": "34",
        "congress": 119,
        "district": "11",
        "bbox": [
          -74.64601899977521,
          40.688038000236716,
          -74.13001599984528,
          41.086114000324535
        ]
      },
      "geometry": {
        "type": "Polygon",
        "coordinates": [
          [
            [
              -74.64601899977521,
              40.83742899973842
            ],
            [
              -74.62803900017462,
              40.83033300011689
            ],
            [
              -74.63064699988728,
              40.80470999999517
            ],
            [
              -74.57158499957494,
              40.81562000001326
            ],
            [
              -74.56601199977429,
              40.80632599967297
            ],
            [
              -74.57735999994028,
              40.80487299995662
            ],
            [
              -74.56828399992627,
              40.79440200017152
            ],
            [
              -74.54999100033125,
              40.7970960000559
            ],
            [
              -74.5425890000694,
              40.80174900006531
            ],
            [
              -74.54815400037243,
              40.80912800007015
            ],
            [
              -74.5381750003601,
              40.81111000033314
            ],
            [
              -74.54935000027372,
              40.73385300032523
            ],
            [
              -74.53089299974886,
              40.72985399988796
            ],
            [
              -74.5137170004124,
              40.69775000018039
            ],
            [
              -74.44944899982221,
              40.71739200019575
            ],
            [
              -74.44376200021875,
              40.688038000236716
            ],
            [
              -74.39085400038844,
              40.71828399992831
            ],
            [
              -74.37173800026272,
              40.73964000006434
            ],
            [
              -74.32559599976132,
              40.717074999892205
            ],
            [
              -74.30352299994348,
              40.71318799970425
            ],
            [
              -74.28552499990124,
              40.72226200007554
            ],
            [
              -74.25272900008142,
              40.71531400002156
            ],
            [
              -74.24312699963761,
              40.73200500025834
            ],
            [
              -74.25136099975268,
              40.737533999924935
            ],
            [
              -74.23467099976472,
              40.75055600018145
            ],
            [
              -74.26782899998278,
              40.76230299975762
            ],
            [
              -74.30472100039292,
              40.75787599983204
            ],
            [
              -74.27642600032101,
              40.81456799982325
            ],
            [
              -74.30022499976954,
              40.832485999681865
            ],
            [
              -74.2878580001526,
              40.83441300006898
            ],
            [
              -74.2852129997317,
              40.847026999883795
            ],
            [
              -74.25980499993001,
              40.83487600022485
            ],
            [
              -74.2516019997771,
              40.849622999776436
            ],
            [
              -74.22024100023314,
              40.83410700011578
            ],
            [
              -74.23772899973915,
              40.803527000050906
            ],
            [
              -74.22677200028373,
              40.794579000325655
            ],
            [
              -74.2078109999687,
              40.82547800017516
            ],
            [
              -74.20567400043424,
              40.80991999980834
            ],
            [
              -74.21852800012292,
              40.78821299967672
            ],
            [
              -74.18945399990125,
              40.768276999777086
            ],
            [
              -74.17156800001199,
              40.78826700012708
            ],
            [
              -74.14834199995059,
              40.77988500019534
            ],
            [
              -74.13001599984528,
              40.81993800025714
            ],
            [
              -74.19831099963216,
              40.85728899981302
            ],
            [
              -74.17412200019628,
              40.90134599986295
            ],
            [
              -74.20613600039161,
              40.91695300021495
            ],
            [
              -74.19580199965372,
              40.93550899967665
            ],
            [
              -74.19802799977494,
              40.956488000064844
            ],
            [
              -74.20899199980137,
              40.9502330000026
            ],
            [
              -74.2700049998753,
              40.97629700028838
            ],
            [
              -74.28203299955854,
              40.969171000045364
            ],
            [
              -74.28168799977703,
              40.979961000075235
            ],
            [
              -74.29766899993544,
              40.97991200000652
            ],
            [
              -74.29917500035644,
              41.0030550000433
            ],
            [
              -74.38729099990063,
              41.011693000034306
            ],
            [
              -74.41887599975057,
              41.02872899967657
            ],
            [
              -74.43504000020705,
              41.02002099973441
            ],
            [
              -74.42694300035934,
              41.035980999937564
            ],
            [
              -74.4468629998509,
              41.054415000053616
            ],
            [
              -74.49763400014675,
              41.03411599981535
            ],
            [
              -74.48683499997675,
              41.07644499976188
            ],
            [
              -74.50076800028916,
              41.086114000324535
            ],
            [
              -74.64135700036879,
              40.962668999779325
            ],
            [
              -74.63643999979594,
              40.94263799991609
            ],
            [
              -74.62422700016478,
              40.942681000049035
            ],
            [
              -74.59486099986505,
              40.902409999876774
            ],
            [
              -74.58103499968277,
              40.91522899997176
            ],
            [
              -74.56595400004797,
              40.90830599997299
            ],
            [
              -74.58425900023687,
              40.87197899997492
            ],
            [
              -74.60227499982248,
              40.86257599970071
            ],
            [
              -74.62364200018378,
              40.866831000316914
            ],
            [
              -74.64601299992742,
              40.83744999982749
            ],
            [
              -74.64601899977521,
              40.83742899973842
            ]
          ]
        ]
      }
    },
    {
      "type": "Feature",
      "id": "us-cd:119:34:12",
      "properties": {
        "boundary_id": "us-cd:119:34:12",
        "boundary_type": "congressional_district",
        "name": "12",
        "stateFips": "34",
        "congress": 119,
        "district": "12",
        "bbox": [
          -74.94290899958102,
          40.183838999720784,
          -74.2604019996066,
          40.644345999659755
        ]
      },
      "geometry": {
        "type": "Polygon",
        "coordinates": [
          [
            [
              -74.94290899958102,
              40.34168300020672
            ],
            [
              -74.88060900026754,
              40.30560700009046
            ],
            [
              -74.84230800041911,
              40.25050800004885
            ],
            [
              -74.77143699980836,
              40.21517600032993
            ],
            [
              -74.75175999999105,
              40.183838999720784
            ],
            [
              -74.75284100026461,
              40.19833999972934
            ],
            [
              -74.7349789997665,
              40.20066299998188
            ],
            [
              -74.72880799956604,
              40.220767999943774
            ],
            [
              -74.7394779998646,
              40.231507000102084
            ],
            [
              -74.73179100009571,
              40.242191999844366
            ],
            [
              -74.74894200021615,
              40.23981100009797
            ],
            [
              -74.75631000014279,
              40.24871300025131
            ],
            [
              -74.74929500039354,
              40.26053899991835
            ],
            [
              -74.76222400042529,
              40.28427399978768
            ],
            [
              -74.74373299956522,
              40.33138000003579
            ],
            [
              -74.71322099959293,
              40.358475999830794
            ],
            [
              -74.64993700009026,
              40.241758999969235
            ],
            [
              -74.60770899970595,
              40.253169000126206
            ],
            [
              -74.5992849996201,
              40.24682999975985
            ],
            [
              -74.5673869997757,
              40.278522000086184
            ],
            [
              -74.57292399959137,
              40.30119699976388
            ],
            [
              -74.48910600030382,
              40.277155999748366
            ],
            [
              -74.48192699962473,
              40.27382200003024
            ],
            [
              -74.48496200003295,
              40.25332500007391
            ],
            [
              -74.46101700009625,
              40.251121999942036
            ],
            [
              -74.39343799981162,
              40.27954800022138
            ],
            [
              -74.37754500041511,
              40.30543199997928
            ],
            [
              -74.2604019996066,
              40.396666000056285
            ],
            [
              -74.26140699971218,
              40.41271600010752
            ],
            [
              -74.27495800043316,
              40.42536400012128
            ],
            [
              -74.30489299992205,
              40.41548999971084
            ],
            [
              -74.30156399978596,
              40.43540599972228
            ],
            [
              -74.31362900017743,
              40.45061699987033
            ],
            [
              -74.36153999996726,
              40.416595000091355
            ],
            [
              -74.35358500040977,
              40.43183599986152
            ],
            [
              -74.37155599978952,
              40.45620400006947
            ],
            [
              -74.3783760004434,
              40.45248300004786
            ],
            [
              -74.37565200037982,
              40.46109700025741
            ],
            [
              -74.38608900015156,
              40.45952099997879
            ],
            [
              -74.3756370003112,
              40.47509299981354
            ],
            [
              -74.38507800019819,
              40.48721200009942
            ],
            [
              -74.46037900041179,
              40.477626000024664
            ],
            [
              -74.47734399986105,
              40.46724399999913
            ],
            [
              -74.48949100026827,
              40.47445199988398
            ],
            [
              -74.45917900031255,
              40.49661900008038
            ],
            [
              -74.51984300040701,
              40.55558399977153
            ],
            [
              -74.46966999961262,
              40.585567000301396
            ],
            [
              -74.45973599980614,
              40.58155300010574
            ],
            [
              -74.45513200012606,
              40.59595400024261
            ],
            [
              -74.39471999992665,
              40.60098899997827
            ],
            [
              -74.38272499985537,
              40.62946700025215
            ],
            [
              -74.4085300002154,
              40.644345999659755
            ],
            [
              -74.46495100030482,
              40.61127100013606
            ],
            [
              -74.45972699958531,
              40.60008800002688
            ],
            [
              -74.51614900039793,
              40.5813269999391
            ],
            [
              -74.52391700035767,
              40.569669999751135
            ],
            [
              -74.52470300018012,
              40.581839000037164
            ],
            [
              -74.53940200022352,
              40.571423000003996
            ],
            [
              -74.58625900040228,
              40.57053099988475
            ],
            [
              -74.58957099992163,
              40.56118299998771
            ],
            [
              -74.61609599998188,
              40.556040999979736
            ],
            [
              -74.63712299968624,
              40.56476200031308
            ],
            [
              -74.67454099962782,
              40.547713000314346
            ],
            [
              -74.68786100037013,
              40.555116000320474
            ],
            [
              -74.70918299962729,
              40.537596000129426
            ],
            [
              -74.70754200038539,
              40.52802900018182
            ],
            [
              -74.68457200041702,
              40.51718599969969
            ],
            [
              -74.69096000035246,
              40.51429699971635
            ],
            [
              -74.68280400005521,
              40.48710400019775
            ],
            [
              -74.6553400000116,
              40.47803900008602
            ],
            [
              -74.70182300009655,
              40.468241999788596
            ],
            [
              -74.71533399973626,
              40.44206099969575
            ],
            [
              -74.74030300004512,
              40.43940300005703
            ],
            [
              -74.75201299971106,
              40.43136100024754
            ],
            [
              -74.74814700017285,
              40.424155999900904
            ],
            [
              -74.80846999978546,
              40.416663999988465
            ],
            [
              -74.80201599972779,
              40.384972000083565
            ],
            [
              -74.86967799985307,
              40.377773999809385
            ],
            [
              -74.8562619997496,
              40.34669599976677
            ],
            [
              -74.94224900015527,
              40.34154399970268
            ],
            [
              -74.94290899958102,
              40.34168300020672
            ]
          ]
        ]
      }
    }
  ]
}
