{
  "type": "FeatureCollection",
  "features": [
    {
      "type": "Feature",
      "id": "us-county:29:001",
      "properties": {
        "boundary_id": "us-county:29:001",
        "boundary_type": "county",
        "name": "Adair County",
        "stateFips": "29",
        "countyFips": "001",
        "bbox": [
          -92.85619099979381,
          40.03720999977345,
          -92.34506400042886,
          40.34650499988572
        ]
      },
      "geometry": {
        "type": "Polygon",
        "coordinates": [
          [
            [
              -92.6291900000594,
              40.34367900013847
            ],
            [
              -92.85562900027735,
              40.342736000293094
            ],
            [
              -92.85619099979381,
              40.03725300009599
            ],
            [
              -92.34506400042886,
              40.03720999977345
            ],
            [
              -92.34997500025563,
              40.34650499988572
            ],
            [
              -92.62538499972224,
              40.34369999975557
            ],
            [
              -92.6291900000594,
              40.34367900013847
            ]
          ]
        ]
      }
    },
    {
      "type": "Feature",
      "id": "us-county:29:003",
      "properties": {
        "boundary_id": "us-county:29:003",
        "boundary_type": "county",
        "name": "Andrew County",
        "stateFips": "29",
        "countyFips": "003",
        "bbox": [
          -95.06079699961599,
          39.8199059998019,
          -94.60282999997641,
          40.12842000027744
        ]
      },
      "geometry": {
        "type": "Polygon",
        "coordinates": [
          [
            [
              -94.60401099980909,
              39.8781609998486
            ],
            [
              -94.6061580002876,
              40.12631600016689
            ],
            [
              -95.04790899959212,
              40.12842000027744
            ],
            [
              -95.03929700008361,
              40.127434999904395
            ],
            [
              -95.04567999999618,
              40.11915099969137
            ],
            [
              -95.033467000365,
              40.10894599966561
            ],
            [
              -95.04437299976681,
              40.10194800012874
            ],
            [
              -95.03823699972645,
              40.09963700009803
            ],
            [
              -95.04641800013805,
              40.07413300003625
            ],
            [
              -95.06079699961599,
              40.07026200019914
            ],
            [
              -95.03941000006152,
              40.05974099982467
            ],
            [
              -95.03537899976855,
              40.044933000063644
            ],
            [
              -95.019110999555,
              40.052177000060524
            ],
            [
              -95.01054199970417,
              40.046760999772765
            ],
            [
              -95.0159520001965,
              40.04183499981097
            ],
            [
              -95.00422599973876,
              40.02687800010161
            ],
            [
              -95.01093300041472,
              40.001258999733295
            ],
            [
              -94.99392000038658,
              39.969963999734205
            ],
            [
              -95.00300899992106,
              39.95833700031287
            ],
            [
              -94.9962660001584,
              39.96139500032895
            ],
            [
              -94.9970479997829,
              39.945501000207095
            ],
            [
              -94.98797799961666,
              39.944155999722014
            ],
            [
              -95.0067430001131,
              39.9226970003213
            ],
            [
              -94.99339200030698,
              39.91503099972064
            ],
            [
              -94.99338200026125,
              39.89790600014392
            ],
            [
              -94.95517799959887,
              39.90128800023796
            ],
            [
              -94.93015999978454,
              39.889933999811824
            ],
            [
              -94.92782599970826,
              39.87781699978911
            ],
            [
              -94.94295999994483,
              39.859457000080404
            ],
            [
              -94.92375000010779,
              39.839674000203516
            ],
            [
              -94.88650399969532,
              39.833336000239676
            ],
            [
              -94.87655800019327,
              39.82088299973064
            ],
            [
              -94.60282999997641,
              39.8199059998019
            ],
            [
              -94.60400999998419,
              39.87805100020562
            ],
            [
              -94.60401099980909,
              39.8781609998486
            ]
          ]
        ]
      }
    },
    {
      "type": "Feature",
      "id": "us-county:29:005",
      "properties": {
        "boundary_id": "us-county:29:005",
        "boundary_type": "county",
        "name": "Atchison County",
        "stateFips": "29",
        "countyFips": "005",
        "bbox": [
          -95.77470400039076,
          40.26170600031921,
          -95.1777079997226,
          40.58520800014405
        ]
      },
      "geometry": {
        "type": "Polygon",
        "coordinates": [
          [
            [
              -95.66126399981215,
              40.41661399974297
            ],
            [
              -95.62268400030446,
              40.34232300026568
            ],
            [
              -95.65372900037922,
              40.322582000255075
            ],
            [
              -95.65732799995374,
              40.31085600004829
            ],
            [
              -95.61043899998792,
              40.31397000007456
            ],
            [
              -95.56215699957902,
              40.29735899986191
            ],
            [
              -95.55096599977185,
              40.285946999733696
            ],
            [
              -95.55481700013976,
              40.26446000021401
            ],
            [
              -95.18061400025937,
              40.26170600031921
            ],
            [
              -95.1777079997226,
              40.478902999742004
            ],
            [
              -95.20201699970738,
              40.47913499987541
            ],
            [
              -95.20226500030282,
              40.578488000160355
            ],
            [
              -95.76564500009518,
              40.58520800014405
            ],
            [
              -95.77470400039076,
              40.573574000170495
            ],
            [
              -95.76383300025074,
              40.55387300015211
            ],
            [
              -95.76869300002386,
              40.53410600008002
            ],
            [
              -95.75710999968123,
              40.52599000011871
            ],
            [
              -95.70859100034419,
              40.521551000024616
            ],
            [
              -95.69549499990785,
              40.53202099975563
            ],
            [
              -95.69414699967061,
              40.55694200025518
            ],
            [
              -95.67871500040653,
              40.5625609999768
            ],
            [
              -95.65584800037031,
              40.546608999840025
            ],
            [
              -95.66168099956366,
              40.517311999757126
            ],
            [
              -95.69996899989161,
              40.50527499999936
            ],
            [
              -95.69465100035907,
              40.47145199981882
            ],
            [
              -95.65657499974324,
              40.438701000296014
            ],
            [
              -95.66070999979327,
              40.41882699978051
            ],
            [
              -95.66126399981215,
              40.41661399974297
            ]
          ]
        ]
      }
    },
    {
      "type": "Feature",
      "id": "us-county:29:007",
      "properties": {
        "boundary_id": "us-county:29:007",
        "boundary_type": "county",
        "name": "Audrain County",
        "stateFips": "29",
        "countyFips": "007",
        "bbox": [
          -92.31447100026571,
          39.05905700001107,
          -91.40903300030956,
          39.34779499997148
        ]
      },
      "geometry": {
        "type": "Polygon",
        "coordinates": [
          [
            [
              -92.31447100026571,
              39.246454000190084
            ],
            [
              -92.10437399988119,
              39.239809000277866
            ],
            [
              -92.11038699989788,
              39.06420400024297
            ],
            [
              -91.63399799989355,
              39.05905700001107
            ],
            [
              -91.62959800042798,
              39.14785299992686
            ],
            [
              -91.40903300030956,
              39.14254200002064
            ],
            [
              -91.43823499967942,
              39.31871599986318
            ],
            [
              -91.71846700018267,
              39.324505000200915
            ],
            [
              -91.72266099978393,
              39.33930100030086
            ],
            [
              -92.31002800024412,
              39.34779499997148
            ],
            [
              -92.31426700005122,
              39.24751099976786
            ],
            [
              -92.31447100026571,
              39.246454000190084
            ]
          ]
        ]
      }
    },
    {
      "type": "Feature",
      "id": "us-county:29:009",
      "properties": {
        "boundary_id": "us-county:29:009",
        "boundary_type": "county",
        "name": "Barry County",
        "stateFips": "29",
        "countyFips": "009",
        "bbox": [
          -94.07708900005858,
          36.49866899965389,
          -93.57380000007525,
          36.93177500006468
        ]
      },
      "geometry": {
        "type": "Polygon",
        "coordinates": [
          [
            [
              -93.58178399994506,
              36.58606700032903
            ],
            [
              -93.57380000007525,
              36.82003199969748
            ],
            [
              -93.61292899957894,
              36.82056200014232
            ],
            [
              -93.61100299993169,
              36.922831000334014
            ],
            [
              -94.06273999981957,
              36.93177500006468
            ],
            [
              -94.07708900005858,
              36.49866899965389
            ],
            [
              -93.58426199996136,
              36.499167000093244
            ],
            [
              -93.58184300039461,
              36.58485500031327
            ],
            [
              -93.58178399994506,
              36.58606700032903
            ]
          ]
        ]
      }
    },
    {
      "type": "Feature",
      "id": "us-county:29:011",
      "properties": {
        "boundary_id": "us-county:29:011",
        "boundary_type": "county",
        "name": "Barton County",
        "stateFips": "29",
        "countyFips": "011",
        "bbox": [
          -94.6176980000742,
          37.349291000340266,
          -94.07352399992094,
          37.65357799981706
        ]
      },
      "geometry": {
        "type": "Polygon",
        "coordinates": [
          [
            [
              -94.6176980000742,
              37.65357799981706
            ],
            [
              -94.6175700000277,
              37.36416999990575
            ],
            [
              -94.08208299972601,
              37.349291000340266
            ],
            [
              -94.07352399992094,
              37.63972199983612
            ],
            [
              -94.61718099986525,
              37.65357200002351
            ],
            [
              -94.6176980000742,
              37.65357799981706
            ]
          ]
        ]
      }
    },
    {
      "type": "Feature",
      "id": "us-county:29:013",
      "properties": {
        "boundary_id": "us-county:29:013",
        "boundary_type": "county",
        "name": "Bates County",
        "stateFips": "29",
        "countyFips": "013",
        "bbox": [
          -94.61406099996654,
          38.0259519996548,
          -94.04989500035174,
          38.4776330000153
        ]
      },
      "geometry": {
        "type": "Polygon",
        "coordinates": [
          [
            [
              -94.6134590002671,
              38.425444999754355
            ],
            [
              -94.61406099996654,
              38.060056000216164
            ],
            [
              -94.24061899979426,
              38.050819000100276
            ],
            [
              -94.23044599961318,
              38.04560900026766
            ],
            [
              -94.24065999980215,
              38.03979299988086
            ],
            [
              -94.23351399963333,
              38.032225999694475
            ],
            [
              -94.2451260002883,
              38.03046800024011
            ],
            [
              -94.2365880003996,
              38.0259519996548
            ],
            [
              -94.22484900042137,
              38.027336999781284
            ],
            [
              -94.22388899962333,
              38.04034800010575
            ],
            [
              -94.21504000028834,
              38.03402299977426
            ],
            [
              -94.20282000008618,
              38.05429200024119
            ],
            [
              -94.19472400006339,
              38.052706000038796
            ],
            [
              -94.19606100042996,
              38.033790999668135
            ],
            [
              -94.19088600011426,
              38.045185999886485
            ],
            [
              -94.13223100040604,
              38.05816000026664
            ],
            [
              -94.10991099981769,
              38.03731999994657
            ],
            [
              -94.10191199987926,
              38.04810499997162
            ],
            [
              -94.08523899960974,
              38.03246499978124
            ],
            [
              -94.06133300003108,
              38.0315510001025
            ],
            [
              -94.04989500035174,
              38.2139849998675
            ],
            [
              -94.07521399956664,
              38.21450200011824
            ],
            [
              -94.06571300030349,
              38.4470870001415
            ],
            [
              -94.0937470002595,
              38.45860599977328
            ],
            [
              -94.20035100029071,
              38.44526800029788
            ],
            [
              -94.2393259998086,
              38.46026199990817
            ],
            [
              -94.26435100019397,
              38.449605000074726
            ],
            [
              -94.31216999992228,
              38.471495999800766
            ],
            [
              -94.61276799998089,
              38.4776330000153
            ],
            [
              -94.61344500002339,
              38.4260679998283
            ],
            [
              -94.6134590002671,
              38.425444999754355
            ]
          ]
        ]
      }
    },
    {
      "type": "Feature",
      "id": "us-county:29:015",
      "properties": {
        "boundary_id": "us-county:29:015",
        "boundary_type": "county",
        "name": "Benton County",
        "stateFips": "29",
        "countyFips": "015",
        "bbox": [
          -93.52348400006407,
          38.06247899997312,
          -93.05907300041258,
          38.53538800030284
        ]
      },
      "geometry": {
        "type": "Polygon",
        "coordinates": [
          [
            [
              -93.51564800033226,
              38.37400100019234
            ],
            [
              -93.52348400006407,
              38.207216000147206
            ],
            [
              -93.49728000039417,
              38.19908700015562
            ],
            [
              -93.50394600016395,
              38.07312299976225
            ],
            [
              -93.06519900040719,
              38.06247899997312
            ],
            [
              -93.05907300041258,
              38.185685000343724
            ],
            [
              -93.08216399985645,
              38.1865029999483
            ],
            [
              -93.06735199983514,
              38.53009400002589
            ],
            [
              -93.29045400041942,
              38.53538800030284
            ],
            [
              -93.29185100016214,
              38.506321000095944
            ],
            [
              -93.51274299962039,
              38.51247599983188
            ],
            [
              -93.51564199958618,
              38.37416500031889
            ],
            [
              -93.51564800033226,
              38.37400100019234
            ]
          ]
        ]
      }
    },
    {
      "type": "Feature",
      "id": "us-county:29:017",
      "properties": {
        "boundary_id": "us-county:29:017",
        "boundary_type": "county",
        "name": "Bollinger County",
        "stateFips": "29",
        "countyFips": "017",
        "bbox": [
          -90.22322999978077,
          37.040109999891655,
          -89.86112300025403,
          37.59928600021005
        ]
      },
      "geometry": {
        "type": "Polygon",
        "coordinates": [
          [
            [
              -89.959574000361,
              37.12725100007721
            ],
            [
              -89.86662699955937,
              37.126226999778545
            ],
            [
              -89.86112300025403,
              37.59928600021005
            ],
            [
              -90.14676299980313,
              37.59743400020934
            ],
            [
              -90.1385360002591,
              37.54121900023775
            ],
            [
              -90.14569900014634,
              37.3120910002664
            ],
            [
              -90.21765699998012,
              37.31496700005372
            ],
            [
              -90.22322999978077,
              37.08651899996861
            ],
            [
              -90.11035400016509,
              37.08587099964757
            ],
            [
              -90.11124700011767,
              37.04120500006582
            ],
            [
              -89.99572000023332,
              37.040109999891655
            ],
            [
              -89.99585199957949,
              37.0547340002689
            ],
            [
              -89.95919600006926,
              37.05438000018198
            ],
            [
              -89.95959100007946,
              37.12505100005397
            ],
            [
              -89.959574000361,
              37.12725100007721
            ]
          ]
        ]
      }
    },
    {
      "type": "Feature",
      "id": "us-county:29:019",
      "properties": {
        "boundary_id": "us-county:29:019",
        "boundary_type": "county",
        "name": "Boone County",
        "stateFips": "29",
        "countyFips": "019",
        "bbox": [
          -92.57015600023446,
          38.64316699980489,
          -92.10437399988119,
          39.24879500013088
        ]
      },
      "geometry": {
        "type": "Polygon",
        "coordinates": [
          [
            [
              -92.19862999966371,
              39.24234599989803
            ],
            [
              -92.43022900012875,
              39.24879500013088
            ],
            [
              -92.5651600000189,
              38.998647000053694
            ],
            [
              -92.55649499990862,
              38.98542600013799
            ],
            [
              -92.57015600023446,
              38.97972800023265
            ],
            [
              -92.47774900010633,
              38.90628200001772
            ],
            [
              -92.47963999959347,
              38.8774390002185
            ],
            [
              -92.45671700037909,
              38.860268999928344
            ],
            [
              -92.43990600001732,
              38.83134600016665
            ],
            [
              -92.42117999987892,
              38.81975400022486
            ],
            [
              -92.38439100029926,
              38.8154879996559
            ],
            [
              -92.38298000031283,
              38.7897250002006
            ],
            [
              -92.40707800041042,
              38.772597999770234
            ],
            [
              -92.40863599981164,
              38.75824299990787
            ],
            [
              -92.39745599987513,
              38.740523000157644
            ],
            [
              -92.3602160002088,
              38.730132999868474
            ],
            [
              -92.34409299976015,
              38.71506899999082
            ],
            [
              -92.36090999996973,
              38.681848000179606
            ],
            [
              -92.2933700000432,
              38.66656400013875
            ],
            [
              -92.25152300032371,
              38.644189999663574
            ],
            [
              -92.22066099964873,
              38.64316699980489
            ],
            [
              -92.21845999964187,
              38.68905100027773
            ],
            [
              -92.22601500006458,
              38.69855399990985
            ],
            [
              -92.21569100027075,
              38.702487000280534
            ],
            [
              -92.21218600040757,
              38.72011700002493
            ],
            [
              -92.19243099987415,
              38.72613200014706
            ],
            [
              -92.194159000053,
              38.73664699970859
            ],
            [
              -92.18181400017735,
              38.73861599970571
            ],
            [
              -92.18612300030466,
              38.74787800002947
            ],
            [
              -92.171903999762,
              38.76442299985697
            ],
            [
              -92.16285899971011,
              38.765205999882085
            ],
            [
              -92.16781200026797,
              38.77678600007192
            ],
            [
              -92.15815899977055,
              38.785088999853755
            ],
            [
              -92.1582819997942,
              38.80205000001257
            ],
            [
              -92.14523499976168,
              38.79626900011596
            ],
            [
              -92.15095700042357,
              38.80604299967368
            ],
            [
              -92.13524499987868,
              38.81389400018525
            ],
            [
              -92.152881000421,
              38.826287999904515
            ],
            [
              -92.140279999554,
              38.845301000003474
            ],
            [
              -92.15417199985852,
              38.85350400021169
            ],
            [
              -92.14927199990242,
              38.866238000054814
            ],
            [
              -92.16249999968491,
              38.86558499987251
            ],
            [
              -92.14818800015415,
              38.885532999667014
            ],
            [
              -92.16882999989403,
              38.897973000056766
            ],
            [
              -92.15500299988683,
              38.91554599986729
            ],
            [
              -92.1608379996283,
              38.92543799965559
            ],
            [
              -92.15390700044297,
              38.924314999936335
            ],
            [
              -92.14642900001314,
              38.98073200008676
            ],
            [
              -92.1381249995779,
              38.985316000134915
            ],
            [
              -92.14047000042311,
              39.006829999987914
            ],
            [
              -92.13022000024912,
              39.02364199976614
            ],
            [
              -92.14078400024246,
              39.03013500028868
            ],
            [
              -92.12857499991095,
              39.04783199986928
            ],
            [
              -92.13151200040987,
              39.06448400003472
            ],
            [
              -92.11038699989788,
              39.06420400024297
            ],
            [
              -92.10437399988119,
              39.239809000277866
            ],
            [
              -92.1984670003554,
              39.24233799975958
            ],
            [
              -92.19862999966371,
              39.24234599989803
            ]
          ]
        ]
      }
    },
    {
      "type": "Feature",
      "id": "us-county:29:021",
      "properties": {
        "boundary_id": "us-county:29:021",
        "boundary_type": "county",
        "name": "Buchanan County",
        "stateFips": "29",
        "countyFips": "021",
        "bbox": [
          -95.11311699999055,
          39.53016999986716,
          -94.60121499977548,
          39.82088299973064
        ]
      },
      "geometry": {
        "type": "Polygon",
        "coordinates": [
          [
            [
              -94.60231600014052,
              39.70390599969401
            ],
            [
              -94.60282999997641,
              39.8199059998019
            ],
            [
              -94.87655800019327,
              39.82088299973064
            ],
            [
              -94.88465199966792,
              39.79399699999843
            ],
            [
              -94.92755799991967,
              39.789209999817906
            ],
            [
              -94.93578000033915,
              39.77890899997832
            ],
            [
              -94.91094900012256,
              39.75917800011644
            ],
            [
              -94.86714300024553,
              39.771693999777376
            ],
            [
              -94.85903499962888,
              39.75411599975481
            ],
            [
              -94.86504799964557,
              39.73859099988081
            ],
            [
              -94.90104399973005,
              39.724057999790624
            ],
            [
              -94.94754100005872,
              39.74533699975466
            ],
            [
              -94.96266199987649,
              39.74133700029203
            ],
            [
              -94.97120599961293,
              39.72930499978462
            ],
            [
              -94.97121800020683,
              39.68653300011584
            ],
            [
              -95.02459499966717,
              39.66848499989526
            ],
            [
              -95.05426700028865,
              39.62774500024111
            ],
            [
              -95.05058999999802,
              39.58756299978985
            ],
            [
              -95.06709500003805,
              39.57650199986571
            ],
            [
              -95.10322800038989,
              39.57778300021926
            ],
            [
              -95.11311699999055,
              39.5521100000155
            ],
            [
              -95.10140800014955,
              39.53325499966687
            ],
            [
              -94.60121499977548,
              39.53016999986716
            ],
            [
              -94.60230500026987,
              39.70272800012983
            ],
            [
              -94.60231600014052,
              39.70390599969401
            ]
          ]
        ]
      }
    },
    {
      "type": "Feature",
      "id": "us-county:29:023",
      "properties": {
        "boundary_id": "us-county:29:023",
        "boundary_type": "county",
        "name": "Butler County",
        "stateFips": "29",
        "countyFips": "023",
        "bbox": [
          -90.67971900038508,
          36.49854700014248,
          -90.13434400030765,
          36.92650800003138
        ]
      },
      "geometry": {
        "type": "Polygon",
        "coordinates": [
          [
            [
              -90.67971900038508,
              36.88345300028933
            ],
            [
              -90.66124400031684,
              36.88290899971595
            ],
            [
              -90.66261699977015,
              36.811453000262524
            ],
            [
              -90.62751700001127,
              36.81095399998982
            ],
            [
              -90.62838700039765,
              36.679544000009585
            ],
            [
              -90.59216600018226,
              36.679368000177284
            ],
            [
              -90.59297399974602,
              36.59210000031132
            ],
            [
              -90.57475899996881,
              36.591849999951435
            ],
            [
              -90.57617900017607,
              36.49854700014248
            ],
            [
              -90.2177180000795,
              36.498678000273166
            ],
            [
              -90.22007600044519,
              36.52192700004004
            ],
            [
              -90.20523400028668,
              36.53031599989311
            ],
            [
              -90.20972499998885,
              36.54239200012989
            ],
            [
              -90.18566600024931,
              36.548485000126995
            ],
            [
              -90.1806800000795,
              36.56948700013815
            ],
            [
              -90.18763299990447,
              36.57875200034027
            ],
            [
              -90.18047099984213,
              36.58265799993877
            ],
            [
              -90.1867359997539,
              36.588137999736325
            ],
            [
              -90.18050000015445,
              36.59744199976168
            ],
            [
              -90.17367700002583,
              36.59328499995769
            ],
            [
              -90.17502400043817,
              36.606027999732895
            ],
            [
              -90.16235399997419,
              36.60463500011016
            ],
            [
              -90.16871500014547,
              36.61461999998869
            ],
            [
              -90.15876500044543,
              36.61420200025778
            ],
            [
              -90.1569970000836,
              36.62635499985073
            ],
            [
              -90.14763599966423,
              36.62351400027859
            ],
            [
              -90.15547200029435,
              36.62983499984907
            ],
            [
              -90.13879800019991,
              36.64235600001069
            ],
            [
              -90.14698999958385,
              36.65750099981224
            ],
            [
              -90.13434400030765,
              36.662282000167004
            ],
            [
              -90.14929100004817,
              36.672046999993334
            ],
            [
              -90.13987100007755,
              36.69642300034302
            ],
            [
              -90.15330300007453,
              36.702023999666324
            ],
            [
              -90.14840300011844,
              36.71055900016357
            ],
            [
              -90.1644739997902,
              36.72492000014665
            ],
            [
              -90.16249000041664,
              36.73430200031948
            ],
            [
              -90.18781299982952,
              36.7561149999221
            ],
            [
              -90.18944599957382,
              36.7720330003222
            ],
            [
              -90.20600199966746,
              36.773484999722854
            ],
            [
              -90.19779299966676,
              36.8036559999692
            ],
            [
              -90.22210099982664,
              36.820696000113124
            ],
            [
              -90.2164090002003,
              36.84315900021699
            ],
            [
              -90.25405700029566,
              36.87101200016148
            ],
            [
              -90.25679399987973,
              36.87958199985806
            ],
            [
              -90.2478790004225,
              36.878558000290276
            ],
            [
              -90.2518910004489,
              36.888014999999015
            ],
            [
              -90.24460299998988,
              36.8918969997799
            ],
            [
              -90.25985900042517,
              36.90707500010633
            ],
            [
              -90.24848699996973,
              36.9105450003031
            ],
            [
              -90.25856300006646,
              36.922042999664754
            ],
            [
              -90.67833599998771,
              36.92650800003138
            ],
            [
              -90.67936899968238,
              36.89528700024753
            ],
            [
              -90.67971900038508,
              36.88345300028933
            ]
          ]
        ]
      }
    },
    {
      "type": "Feature",
      "id": "us-county:29:025",
      "properties": {
        "boundary_id": "us-county:29:025",
        "boundary_type": "county",
        "name": "Caldwell County",
        "stateFips": "29",
        "countyFips": "025",
        "bbox": [
          -94.20842300002404,
          39.52455800006374,
          -93.75899199972503,
          39.7890580003216
        ]
      },
      "geometry": {
        "type": "Polygon",
        "coordinates": [
          [
            [
              -94.20596299955112,
              39.745394999956055
            ],
            [
              -94.20842300002404,
              39.52720000005641
            ],
            [
              -93.75918300041906,
              39.52455800006374
            ],
            [
              -93.75899199972503,
              39.78467400017409
            ],
            [
              -94.20481100003076,
              39.7890580003216
            ],
            [
              -94.2059609999013,
              39.74584100006425
            ],
            [
              -94.20596299955112,
              39.745394999956055
            ]
          ]
        ]
      }
    },
    {
      "type": "Feature",
      "id": "us-county:29:027",
      "properties": {
        "boundary_id": "us-county:29:027",
        "boundary_type": "county",
        "name": "Callaway County",
        "stateFips": "29",
        "countyFips": "027",
        "bbox": [
          -92.22601500006458,
          38.55774000011293,
          -91.63399799989355,
          39.06448400003472
        ]
      },
      "geometry": {
        "type": "Polygon",
        "coordinates": [
          [
            [
              -91.8819159997275,
              38.65271300011279
            ],
            [
              -91.82220800023312,
              38.679852000326484
            ],
            [
              -91.7597260004464,
              38.68515699981974
            ],
            [
              -91.73228599979394,
              38.70589100032074
            ],
            [
              -91.64717100032277,
              38.70339600021653
            ],
            [
              -91.63399799989355,
              39.05905700001107
            ],
            [
              -92.13151200040987,
              39.06448400003472
            ],
            [
              -92.12857499991095,
              39.04783199986928
            ],
            [
              -92.14078400024246,
              39.03013500028868
            ],
            [
              -92.13022000024912,
              39.02364199976614
            ],
            [
              -92.14047000042311,
              39.006829999987914
            ],
            [
              -92.1381249995779,
              38.985316000134915
            ],
            [
              -92.14642900001314,
              38.98073200008676
            ],
            [
              -92.15390700044297,
              38.924314999936335
            ],
            [
              -92.1608379996283,
              38.92543799965559
            ],
            [
              -92.15500299988683,
              38.91554599986729
            ],
            [
              -92.1689620001385,
              38.89657800013295
            ],
            [
              -92.14818800015415,
              38.885532999667014
            ],
            [
              -92.16249999968491,
              38.86558499987251
            ],
            [
              -92.14927199990242,
              38.866238000054814
            ],
            [
              -92.15417199985852,
              38.85350400021169
            ],
            [
              -92.140279999554,
              38.845301000003474
            ],
            [
              -92.152881000421,
              38.826287999904515
            ],
            [
              -92.13524499987868,
              38.81389400018525
            ],
            [
              -92.15095700042357,
              38.80604299967368
            ],
            [
              -92.14523499976168,
              38.79626900011596
            ],
            [
              -92.1582819997942,
              38.80205000001257
            ],
            [
              -92.15815899977055,
              38.785088999853755
            ],
            [
              -92.16781200026797,
              38.77678600007192
            ],
            [
              -92.16285899971011,
              38.765205999882085
            ],
            [
              -92.171903999762,
              38.76442299985697
            ],
            [
              -92.18612300030466,
              38.74787800002947
            ],
            [
              -92.18181400017735,
              38.73861599970571
            ],
            [
              -92.194159000053,
              38.73664699970859
            ],
            [
              -92.19243099987415,
              38.72613200014706
            ],
            [
              -92.21218600040757,
              38.72011700002493
            ],
            [
              -92.21569100027075,
              38.702487000280534
            ],
            [
              -92.22601500006458,
              38.69855399990985
            ],
            [
              -92.21845999964187,
              38.68905100027773
            ],
            [
              -92.22066099964873,
              38.64316699980489
            ],
            [
              -92.20475099963544,
              38.630279000199614
            ],
            [
              -92.20303800042353,
              38.60527200002424
            ],
            [
              -92.13864799963461,
              38.569278000127696
            ],
            [
              -92.05887599981034,
              38.55774000011293
            ],
            [
              -91.94393599955681,
              38.59707499988733
            ],
            [
              -91.88225999968407,
              38.652246000189926
            ],
            [
              -91.8819159997275,
              38.65271300011279
            ]
          ]
        ]
      }
    },
    {
      "type": "Feature",
      "id": "us-county:29:029",
      "properties": {
        "boundary_id": "us-county:29:029",
        "boundary_type": "county",
        "name": "Camden County",
        "stateFips": "29",
        "countyFips": "029",
        "bbox": [
          -93.08216399985645,
          37.80323900020467,
          -92.40627900016916,
          38.27009299990973
        ]
      },
      "geometry": {
        "type": "Polygon",
        "coordinates": [
          [
            [
              -92.56998800000498,
              38.069388999817285
            ],
            [
              -92.56968199968324,
              38.09593399995242
            ],
            [
              -92.58805200016948,
              38.096076000228095
            ],
            [
              -92.58797500017657,
              38.11058099976626
            ],
            [
              -92.59707700012986,
              38.11076000003614
            ],
            [
              -92.6045709995549,
              38.1708470001781
            ],
            [
              -92.64138299959909,
              38.17170800012992
            ],
            [
              -92.64008499959053,
              38.21303199969029
            ],
            [
              -92.7346960000986,
              38.22131699988546
            ],
            [
              -92.75598800011683,
              38.212465000271564
            ],
            [
              -92.7649629998485,
              38.18953400026167
            ],
            [
              -92.96299400001665,
              38.19722900021364
            ],
            [
              -92.93199300032282,
              38.2162290002179
            ],
            [
              -92.95689800015927,
              38.22950799984481
            ],
            [
              -92.9865549998138,
              38.190761000228754
            ],
            [
              -93.00619999984406,
              38.186001999801945
            ],
            [
              -93.02000000008707,
              38.20479699966408
            ],
            [
              -92.98579400010571,
              38.21092799980031
            ],
            [
              -92.98399499978174,
              38.21952799976241
            ],
            [
              -93.00565000002314,
              38.222704999705506
            ],
            [
              -93.01653399968363,
              38.24491199995282
            ],
            [
              -93.05109000036767,
              38.27009299990973
            ],
            [
              -93.07769200042083,
              38.26309199976793
            ],
            [
              -93.08216399985645,
              38.1865029999483
            ],
            [
              -93.05907300041258,
              38.185685000343724
            ],
            [
              -93.07244699978492,
              37.90262700010991
            ],
            [
              -92.62018099999253,
              37.89252099985544
            ],
            [
              -92.60007700037798,
              37.84033799992465
            ],
            [
              -92.57157600044174,
              37.823639000020044
            ],
            [
              -92.55927500004871,
              37.80323900020467
            ],
            [
              -92.51350900018927,
              37.8109320001787
            ],
            [
              -92.49219600025464,
              37.829619999850294
            ],
            [
              -92.45346900043386,
              37.82462699994577
            ],
            [
              -92.42223600003813,
              37.858703999663256
            ],
            [
              -92.4092259998155,
              37.85926000005121
            ],
            [
              -92.40627900016916,
              38.020569000347784
            ],
            [
              -92.51622400003204,
              38.0225109997093
            ],
            [
              -92.51557999960146,
              38.03693600001895
            ],
            [
              -92.53370599969023,
              38.03726599974678
            ],
            [
              -92.53344899977229,
              38.05180499999943
            ],
            [
              -92.55237599975213,
              38.05237700009379
            ],
            [
              -92.55208100019934,
              38.06633500034984
            ],
            [
              -92.57001800014223,
              38.06665500017889
            ],
            [
              -92.56998800000498,
              38.069388999817285
            ]
          ]
        ]
      }
    },
    {
      "type": "Feature",
      "id": "us-county:29:031",
      "properties": {
        "boundary_id": "us-county:29:031",
        "boundary_type": "county",
        "name": "Cape Girardeau County",
        "stateFips": "29",
        "countyFips": "031",
        "bbox": [
          -89.86662699955937,
          37.12603899965367,
          -89.42054200001319,
          37.60646099978593
        ]
      },
      "geometry": {
        "type": "Polygon",
        "coordinates": [
          [
            [
              -89.66742200012956,
              37.206126000150206
            ],
            [
              -89.6494640002703,
              37.20619000024956
            ],
            [
              -89.64965900026397,
              37.21826800026836
            ],
            [
              -89.62045699999578,
              37.21827999974618
            ],
            [
              -89.62025600015434,
              37.233008000318485
            ],
            [
              -89.5834189999958,
              37.23291900018718
            ],
            [
              -89.58347500007228,
              37.24031899973289
            ],
            [
              -89.54650200036963,
              37.24022199994364
            ],
            [
              -89.54644799994294,
              37.24729599975844
            ],
            [
              -89.49021900037248,
              37.24720999984038
            ],
            [
              -89.5176699999973,
              37.28317200022875
            ],
            [
              -89.51283299979039,
              37.30847800032127
            ],
            [
              -89.48777200031833,
              37.334083000097124
            ],
            [
              -89.43185800039213,
              37.34830899964656
            ],
            [
              -89.42054200001319,
              37.388006999928656
            ],
            [
              -89.43540799956283,
              37.42944300019224
            ],
            [
              -89.4920510003084,
              37.49400799967634
            ],
            [
              -89.51644700033184,
              37.53555800031386
            ],
            [
              -89.52185500027605,
              37.56621399979948
            ],
            [
              -89.55458300032382,
              37.57682299965973
            ],
            [
              -89.58147400008197,
              37.571010999742654
            ],
            [
              -89.58345599980571,
              37.58187999999993
            ],
            [
              -89.592305000039,
              37.57475700029558
            ],
            [
              -89.60282800002447,
              37.603224999924144
            ],
            [
              -89.63618200006114,
              37.5868670000889
            ],
            [
              -89.63892700004114,
              37.60359500000534
            ],
            [
              -89.6649320004177,
              37.59841000010752
            ],
            [
              -89.6721839999934,
              37.5833799999287
            ],
            [
              -89.67573200041261,
              37.59155599980762
            ],
            [
              -89.68105499996801,
              37.58460899990179
            ],
            [
              -89.68702600015192,
              37.595577000204386
            ],
            [
              -89.71014900028116,
              37.599452000295535
            ],
            [
              -89.71931300015875,
              37.58785700028126
            ],
            [
              -89.73495100018545,
              37.601558000008275
            ],
            [
              -89.73678099957324,
              37.590817999980565
            ],
            [
              -89.76066500030889,
              37.58778900011542
            ],
            [
              -89.78633400022652,
              37.59872799966023
            ],
            [
              -89.8013160001271,
              37.59257500030551
            ],
            [
              -89.79997700011067,
              37.60646099978593
            ],
            [
              -89.86112300025403,
              37.59928600021005
            ],
            [
              -89.86662699955937,
              37.126226999778545
            ],
            [
              -89.75822400010253,
              37.12603899965367
            ],
            [
              -89.75851500035567,
              37.1406080002029
            ],
            [
              -89.72178299977911,
              37.14056000016512
            ],
            [
              -89.72204499971993,
              37.15507399966255
            ],
            [
              -89.70379700033074,
              37.15504899974463
            ],
            [
              -89.70416800005151,
              37.18396399973967
            ],
            [
              -89.68586200003769,
              37.183981000166284
            ],
            [
              -89.68599599993199,
              37.19848599985308
            ],
            [
              -89.66742600032752,
              37.198753999800154
            ],
            [
              -89.6674239997794,
              37.20603399977817
            ],
            [
              -89.66742200012956,
              37.206126000150206
            ]
          ]
        ]
      }
    },
    {
      "type": "Feature",
      "id": "us-county:29:033",
      "properties": {
        "boundary_id": "us-county:29:033",
        "boundary_type": "county",
        "name": "Carroll County",
        "stateFips": "29",
        "countyFips": "033",
        "bbox": [
          -93.75846299982051,
          39.20702099980361,
          -93.10448500026969,
          39.61563199994396
        ]
      },
      "geometry": {
        "type": "Polygon",
        "coordinates": [
          [
            [
              -93.49631299992342,
              39.26826299976691
            ],
            [
              -93.48580599983148,
              39.288758999995714
            ],
            [
              -93.46498499999144,
              39.29237000018273
            ],
            [
              -93.44423100009855,
              39.268524999983704
            ],
            [
              -93.40477500035674,
              39.263273999819596
            ],
            [
              -93.41141400036233,
              39.23105799987487
            ],
            [
              -93.37313699990503,
              39.23133099970551
            ],
            [
              -93.32912099996572,
              39.25508099996127
            ],
            [
              -93.34443000010448,
              39.28936400021391
            ],
            [
              -93.33685600031349,
              39.30703200001572
            ],
            [
              -93.2777250004042,
              39.31154899967692
            ],
            [
              -93.25256500029964,
              39.3388740003277
            ],
            [
              -93.22120399985738,
              39.331656000188026
            ],
            [
              -93.18956899977873,
              39.370382999867296
            ],
            [
              -93.2009510002799,
              39.39889100010463
            ],
            [
              -93.19310100030442,
              39.40927799990521
            ],
            [
              -93.16722099960128,
              39.40725300021263
            ],
            [
              -93.13963100005932,
              39.378643000122956
            ],
            [
              -93.10448500026969,
              39.383656000023244
            ],
            [
              -93.11568500029767,
              39.3894550002636
            ],
            [
              -93.12064600035315,
              39.417922999684116
            ],
            [
              -93.15475000022727,
              39.42172300001698
            ],
            [
              -93.16555000022217,
              39.43633500002739
            ],
            [
              -93.20302099986719,
              39.44082300028361
            ],
            [
              -93.19775199984016,
              39.43430000021779
            ],
            [
              -93.21358099966258,
              39.43050699972545
            ],
            [
              -93.21742600018271,
              39.44329600030714
            ],
            [
              -93.21717599993747,
              39.43055599972619
            ],
            [
              -93.22875500008213,
              39.436297000080906
            ],
            [
              -93.22991800037146,
              39.44723999965617
            ],
            [
              -93.21954599999872,
              39.45079299989583
            ],
            [
              -93.22457599965118,
              39.47212400016278
            ],
            [
              -93.23921199994535,
              39.470876999969036
            ],
            [
              -93.24793499978196,
              39.442594000225235
            ],
            [
              -93.25396899971506,
              39.461918000213274
            ],
            [
              -93.27584800026244,
              39.45830199995157
            ],
            [
              -93.2616379999406,
              39.469972999702705
            ],
            [
              -93.27659100042719,
              39.48612300029395
            ],
            [
              -93.27653899965034,
              39.49670499981687
            ],
            [
              -93.26586300040232,
              39.50002299977637
            ],
            [
              -93.28353199965828,
              39.5204669997767
            ],
            [
              -93.27566300031451,
              39.52807899994293
            ],
            [
              -93.28585800023691,
              39.53785700004309
            ],
            [
              -93.2716499995649,
              39.53403999977935
            ],
            [
              -93.253604999667,
              39.543539999801
            ],
            [
              -93.26686400030992,
              39.54686200007974
            ],
            [
              -93.25802400029748,
              39.55521800013544
            ],
            [
              -93.27042699989944,
              39.561388999777606
            ],
            [
              -93.2780979997748,
              39.61563199994396
            ],
            [
              -93.75835700041362,
              39.611407000085215
            ],
            [
              -93.75846299982051,
              39.20702099980361
            ],
            [
              -93.70233499963406,
              39.208798999698956
            ],
            [
              -93.65223700008109,
              39.248339999686145
            ],
            [
              -93.58582899958341,
              39.240759999664824
            ],
            [
              -93.55694400040593,
              39.218159000083105
            ],
            [
              -93.5050690002703,
              39.216819000213036
            ],
            [
              -93.4865730002857,
              39.23386099991516
            ],
            [
              -93.49631100027361,
              39.267783000332585
            ],
            [
              -93.49631299992342,
              39.26826299976691
            ]
          ]
        ]
      }
    },
    {
      "type": "Feature",
      "id": "us-county:29:035",
      "properties": {
        "boundary_id": "us-county:29:035",
        "boundary_type": "county",
        "name": "Carter County",
        "stateFips": "29",
        "countyFips": "035",
        "bbox": [
          -91.22482499995066,
          36.811453000262524,
          -90.66124400031684,
          37.10040400034441
        ]
      },
      "geometry": {
        "type": "Polygon",
        "coordinates": [
          [
            [
              -90.69619400028787,
              36.942255999771085
            ],
            [
              -90.69541900033607,
              36.97075099975174
            ],
            [
              -90.71341999985304,
              36.97105100018797
            ],
            [
              -90.7129860003831,
              37.000366999704696
            ],
            [
              -90.73093800039457,
              37.00039800026456
            ],
            [
              -90.72972200040182,
              37.04953399999558
            ],
            [
              -90.96446599998161,
              37.0535840002736
            ],
            [
              -90.96356200015836,
              37.09736000026673
            ],
            [
              -90.99988999960557,
              37.10040400034441
            ],
            [
              -91.10973999993219,
              37.08405699997278
            ],
            [
              -91.21714999987735,
              37.0861970002074
            ],
            [
              -91.22482499995066,
              36.82567900003519
            ],
            [
              -90.66261699977015,
              36.811453000262524
            ],
            [
              -90.66124400031684,
              36.88290899971595
            ],
            [
              -90.67972900043081,
              36.88310699968904
            ],
            [
              -90.67856799979131,
              36.927288000028334
            ],
            [
              -90.69689100042189,
              36.927186000051414
            ],
            [
              -90.69651800015298,
              36.93754400015308
            ],
            [
              -90.69619400028787,
              36.942255999771085
            ]
          ]
        ]
      }
    },
    {
      "type": "Feature",
      "id": "us-county:29:037",
      "properties": {
        "boundary_id": "us-county:29:037",
        "boundary_type": "county",
        "name": "Cass County",
        "stateFips": "29",
        "countyFips": "037",
        "bbox": [
          -94.6128819997837,
          38.44526800029788,
          -94.06431700038569,
          38.84720700031204
        ]
      },
      "geometry": {
        "type": "Polygon",
        "coordinates": [
          [
            [
              -94.608707000449,
              38.7606249999467
            ],
            [
              -94.6128819997837,
              38.47759700008301
            ],
            [
              -94.31216999992228,
              38.471495999800766
            ],
            [
              -94.26435100019397,
              38.449605000074726
            ],
            [
              -94.2393259998086,
              38.46026199990817
            ],
            [
              -94.20035100029071,
              38.44526800029788
            ],
            [
              -94.0937470002595,
              38.45860599977328
            ],
            [
              -94.06571300030349,
              38.4470870001415
            ],
            [
              -94.06431700038569,
              38.567380000302144
            ],
            [
              -94.11966399987422,
              38.56871199965818
            ],
            [
              -94.11640800043138,
              38.655517999908206
            ],
            [
              -94.12937199972491,
              38.65586199986305
            ],
            [
              -94.11909599961164,
              38.83316700017099
            ],
            [
              -94.60803299988122,
              38.84720700031204
            ],
            [
              -94.6086930002053,
              38.762344999825146
            ],
            [
              -94.608707000449,
              38.7606249999467
            ]
          ]
        ]
      }
    },
    {
      "type": "Feature",
      "id": "us-county:29:039",
      "properties": {
        "boundary_id": "us-county:29:039",
        "boundary_type": "county",
        "name": "Cedar County",
        "stateFips": "29",
        "countyFips": "039",
        "bbox": [
          -94.07538500016918,
          37.57268899988717,
          -93.60948900001308,
          37.900986999718896
        ]
      },
      "geometry": {
        "type": "Polygon",
        "coordinates": [
          [
            [
              -93.63021600014179,
              37.78604700027578
            ],
            [
              -93.62840400029735,
              37.82943499985496
            ],
            [
              -93.81140199961295,
              37.83457100007322
            ],
            [
              -93.80864800031044,
              37.8927749998885
            ],
            [
              -94.06567499977035,
              37.900986999718896
            ],
            [
              -94.07538500016918,
              37.58157000000028
            ],
            [
              -93.61603299958412,
              37.57268899988717
            ],
            [
              -93.60948900001308,
              37.741754999838996
            ],
            [
              -93.63243899988996,
              37.74230200009821
            ],
            [
              -93.63022299981448,
              37.78600100025463
            ],
            [
              -93.63021600014179,
              37.78604700027578
            ]
          ]
        ]
      }
    },
    {
      "type": "Feature",
      "id": "us-county:29:041",
      "properties": {
        "boundary_id": "us-county:29:041",
        "boundary_type": "county",
        "name": "Chariton County",
        "stateFips": "29",
        "countyFips": "041",
        "bbox": [
          -93.28760800015708,
          39.22250699969305,
          -92.68933100009714,
          39.70356200002969
        ]
      },
      "geometry": {
        "type": "Polygon",
        "coordinates": [
          [
            [
              -92.97102800011517,
              39.702345999879455
            ],
            [
              -93.26696800006701,
              39.70356200002969
            ],
            [
              -93.28760800015708,
              39.68295999981599
            ],
            [
              -93.2789360003741,
              39.68124500008273
            ],
            [
              -93.28589199967381,
              39.66681899970344
            ],
            [
              -93.27339199998745,
              39.654841999854845
            ],
            [
              -93.28384999967558,
              39.651990999939976
            ],
            [
              -93.26058099995649,
              39.62750900013433
            ],
            [
              -93.28139099992588,
              39.62023299983286
            ],
            [
              -93.26985600016214,
              39.59992499992198
            ],
            [
              -93.27001400034588,
              39.56019600021756
            ],
            [
              -93.25802400029748,
              39.55521800013544
            ],
            [
              -93.26686400030992,
              39.54686200007974
            ],
            [
              -93.253604999667,
              39.543539999801
            ],
            [
              -93.2716499995649,
              39.53403999977935
            ],
            [
              -93.28585800023691,
              39.53785700004309
            ],
            [
              -93.27566300031451,
              39.52807899994293
            ],
            [
              -93.28353199965828,
              39.5204669997767
            ],
            [
              -93.26586300040232,
              39.50002299977637
            ],
            [
              -93.27653899965034,
              39.49670499981687
            ],
            [
              -93.27659100042719,
              39.48612300029395
            ],
            [
              -93.2616379999406,
              39.469972999702705
            ],
            [
              -93.27675499956041,
              39.459857000004135
            ],
            [
              -93.25396899971506,
              39.461918000213274
            ],
            [
              -93.24793499978196,
              39.442594000225235
            ],
            [
              -93.23921199994535,
              39.470876999969036
            ],
            [
              -93.2262260000122,
              39.4728269999195
            ],
            [
              -93.21954599999872,
              39.45079299989583
            ],
            [
              -93.23037600013085,
              39.43881400026111
            ],
            [
              -93.21921200008788,
              39.430402000004435
            ],
            [
              -93.21629499968046,
              39.443247000248505
            ],
            [
              -93.21358099966258,
              39.43050699972545
            ],
            [
              -93.19775199984016,
              39.43430000021779
            ],
            [
              -93.20302099986719,
              39.44082300028361
            ],
            [
              -93.16615699994449,
              39.4364279999368
            ],
            [
              -93.15475000022727,
              39.42172300001698
            ],
            [
              -93.11882000026502,
              39.41710199987517
            ],
            [
              -93.11469899956037,
              39.38752800002364
            ],
            [
              -93.08028900026281,
              39.37175199989034
            ],
            [
              -93.07694800043117,
              39.34250600031503
            ],
            [
              -93.06540299972336,
              39.32829299987602
            ],
            [
              -93.0237760001119,
              39.31311500028599
            ],
            [
              -92.95980100032301,
              39.31252599982707
            ],
            [
              -92.95776599999749,
              39.27933600030196
            ],
            [
              -92.91674899958308,
              39.25793999971337
            ],
            [
              -92.91519700002964,
              39.22626199993973
            ],
            [
              -92.89278799975284,
              39.22250699969305
            ],
            [
              -92.86015000011676,
              39.236501999733754
            ],
            [
              -92.84922399972515,
              39.2262179998659
            ],
            [
              -92.79036900000038,
              39.343586000073195
            ],
            [
              -92.70736699977421,
              39.321613999862606
            ],
            [
              -92.68933100009714,
              39.69809399982284
            ],
            [
              -92.9701150000711,
              39.70234000009385
            ],
            [
              -92.97102800011517,
              39.702345999879455
            ]
          ]
        ]
      }
    },
    {
      "type": "Feature",
      "id": "us-county:29:043",
      "properties": {
        "boundary_id": "us-county:29:043",
        "boundary_type": "county",
        "name": "Christian County",
        "stateFips": "29",
        "countyFips": "043",
        "bbox": [
          -93.61017699992625,
          36.80917800002837,
          -92.9029219995759,
          37.09815300004926
        ]
      },
      "geometry": {
        "type": "Polygon",
        "coordinates": [
          [
            [
              -93.61017699992625,
              37.0030990000799
            ],
            [
              -93.61012599987264,
              36.99581000016968
            ],
            [
              -93.33745100034027,
              36.99249400011219
            ],
            [
              -93.34204099977664,
              36.81730100034176
            ],
            [
              -92.9093360003489,
              36.80917800002837
            ],
            [
              -92.9029219995759,
              37.08522100014544
            ],
            [
              -93.6088990000092,
              37.09815300004926
            ],
            [
              -93.61006499977326,
              37.01745699973364
            ],
            [
              -93.61017699992625,
              37.0030990000799
            ]
          ]
        ]
      }
    },
    {
      "type": "Feature",
      "id": "us-county:29:045",
      "properties": {
        "boundary_id": "us-county:29:045",
        "boundary_type": "county",
        "name": "Clark County",
        "stateFips": "29",
        "countyFips": "045",
        "bbox": [
          -91.9508120002872,
          40.248763000269506,
          -91.41942200040073,
          40.61363999995376
        ]
      },
      "geometry": {
        "type": "Polygon",
        "coordinates": [
          [
            [
              -91.94503000024918,
              40.47563500002491
            ],
            [
              -91.9508120002872,
              40.25720999996555
            ],
            [
              -91.49726600002963,
              40.248763000269506
            ],
            [
              -91.46396999971927,
              40.339596999864995
            ],
            [
              -91.41942200040073,
              40.37826400032657
            ],
            [
              -91.44124300032348,
              40.386255000044116
            ],
            [
              -91.4638950002745,
              40.375658999712776
            ],
            [
              -91.46355399979267,
              40.38554699968635
            ],
            [
              -91.48525500006481,
              40.38465700019551
            ],
            [
              -91.48848100026873,
              40.40431699967791
            ],
            [
              -91.52461200007244,
              40.41076499974858
            ],
            [
              -91.51913399980802,
              40.432821999668235
            ],
            [
              -91.53362299978912,
              40.43832000015318
            ],
            [
              -91.52508999992332,
              40.45784500034093
            ],
            [
              -91.57473399991488,
              40.465655000138995
            ],
            [
              -91.59081700018052,
              40.49229200020862
            ],
            [
              -91.62135300044226,
              40.51007200019013
            ],
            [
              -91.62007100032726,
              40.54081699976456
            ],
            [
              -91.68870000002495,
              40.557389999944945
            ],
            [
              -91.68635699972786,
              40.58087500004417
            ],
            [
              -91.7291149998416,
              40.61363999995376
            ],
            [
              -91.94311200009953,
              40.60582699994277
            ],
            [
              -91.94502000020343,
              40.47592199967501
            ],
            [
              -91.94503000024918,
              40.47563500002491
            ]
          ]
        ]
      }
    },
    {
      "type": "Feature",
      "id": "us-county:29:047",
      "properties": {
        "boundary_id": "us-county:29:047",
        "boundary_type": "county",
        "name": "Clay County",
        "stateFips": "29",
        "countyFips": "047",
        "bbox": [
          -94.60735400018889,
          39.11117400006356,
          -94.21064199957428,
          39.45615500017204
        ]
      },
      "geometry": {
        "type": "Polygon",
        "coordinates": [
          [
            [
              -94.40862800043489,
              39.19360299994935
            ],
            [
              -94.38972800021922,
              39.19350300006158
            ],
            [
              -94.37849399985603,
              39.17036500029366
            ],
            [
              -94.36355600033637,
              39.16365599985105
            ],
            [
              -94.32815500027863,
              39.19123199970089
            ],
            [
              -94.30893200002278,
              39.22735100010907
            ],
            [
              -94.28987299979848,
              39.23710700029771
            ],
            [
              -94.25004600033589,
              39.23484500027917
            ],
            [
              -94.21251500041639,
              39.20708599994378
            ],
            [
              -94.21064199957428,
              39.45468199973544
            ],
            [
              -94.60081899994036,
              39.45615500017204
            ],
            [
              -94.60173299980933,
              39.15960300012846
            ],
            [
              -94.58838700002607,
              39.14886799971779
            ],
            [
              -94.60735400018889,
              39.113444000095775
            ],
            [
              -94.59224800043972,
              39.11117400006356
            ],
            [
              -94.53420399975344,
              39.14586100008215
            ],
            [
              -94.50640599979901,
              39.15091400018452
            ],
            [
              -94.48461599983841,
              39.145503999809165
            ],
            [
              -94.46158999979355,
              39.1203719997263
            ],
            [
              -94.40232800036298,
              39.164765999839034
            ],
            [
              -94.40902500009491,
              39.19210399969495
            ],
            [
              -94.40862800043489,
              39.19360299994935
            ]
          ]
        ]
      }
    },
    {
      "type": "Feature",
      "id": "us-county:29:049",
      "properties": {
        "boundary_id": "us-county:29:049",
        "boundary_type": "county",
        "name": "Clinton County",
        "stateFips": "29",
        "countyFips": "049",
        "bbox": [
          -94.60225699969098,
          39.45468199973544,
          -94.2059609999013,
          39.74719500018141
        ]
      },
      "geometry": {
        "type": "Polygon",
        "coordinates": [
          [
            [
              -94.20842300002404,
              39.52720000005641
            ],
            [
              -94.2059609999013,
              39.74584100006425
            ],
            [
              -94.60225699969098,
              39.74719500018141
            ],
            [
              -94.60081899994036,
              39.45615500017204
            ],
            [
              -94.21064199957428,
              39.45468199973544
            ],
            [
              -94.20844700031351,
              39.5271789999183
            ],
            [
              -94.20842300002404,
              39.52720000005641
            ]
          ]
        ]
      }
    },
    {
      "type": "Feature",
      "id": "us-county:29:051",
      "properties": {
        "boundary_id": "us-county:29:051",
        "boundary_type": "county",
        "name": "Cole County",
        "stateFips": "29",
        "countyFips": "051",
        "bbox": [
          -92.49518499973378,
          38.322943000172835,
          -92.00350000000948,
          38.739130000241694
        ]
      },
      "geometry": {
        "type": "Polygon",
        "coordinates": [
          [
            [
              -92.15373900021348,
              38.47461200017415
            ],
            [
              -92.11041500038532,
              38.45737599993603
            ],
            [
              -92.02055400004551,
              38.47628999999662
            ],
            [
              -92.00829799985831,
              38.497119000112036
            ],
            [
              -92.02891399965895,
              38.53810400003874
            ],
            [
              -92.02212400004062,
              38.55690299980832
            ],
            [
              -92.00350000000948,
              38.56025999981655
            ],
            [
              -92.00898300029675,
              38.57090000029423
            ],
            [
              -92.06809900013745,
              38.5574120002098
            ],
            [
              -92.16166299980883,
              38.57805700029045
            ],
            [
              -92.20072100006571,
              38.60166799978271
            ],
            [
              -92.2030719998604,
              38.62663900020746
            ],
            [
              -92.21574599962402,
              38.64128500030985
            ],
            [
              -92.25909100026689,
              38.645346999889796
            ],
            [
              -92.2933700000432,
              38.66656400013875
            ],
            [
              -92.35781299963725,
              38.679517000044655
            ],
            [
              -92.36299299997582,
              38.688652999652994
            ],
            [
              -92.3432650001049,
              38.70507299968577
            ],
            [
              -92.34409299976015,
              38.71506899999082
            ],
            [
              -92.3602160002088,
              38.730132999868474
            ],
            [
              -92.39486599970584,
              38.739130000241694
            ],
            [
              -92.49518499973378,
              38.427828999806486
            ],
            [
              -92.40407099959128,
              38.4253470002657
            ],
            [
              -92.40843999999305,
              38.34108100008442
            ],
            [
              -92.29167899967426,
              38.33933400020329
            ],
            [
              -92.24770899976572,
              38.322943000172835
            ],
            [
              -92.22489699998111,
              38.335827999660175
            ],
            [
              -92.19447200004744,
              38.33564800001808
            ],
            [
              -92.19317800023687,
              38.37083500022118
            ],
            [
              -92.18151700007643,
              38.37802299976126
            ],
            [
              -92.14887699989221,
              38.3795360000794
            ],
            [
              -92.11787700002327,
              38.39603700014551
            ],
            [
              -92.12057799962234,
              38.41633600011925
            ],
            [
              -92.16093800008575,
              38.44368799989858
            ],
            [
              -92.16888299959749,
              38.46681199968545
            ],
            [
              -92.15521100029929,
              38.47450500007794
            ],
            [
              -92.15373900021348,
              38.47461200017415
            ]
          ]
        ]
      }
    },
    {
      "type": "Feature",
      "id": "us-county:29:053",
      "properties": {
        "boundary_id": "us-county:29:053",
        "boundary_type": "county",
        "name": "Cooper County",
        "stateFips": "29",
        "countyFips": "053",
        "bbox": [
          -93.05997399986275,
          38.68001299982239,
          -92.49837699960253,
          39.06454699967791
        ]
      },
      "geometry": {
        "type": "Polygon",
        "coordinates": [
          [
            [
              -92.84756099984362,
              38.980942999682696
            ],
            [
              -92.90965400036622,
              39.01564799974066
            ],
            [
              -92.9345690002484,
              39.06454699967791
            ],
            [
              -93.04847099988606,
              38.97241800019354
            ],
            [
              -93.05997399986275,
              38.69307700017416
            ],
            [
              -92.61714700030754,
              38.68001299982239
            ],
            [
              -92.49837699960253,
              38.92208399986873
            ],
            [
              -92.56207899957994,
              38.97201399966913
            ],
            [
              -92.60040700009085,
              38.96785700004943
            ],
            [
              -92.71875599994809,
              38.984305000119626
            ],
            [
              -92.78309899998301,
              38.97157100014981
            ],
            [
              -92.84642600004172,
              38.98072200025581
            ],
            [
              -92.84756099984362,
              38.980942999682696
            ]
          ]
        ]
      }
    },
    {
      "type": "Feature",
      "id": "us-county:29:055",
      "properties": {
        "boundary_id": "us-county:29:055",
        "boundary_type": "county",
        "name": "Crawford County",
        "stateFips": "29",
        "countyFips": "055",
        "bbox": [
          -91.53533199970141,
          37.69719799973022,
          -91.09576499978698,
          38.21097400016849
        ]
      },
      "geometry": {
        "type": "Polygon",
        "coordinates": [
          [
            [
              -91.09635399996594,
              37.87083800032967
            ],
            [
              -91.09576499978698,
              38.20408300014766
            ],
            [
              -91.53533199970141,
              38.21097400016849
            ],
            [
              -91.53438400039556,
              38.15259299968142
            ],
            [
              -91.525024999626,
              38.15243299980956
            ],
            [
              -91.52879700035119,
              37.7889889997513
            ],
            [
              -91.30831099987549,
              37.7871860003423
            ],
            [
              -91.3106549999975,
              37.70004799998762
            ],
            [
              -91.14697200010093,
              37.69719799973022
            ],
            [
              -91.14652100001422,
              37.74081099972935
            ],
            [
              -91.10001700001287,
              37.740011999909235
            ],
            [
              -91.09640599984448,
              37.86953299996412
            ],
            [
              -91.09635399996594,
              37.87083800032967
            ]
          ]
        ]
      }
    },
    {
      "type": "Feature",
      "id": "us-county:29:057",
      "properties": {
        "boundary_id": "us-county:29:057",
        "boundary_type": "county",
        "name": "Dade County",
        "stateFips": "29",
        "countyFips": "057",
        "bbox": [
          -94.08383299964618,
          37.28201100030362,
          -93.61603299958412,
          37.58157000000028
        ]
      },
      "geometry": {
        "type": "Polygon",
        "coordinates": [
          [
            [
              -94.07829800037867,
              37.46538099993456
            ],
            [
              -94.08383299964618,
              37.29085099994457
            ],
            [
              -93.6258440002653,
              37.28201100030362
            ],
            [
              -93.61603299958412,
              37.57268899988717
            ],
            [
              -94.07538500016918,
              37.58157000000028
            ],
            [
              -94.07821700018782,
              37.46900700013556
            ],
            [
              -94.07829800037867,
              37.46538099993456
            ]
          ]
        ]
      }
    },
    {
      "type": "Feature",
      "id": "us-county:29:059",
      "properties": {
        "boundary_id": "us-county:29:059",
        "boundary_type": "county",
        "name": "Dallas County",
        "stateFips": "29",
        "countyFips": "059",
        "bbox": [
          -93.19137999979826,
          37.414989000197686,
          -92.84628100027676,
          37.904232000003574
        ]
      },
      "geometry": {
        "type": "Polygon",
        "coordinates": [
          [
            [
              -93.18708999993751,
              37.81816999976914
            ],
            [
              -93.19137999979826,
              37.73001200007685
            ],
            [
              -93.17318299956437,
              37.72966000027942
            ],
            [
              -93.18248899973216,
              37.41720399989706
            ],
            [
              -93.07337999992046,
              37.414989000197686
            ],
            [
              -93.07158399996956,
              37.48744400011483
            ],
            [
              -92.85348099997393,
              37.48396999974104
            ],
            [
              -92.84628100027676,
              37.7210389998959
            ],
            [
              -92.85991300029029,
              37.72123899991554
            ],
            [
              -92.85538400005497,
              37.89573599970604
            ],
            [
              -93.18264799974082,
              37.904232000003574
            ],
            [
              -93.18708800028769,
              37.818201000110136
            ],
            [
              -93.18708999993751,
              37.81816999976914
            ]
          ]
        ]
      }
    },
    {
      "type": "Feature",
      "id": "us-county:29:061",
      "properties": {
        "boundary_id": "us-county:29:061",
        "boundary_type": "county",
        "name": "Daviess County",
        "stateFips": "29",
        "countyFips": "061",
        "bbox": [
          -94.21880000041965,
          39.78467400017409,
          -93.75899199972503,
          40.136626000143956
        ]
      },
      "geometry": {
        "type": "Polygon",
        "coordinates": [
          [
            [
              -93.99010300029344,
              40.13398800003042
            ],
            [
              -94.21669599959885,
              40.136626000143956
            ],
            [
              -94.21880000041965,
              40.03488499969465
            ],
            [
              -94.20345699994571,
              40.03453900010369
            ],
            [
              -94.20584399972542,
              39.78895399992777
            ],
            [
              -93.75899199972503,
              39.78467400017409
            ],
            [
              -93.76402099955254,
              40.13290900006238
            ],
            [
              -93.987482000162,
              40.13396699982851
            ],
            [
              -93.99010300029344,
              40.13398800003042
            ]
          ]
        ]
      }
    },
    {
      "type": "Feature",
      "id": "us-county:29:063",
      "properties": {
        "boundary_id": "us-county:29:063",
        "boundary_type": "county",
        "name": "DeKalb County",
        "stateFips": "29",
        "countyFips": "063",
        "bbox": [
          -94.6053769995897,
          39.74584100006425,
          -94.20345699994571,
          40.03921700014249
        ]
      },
      "geometry": {
        "type": "Polygon",
        "coordinates": [
          [
            [
              -94.2055750001119,
              39.832529000302216
            ],
            [
              -94.20345699994571,
              40.03453900010369
            ],
            [
              -94.6053769995897,
              40.03921700014249
            ],
            [
              -94.60225699969098,
              39.74719500018141
            ],
            [
              -94.2059609999013,
              39.74584100006425
            ],
            [
              -94.20557199973885,
              39.82624300018775
            ],
            [
              -94.2055750001119,
              39.832529000302216
            ]
          ]
        ]
      }
    },
    {
      "type": "Feature",
      "id": "us-county:29:065",
      "properties": {
        "boundary_id": "us-county:29:065",
        "boundary_type": "county",
        "name": "Dent County",
        "stateFips": "29",
        "countyFips": "065",
        "bbox": [
          -91.80910500012409,
          37.415276999990105,
          -91.15334499996776,
          37.79128599980613
        ]
      },
      "geometry": {
        "type": "Polygon",
        "coordinates": [
          [
            [
              -91.3106549999975,
              37.70004799998762
            ],
            [
              -91.30831099987549,
              37.7871860003423
            ],
            [
              -91.80621899967879,
              37.79128599980613
            ],
            [
              -91.80910500012409,
              37.59886299987851
            ],
            [
              -91.75479499962985,
              37.5987680000404
            ],
            [
              -91.75503999985224,
              37.4241100001825
            ],
            [
              -91.21186300030695,
              37.415276999990105
            ],
            [
              -91.21098399969976,
              37.50191100032436
            ],
            [
              -91.31423600002864,
              37.5051320002803
            ],
            [
              -91.3124579996211,
              37.59282399997539
            ],
            [
              -91.1550730001466,
              37.588092000323726
            ],
            [
              -91.15334499996776,
              37.697340000098336
            ],
            [
              -91.31049799963866,
              37.70004499983696
            ],
            [
              -91.3106549999975,
              37.70004799998762
            ]
          ]
        ]
      }
    },
    {
      "type": "Feature",
      "id": "us-county:29:067",
      "properties": {
        "boundary_id": "us-county:29:067",
        "boundary_type": "county",
        "name": "Douglas County",
        "stateFips": "29",
        "countyFips": "067",
        "bbox": [
          -92.9093360003489,
          36.79401100033591,
          -92.08870800026537,
          37.070651000172745
        ]
      },
      "geometry": {
        "type": "Polygon",
        "coordinates": [
          [
            [
              -92.1964889999313,
              37.05842200031237
            ],
            [
              -92.90327300010348,
              37.070651000172745
            ],
            [
              -92.9093360003489,
              36.80917800002837
            ],
            [
              -92.09598199958239,
              36.79401100033591
            ],
            [
              -92.08870800026537,
              37.056248000256204
            ],
            [
              -92.18834699987775,
              37.05822099980372
            ],
            [
              -92.1964889999313,
              37.05842200031237
            ]
          ]
        ]
      }
    },
    {
      "type": "Feature",
      "id": "us-county:29:069",
      "properties": {
        "boundary_id": "us-county:29:069",
        "boundary_type": "county",
        "name": "Dunklin County",
        "stateFips": "29",
        "countyFips": "069",
        "bbox": [
          -90.37790000031082,
          35.995744999999246,
          -89.95715499989595,
          36.63044900017347
        ]
      },
      "geometry": {
        "type": "Polygon",
        "coordinates": [
          [
            [
              -90.22083499960516,
              36.50779900014411
            ],
            [
              -90.22073199967299,
              36.49785900029388
            ],
            [
              -90.1523070001898,
              36.4979820003251
            ],
            [
              -90.15954399969688,
              36.48024399967595
            ],
            [
              -90.14239199975155,
              36.47139900023911
            ],
            [
              -90.15540699999703,
              36.46379500013937
            ],
            [
              -90.1430069998698,
              36.46795999974526
            ],
            [
              -90.13395299959708,
              36.45378099965882
            ],
            [
              -90.14431199955102,
              36.4260180002303
            ],
            [
              -90.13440299985888,
              36.42287700018475
            ],
            [
              -90.13850299974881,
              36.41372599975548
            ],
            [
              -90.08152000014293,
              36.40109600008557
            ],
            [
              -90.06590700023055,
              36.38752899977421
            ],
            [
              -90.06346699984908,
              36.36708199995175
            ],
            [
              -90.07803199999817,
              36.3492929998398
            ],
            [
              -90.08238200013338,
              36.321996999818076
            ],
            [
              -90.06419300029542,
              36.30250200030505
            ],
            [
              -90.08352899963086,
              36.272122000269064
            ],
            [
              -90.11706799961544,
              36.2634870001383
            ],
            [
              -90.13088299992707,
              36.24137199981035
            ],
            [
              -90.12625699960736,
              36.2292139996634
            ],
            [
              -90.2203459998836,
              36.18453999970467
            ],
            [
              -90.2353470000508,
              36.15954000019728
            ],
            [
              -90.23544499996008,
              36.13939500027025
            ],
            [
              -90.29306000030095,
              36.11443000005642
            ],
            [
              -90.30018499965504,
              36.09771899974968
            ],
            [
              -90.31961200012539,
              36.089569999825954
            ],
            [
              -90.32062100042893,
              36.07131999973771
            ],
            [
              -90.33334500042128,
              36.067475999959974
            ],
            [
              -90.33687399967557,
              36.04723799973037
            ],
            [
              -90.37790000031082,
              35.995744999999246
            ],
            [
              -89.95937599999431,
              35.999240999873955
            ],
            [
              -89.96131000003747,
              36.38880299965267
            ],
            [
              -89.9724780002784,
              36.38959699975648
            ],
            [
              -89.95715499989595,
              36.457892999963335
            ],
            [
              -89.95878599999041,
              36.62933099964654
            ],
            [
              -90.15476400028969,
              36.63044900017347
            ],
            [
              -90.14763599966423,
              36.62351400027859
            ],
            [
              -90.1569970000836,
              36.62635499985073
            ],
            [
              -90.15876500044543,
              36.61420200025778
            ],
            [
              -90.16871500014547,
              36.61461999998869
            ],
            [
              -90.16235399997419,
              36.60463500011016
            ],
            [
              -90.17502400043817,
              36.606027999732895
            ],
            [
              -90.17367700002583,
              36.59328499995769
            ],
            [
              -90.18050000015445,
              36.59744199976168
            ],
            [
              -90.18699199984695,
              36.58762900030192
            ],
            [
              -90.18047099984213,
              36.58265799993877
            ],
            [
              -90.18763299990447,
              36.57875200034027
            ],
            [
              -90.1806800000795,
              36.56948700013815
            ],
            [
              -90.18566600024931,
              36.548485000126995
            ],
            [
              -90.20972499998885,
              36.54239200012989
            ],
            [
              -90.2053139997543,
              36.529976000136976
            ],
            [
              -90.21596800015934,
              36.529023000185795
            ],
            [
              -90.22066300007603,
              36.50801800016161
            ],
            [
              -90.22083499960516,
              36.50779900014411
            ]
          ]
        ]
      }
    },
    {
      "type": "Feature",
      "id": "us-county:29:071",
      "properties": {
        "boundary_id": "us-county:29:071",
        "boundary_type": "county",
        "name": "Franklin County",
        "stateFips": "29",
        "countyFips": "071",
        "bbox": [
          -91.36919199970495,
          38.204013000191814,
          -90.73305900003551,
          38.70671499992663
        ]
      },
      "geometry": {
        "type": "Polygon",
        "coordinates": [
          [
            [
              -90.96037000028964,
              38.545098999843894
            ],
            [
              -91.01028999956738,
              38.56389099990186
            ],
            [
              -91.03722200023174,
              38.59857599978276
            ],
            [
              -91.05589800014143,
              38.60826699967172
            ],
            [
              -91.12514799980514,
              38.59770400008462
            ],
            [
              -91.22368299957773,
              38.62014900034945
            ],
            [
              -91.23298600027078,
              38.651339999871766
            ],
            [
              -91.31309299983081,
              38.70671499992663
            ],
            [
              -91.34911999987744,
              38.695435000322135
            ],
            [
              -91.36919199970495,
              38.69932400003013
            ],
            [
              -91.36763000010575,
              38.204013000191814
            ],
            [
              -90.78018499982777,
              38.20411200024072
            ],
            [
              -90.73763000010364,
              38.41545299973965
            ],
            [
              -90.73305900003551,
              38.63929499996582
            ],
            [
              -90.77362199999017,
              38.59461700031722
            ],
            [
              -90.81298800021861,
              38.58555399985272
            ],
            [
              -90.8949219996917,
              38.54096299968819
            ],
            [
              -90.92676699983265,
              38.53429000001222
            ],
            [
              -90.959113000289,
              38.54428299982151
            ],
            [
              -90.96037000028964,
              38.545098999843894
            ]
          ]
        ]
      }
    },
    {
      "type": "Feature",
      "id": "us-county:29:073",
      "properties": {
        "boundary_id": "us-county:29:073",
        "boundary_type": "county",
        "name": "Gasconade County",
        "stateFips": "29",
        "countyFips": "073",
        "bbox": [
          -91.64489300032301,
          38.15259299968142,
          -91.36589799972896,
          38.71311400001229
        ]
      },
      "geometry": {
        "type": "Polygon",
        "coordinates": [
          [
            [
              -91.36589799972896,
              38.299846000063326
            ],
            [
              -91.36919199970495,
              38.69932400003013
            ],
            [
              -91.48779199963234,
              38.71311400001229
            ],
            [
              -91.50260200000382,
              38.694999999878235
            ],
            [
              -91.55064000001524,
              38.67626699992242
            ],
            [
              -91.64037199958528,
              38.70379200008044
            ],
            [
              -91.64489300032301,
              38.153679000007614
            ],
            [
              -91.53438400039556,
              38.15259299968142
            ],
            [
              -91.53533199970141,
              38.21097400016849
            ],
            [
              -91.36748199996775,
              38.20974100011601
            ],
            [
              -91.36594799995767,
              38.29315800022647
            ],
            [
              -91.36589799972896,
              38.299846000063326
            ]
          ]
        ]
      }
    },
    {
      "type": "Feature",
      "id": "us-county:29:075",
      "properties": {
        "boundary_id": "us-county:29:075",
        "boundary_type": "county",
        "name": "Gentry County",
        "stateFips": "29",
        "countyFips": "075",
        "bbox": [
          -94.60659599995552,
          40.03488499969465,
          -94.21427799985703,
          40.38671399976152
        ]
      },
      "geometry": {
        "type": "Polygon",
        "coordinates": [
          [
            [
              -94.60335300003315,
              40.27228299970873
            ],
            [
              -94.60659599995552,
              40.039203000219786
            ],
            [
              -94.21880000041965,
              40.03488499969465
            ],
            [
              -94.21427799985703,
              40.38425400012858
            ],
            [
              -94.59848700041223,
              40.38671399976152
            ],
            [
              -94.60331899969796,
              40.27678900026461
            ],
            [
              -94.60335300003315,
              40.27228299970873
            ]
          ]
        ]
      }
    },
    {
      "type": "Feature",
      "id": "us-county:29:077",
      "properties": {
        "boundary_id": "us-county:29:077",
        "boundary_type": "county",
        "name": "Greene County",
        "stateFips": "29",
        "countyFips": "077",
        "bbox": [
          -93.6258440002653,
          37.08869399983883,
          -93.06154100038312,
          37.427375999687335
        ]
      },
      "geometry": {
        "type": "Polygon",
        "coordinates": [
          [
            [
              -93.22546199993104,
              37.092474000058516
            ],
            [
              -93.06527399985194,
              37.08869399983883
            ],
            [
              -93.06154100038312,
              37.26983199976071
            ],
            [
              -93.07677900037675,
              37.27004000020975
            ],
            [
              -93.07337999992046,
              37.414989000197686
            ],
            [
              -93.62119700002917,
              37.427375999687335
            ],
            [
              -93.6258440002653,
              37.28201100030362
            ],
            [
              -93.60509500039528,
              37.28148199974136
            ],
            [
              -93.6088990000092,
              37.09815300004926
            ],
            [
              -93.22588899972833,
              37.092479000165184
            ],
            [
              -93.22546199993104,
              37.092474000058516
            ]
          ]
        ]
      }
    },
    {
      "type": "Feature",
      "id": "us-county:29:079",
      "properties": {
        "boundary_id": "us-county:29:079",
        "boundary_type": "county",
        "name": "Grundy County",
        "stateFips": "29",
        "countyFips": "079",
        "bbox": [
          -93.76332400031686,
          39.95955200004341,
          -93.36195699996853,
          40.26631399990897
        ]
      },
      "geometry": {
        "type": "Polygon",
        "coordinates": [
          [
            [
              -93.50203100038735,
              39.96512299984124
            ],
            [
              -93.36195699996853,
              39.9676059998148
            ],
            [
              -93.36721400030001,
              40.26631399990897
            ],
            [
              -93.76332400031686,
              40.2639879997472
            ],
            [
              -93.76197299970656,
              39.95955200004341
            ],
            [
              -93.50221499961205,
              39.96511900034002
            ],
            [
              -93.50203100038735,
              39.96512299984124
            ]
          ]
        ]
      }
    },
    {
      "type": "Feature",
      "id": "us-county:29:081",
      "properties": {
        "boundary_id": "us-county:29:081",
        "boundary_type": "county",
        "name": "Harrison County",
        "stateFips": "29",
        "countyFips": "081",
        "bbox": [
          -94.23223999991424,
          40.13290900006238,
          -93.76402099955254,
          40.57754800001701
        ]
      },
      "geometry": {
        "type": "Polygon",
        "coordinates": [
          [
            [
              -94.00332299968001,
              40.57409599977969
            ],
            [
              -94.23223999991424,
              40.57190099995126
            ],
            [
              -94.23156500041986,
              40.47035700014866
            ],
            [
              -94.21461900033887,
              40.47046399986694
            ],
            [
              -94.21669599959885,
              40.136626000143956
            ],
            [
              -93.76402099955254,
              40.13290900006238
            ],
            [
              -93.76482300016686,
              40.47251500020236
            ],
            [
              -93.77454799973599,
              40.472349999690984
            ],
            [
              -93.7743440004198,
              40.57754800001701
            ],
            [
              -94.00154599999567,
              40.574225999752244
            ],
            [
              -94.00332299968001,
              40.57409599977969
            ]
          ]
        ]
      }
    },
    {
      "type": "Feature",
      "id": "us-county:29:083",
      "properties": {
        "boundary_id": "us-county:29:083",
        "boundary_type": "county",
        "name": "Henry County",
        "stateFips": "29",
        "countyFips": "083",
        "bbox": [
          -94.07521399956664,
          38.201074000174444,
          -93.51103000040848,
          38.567380000302144
        ]
      },
      "geometry": {
        "type": "Polygon",
        "coordinates": [
          [
            [
              -93.51565099980701,
              38.373953000136495
            ],
            [
              -93.51103000040848,
              38.55620999968926
            ],
            [
              -94.06431700038569,
              38.567380000302144
            ],
            [
              -94.07521399956664,
              38.21450200011824
            ],
            [
              -93.55700899980495,
              38.201074000174444
            ],
            [
              -93.57078099956057,
              38.21540899974273
            ],
            [
              -93.56090000035584,
              38.220807999689
            ],
            [
              -93.53857599956953,
              38.20547699985272
            ],
            [
              -93.52348400006407,
              38.207216000147206
            ],
            [
              -93.51565199963191,
              38.373933999973566
            ],
            [
              -93.51565099980701,
              38.373953000136495
            ]
          ]
        ]
      }
    },
    {
      "type": "Feature",
      "id": "us-county:29:085",
      "properties": {
        "boundary_id": "us-county:29:085",
        "boundary_type": "county",
        "name": "Hickory County",
        "stateFips": "29",
        "countyFips": "085",
        "bbox": [
          -93.57410300002397,
          37.80273700005794,
          -93.06519900040719,
          38.07312299976225
        ]
      },
      "geometry": {
        "type": "Polygon",
        "coordinates": [
          [
            [
              -93.06888699967016,
              37.989575000232705
            ],
            [
              -93.06519900040719,
              38.06247899997312
            ],
            [
              -93.50394600016395,
              38.07312299976225
            ],
            [
              -93.51210300028612,
              37.91353499979721
            ],
            [
              -93.56870900032345,
              37.9149179998423
            ],
            [
              -93.57410300002397,
              37.81333599993043
            ],
            [
              -93.18791500011804,
              37.80273700005794
            ],
            [
              -93.18270600036546,
              37.904144000326454
            ],
            [
              -93.07244699978492,
              37.90262700010991
            ],
            [
              -93.06891900035552,
              37.988829000002035
            ],
            [
              -93.06888699967016,
              37.989575000232705
            ]
          ]
        ]
      }
    },
    {
      "type": "Feature",
      "id": "us-county:29:087",
      "properties": {
        "boundary_id": "us-county:29:087",
        "boundary_type": "county",
        "name": "Holt County",
        "stateFips": "29",
        "countyFips": "087",
        "bbox": [
          -95.55481700013976,
          39.86153900004616,
          -94.98797799961666,
          40.26446000021401
        ]
      },
      "geometry": {
        "type": "Polygon",
        "coordinates": [
          [
            [
              -95.55481700013976,
              40.26446000021401
            ],
            [
              -95.47869400011871,
              40.24366099999388
            ],
            [
              -95.46971799966381,
              40.22790799968974
            ],
            [
              -95.4823189996325,
              40.20066700007847
            ],
            [
              -95.479192999886,
              40.1856520000733
            ],
            [
              -95.43634799973363,
              40.15871999979878
            ],
            [
              -95.42740899998697,
              40.134607999960615
            ],
            [
              -95.39535499960864,
              40.123189000325375
            ],
            [
              -95.39421599960878,
              40.10826300028777
            ],
            [
              -95.40855200032733,
              40.096988999720644
            ],
            [
              -95.40936699956379,
              40.07499800027619
            ],
            [
              -95.42164000036772,
              40.05895200002209
            ],
            [
              -95.40726099999148,
              40.03311199985037
            ],
            [
              -95.35687600038332,
              40.0315219999178
            ],
            [
              -95.31527099961484,
              40.01207000026049
            ],
            [
              -95.30580299996366,
              39.98789899966052
            ],
            [
              -95.25025399991044,
              39.948643999942334
            ],
            [
              -95.20526600037586,
              39.9397499997955
            ],
            [
              -95.20274499980353,
              39.90507600007466
            ],
            [
              -95.14965700004817,
              39.90594799987068
            ],
            [
              -95.14060100012563,
              39.88168800029402
            ],
            [
              -95.12452899973066,
              39.87285700026141
            ],
            [
              -95.08155999972972,
              39.86153900004616
            ],
            [
              -95.03940300038883,
              39.8648319996734
            ],
            [
              -95.02674700016854,
              39.87227300032567
            ],
            [
              -95.01760599985721,
              39.89825399999696
            ],
            [
              -94.99338200026125,
              39.89790600014392
            ],
            [
              -94.99339200030698,
              39.91503099972064
            ],
            [
              -95.0067430001131,
              39.92336100024385
            ],
            [
              -94.98797799961666,
              39.944155999722014
            ],
            [
              -94.9970479997829,
              39.945501000207095
            ],
            [
              -94.9962660001584,
              39.96139500032895
            ],
            [
              -95.00300899992106,
              39.95833700031287
            ],
            [
              -94.99392000038658,
              39.969963999734205
            ],
            [
              -95.01093300041472,
              40.001258999733295
            ],
            [
              -95.00422599973876,
              40.02687800010161
            ],
            [
              -95.0159520001965,
              40.04183499981097
            ],
            [
              -95.01054199970417,
              40.046760999772765
            ],
            [
              -95.019110999555,
              40.052177000060524
            ],
            [
              -95.03537899976855,
              40.044933000063644
            ],
            [
              -95.03941000006152,
              40.05974099982467
            ],
            [
              -95.06079699961599,
              40.07026200019914
            ],
            [
              -95.04641800013805,
              40.07413300003625
            ],
            [
              -95.03823699972645,
              40.09963700009803
            ],
            [
              -95.04437299976681,
              40.10194800012874
            ],
            [
              -95.033467000365,
              40.10894599966561
            ],
            [
              -95.04567999999618,
              40.11915099969137
            ],
            [
              -95.03929700008361,
              40.127434999904395
            ],
            [
              -95.06566200031031,
              40.15097000002411
            ],
            [
              -95.06064500017834,
              40.17173000029189
            ],
            [
              -95.07491599970125,
              40.189303999710944
            ],
            [
              -95.05787900028196,
              40.23908600011144
            ],
            [
              -95.0735959999514,
              40.243382999726165
            ],
            [
              -95.07159300031124,
              40.260854999719335
            ],
            [
              -95.55092899996194,
              40.26443299995951
            ],
            [
              -95.55481700013976,
              40.26446000021401
            ]
          ]
        ]
      }
    },
    {
      "type": "Feature",
      "id": "us-county:29:089",
      "properties": {
        "boundary_id": "us-county:29:089",
        "boundary_type": "county",
        "name": "Howard County",
        "stateFips": "29",
        "countyFips": "089",
        "bbox": [
          -92.94385000030185,
          38.96785700004943,
          -92.43022900012875,
          39.343586000073195
        ]
      },
      "geometry": {
        "type": "Polygon",
        "coordinates": [
          [
            [
              -92.65184799985823,
              39.30716499978419
            ],
            [
              -92.79036900000038,
              39.343586000073195
            ],
            [
              -92.86033300041487,
              39.201069999910295
            ],
            [
              -92.90099599992863,
              39.17139699969245
            ],
            [
              -92.91169600036443,
              39.13817299984513
            ],
            [
              -92.94385000030185,
              39.121737999987054
            ],
            [
              -92.94278599974672,
              39.103531000101825
            ],
            [
              -92.90743800029074,
              39.09265500021793
            ],
            [
              -92.93509599960478,
              39.06098999995612
            ],
            [
              -92.90965400036622,
              39.01564799974066
            ],
            [
              -92.85262800020432,
              38.98218299969652
            ],
            [
              -92.79180900029914,
              38.97204400005349
            ],
            [
              -92.71875599994809,
              38.984305000119626
            ],
            [
              -92.60040700009085,
              38.96785700004943
            ],
            [
              -92.55808599982012,
              38.97069199995831
            ],
            [
              -92.57014500036384,
              38.9792059997664
            ],
            [
              -92.55638299975563,
              38.985643999804076
            ],
            [
              -92.5651600000189,
              38.998647000053694
            ],
            [
              -92.43022900012875,
              39.24879500013088
            ],
            [
              -92.65107200008151,
              39.306965999801584
            ],
            [
              -92.65184799985823,
              39.30716499978419
            ]
          ]
        ]
      }
    },
    {
      "type": "Feature",
      "id": "us-county:29:091",
      "properties": {
        "boundary_id": "us-county:29:091",
        "boundary_type": "county",
        "name": "Howell County",
        "stateFips": "29",
        "countyFips": "091",
        "bbox": [
          -92.12039299967442,
          36.49877900009033,
          -91.6556070001042,
          37.056248000256204
        ]
      },
      "geometry": {
        "type": "Polygon",
        "coordinates": [
          [
            [
              -91.83692900001779,
              36.49891200012045
            ],
            [
              -91.67233399990208,
              36.49939200009392
            ],
            [
              -91.67489200028433,
              36.76772800012735
            ],
            [
              -91.67423699998311,
              36.78783200026376
            ],
            [
              -91.66001699961554,
              36.7875310000775
            ],
            [
              -91.6556070001042,
              37.0489249998131
            ],
            [
              -92.08870800026537,
              37.056248000256204
            ],
            [
              -92.09598199958239,
              36.79401100033591
            ],
            [
              -92.11234600005544,
              36.794230999965656
            ],
            [
              -92.12039299967442,
              36.49877900009033
            ],
            [
              -91.83892400016033,
              36.4989089996825
            ],
            [
              -91.83692900001779,
              36.49891200012045
            ]
          ]
        ]
      }
    },
    {
      "type": "Feature",
      "id": "us-county:29:093",
      "properties": {
        "boundary_id": "us-county:29:093",
        "boundary_type": "county",
        "name": "Iron County",
        "stateFips": "29",
        "countyFips": "093",
        "bbox": [
          -91.1550730001466,
          37.27011299989436,
          -90.53500600012605,
          37.74081099972935
        ]
      },
      "geometry": {
        "type": "Polygon",
        "coordinates": [
          [
            [
              -90.98677700034911,
              37.60385299982697
            ],
            [
              -90.7686950002699,
              37.60301100003358
            ],
            [
              -90.77303600018425,
              37.37504900014874
            ],
            [
              -90.74971999971115,
              37.37279600022885
            ],
            [
              -90.75362700015555,
              37.27011299989436
            ],
            [
              -90.5506030001449,
              37.27260800014944
            ],
            [
              -90.54740600025329,
              37.59841000010752
            ],
            [
              -90.53514400021832,
              37.5984000001443
            ],
            [
              -90.53500600012605,
              37.645018999952825
            ],
            [
              -90.64787400024414,
              37.64280899978128
            ],
            [
              -90.64513500011192,
              37.73481299990737
            ],
            [
              -91.14652100001422,
              37.74081099972935
            ],
            [
              -91.1550730001466,
              37.588092000323726
            ],
            [
              -90.98705500018347,
              37.60385199990385
            ],
            [
              -90.98677700034911,
              37.60385299982697
            ]
          ]
        ]
      }
    },
    {
      "type": "Feature",
      "id": "us-county:29:095",
      "properties": {
        "boundary_id": "us-county:29:095",
        "boundary_type": "county",
        "name": "Jackson County",
        "stateFips": "29",
        "countyFips": "095",
        "bbox": [
          -94.60803299988122,
          38.83320800010478,
          -94.10482300043894,
          39.23691499977876
        ]
      },
      "geometry": {
        "type": "Polygon",
        "coordinates": [
          [
            [
              -94.21774400026047,
              39.20845199967126
            ],
            [
              -94.25004600033589,
              39.23484500027917
            ],
            [
              -94.29078500001764,
              39.23691499977876
            ],
            [
              -94.31325000037093,
              39.22230699995
            ],
            [
              -94.33765899991482,
              39.18074199999032
            ],
            [
              -94.36355600033637,
              39.16365599985105
            ],
            [
              -94.37849399985603,
              39.17036500029366
            ],
            [
              -94.38972800021922,
              39.19350300006158
            ],
            [
              -94.4072280003191,
              39.19530299993697
            ],
            [
              -94.40232800036298,
              39.164765999839034
            ],
            [
              -94.46158999979355,
              39.1203719997263
            ],
            [
              -94.48461599983841,
              39.145503999809165
            ],
            [
              -94.50640599979901,
              39.15091400018452
            ],
            [
              -94.53420399975344,
              39.14586100008215
            ],
            [
              -94.59224800043972,
              39.11117400006356
            ],
            [
              -94.60735400018889,
              39.113444000095775
            ],
            [
              -94.60803299988122,
              38.84720700031204
            ],
            [
              -94.11878599999025,
              38.83320800010478
            ],
            [
              -94.10482300043894,
              39.14350700012425
            ],
            [
              -94.13366400013378,
              39.171239000237236
            ],
            [
              -94.18583999966998,
              39.181030000187484
            ],
            [
              -94.17225500041043,
              39.21338200032006
            ],
            [
              -94.21681600014777,
              39.208004000339436
            ],
            [
              -94.21774400026047,
              39.20845199967126
            ]
          ]
        ]
      }
    },
    {
      "type": "Feature",
      "id": "us-county:29:097",
      "properties": {
        "boundary_id": "us-county:29:097",
        "boundary_type": "county",
        "name": "Jasper County",
        "stateFips": "29",
        "countyFips": "097",
        "bbox": [
          -94.61808200021378,
          37.04812699969318,
          -94.05231300009358,
          37.36416999990575
        ]
      },
      "geometry": {
        "type": "Polygon",
        "coordinates": [
          [
            [
              -94.61808200021378,
              37.263999000323935
            ],
            [
              -94.61784899968696,
              37.05679700035672
            ],
            [
              -94.05921099966693,
              37.04812699969318
            ],
            [
              -94.05231300009358,
              37.29007800004569
            ],
            [
              -94.08383299964618,
              37.29085099994457
            ],
            [
              -94.08208299972601,
              37.349291000340266
            ],
            [
              -94.6175700000277,
              37.36416999990575
            ],
            [
              -94.6180429998557,
              37.265886999698374
            ],
            [
              -94.61808200021378,
              37.263999000323935
            ]
          ]
        ]
      }
    },
    {
      "type": "Feature",
      "id": "us-county:29:099",
      "properties": {
        "boundary_id": "us-county:29:099",
        "boundary_type": "county",
        "name": "Jefferson County",
        "stateFips": "29",
        "countyFips": "099",
        "bbox": [
          -90.78018499982777,
          38.00349899991849,
          -90.24985799977321,
          38.50175299986032
        ]
      },
      "geometry": {
        "type": "Polygon",
        "coordinates": [
          [
            [
              -90.4915070003957,
              38.02528099984899
            ],
            [
              -90.4160220000591,
              38.04231500012186
            ],
            [
              -90.32939000029629,
              38.094359999806514
            ],
            [
              -90.29532499988191,
              38.08806099968454
            ],
            [
              -90.28091100024388,
              38.103967999703286
            ],
            [
              -90.24985799977321,
              38.11454999965092
            ],
            [
              -90.27484299997558,
              38.15755900012971
            ],
            [
              -90.33417200025161,
              38.18985699989073
            ],
            [
              -90.36513899961025,
              38.240723999939604
            ],
            [
              -90.37147600039037,
              38.33089700002475
            ],
            [
              -90.34213400038011,
              38.38728500024129
            ],
            [
              -90.34858800043777,
              38.430079000197935
            ],
            [
              -90.33613499970878,
              38.45349100033627
            ],
            [
              -90.41116399993581,
              38.453399999883885
            ],
            [
              -90.4228290002942,
              38.482488999729135
            ],
            [
              -90.40955799995568,
              38.48189800011194
            ],
            [
              -90.40496900034421,
              38.50059799992683
            ],
            [
              -90.59072500005858,
              38.50175299986032
            ],
            [
              -90.61414399956553,
              38.47115100017384
            ],
            [
              -90.63386200028901,
              38.48593600034215
            ],
            [
              -90.65556100001302,
              38.48673699983474
            ],
            [
              -90.6546019999382,
              38.4562249997799
            ],
            [
              -90.67982099959401,
              38.44566599971726
            ],
            [
              -90.69623299974762,
              38.47152299975086
            ],
            [
              -90.71796599980682,
              38.46906500003205
            ],
            [
              -90.71741900035896,
              38.478490999997085
            ],
            [
              -90.7318820004008,
              38.48254199987448
            ],
            [
              -90.78018499982777,
              38.20411200024072
            ],
            [
              -90.68139899998503,
              38.10268100006967
            ],
            [
              -90.67626200020246,
              38.09412199998271
            ],
            [
              -90.68477599980169,
              38.086269999731925
            ],
            [
              -90.66317900018493,
              38.08782500005198
            ],
            [
              -90.65808199968701,
              38.09749999969367
            ],
            [
              -90.65137499990935,
              38.09150900014864
            ],
            [
              -90.65915299991484,
              38.081797000151674
            ],
            [
              -90.61291400022738,
              38.07163100011594
            ],
            [
              -90.62150800019253,
              38.04035700011681
            ],
            [
              -90.61278700000575,
              38.01589500012799
            ],
            [
              -90.62808400044895,
              38.00774299975926
            ],
            [
              -90.58332399962165,
              38.00349899991849
            ],
            [
              -90.49198299969844,
              38.02516999966737
            ],
            [
              -90.4915070003957,
              38.02528099984899
            ]
          ]
        ]
      }
    },
    {
      "type": "Feature",
      "id": "us-county:29:101",
      "properties": {
        "boundary_id": "us-county:29:101",
        "boundary_type": "county",
        "name": "Johnson County",
        "stateFips": "29",
        "countyFips": "101",
        "bbox": [
          -94.12937199972491,
          38.55620999968926,
          -93.49727799984603,
          38.937909000219854
        ]
      },
      "geometry": {
        "type": "Polygon",
        "coordinates": [
          [
            [
              -94.12131199968711,
              38.80431099976095
            ],
            [
              -94.12937199972491,
              38.65586199986305
            ],
            [
              -94.11640800043138,
              38.655517999908206
            ],
            [
              -94.11966399987422,
              38.56871199965818
            ],
            [
              -93.51103000040848,
              38.55620999968926
            ],
            [
              -93.49727799984603,
              38.92842999999233
            ],
            [
              -93.83471899991095,
              38.937909000219854
            ],
            [
              -93.83631900004328,
              38.908709000321664
            ],
            [
              -94.11330600007601,
              38.91748100002475
            ],
            [
              -94.1213100000373,
              38.80434400005616
            ],
            [
              -94.12131199968711,
              38.80431099976095
            ]
          ]
        ]
      }
    },
    {
      "type": "Feature",
      "id": "us-county:29:103",
      "properties": {
        "boundary_id": "us-county:29:103",
        "boundary_type": "county",
        "name": "Knox County",
        "stateFips": "29",
        "countyFips": "103",
        "bbox": [
          -92.34916500014371,
          39.94942599994771,
          -91.94978000041745,
          40.30275600004611
        ]
      },
      "geometry": {
        "type": "Polygon",
        "coordinates": [
          [
            [
              -92.34916500014371,
              40.23975999984865
            ],
            [
              -92.3447079998784,
              39.9532970001844
            ],
            [
              -91.95272600023888,
              39.94942599994771
            ],
            [
              -91.94978000041745,
              40.30086300022831
            ],
            [
              -92.34780100001294,
              40.30275600004611
            ],
            [
              -92.34900399958693,
              40.23976500017058
            ],
            [
              -92.34916500014371,
              40.23975999984865
            ]
          ]
        ]
      }
    },
    {
      "type": "Feature",
      "id": "us-county:29:105",
      "properties": {
        "boundary_id": "us-county:29:105",
        "boundary_type": "county",
        "name": "Laclede County",
        "stateFips": "29",
        "countyFips": "105",
        "bbox": [
          -92.85991300029029,
          37.472943999711696,
          -92.24886500038234,
          37.89573599970604
        ]
      },
      "geometry": {
        "type": "Polygon",
        "coordinates": [
          [
            [
              -92.85875599984875,
              37.78601099979862
            ],
            [
              -92.85991300029029,
              37.72123899991554
            ],
            [
              -92.84628100027676,
              37.7210389998959
            ],
            [
              -92.85348099997393,
              37.48396999974104
            ],
            [
              -92.25226099956728,
              37.472943999711696
            ],
            [
              -92.24886500038234,
              37.648441999889265
            ],
            [
              -92.41366899983713,
              37.71394100014036
            ],
            [
              -92.4092259998155,
              37.85926000005121
            ],
            [
              -92.42223600003813,
              37.858703999663256
            ],
            [
              -92.45346900043386,
              37.82462699994577
            ],
            [
              -92.50146700026231,
              37.82773500004471
            ],
            [
              -92.51350900018927,
              37.8109320001787
            ],
            [
              -92.54893399963812,
              37.80047000027369
            ],
            [
              -92.60007700037798,
              37.84033799992465
            ],
            [
              -92.62018099999253,
              37.89252099985544
            ],
            [
              -92.85538400005497,
              37.89573599970604
            ],
            [
              -92.85875599984875,
              37.78603399980972
            ],
            [
              -92.85875599984875,
              37.78601099979862
            ]
          ]
        ]
      }
    },
    {
      "type": "Feature",
      "id": "us-county:29:107",
      "properties": {
        "boundary_id": "us-county:29:107",
        "boundary_type": "county",
        "name": "Lafayette County",
        "stateFips": "29",
        "countyFips": "107",
        "bbox": [
          -94.11417499973915,
          38.908709000321664,
          -93.4772329997827,
          39.292795999997885
        ]
      },
      "geometry": {
        "type": "Polygon",
        "coordinates": [
          [
            [
              -93.7790200000699,
              38.935835999855875
            ],
            [
              -93.4972679998003,
              38.928441000238635
            ],
            [
              -93.4772329997827,
              39.292795999997885
            ],
            [
              -93.49593700017978,
              39.272913000209876
            ],
            [
              -93.4878849996396,
              39.22887499982404
            ],
            [
              -93.5050690002703,
              39.216819000213036
            ],
            [
              -93.55694400040593,
              39.218159000083105
            ],
            [
              -93.58582899958341,
              39.240759999664824
            ],
            [
              -93.65223700008109,
              39.248339999686145
            ],
            [
              -93.71120999980663,
              39.20626199980795
            ],
            [
              -93.74599999994408,
              39.20948700022458
            ],
            [
              -93.7843910002042,
              39.20020900024578
            ],
            [
              -93.82417199963604,
              39.21489699993708
            ],
            [
              -93.85543400034409,
              39.212874000311224
            ],
            [
              -93.89941699977312,
              39.184538999758196
            ],
            [
              -93.9400430003753,
              39.17969000012421
            ],
            [
              -93.94241099988841,
              39.15808300007737
            ],
            [
              -93.96701399960108,
              39.142376000170295
            ],
            [
              -93.98889200032353,
              39.15278600012954
            ],
            [
              -93.96147900033357,
              39.187524999798406
            ],
            [
              -93.98008800029608,
              39.205874000305826
            ],
            [
              -94.03449400015147,
              39.18794499998257
            ],
            [
              -94.02420600034264,
              39.15453699993454
            ],
            [
              -94.04809400037794,
              39.13956000030804
            ],
            [
              -94.07860700017515,
              39.13424699993101
            ],
            [
              -94.10482300043894,
              39.14350700012425
            ],
            [
              -94.11417499973915,
              38.91730399996181
            ],
            [
              -93.83631900004328,
              38.908709000321664
            ],
            [
              -93.83471899991095,
              38.937909000219854
            ],
            [
              -93.7805880004152,
              38.935877999895396
            ],
            [
              -93.7790200000699,
              38.935835999855875
            ]
          ]
        ]
      }
    },
    {
      "type": "Feature",
      "id": "us-county:29:109",
      "properties": {
        "boundary_id": "us-county:29:109",
        "boundary_type": "county",
        "name": "Lawrence County",
        "stateFips": "29",
        "countyFips": "109",
        "bbox": [
          -94.06273999981957,
          36.922831000334014,
          -93.60509500039528,
          37.29007800004569
        ]
      },
      "geometry": {
        "type": "Polygon",
        "coordinates": [
          [
            [
              -93.7470490004306,
              37.28455100034614
            ],
            [
              -94.05231300009358,
              37.29007800004569
            ],
            [
              -94.06273999981957,
              36.93177500006468
            ],
            [
              -93.61100299993169,
              36.922831000334014
            ],
            [
              -93.60509500039528,
              37.28148199974136
            ],
            [
              -93.74601500001269,
              37.2845309999772
            ],
            [
              -93.7470490004306,
              37.28455100034614
            ]
          ]
        ]
      }
    },
    {
      "type": "Feature",
      "id": "us-county:29:111",
      "properties": {
        "boundary_id": "us-county:29:111",
        "boundary_type": "county",
        "name": "Lewis County",
        "stateFips": "29",
        "countyFips": "111",
        "bbox": [
          -91.95272600023888,
          39.94522199966808,
          -91.43551700036194,
          40.25720999996555
        ]
      },
      "geometry": {
        "type": "Polygon",
        "coordinates": [
          [
            [
              -91.95164300031551,
              40.21490500015018
            ],
            [
              -91.95272600023888,
              39.94942599994771
            ],
            [
              -91.43551700036194,
              39.94522199966808
            ],
            [
              -91.49498100035717,
              40.036944999826694
            ],
            [
              -91.48960600002492,
              40.05743499970961
            ],
            [
              -91.5108389995936,
              40.1261369996846
            ],
            [
              -91.51307899995854,
              40.17853700009178
            ],
            [
              -91.50447699959744,
              40.198261999928846
            ],
            [
              -91.50650100005228,
              40.2363039998996
            ],
            [
              -91.49726600002963,
              40.248763000269506
            ],
            [
              -91.9508120002872,
              40.25720999996555
            ],
            [
              -91.95124499993224,
              40.23366900027264
            ],
            [
              -91.95164300031551,
              40.21490500015018
            ]
          ]
        ]
      }
    },
    {
      "type": "Feature",
      "id": "us-county:29:113",
      "properties": {
        "boundary_id": "us-county:29:113",
        "boundary_type": "county",
        "name": "Lincoln County",
        "stateFips": "29",
        "countyFips": "113",
        "bbox": [
          -91.26428700043859,
          38.87086499968406,
          -90.66318099983475,
          39.22723300006671
        ]
      },
      "geometry": {
        "type": "Polygon",
        "coordinates": [
          [
            [
              -90.68523000026144,
              39.11552699979483
            ],
            [
              -90.70790200030397,
              39.150860000143794
            ],
            [
              -90.72183499971807,
              39.224108000104664
            ],
            [
              -91.18294200024616,
              39.22723300006671
            ],
            [
              -91.18546000044542,
              39.13904999999629
            ],
            [
              -91.26023199985619,
              39.139844999672356
            ],
            [
              -91.26428700043859,
              38.992761999941294
            ],
            [
              -91.18839000037335,
              38.992141000174186
            ],
            [
              -91.18934799972494,
              38.932150999968314
            ],
            [
              -91.11018699982093,
              38.93190100003789
            ],
            [
              -91.11125100037606,
              38.872708999936776
            ],
            [
              -90.95853599980558,
              38.87086499968406
            ],
            [
              -90.95755499998944,
              38.89328499993069
            ],
            [
              -90.95031199973626,
              38.895082999843154
            ],
            [
              -90.93345500024203,
              38.88504900015468
            ],
            [
              -90.87078799960909,
              38.88870699990733
            ],
            [
              -90.80818000032403,
              38.877520000044875
            ],
            [
              -90.8082410004234,
              38.89997800000014
            ],
            [
              -90.7975409999876,
              38.904429000291266
            ],
            [
              -90.80441799964458,
              38.91113900023027
            ],
            [
              -90.79267799984143,
              38.91740799966136
            ],
            [
              -90.7288410001448,
              38.931141000009305
            ],
            [
              -90.72376399973838,
              38.92517500033654
            ],
            [
              -90.73561099967164,
              38.915832000342434
            ],
            [
              -90.70755699962416,
              38.90265199973608
            ],
            [
              -90.69943399983718,
              38.90841100034251
            ],
            [
              -90.71430899960767,
              38.91816400007387
            ],
            [
              -90.68377300024424,
              38.91598600022842
            ],
            [
              -90.69658199972707,
              38.932783999820956
            ],
            [
              -90.66318099983475,
              38.934223999739125
            ],
            [
              -90.67902700027395,
              38.99386699983414
            ],
            [
              -90.71362900009042,
              39.05397699983576
            ],
            [
              -90.68274399984924,
              39.08834800023029
            ],
            [
              -90.68451800005883,
              39.11356699982443
            ],
            [
              -90.68523000026144,
              39.11552699979483
            ]
          ]
        ]
      }
    },
    {
      "type": "Feature",
      "id": "us-county:29:115",
      "properties": {
        "boundary_id": "us-county:29:115",
        "boundary_type": "county",
        "name": "Linn County",
        "stateFips": "29",
        "countyFips": "115",
        "bbox": [
          -93.36480800025375,
          39.699985000075074,
          -92.84747700017805,
          40.03730099981611
        ]
      },
      "geometry": {
        "type": "Polygon",
        "coordinates": [
          [
            [
              -93.01555899971528,
              40.03657799967909
            ],
            [
              -93.36195100012074,
              40.0330980000499
            ],
            [
              -93.36480800025375,
              39.70380299998644
            ],
            [
              -92.85791999979759,
              39.699985000075074
            ],
            [
              -92.84747700017805,
              40.03730099981611
            ],
            [
              -93.01276900042777,
              40.036515000317195
            ],
            [
              -93.01555899971528,
              40.03657799967909
            ]
          ]
        ]
      }
    },
    {
      "type": "Feature",
      "id": "us-county:29:117",
      "properties": {
        "boundary_id": "us-county:29:117",
        "boundary_type": "county",
        "name": "Livingston County",
        "stateFips": "29",
        "countyFips": "117",
        "bbox": [
          -93.76197299970656,
          39.611407000085215,
          -93.26044899971201,
          39.967628000055065
        ]
      },
      "geometry": {
        "type": "Polygon",
        "coordinates": [
          [
            [
              -93.4217609997224,
              39.61481799979866
            ],
            [
              -93.28010700016102,
              39.61548799993845
            ],
            [
              -93.27927500030782,
              39.62256899984392
            ],
            [
              -93.26044899971201,
              39.62501600023501
            ],
            [
              -93.28384999967558,
              39.651990999939976
            ],
            [
              -93.27339199998745,
              39.654841999854845
            ],
            [
              -93.28589199967381,
              39.66681899970344
            ],
            [
              -93.2789360003741,
              39.68124500008273
            ],
            [
              -93.28762099967756,
              39.68260399990957
            ],
            [
              -93.26696800006701,
              39.70356200002969
            ],
            [
              -93.36480800025375,
              39.70380299998644
            ],
            [
              -93.36135899956874,
              39.967628000055065
            ],
            [
              -93.76197299970656,
              39.95955200004341
            ],
            [
              -93.75835700041362,
              39.611407000085215
            ],
            [
              -93.42229200017502,
              39.61481799979866
            ],
            [
              -93.4217609997224,
              39.61481799979866
            ]
          ]
        ]
      }
    },
    {
      "type": "Feature",
      "id": "us-county:29:119",
      "properties": {
        "boundary_id": "us-county:29:119",
        "boundary_type": "county",
        "name": "McDonald County",
        "stateFips": "29",
        "countyFips": "119",
        "bbox": [
          -94.61830700034467,
          36.49866899965389,
          -94.06714500020635,
          36.76656000017095
        ]
      },
      "geometry": {
        "type": "Polygon",
        "coordinates": [
          [
            [
              -94.07436699964482,
              36.574272000045355
            ],
            [
              -94.06714500020635,
              36.74774000033016
            ],
            [
              -94.61830700034467,
              36.76656000017095
            ],
            [
              -94.61785899973269,
              36.49943099975799
            ],
            [
              -94.07708900005858,
              36.49866899965389
            ],
            [
              -94.07439900033017,
              36.57353799994625
            ],
            [
              -94.07436699964482,
              36.574272000045355
            ]
          ]
        ]
      }
    },
    {
      "type": "Feature",
      "id": "us-county:29:121",
      "properties": {
        "boundary_id": "us-county:29:121",
        "boundary_type": "county",
        "name": "Macon County",
        "stateFips": "29",
        "countyFips": "121",
        "bbox": [
          -92.85791999979759,
          39.60534399974837,
          -92.28788199973305,
          40.03730099981611
        ]
      },
      "geometry": {
        "type": "Polygon",
        "coordinates": [
          [
            [
              -92.84963299997906,
              39.96288000027533
            ],
            [
              -92.85791999979759,
              39.699985000075074
            ],
            [
              -92.68933100009714,
              39.69809399982284
            ],
            [
              -92.69214899987206,
              39.61026499983044
            ],
            [
              -92.29931600011275,
              39.60534399974837
            ],
            [
              -92.28788199973305,
              39.95248999972619
            ],
            [
              -92.3447079998784,
              39.9532970001844
            ],
            [
              -92.34296800000399,
              40.03719800017445
            ],
            [
              -92.84747700017805,
              40.03730099981611
            ],
            [
              -92.84959899964389,
              39.96400399994896
            ],
            [
              -92.84963299997906,
              39.96288000027533
            ]
          ]
        ]
      }
    },
    {
      "type": "Feature",
      "id": "us-county:29:123",
      "properties": {
        "boundary_id": "us-county:29:123",
        "boundary_type": "county",
        "name": "Madison County",
        "stateFips": "29",
        "countyFips": "123",
        "bbox": [
          -90.54972899956057,
          37.3120910002664,
          -90.1385360002591,
          37.64364100031604
        ]
      },
      "geometry": {
        "type": "Polygon",
        "coordinates": [
          [
            [
              -90.14398900040915,
              37.48092299967006
            ],
            [
              -90.1385360002591,
              37.54121900023775
            ],
            [
              -90.14677799987174,
              37.64161800012502
            ],
            [
              -90.53501600017181,
              37.64364100031604
            ],
            [
              -90.53514400021832,
              37.5984000001443
            ],
            [
              -90.54740600025329,
              37.59841000010752
            ],
            [
              -90.54972899956057,
              37.31759400028989
            ],
            [
              -90.14569900014634,
              37.3120910002664
            ],
            [
              -90.14396099992173,
              37.47941699981515
            ],
            [
              -90.14398900040915,
              37.48092299967006
            ]
          ]
        ]
      }
    },
    {
      "type": "Feature",
      "id": "us-county:29:125",
      "properties": {
        "boundary_id": "us-county:29:125",
        "boundary_type": "county",
        "name": "Maries County",
        "stateFips": "29",
        "countyFips": "125",
        "bbox": [
          -92.19783200014567,
          38.00968299973632,
          -91.63055400012975,
          38.292237000120565
        ]
      },
      "geometry": {
        "type": "Polygon",
        "coordinates": [
          [
            [
              -91.89513199981441,
              38.0511989998092
            ],
            [
              -91.63243100027151,
              38.05095099990257
            ],
            [
              -91.63055400012975,
              38.15351899969257
            ],
            [
              -91.64489300032301,
              38.153679000007614
            ],
            [
              -91.64472900029149,
              38.288510000059944
            ],
            [
              -92.19567499962142,
              38.292237000120565
            ],
            [
              -92.19783200014567,
              38.161259999741105
            ],
            [
              -92.1814159997941,
              38.161003999688525
            ],
            [
              -92.18537000009417,
              38.01513799974938
            ],
            [
              -91.96633300013805,
              38.00968299973632
            ],
            [
              -91.95370399968196,
              38.04015500015275
            ],
            [
              -91.94185199972583,
              38.04159199971225
            ],
            [
              -91.93524700005541,
              38.03087000034649
            ],
            [
              -91.89522600042406,
              38.0511989998092
            ],
            [
              -91.89513199981441,
              38.0511989998092
            ]
          ]
        ]
      }
    },
    {
      "type": "Feature",
      "id": "us-county:29:127",
      "properties": {
        "boundary_id": "us-county:29:127",
        "boundary_type": "county",
        "name": "Marion County",
        "stateFips": "29",
        "countyFips": "127",
        "bbox": [
          -91.8467430001737,
          39.65747100000588,
          -91.30669300019983,
          39.948235000243315
        ]
      },
      "geometry": {
        "type": "Polygon",
        "coordinates": [
          [
            [
              -91.51087600030185,
              39.685398000067124
            ],
            [
              -91.30669300019983,
              39.6848649996942
            ],
            [
              -91.36939500009453,
              39.73116299999
            ],
            [
              -91.3615710000583,
              39.78754800017399
            ],
            [
              -91.36796599966642,
              39.80040300029374
            ],
            [
              -91.43652900014021,
              39.847078000022115
            ],
            [
              -91.44784399979594,
              39.87795099981303
            ],
            [
              -91.41988000016013,
              39.91653299966102
            ],
            [
              -91.42749900015694,
              39.939539999759035
            ],
            [
              -91.84035299969013,
              39.948235000243315
            ],
            [
              -91.8467430001737,
              39.65851299978955
            ],
            [
              -91.71417200029906,
              39.65747100000588
            ],
            [
              -91.71549700007178,
              39.6864919998968
            ],
            [
              -91.51098500008179,
              39.685398000067124
            ],
            [
              -91.51087600030185,
              39.685398000067124
            ]
          ]
        ]
      }
    },
    {
      "type": "Feature",
      "id": "us-county:29:129",
      "properties": {
        "boundary_id": "us-county:29:129",
        "boundary_type": "county",
        "name": "Mercer County",
        "stateFips": "29",
        "countyFips": "129",
        "bbox": [
          -93.7743440004198,
          40.2639879997472,
          -93.36721400030001,
          40.58033300017646
        ]
      },
      "geometry": {
        "type": "Polygon",
        "coordinates": [
          [
            [
              -93.4991769997291,
              40.265116999886146
            ],
            [
              -93.36721400030001,
              40.26631399990897
            ],
            [
              -93.37438600040808,
              40.58033300017646
            ],
            [
              -93.7743440004198,
              40.57754800001701
            ],
            [
              -93.76332400031686,
              40.2639879997472
            ],
            [
              -93.50016799959099,
              40.265112000066104
            ],
            [
              -93.4991769997291,
              40.265116999886146
            ]
          ]
        ]
      }
    },
    {
      "type": "Feature",
      "id": "us-county:29:131",
      "properties": {
        "boundary_id": "us-county:29:131",
        "boundary_type": "county",
        "name": "Miller County",
        "stateFips": "29",
        "countyFips": "131",
        "bbox": [
          -92.69600799973756,
          38.01618599987687,
          -92.1814159997941,
          38.43095799998746
        ]
      },
      "geometry": {
        "type": "Polygon",
        "coordinates": [
          [
            [
              -92.63361800001239,
              38.35049999975772
            ],
            [
              -92.68983400006239,
              38.34847200032794
            ],
            [
              -92.69600799973756,
              38.221730000185715
            ],
            [
              -92.64008499959053,
              38.21303199969029
            ],
            [
              -92.64138299959909,
              38.17170800012992
            ],
            [
              -92.6045709995549,
              38.1708470001781
            ],
            [
              -92.59707700012986,
              38.11076000003614
            ],
            [
              -92.58797500017657,
              38.11058099976626
            ],
            [
              -92.58805200016948,
              38.096076000228095
            ],
            [
              -92.56968199968324,
              38.09593399995242
            ],
            [
              -92.57001800014223,
              38.066630000010576
            ],
            [
              -92.55208100019934,
              38.06633500034984
            ],
            [
              -92.55237599975213,
              38.05237700009379
            ],
            [
              -92.53344899977229,
              38.05180499999943
            ],
            [
              -92.53370599969023,
              38.03726599974678
            ],
            [
              -92.51557999960146,
              38.03693600001895
            ],
            [
              -92.51622400003204,
              38.0225109997093
            ],
            [
              -92.18511800019908,
              38.01618599987687
            ],
            [
              -92.1814159997941,
              38.161003999688525
            ],
            [
              -92.19783200014567,
              38.161259999741105
            ],
            [
              -92.19412200024307,
              38.335646000277926
            ],
            [
              -92.22489699998111,
              38.335827999660175
            ],
            [
              -92.2501779995612,
              38.32271299994388
            ],
            [
              -92.29167899967426,
              38.33933400020329
            ],
            [
              -92.40843999999305,
              38.34108100008442
            ],
            [
              -92.40407099959128,
              38.4253470002657
            ],
            [
              -92.63019000014211,
              38.43095799998746
            ],
            [
              -92.63339799990437,
              38.35740999972684
            ],
            [
              -92.63361800001239,
              38.35049999975772
            ]
          ]
        ]
      }
    },
    {
      "type": "Feature",
      "id": "us-county:29:133",
      "properties": {
        "boundary_id": "us-county:29:133",
        "boundary_type": "county",
        "name": "Mississippi County",
        "stateFips": "29",
        "countyFips": "133",
        "bbox": [
          -89.51986500015636,
          36.56496099996165,
          -89.0996339995774,
          37.0720140003566
        ]
      },
      "geometry": {
        "type": "Polygon",
        "coordinates": [
          [
            [
              -89.12227499965778,
              36.87906499985285
            ],
            [
              -89.0996339995774,
              36.95121999976704
            ],
            [
              -89.10739300021461,
              36.974692000253725
            ],
            [
              -89.1253519998988,
              36.98352900024578
            ],
            [
              -89.18549100028672,
              36.973517999998464
            ],
            [
              -89.20079299985446,
              37.01616399965249
            ],
            [
              -89.23405300017978,
              37.03727699998387
            ],
            [
              -89.25493000009632,
              37.0720140003566
            ],
            [
              -89.25993499963441,
              37.06406999982971
            ],
            [
              -89.30772599977364,
              37.06965400006082
            ],
            [
              -89.30475200036311,
              37.04756499972909
            ],
            [
              -89.26000300030479,
              37.023287999841
            ],
            [
              -89.2662420002773,
              36.996302000182716
            ],
            [
              -89.27862800016084,
              36.9886699999575
            ],
            [
              -89.31332399968865,
              37.00949900021665
            ],
            [
              -89.34720499998,
              37.009109999644025
            ],
            [
              -89.34730299988931,
              37.0019769997299
            ],
            [
              -89.37430800034858,
              36.994285000095125
            ],
            [
              -89.37506400003382,
              36.964947000015265
            ],
            [
              -89.41128900044716,
              36.964787000306146
            ],
            [
              -89.41147900041796,
              36.95013499993017
            ],
            [
              -89.42989900023458,
              36.950263000089734
            ],
            [
              -89.42995000028822,
              36.935609000280145
            ],
            [
              -89.46539300017874,
              36.93577600035163
            ],
            [
              -89.46523300034518,
              36.906239000061596
            ],
            [
              -89.50152599963228,
              36.906262000351255
            ],
            [
              -89.50151499976161,
              36.87692600017588
            ],
            [
              -89.51986500015636,
              36.87693700029118
            ],
            [
              -89.51970100012484,
              36.847896000289296
            ],
            [
              -89.50209300006993,
              36.84790499968638
            ],
            [
              -89.50204500038936,
              36.83280299980052
            ],
            [
              -89.48320100025019,
              36.8327639997366
            ],
            [
              -89.48323100038742,
              36.8178150000958
            ],
            [
              -89.47210900017724,
              36.81776900017171
            ],
            [
              -89.46322599960877,
              36.78892299966174
            ],
            [
              -89.44561400025421,
              36.78931099982682
            ],
            [
              -89.4458879998906,
              36.76764600027239
            ],
            [
              -89.42806599957544,
              36.760719000177666
            ],
            [
              -89.4279500001228,
              36.74652399987275
            ],
            [
              -89.40107899955783,
              36.73060400025248
            ],
            [
              -89.3914600002939,
              36.70291099969581
            ],
            [
              -89.37374099991092,
              36.70294800027119
            ],
            [
              -89.36433099998607,
              36.67401200004444
            ],
            [
              -89.34618800017886,
              36.666785000149794
            ],
            [
              -89.34596800007084,
              36.651818000092085
            ],
            [
              -89.32747600028418,
              36.64496899982579
            ],
            [
              -89.32758800043716,
              36.63227599981059
            ],
            [
              -89.29467500044146,
              36.5937789999395
            ],
            [
              -89.25653799972625,
              36.56496099996165
            ],
            [
              -89.21387400022216,
              36.57991099968418
            ],
            [
              -89.19775300032168,
              36.62897099995553
            ],
            [
              -89.1591179996641,
              36.66635399980873
            ],
            [
              -89.17188400038755,
              36.67259800018542
            ],
            [
              -89.17046199963212,
              36.69004800004582
            ],
            [
              -89.19931099972291,
              36.715624000351355
            ],
            [
              -89.19785600025385,
              36.73977200021172
            ],
            [
              -89.17288699994499,
              36.75877100002169
            ],
            [
              -89.12596700001703,
              36.75180900030502
            ],
            [
              -89.11820200043034,
              36.762325999803046
            ],
            [
              -89.12353099983352,
              36.78521700016834
            ],
            [
              -89.16249399965585,
              36.79167999989592
            ],
            [
              -89.17956500030866,
              36.81301699975068
            ],
            [
              -89.17615300033188,
              36.83761899966291
            ],
            [
              -89.1381090004014,
              36.847322999829345
            ],
            [
              -89.12365499968209,
              36.87699200012534
            ],
            [
              -89.12227499965778,
              36.87906499985285
            ]
          ]
        ]
      }
    },
    {
      "type": "Feature",
      "id": "us-county:29:135",
      "properties": {
        "boundary_id": "us-county:29:135",
        "boundary_type": "county",
        "name": "Moniteau County",
        "stateFips": "29",
        "countyFips": "135",
        "bbox": [
          -92.84187099986711,
          38.427828999806486,
          -92.38130400001252,
          38.92208399986873
        ]
      },
      "geometry": {
        "type": "Polygon",
        "coordinates": [
          [
            [
              -92.59496900000943,
              38.73762500010983
            ],
            [
              -92.61714700030754,
              38.68001299982239
            ],
            [
              -92.83979200005898,
              38.68494800007407
            ],
            [
              -92.84187099986711,
              38.596791999849145
            ],
            [
              -92.62518899990367,
              38.430777999772985
            ],
            [
              -92.49518499973378,
              38.427828999806486
            ],
            [
              -92.39486599970584,
              38.739130000241694
            ],
            [
              -92.40856700021467,
              38.770194999894294
            ],
            [
              -92.38456399965331,
              38.787046000039325
            ],
            [
              -92.38130400001252,
              38.80873200011003
            ],
            [
              -92.38791000040615,
              38.81793400025523
            ],
            [
              -92.42117999987892,
              38.81975400022486
            ],
            [
              -92.43990600001732,
              38.83134600016665
            ],
            [
              -92.45671700037909,
              38.860268999928344
            ],
            [
              -92.47963999959347,
              38.8774390002185
            ],
            [
              -92.4745859996516,
              38.902370999833906
            ],
            [
              -92.49837699960253,
              38.92208399986873
            ],
            [
              -92.5949549997657,
              38.73765500002647
            ],
            [
              -92.59496900000943,
              38.73762500010983
            ]
          ]
        ]
      }
    },
    {
      "type": "Feature",
      "id": "us-county:29:137",
      "properties": {
        "boundary_id": "us-county:29:137",
        "boundary_type": "county",
        "name": "Monroe County",
        "stateFips": "29",
        "countyFips": "137",
        "bbox": [
          -92.31002800024412,
          39.33912200018867,
          -91.71524699982652,
          39.66293199999899
        ]
      },
      "geometry": {
        "type": "Polygon",
        "coordinates": [
          [
            [
              -92.30596900036205,
              39.45748399986967
            ],
            [
              -92.31002800024412,
              39.34779499997148
            ],
            [
              -91.71796800041538,
              39.33912200018867
            ],
            [
              -91.71524699982652,
              39.65764400011505
            ],
            [
              -92.18498599995462,
              39.66293199999899
            ],
            [
              -92.18669099966893,
              39.60408199965985
            ],
            [
              -92.30087100003924,
              39.60534800014644
            ],
            [
              -92.3059230003313,
              39.45860499985943
            ],
            [
              -92.30596900036205,
              39.45748399986967
            ]
          ]
        ]
      }
    },
    {
      "type": "Feature",
      "id": "us-county:29:139",
      "properties": {
        "boundary_id": "us-county:29:139",
        "boundary_type": "county",
        "name": "Montgomery County",
        "stateFips": "29",
        "countyFips": "139",
        "bbox": [
          -91.64717100032277,
          38.67626699992242,
          -91.26023199985619,
          39.14785299992686
        ]
      },
      "geometry": {
        "type": "Polygon",
        "coordinates": [
          [
            [
              -91.26310700043084,
              39.03700300020793
            ],
            [
              -91.26023199985619,
              39.139844999672356
            ],
            [
              -91.62959800042798,
              39.14785299992686
            ],
            [
              -91.64717100032277,
              38.70339600021653
            ],
            [
              -91.55064000001524,
              38.67626699992242
            ],
            [
              -91.50260200000382,
              38.694999999878235
            ],
            [
              -91.48779199963234,
              38.71311400001229
            ],
            [
              -91.41863700040317,
              38.7097780000535
            ],
            [
              -91.41583200014873,
              38.84530000020944
            ],
            [
              -91.26492699977285,
              38.84383300034434
            ],
            [
              -91.26311199955538,
              39.036871999727275
            ],
            [
              -91.26310700043084,
              39.03700300020793
            ]
          ]
        ]
      }
    },
    {
      "type": "Feature",
      "id": "us-county:29:141",
      "properties": {
        "boundary_id": "us-county:29:141",
        "boundary_type": "county",
        "name": "Morgan County",
        "stateFips": "29",
        "countyFips": "141",
        "bbox": [
          -93.07769200042083,
          38.18655399995176,
          -92.62518899990367,
          38.69307700017416
        ]
      },
      "geometry": {
        "type": "Polygon",
        "coordinates": [
          [
            [
              -92.86129499996441,
              38.19328500002816
            ],
            [
              -92.7649629998485,
              38.18953400026167
            ],
            [
              -92.75019299966002,
              38.21702499980386
            ],
            [
              -92.6959969998669,
              38.22205300025287
            ],
            [
              -92.68983400006239,
              38.34847200032794
            ],
            [
              -92.63375600010465,
              38.34808199991526
            ],
            [
              -92.62518899990367,
              38.430777999772985
            ],
            [
              -92.84187099986711,
              38.596791999849145
            ],
            [
              -92.83983700026484,
              38.683974000139536
            ],
            [
              -93.05997399986275,
              38.69307700017416
            ],
            [
              -93.07769200042083,
              38.26309199976793
            ],
            [
              -93.05109000036767,
              38.27009299990973
            ],
            [
              -93.01653399968363,
              38.24491199995282
            ],
            [
              -93.00565000002314,
              38.222704999705506
            ],
            [
              -92.98399499978174,
              38.21952799976241
            ],
            [
              -92.98579400010571,
              38.21092799980031
            ],
            [
              -93.02000000008707,
              38.20479699966408
            ],
            [
              -93.0081320002374,
              38.18655399995176
            ],
            [
              -92.9865549998138,
              38.190761000228754
            ],
            [
              -92.95689800015927,
              38.22950799984481
            ],
            [
              -92.93199300032282,
              38.2162290002179
            ],
            [
              -92.96299400001665,
              38.19722900021364
            ],
            [
              -92.86216700000061,
              38.193317999744394
            ],
            [
              -92.86129499996441,
              38.19328500002816
            ]
          ]
        ]
      }
    },
    {
      "type": "Feature",
      "id": "us-county:29:143",
      "properties": {
        "boundary_id": "us-county:29:143",
        "boundary_type": "county",
        "name": "New Madrid County",
        "stateFips": "29",
        "countyFips": "143",
        "bbox": [
          -89.9724780002784,
          36.33680899978131,
          -89.32747600028418,
          36.8696170003145
        ]
      },
      "geometry": {
        "type": "Polygon",
        "coordinates": [
          [
            [
              -89.49411900024587,
              36.47626799990966
            ],
            [
              -89.48619300010239,
              36.46211400028987
            ],
            [
              -89.46443300027903,
              36.45774700018441
            ],
            [
              -89.43284800042909,
              36.47918700014341
            ],
            [
              -89.39862599965589,
              36.54227599993379
            ],
            [
              -89.37503999974435,
              36.61611000010058
            ],
            [
              -89.32758800043716,
              36.63227599981059
            ],
            [
              -89.32747600028418,
              36.64496899982579
            ],
            [
              -89.34596800007084,
              36.651818000092085
            ],
            [
              -89.34618800017886,
              36.666785000149794
            ],
            [
              -89.36433099998607,
              36.67401200004444
            ],
            [
              -89.37374099991092,
              36.70294800027119
            ],
            [
              -89.3914600002939,
              36.70291099969581
            ],
            [
              -89.40107899955783,
              36.73060400025248
            ],
            [
              -89.4279500001228,
              36.74652399987275
            ],
            [
              -89.42806599957544,
              36.760719000177666
            ],
            [
              -89.4458879998906,
              36.76764600027239
            ],
            [
              -89.44561400025421,
              36.78931099982682
            ],
            [
              -89.46322599960877,
              36.78892299966174
            ],
            [
              -89.47210900017724,
              36.81776900017171
            ],
            [
              -89.48323100038742,
              36.8178150000958
            ],
            [
              -89.48320100025019,
              36.8327639997366
            ],
            [
              -89.50204500038936,
              36.83280299980052
            ],
            [
              -89.50209300006993,
              36.84790499968638
            ],
            [
              -89.51970100012484,
              36.847896000289296
            ],
            [
              -89.51980900007987,
              36.8696170003145
            ],
            [
              -89.70483300039847,
              36.85928499987819
            ],
            [
              -89.70095199989332,
              36.627453000353626
            ],
            [
              -89.9632840002636,
              36.625471000141204
            ],
            [
              -89.95362699956823,
              36.54762999980167
            ],
            [
              -89.96049200042795,
              36.52745900003531
            ],
            [
              -89.95730700023192,
              36.4554660001779
            ],
            [
              -89.9724780002784,
              36.38959699975648
            ],
            [
              -89.75564900000185,
              36.38480399981504
            ],
            [
              -89.74364499970973,
              36.42194399972284
            ],
            [
              -89.72550100007761,
              36.42720999978793
            ],
            [
              -89.67311600030405,
              36.40021199987422
            ],
            [
              -89.61130800018681,
              36.411273000090844
            ],
            [
              -89.59230000001614,
              36.40380499986794
            ],
            [
              -89.5821030004439,
              36.38142599965414
            ],
            [
              -89.5450849996371,
              36.35999599997819
            ],
            [
              -89.54500599999437,
              36.33680899978131
            ],
            [
              -89.53807900010868,
              36.337496000018696
            ],
            [
              -89.51899999979288,
              36.34859999999686
            ],
            [
              -89.50955800008096,
              36.375064999903756
            ],
            [
              -89.54525500041471,
              36.42707900028296
            ],
            [
              -89.5195010001083,
              36.47541900015226
            ],
            [
              -89.56839199988934,
              36.54203200034692
            ],
            [
              -89.57051000005553,
              36.558393000108246
            ],
            [
              -89.55757400035108,
              36.57429700025614
            ],
            [
              -89.52854100013731,
              36.58158199990622
            ],
            [
              -89.47662400016888,
              36.565119999814016
            ],
            [
              -89.46591299986243,
              36.5300150002719
            ],
            [
              -89.49337699990603,
              36.478959000187274
            ],
            [
              -89.49411900024587,
              36.47626799990966
            ]
          ]
        ]
      }
    },
    {
      "type": "Feature",
      "id": "us-county:29:145",
      "properties": {
        "boundary_id": "us-county:29:145",
        "boundary_type": "county",
        "name": "Newton County",
        "stateFips": "29",
        "countyFips": "145",
        "bbox": [
          -94.61830700034467,
          36.74781799995047,
          -94.05921099966693,
          37.05679700035672
        ]
      },
      "geometry": {
        "type": "Polygon",
        "coordinates": [
          [
            [
              -94.2042799995781,
              37.051534999988185
            ],
            [
              -94.61784899968696,
              37.05679700035672
            ],
            [
              -94.61830700034467,
              36.76656000017095
            ],
            [
              -94.06889799960123,
              36.74781799995047
            ],
            [
              -94.05921099966693,
              37.04812699969318
            ],
            [
              -94.20311299998913,
              37.05152399997802
            ],
            [
              -94.2042799995781,
              37.051534999988185
            ]
          ]
        ]
      }
    },
    {
      "type": "Feature",
      "id": "us-county:29:147",
      "properties": {
        "boundary_id": "us-county:29:147",
        "boundary_type": "county",
        "name": "Nodaway County",
        "stateFips": "29",
        "countyFips": "147",
        "bbox": [
          -95.20226500030282,
          40.12612700013491,
          -94.59848700041223,
          40.578488000160355
        ]
      },
      "geometry": {
        "type": "Polygon",
        "coordinates": [
          [
            [
              -94.8967730001359,
              40.574737000009854
            ],
            [
              -95.20226500030282,
              40.578488000160355
            ],
            [
              -95.20201699970738,
              40.47913499987541
            ],
            [
              -95.1777079997226,
              40.478902999742004
            ],
            [
              -95.18061400025937,
              40.26170600031921
            ],
            [
              -95.07159300031124,
              40.260854999719335
            ],
            [
              -95.0735959999514,
              40.243382999726165
            ],
            [
              -95.05787900028196,
              40.23908600011144
            ],
            [
              -95.07491200040158,
              40.18883600033437
            ],
            [
              -95.06064500017834,
              40.17173000029189
            ],
            [
              -95.0671979999702,
              40.16772900028991
            ],
            [
              -95.06034300005453,
              40.13894099971632
            ],
            [
              -95.04307999978113,
              40.13009599966173
            ],
            [
              -94.60594200037754,
              40.12612700013491
            ],
            [
              -94.59848700041223,
              40.38671399976152
            ],
            [
              -94.60864200015168,
              40.38681800020647
            ],
            [
              -94.60840899962486,
              40.4724430002403
            ],
            [
              -94.63188900012948,
              40.47251299999565
            ],
            [
              -94.63202999969647,
              40.57136699966395
            ],
            [
              -94.89669899961774,
              40.574737000009854
            ],
            [
              -94.8967730001359,
              40.574737000009854
            ]
          ]
        ]
      }
    },
    {
      "type": "Feature",
      "id": "us-county:29:149",
      "properties": {
        "boundary_id": "us-county:29:149",
        "boundary_type": "county",
        "name": "Oregon County",
        "stateFips": "29",
        "countyFips": "149",
        "bbox": [
          -91.67423699998311,
          36.49754500010322,
          -91.11592600020127,
          36.88872400025435
        ]
      },
      "geometry": {
        "type": "Polygon",
        "coordinates": [
          [
            [
              -91.17238599975042,
              36.49754600026687
            ],
            [
              -91.12652199998166,
              36.49766500014704
            ],
            [
              -91.11592600020127,
              36.823672000322276
            ],
            [
              -91.22482499995066,
              36.82567900003519
            ],
            [
              -91.22282999980813,
              36.883856999786936
            ],
            [
              -91.65811100005976,
              36.88872400025435
            ],
            [
              -91.66001699961554,
              36.7875310000775
            ],
            [
              -91.67423699998311,
              36.78783200026376
            ],
            [
              -91.67233399990208,
              36.49939200009392
            ],
            [
              -91.17262900032298,
              36.49754500010322
            ],
            [
              -91.17238599975042,
              36.49754600026687
            ]
          ]
        ]
      }
    },
    {
      "type": "Feature",
      "id": "us-county:29:151",
      "properties": {
        "boundary_id": "us-county:29:151",
        "boundary_type": "county",
        "name": "Osage County",
        "stateFips": "29",
        "countyFips": "151",
        "bbox": [
          -92.19522799973268,
          38.288510000059944,
          -91.64037199958528,
          38.70589100032074
        ]
      },
      "geometry": {
        "type": "Polygon",
        "coordinates": [
          [
            [
              -91.86312000016723,
              38.293609999827765
            ],
            [
              -91.64472900029149,
              38.288510000059944
            ],
            [
              -91.64037199958528,
              38.70379200008044
            ],
            [
              -91.73228599979394,
              38.70589100032074
            ],
            [
              -91.76023400043452,
              38.68499999973234
            ],
            [
              -91.8605700001809,
              38.66817399993552
            ],
            [
              -91.94393599955681,
              38.59707499988733
            ],
            [
              -91.98623400026133,
              38.58537999971089
            ],
            [
              -92.00898300029675,
              38.57090000029423
            ],
            [
              -92.00350000000948,
              38.56025999981655
            ],
            [
              -92.02487499986837,
              38.553626999973794
            ],
            [
              -92.02709400031692,
              38.52871299996176
            ],
            [
              -92.00829799985831,
              38.497119000112036
            ],
            [
              -92.02306200019905,
              38.47462200006326
            ],
            [
              -92.11041500038532,
              38.45737599993603
            ],
            [
              -92.14733299983638,
              38.474086000111754
            ],
            [
              -92.16735699998331,
              38.46968699980709
            ],
            [
              -92.15767099987393,
              38.43904399977605
            ],
            [
              -92.12157799970505,
              38.417336000250415
            ],
            [
              -92.1149770002326,
              38.40193700012743
            ],
            [
              -92.13532000022175,
              38.38382100018415
            ],
            [
              -92.19317800023687,
              38.37083500022118
            ],
            [
              -92.19522799973268,
              38.29222699966181
            ],
            [
              -91.86302800010571,
              38.29346500001435
            ],
            [
              -91.86312000016723,
              38.293609999827765
            ]
          ]
        ]
      }
    },
    {
      "type": "Feature",
      "id": "us-county:29:153",
      "properties": {
        "boundary_id": "us-county:29:153",
        "boundary_type": "county",
        "name": "Ozark County",
        "stateFips": "29",
        "countyFips": "153",
        "bbox": [
          -92.77233900017109,
          36.49783899998856,
          -92.11234600005544,
          36.806097000224696
        ]
      },
      "geometry": {
        "type": "Polygon",
        "coordinates": [
          [
            [
              -92.2594569999648,
              36.498047999891426
            ],
            [
              -92.12039299967442,
              36.49877900009033
            ],
            [
              -92.11234600005544,
              36.794230999965656
            ],
            [
              -92.76486900013718,
              36.806097000224696
            ],
            [
              -92.77233900017109,
              36.49783899998856
            ],
            [
              -92.26193400015617,
              36.49802200013463
            ],
            [
              -92.2594569999648,
              36.498047999891426
            ]
          ]
        ]
      }
    },
    {
      "type": "Feature",
      "id": "us-county:29:155",
      "properties": {
        "boundary_id": "us-county:29:155",
        "boundary_type": "county",
        "name": "Pemiscot County",
        "stateFips": "29",
        "countyFips": "155",
        "bbox": [
          -89.96131000003747,
          35.999240999873955,
          -89.53474499994972,
          36.42764899975076
        ]
      },
      "geometry": {
        "type": "Polygon",
        "coordinates": [
          [
            [
              -89.7701909996864,
              36.00071400008771
            ],
            [
              -89.70693200029808,
              36.00098100021074
            ],
            [
              -89.68857699988045,
              36.02923799996376
            ],
            [
              -89.67612099967673,
              36.08786200007323
            ],
            [
              -89.59306999994507,
              36.129699000072044
            ],
            [
              -89.60247499984705,
              36.166468000295865
            ],
            [
              -89.69965100041006,
              36.23079799986005
            ],
            [
              -89.70552499961128,
              36.23898300002858
            ],
            [
              -89.69856799958836,
              36.25059100007002
            ],
            [
              -89.64590400015553,
              36.25006699996491
            ],
            [
              -89.60237399956473,
              36.238106000244684
            ],
            [
              -89.53474499994972,
              36.252573000048415
            ],
            [
              -89.53948699972207,
              36.27736800035405
            ],
            [
              -89.5784920002755,
              36.28831699972798
            ],
            [
              -89.62025500032942,
              36.32300600008558
            ],
            [
              -89.60566800043902,
              36.342234000268625
            ],
            [
              -89.54500599999437,
              36.33680899978131
            ],
            [
              -89.5450849996371,
              36.35999599997819
            ],
            [
              -89.5821030004439,
              36.38142599965414
            ],
            [
              -89.59230000001614,
              36.40380499986794
            ],
            [
              -89.61130800018681,
              36.411273000090844
            ],
            [
              -89.67311600030405,
              36.40021199987422
            ],
            [
              -89.73162799989716,
              36.42764899975076
            ],
            [
              -89.74403899989505,
              36.42132800031095
            ],
            [
              -89.75564900000185,
              36.38480399981504
            ],
            [
              -89.96131000003747,
              36.38880299965267
            ],
            [
              -89.95937599999431,
              35.999240999873955
            ],
            [
              -89.77104600000415,
              36.0007010000587
            ],
            [
              -89.7701909996864,
              36.00071400008771
            ]
          ]
        ]
      }
    },
    {
      "type": "Feature",
      "id": "us-county:29:157",
      "properties": {
        "boundary_id": "us-county:29:157",
        "boundary_type": "county",
        "name": "Perry County",
        "stateFips": "29",
        "countyFips": "157",
        "bbox": [
          -90.14677799987174,
          37.563952999934244,
          -89.47651100019097,
          37.90519699980449
        ]
      },
      "geometry": {
        "type": "Polygon",
        "coordinates": [
          [
            [
              -90.03348100030658,
              37.774242000344636
            ],
            [
              -90.110579000296,
              37.671281999829326
            ],
            [
              -90.14677799987174,
              37.641698999664015
            ],
            [
              -90.14676299980313,
              37.59743400020934
            ],
            [
              -89.8163180001192,
              37.59988299993739
            ],
            [
              -89.79997700011067,
              37.60646099978593
            ],
            [
              -89.8009989999347,
              37.592487000088575
            ],
            [
              -89.78653400024304,
              37.598750000192275
            ],
            [
              -89.76066500030889,
              37.58778900011542
            ],
            [
              -89.7371439997964,
              37.590623999880016
            ],
            [
              -89.73495100018545,
              37.601558000008275
            ],
            [
              -89.71931300015875,
              37.58785700028126
            ],
            [
              -89.71014900028116,
              37.599452000295535
            ],
            [
              -89.68702600015192,
              37.595577000204386
            ],
            [
              -89.68105499996801,
              37.58460899990179
            ],
            [
              -89.67573200041261,
              37.59155599980762
            ],
            [
              -89.6721839999934,
              37.5833799999287
            ],
            [
              -89.66500500021264,
              37.5983890001832
            ],
            [
              -89.63892700004114,
              37.60359500000534
            ],
            [
              -89.63618200006114,
              37.5868670000889
            ],
            [
              -89.6038649999171,
              37.603384000255694
            ],
            [
              -89.592305000039,
              37.57475700029558
            ],
            [
              -89.58345599980571,
              37.58187999999993
            ],
            [
              -89.58164099958822,
              37.57106999985778
            ],
            [
              -89.55458300032382,
              37.57682299965973
            ],
            [
              -89.542712999926,
              37.566961999932836
            ],
            [
              -89.5389050001141,
              37.57439099978688
            ],
            [
              -89.528591000366,
              37.563952999934244
            ],
            [
              -89.51800700028119,
              37.5839610003513
            ],
            [
              -89.48906000028113,
              37.580317999884414
            ],
            [
              -89.47651100019097,
              37.58815599967665
            ],
            [
              -89.51771799967787,
              37.64121700021081
            ],
            [
              -89.5166849999832,
              37.69276199978731
            ],
            [
              -89.58331600006363,
              37.71326100009821
            ],
            [
              -89.61727799964751,
              37.74971999985789
            ],
            [
              -89.66335200037686,
              37.75005199988221
            ],
            [
              -89.66037999971783,
              37.78629600007876
            ],
            [
              -89.66964400005283,
              37.7999219998894
            ],
            [
              -89.739875000431,
              37.84692100014757
            ],
            [
              -89.7863259998306,
              37.851688999662386
            ],
            [
              -89.7975419997521,
              37.86212799972085
            ],
            [
              -89.79932900038048,
              37.88151599994908
            ],
            [
              -89.84263800014006,
              37.90519699980449
            ],
            [
              -89.8987529999077,
              37.870780000095124
            ],
            [
              -89.9386079998577,
              37.874303999992186
            ],
            [
              -89.99976800024473,
              37.8217440003241
            ],
            [
              -90.03046000014207,
              37.77847500020596
            ],
            [
              -90.03348100030658,
              37.774242000344636
            ]
          ]
        ]
      }
    },
    {
      "type": "Feature",
      "id": "us-county:29:159",
      "properties": {
        "boundary_id": "us-county:29:159",
        "boundary_type": "county",
        "name": "Pettis County",
        "stateFips": "29",
        "countyFips": "159",
        "bbox": [
          -93.51274299962039,
          38.506321000095944,
          -93.05045299960982,
          38.94283700008116
        ]
      },
      "geometry": {
        "type": "Polygon",
        "coordinates": [
          [
            [
              -93.06345199996176,
              38.620831999935
            ],
            [
              -93.05045299960982,
              38.928243999762586
            ],
            [
              -93.49637700039585,
              38.94283700008116
            ],
            [
              -93.51274299962039,
              38.51247599983188
            ],
            [
              -93.29185100016214,
              38.506321000095944
            ],
            [
              -93.29045400041942,
              38.53538800030284
            ],
            [
              -93.0672909997358,
              38.52999500004934
            ],
            [
              -93.06383500027641,
              38.61520599968025
            ],
            [
              -93.06345199996176,
              38.620831999935
            ]
          ]
        ]
      }
    },
    {
      "type": "Feature",
      "id": "us-county:29:161",
      "properties": {
        "boundary_id": "us-county:29:161",
        "boundary_type": "county",
        "name": "Phelps County",
        "stateFips": "29",
        "countyFips": "161",
        "bbox": [
          -92.02925799961552,
          37.59886299987851,
          -91.525024999626,
          38.15351899969257
        ]
      },
      "geometry": {
        "type": "Polygon",
        "coordinates": [
          [
            [
              -91.80621899967879,
              37.79128599980613
            ],
            [
              -91.52879700035119,
              37.7889889997513
            ],
            [
              -91.525024999626,
              38.15243299980956
            ],
            [
              -91.63055400012975,
              38.15351899969257
            ],
            [
              -91.63243100027151,
              38.05095099990257
            ],
            [
              -91.89534699989957,
              38.0511989998092
            ],
            [
              -91.93524700005541,
              38.03087000034649
            ],
            [
              -91.94185199972583,
              38.04159199971225
            ],
            [
              -91.95370399968196,
              38.04015500015275
            ],
            [
              -91.96633300013805,
              38.00968299973632
            ],
            [
              -92.02116499996579,
              38.01063900006232
            ],
            [
              -92.02925799961552,
              37.602542000135834
            ],
            [
              -91.80910500012409,
              37.59886299987851
            ],
            [
              -91.80610499987597,
              37.78314299986118
            ],
            [
              -91.80621899967879,
              37.79128599980613
            ]
          ]
        ]
      }
    },
    {
      "type": "Feature",
      "id": "us-county:29:163",
      "properties": {
        "boundary_id": "us-county:29:163",
        "boundary_type": "county",
        "name": "Pike County",
        "stateFips": "29",
        "countyFips": "163",
        "bbox": [
          -91.46044200028987,
          39.13904999999629,
          -90.72118799981277,
          39.59835499990964
        ]
      },
      "geometry": {
        "type": "Polygon",
        "coordinates": [
          [
            [
              -91.0662110000646,
              39.2250940001421
            ],
            [
              -90.72183499971807,
              39.224108000104664
            ],
            [
              -90.72118799981277,
              39.23017599985424
            ],
            [
              -90.72996000005318,
              39.25589400015616
            ],
            [
              -90.75159900040106,
              39.26543200021695
            ],
            [
              -90.79346100018915,
              39.309497999991265
            ],
            [
              -90.92874500025674,
              39.38754399976157
            ],
            [
              -90.94262099976942,
              39.40507099992847
            ],
            [
              -91.03826999999501,
              39.44843500021758
            ],
            [
              -91.1003070004411,
              39.53869500023708
            ],
            [
              -91.15860599959886,
              39.553048000201755
            ],
            [
              -91.17801200015282,
              39.59819599969127
            ],
            [
              -91.20371200003258,
              39.59835499990964
            ],
            [
              -91.46044200028987,
              39.45072199965712
            ],
            [
              -91.40903300030956,
              39.14254200002064
            ],
            [
              -91.18546000044542,
              39.13904999999629
            ],
            [
              -91.18294200024616,
              39.22723300006671
            ],
            [
              -91.06789200038779,
              39.22510500016535
            ],
            [
              -91.0662110000646,
              39.2250940001421
            ]
          ]
        ]
      }
    },
    {
      "type": "Feature",
      "id": "us-county:29:165",
      "properties": {
        "boundary_id": "us-county:29:165",
        "boundary_type": "county",
        "name": "Platte County",
        "stateFips": "29",
        "countyFips": "165",
        "bbox": [
          -95.10288799973294,
          39.15568000026305,
          -94.60085499992537,
          39.53334699986127
        ]
      },
      "geometry": {
        "type": "Polygon",
        "coordinates": [
          [
            [
              -94.60085499992537,
              39.39454299972071
            ],
            [
              -94.60121499977548,
              39.53016999986716
            ],
            [
              -95.10288799973294,
              39.53334699986127
            ],
            [
              -95.05445899990927,
              39.502652999761175
            ],
            [
              -95.03750000030779,
              39.4636889997473
            ],
            [
              -94.9821439997001,
              39.44055200012718
            ],
            [
              -94.97295200023343,
              39.42170499984926
            ],
            [
              -94.9478640000989,
              39.4086040002224
            ],
            [
              -94.93969699993099,
              39.387950000302006
            ],
            [
              -94.88502599976174,
              39.38980100010491
            ],
            [
              -94.88136000024008,
              39.370382999867296
            ],
            [
              -94.91032099958552,
              39.35129500034288
            ],
            [
              -94.90067800003217,
              39.30187399988041
            ],
            [
              -94.83144900028483,
              39.256291000226575
            ],
            [
              -94.8316790004386,
              39.215938000255626
            ],
            [
              -94.78224799998408,
              39.206793999666864
            ],
            [
              -94.74839099998216,
              39.17206699976743
            ],
            [
              -94.71413700032024,
              39.170403000032586
            ],
            [
              -94.67823999996995,
              39.184169000133295
            ],
            [
              -94.66157699974616,
              39.177358999982296
            ],
            [
              -94.65578700021054,
              39.15568000026305
            ],
            [
              -94.60173299980933,
              39.15960300012846
            ],
            [
              -94.60090199978103,
              39.3905590000172
            ],
            [
              -94.60085499992537,
              39.39454299972071
            ]
          ]
        ]
      }
    },
    {
      "type": "Feature",
      "id": "us-county:29:167",
      "properties": {
        "boundary_id": "us-county:29:167",
        "boundary_type": "county",
        "name": "Polk County",
        "stateFips": "29",
        "countyFips": "167",
        "bbox": [
          -93.63243899988996,
          37.41720399989706,
          -93.17318299956437,
          37.82943499985496
        ]
      },
      "geometry": {
        "type": "Polygon",
        "coordinates": [
          [
            [
              -93.17522200008786,
              37.67488999970002
            ],
            [
              -93.17318299956437,
              37.72966000027942
            ],
            [
              -93.19137999979826,
              37.73001200007685
            ],
            [
              -93.18791500011804,
              37.80273700005794
            ],
            [
              -93.57410300002397,
              37.81333599993043
            ],
            [
              -93.57320199967545,
              37.82803500006075
            ],
            [
              -93.62840400029735,
              37.82943499985496
            ],
            [
              -93.63243899988996,
              37.74230200009821
            ],
            [
              -93.60948900001308,
              37.741754999838996
            ],
            [
              -93.62115299964825,
              37.42742300031979
            ],
            [
              -93.18248899973216,
              37.41720399989706
            ],
            [
              -93.1753879997692,
              37.672552999727884
            ],
            [
              -93.17522200008786,
              37.67488999970002
            ]
          ]
        ]
      }
    },
    {
      "type": "Feature",
      "id": "us-county:29:169",
      "properties": {
        "boundary_id": "us-county:29:169",
        "boundary_type": "county",
        "name": "Pulaski County",
        "stateFips": "29",
        "countyFips": "169",
        "bbox": [
          -92.41366899983713,
          37.602542000135834,
          -92.02116499996579,
          38.0211649997783
        ]
      },
      "geometry": {
        "type": "Polygon",
        "coordinates": [
          [
            [
              -92.0228630000074,
              37.880739999985344
            ],
            [
              -92.02116499996579,
              38.01063900006232
            ],
            [
              -92.4052049995683,
              38.0211649997783
            ],
            [
              -92.41366899983713,
              37.71394100014036
            ],
            [
              -92.24886500038234,
              37.648441999889265
            ],
            [
              -92.24986399974183,
              37.60453399984957
            ],
            [
              -92.02925799961552,
              37.602542000135834
            ],
            [
              -92.02281399960361,
              37.87516899988622
            ],
            [
              -92.0228630000074,
              37.880739999985344
            ]
          ]
        ]
      }
    },
    {
      "type": "Feature",
      "id": "us-county:29:171",
      "properties": {
        "boundary_id": "us-county:29:171",
        "boundary_type": "county",
        "name": "Putnam County",
        "stateFips": "29",
        "countyFips": "171",
        "bbox": [
          -93.37438600040808,
          40.342736000293094,
          -92.66441600021496,
          40.58942700006202
        ]
      },
      "geometry": {
        "type": "Polygon",
        "coordinates": [
          [
            [
              -92.70114799989318,
              40.472873000025366
            ],
            [
              -92.70162900011712,
              40.483812000206285
            ],
            [
              -92.68511599968116,
              40.48529900025802
            ],
            [
              -92.67603200016954,
              40.499539999985
            ],
            [
              -92.68649499988054,
              40.503092000089055
            ],
            [
              -92.68832400034174,
              40.516890000215746
            ],
            [
              -92.67078200040906,
              40.51988699966522
            ],
            [
              -92.70778799972369,
              40.535192999892274
            ],
            [
              -92.68442299974512,
              40.5485129999802
            ],
            [
              -92.68304299972083,
              40.56025200011611
            ],
            [
              -92.71799500024,
              40.5585080000132
            ],
            [
              -92.68982300019174,
              40.5703890001334
            ],
            [
              -92.72055699992187,
              40.5831279999246
            ],
            [
              -92.71459599978371,
              40.58942700006202
            ],
            [
              -93.37438600040808,
              40.58033300017646
            ],
            [
              -93.36693499974244,
              40.38299900019596
            ],
            [
              -92.85531299990984,
              40.385894000287124
            ],
            [
              -92.85562900027735,
              40.342736000293094
            ],
            [
              -92.68416699965208,
              40.34346599993625
            ],
            [
              -92.68601899967948,
              40.39426999971123
            ],
            [
              -92.67174399995862,
              40.39157000022627
            ],
            [
              -92.66617500035593,
              40.39767700020289
            ],
            [
              -92.6796130002007,
              40.40642100014995
            ],
            [
              -92.66441600021496,
              40.40977200005212
            ],
            [
              -92.69356400005647,
              40.42289800019108
            ],
            [
              -92.70149900042078,
              40.42944099985012
            ],
            [
              -92.69449299999405,
              40.43566600016388
            ],
            [
              -92.71012799964772,
              40.443989000157195
            ],
            [
              -92.70138300006982,
              40.44939499995753
            ],
            [
              -92.70929400014471,
              40.45998899988764
            ],
            [
              -92.69937899970644,
              40.46328500026382
            ],
            [
              -92.70120800016764,
              40.4726670000206
            ],
            [
              -92.70114799989318,
              40.472873000025366
            ]
          ]
        ]
      }
    },
    {
      "type": "Feature",
      "id": "us-county:29:173",
      "properties": {
        "boundary_id": "us-county:29:173",
        "boundary_type": "county",
        "name": "Ralls County",
        "stateFips": "29",
        "countyFips": "173",
        "bbox": [
          -91.71846700018267,
          39.31871599986318,
          -91.17801200015282,
          39.6864919998968
        ]
      },
      "geometry": {
        "type": "Polygon",
        "coordinates": [
          [
            [
              -91.37565499998345,
              39.685373999867736
            ],
            [
              -91.71549700007178,
              39.6864919998968
            ],
            [
              -91.71846700018267,
              39.324505000200915
            ],
            [
              -91.43823499967942,
              39.31871599986318
            ],
            [
              -91.46044200028987,
              39.45072199965712
            ],
            [
              -91.20371200003258,
              39.59835499990964
            ],
            [
              -91.17801200015282,
              39.59819599969127
            ],
            [
              -91.22931700037607,
              39.6208530001609
            ],
            [
              -91.30669300019983,
              39.6848649996942
            ],
            [
              -91.3752290000111,
              39.68541599969271
            ],
            [
              -91.37565499998345,
              39.685373999867736
            ]
          ]
        ]
      }
    },
    {
      "type": "Feature",
      "id": "us-county:29:175",
      "properties": {
        "boundary_id": "us-county:29:175",
        "boundary_type": "county",
        "name": "Randolph County",
        "stateFips": "29",
        "countyFips": "175",
        "bbox": [
          -92.70736699977421,
          39.246454000190084,
          -92.30087900043516,
          39.61037099999873
        ]
      },
      "geometry": {
        "type": "Polygon",
        "coordinates": [
          [
            [
              -92.53159099989709,
              39.608250999708915
            ],
            [
              -92.69659199989367,
              39.61037099999873
            ],
            [
              -92.70736699977421,
              39.321613999862606
            ],
            [
              -92.43029100005302,
              39.248797000155385
            ],
            [
              -92.31447100026571,
              39.246454000190084
            ],
            [
              -92.30087900043516,
              39.605385999763904
            ],
            [
              -92.53148600031511,
              39.60824800022822
            ],
            [
              -92.53159099989709,
              39.608250999708915
            ]
          ]
        ]
      }
    },
    {
      "type": "Feature",
      "id": "us-county:29:177",
      "properties": {
        "boundary_id": "us-county:29:177",
        "boundary_type": "county",
        "name": "Ray County",
        "stateFips": "29",
        "countyFips": "177",
        "bbox": [
          -94.21251500041639,
          39.13413600030655,
          -93.75846299982051,
          39.52720000005641
        ]
      },
      "geometry": {
        "type": "Polygon",
        "coordinates": [
          [
            [
              -94.21121900005767,
              39.400867999904506
            ],
            [
              -94.21251500041639,
              39.20708599994378
            ],
            [
              -94.17151899991838,
              39.21294999974616
            ],
            [
              -94.18583999966998,
              39.181030000187484
            ],
            [
              -94.13366400013378,
              39.171239000237236
            ],
            [
              -94.09681500027968,
              39.13915899987471
            ],
            [
              -94.06515099988871,
              39.13413600030655
            ],
            [
              -94.04556600013294,
              39.140840000337896
            ],
            [
              -94.02420600034264,
              39.15453699993454
            ],
            [
              -94.03449400015147,
              39.18794499998257
            ],
            [
              -93.98008800029608,
              39.205874000305826
            ],
            [
              -93.96147900033357,
              39.187524999798406
            ],
            [
              -93.98889200032353,
              39.15278600012954
            ],
            [
              -93.96911099985086,
              39.14227500009084
            ],
            [
              -93.94241099988841,
              39.15808300007737
            ],
            [
              -93.9400430003753,
              39.17969000012421
            ],
            [
              -93.89941699977312,
              39.184538999758196
            ],
            [
              -93.85543400034409,
              39.212874000311224
            ],
            [
              -93.82417199963604,
              39.21489699993708
            ],
            [
              -93.7843910002042,
              39.20020900024578
            ],
            [
              -93.75846299982051,
              39.20702099980361
            ],
            [
              -93.75918300041906,
              39.52455800006374
            ],
            [
              -94.20842300002404,
              39.52720000005641
            ],
            [
              -94.21120200033924,
              39.4021970000909
            ],
            [
              -94.21121900005767,
              39.400867999904506
            ]
          ]
        ]
      }
    },
    {
      "type": "Feature",
      "id": "us-county:29:179",
      "properties": {
        "boundary_id": "us-county:29:179",
        "boundary_type": "county",
        "name": "Reynolds County",
        "stateFips": "29",
        "countyFips": "179",
        "bbox": [
          -91.31423600002864,
          37.05032399991844,
          -90.73486099983421,
          37.60385199990385
        ]
      },
      "geometry": {
        "type": "Polygon",
        "coordinates": [
          [
            [
              -90.7729490001456,
              37.373659000029654
            ],
            [
              -90.7686950002699,
              37.60301100003358
            ],
            [
              -90.98705500018347,
              37.60385199990385
            ],
            [
              -91.10066499974307,
              37.587761999917156
            ],
            [
              -91.3124579996211,
              37.59282399997539
            ],
            [
              -91.31423600002864,
              37.5051320002803
            ],
            [
              -91.21098399969976,
              37.50191100032436
            ],
            [
              -91.21186300030695,
              37.415276999990105
            ],
            [
              -91.1754050002651,
              37.41480499965145
            ],
            [
              -91.17615799957728,
              37.31259200001698
            ],
            [
              -91.15842900004687,
              37.312917000046276
            ],
            [
              -91.15932299982437,
              37.254935999807955
            ],
            [
              -91.1231519998377,
              37.25450400002965
            ],
            [
              -91.12602800023726,
              37.19948000012067
            ],
            [
              -91.08825999959298,
              37.203193000044614
            ],
            [
              -91.08886499966547,
              37.174179000304306
            ],
            [
              -91.07063399999473,
              37.17757300033206
            ],
            [
              -91.07104599972338,
              37.16271200031826
            ],
            [
              -91.03434599983218,
              37.169343000024185
            ],
            [
              -91.03513800040075,
              37.14018100002051
            ],
            [
              -91.01690400035696,
              37.14354900029729
            ],
            [
              -91.0177660003474,
              37.09567700024644
            ],
            [
              -90.96356200015836,
              37.09736000026673
            ],
            [
              -90.96446599998161,
              37.0535840002736
            ],
            [
              -90.7795529999911,
              37.05032399991844
            ],
            [
              -90.7790249999115,
              37.137919999879884
            ],
            [
              -90.7567989999328,
              37.137739000278394
            ],
            [
              -90.75586999999521,
              37.16672200029824
            ],
            [
              -90.73714600040496,
              37.16641300000858
            ],
            [
              -90.73486099983421,
              37.21002199984298
            ],
            [
              -90.73545300038622,
              37.27104000023054
            ],
            [
              -90.75362700015555,
              37.27011299989436
            ],
            [
              -90.74971999971115,
              37.37279600022885
            ],
            [
              -90.76721499978815,
              37.37338500025701
            ],
            [
              -90.7729490001456,
              37.373659000029654
            ]
          ]
        ]
      }
    },
    {
      "type": "Feature",
      "id": "us-county:29:181",
      "properties": {
        "boundary_id": "us-county:29:181",
        "boundary_type": "county",
        "name": "Ripley County",
        "stateFips": "29",
        "countyFips": "181",
        "bbox": [
          -91.12652199998166,
          36.49766500014704,
          -90.57475899996881,
          36.823672000322276
        ]
      },
      "geometry": {
        "type": "Polygon",
        "coordinates": [
          [
            [
              -90.86373699987486,
              36.49838399996257
            ],
            [
              -90.57617900017607,
              36.49854700014248
            ],
            [
              -90.57475899996881,
              36.591849999951435
            ],
            [
              -90.59297399974602,
              36.59210000031132
            ],
            [
              -90.59216600018226,
              36.679368000177284
            ],
            [
              -90.62838700039765,
              36.679544000009585
            ],
            [
              -90.62751700001127,
              36.81095399998982
            ],
            [
              -91.11592600020127,
              36.823672000322276
            ],
            [
              -91.12652199998166,
              36.49766500014704
            ],
            [
              -90.86656899989347,
              36.49835700016547
            ],
            [
              -90.86373699987486,
              36.49838399996257
            ]
          ]
        ]
      }
    },
    {
      "type": "Feature",
      "id": "us-county:29:183",
      "properties": {
        "boundary_id": "us-county:29:183",
        "boundary_type": "county",
        "name": "St. Charles County",
        "stateFips": "29",
        "countyFips": "183",
        "bbox": [
          -90.96446900035465,
          38.53592400024141,
          -90.10940699978583,
          38.96738299995078
        ]
      },
      "geometry": {
        "type": "Polygon",
        "coordinates": [
          [
            [
              -90.48245499977281,
              38.76401299998371
            ],
            [
              -90.47318799996309,
              38.790977999824605
            ],
            [
              -90.44003099956993,
              38.82721099999699
            ],
            [
              -90.36216299965159,
              38.827860000333224
            ],
            [
              -90.34496499967551,
              38.84937200010243
            ],
            [
              -90.33637499990829,
              38.883381000330964
            ],
            [
              -90.32384900028268,
              38.89119000024789
            ],
            [
              -90.2902330003052,
              38.88495200014908
            ],
            [
              -90.26076700044636,
              38.85355200016646
            ],
            [
              -90.18865200025373,
              38.818365999770904
            ],
            [
              -90.1402540003922,
              38.82908099980346
            ],
            [
              -90.11770700002312,
              38.80574800004803
            ],
            [
              -90.10940699978583,
              38.843548000116634
            ],
            [
              -90.25024799976053,
              38.91934400021936
            ],
            [
              -90.3094540000129,
              38.924120000049435
            ],
            [
              -90.39272099965463,
              38.959071000298
            ],
            [
              -90.43993799968351,
              38.96738299995078
            ],
            [
              -90.47172900029607,
              38.959185999897095
            ],
            [
              -90.50745099984586,
              38.902766999964946
            ],
            [
              -90.56102099965007,
              38.869475999876215
            ],
            [
              -90.58338800009406,
              38.869029999893336
            ],
            [
              -90.62335600002199,
              38.88714900007878
            ],
            [
              -90.66318099983475,
              38.934223999739125
            ],
            [
              -90.69658199972707,
              38.932783999820956
            ],
            [
              -90.68377300024424,
              38.91598600022842
            ],
            [
              -90.71430899960767,
              38.91816400007387
            ],
            [
              -90.69943399983718,
              38.90841100034251
            ],
            [
              -90.70755699962416,
              38.90265199973608
            ],
            [
              -90.73561099967164,
              38.915832000342434
            ],
            [
              -90.72376399973838,
              38.92517500033654
            ],
            [
              -90.7288410001448,
              38.931141000009305
            ],
            [
              -90.79267799984143,
              38.91740799966136
            ],
            [
              -90.80441799964458,
              38.91113900023027
            ],
            [
              -90.7975409999876,
              38.904429000291266
            ],
            [
              -90.8082410004234,
              38.89997800000014
            ],
            [
              -90.80634500001506,
              38.8787099997593
            ],
            [
              -90.8187250000508,
              38.87581800032399
            ],
            [
              -90.95645000032476,
              38.89416400001693
            ],
            [
              -90.96446900035465,
              38.54724100002431
            ],
            [
              -90.91088600013167,
              38.53592400024141
            ],
            [
              -90.81298800021861,
              38.58555399985272
            ],
            [
              -90.77362199999017,
              38.59461700031722
            ],
            [
              -90.74241200005896,
              38.63456299977716
            ],
            [
              -90.68167699981937,
              38.66428899976042
            ],
            [
              -90.6629249997417,
              38.68698599993141
            ],
            [
              -90.54446399973148,
              38.684720000101485
            ],
            [
              -90.53178800031804,
              38.698979000231915
            ],
            [
              -90.533503999903,
              38.72855599998431
            ],
            [
              -90.4826580001624,
              38.76347199973019
            ],
            [
              -90.48245499977281,
              38.76401299998371
            ]
          ]
        ]
      }
    },
    {
      "type": "Feature",
      "id": "us-county:29:185",
      "properties": {
        "boundary_id": "us-county:29:185",
        "boundary_type": "county",
        "name": "St. Clair County",
        "stateFips": "29",
        "countyFips": "185",
        "bbox": [
          -94.06567499977035,
          37.8279349997179,
          -93.49728000039417,
          38.220807999689
        ]
      },
      "geometry": {
        "type": "Polygon",
        "coordinates": [
          [
            [
              -93.75696099959747,
              38.206120999768096
            ],
            [
              -94.04989500035174,
              38.2139849998675
            ],
            [
              -94.06567499977035,
              37.900986999718896
            ],
            [
              -93.80864800031044,
              37.8927749998885
            ],
            [
              -93.81140199961295,
              37.83457100007322
            ],
            [
              -93.57230299987509,
              37.8279349997179
            ],
            [
              -93.56870900032345,
              37.9149179998423
            ],
            [
              -93.51210300028612,
              37.91353499979721
            ],
            [
              -93.49728000039417,
              38.19908700015562
            ],
            [
              -93.53857599956953,
              38.20547699985272
            ],
            [
              -93.56090000035584,
              38.220807999689
            ],
            [
              -93.57078099956057,
              38.21540899974273
            ],
            [
              -93.55700899980495,
              38.201074000174444
            ],
            [
              -93.75666799969451,
              38.20611599996387
            ],
            [
              -93.75696099959747,
              38.206120999768096
            ]
          ]
        ]
      }
    },
    {
      "type": "Feature",
      "id": "us-county:29:186",
      "properties": {
        "boundary_id": "us-county:29:186",
        "boundary_type": "county",
        "name": "Ste. Genevieve County",
        "stateFips": "29",
        "countyFips": "186",
        "bbox": [
          -90.45913300035026,
          37.66962799976903,
          -89.92459699972747,
          38.12781200017501
        ]
      },
      "geometry": {
        "type": "Polygon",
        "coordinates": [
          [
            [
              -90.4160220000591,
              38.04231500012186
            ],
            [
              -90.32287000011637,
              37.98173099966817
            ],
            [
              -90.45913300035026,
              37.87892399980995
            ],
            [
              -90.20020799993387,
              37.66962799976903
            ],
            [
              -90.15418699980629,
              37.699766000221025
            ],
            [
              -90.11053699956489,
              37.67134000033174
            ],
            [
              -89.99976800024473,
              37.8217440003241
            ],
            [
              -89.93768999979076,
              37.87509799984225
            ],
            [
              -89.95300800015035,
              37.884036999684625
            ],
            [
              -89.97479899993586,
              37.92652500024702
            ],
            [
              -89.92459699972747,
              37.9598489996542
            ],
            [
              -89.93588499961902,
              37.95958099990406
            ],
            [
              -89.94068699966581,
              37.970874000096764
            ],
            [
              -90.00010999965318,
              37.964563000162215
            ],
            [
              -90.05726899988446,
              38.014361999967015
            ],
            [
              -90.08826000043086,
              38.015772000324496
            ],
            [
              -90.11423999979478,
              38.02906099983131
            ],
            [
              -90.13078800039084,
              38.06234099988757
            ],
            [
              -90.1881149999533,
              38.07685099994083
            ],
            [
              -90.24071300016223,
              38.11037500012902
            ],
            [
              -90.25266600040071,
              38.12781200017501
            ],
            [
              -90.25008000042936,
              38.114224999764005
            ],
            [
              -90.28091100024388,
              38.103967999703286
            ],
            [
              -90.28817700006329,
              38.09153900018411
            ],
            [
              -90.32939000029629,
              38.094359999806514
            ],
            [
              -90.41594300041639,
              38.042358000345956
            ],
            [
              -90.4160220000591,
              38.04231500012186
            ]
          ]
        ]
      }
    },
    {
      "type": "Feature",
      "id": "us-county:29:187",
      "properties": {
        "boundary_id": "us-county:29:187",
        "boundary_type": "county",
        "name": "St. Francois County",
        "stateFips": "29",
        "countyFips": "187",
        "bbox": [
          -90.64787400024414,
          37.64161800012502,
          -90.110579000296,
          38.07654799987352
        ]
      },
      "geometry": {
        "type": "Polygon",
        "coordinates": [
          [
            [
              -90.4086709998509,
              37.91712599979315
            ],
            [
              -90.32287000011637,
              37.98173099966817
            ],
            [
              -90.41666700031458,
              38.042760000281994
            ],
            [
              -90.58332399962165,
              38.00349899991849
            ],
            [
              -90.62808400044895,
              38.00774299975926
            ],
            [
              -90.61278700000575,
              38.01589500012799
            ],
            [
              -90.62144700009317,
              38.047473999931746
            ],
            [
              -90.61201100022903,
              38.06958499976757
            ],
            [
              -90.63997999988771,
              38.07654799987352
            ],
            [
              -90.64787400024414,
              37.64280899978128
            ],
            [
              -90.14677799987174,
              37.64161800012502
            ],
            [
              -90.110579000296,
              37.671281999829326
            ],
            [
              -90.15418699980629,
              37.699766000221025
            ],
            [
              -90.20020799993387,
              37.66962799976903
            ],
            [
              -90.45913300035026,
              37.87892399980995
            ],
            [
              -90.409515000298,
              37.916485999665134
            ],
            [
              -90.4086709998509,
              37.91712599979315
            ]
          ]
        ]
      }
    },
    {
      "type": "Feature",
      "id": "us-county:29:189",
      "properties": {
        "boundary_id": "us-county:29:189",
        "boundary_type": "county",
        "name": "St. Louis County",
        "stateFips": "29",
        "countyFips": "189",
        "bbox": [
          -90.73616700023865,
          38.38728500024129,
          -90.11770700002312,
          38.89028300012069
        ]
      },
      "geometry": {
        "type": "Polygon",
        "coordinates": [
          [
            [
              -90.25996599965697,
              38.7085180001554
            ],
            [
              -90.20665899961851,
              38.74101999992049
            ],
            [
              -90.18418400011777,
              38.774287999650255
            ],
            [
              -90.16671699962987,
              38.772272000201724
            ],
            [
              -90.11770700002312,
              38.80574800004803
            ],
            [
              -90.1402540003922,
              38.82908099980346
            ],
            [
              -90.19628600031918,
              38.82087900033062
            ],
            [
              -90.26286999964562,
              38.85497799972948
            ],
            [
              -90.29115499967179,
              38.885446000311276
            ],
            [
              -90.32710899992347,
              38.89028300012069
            ],
            [
              -90.36537799998486,
              38.825576999748336
            ],
            [
              -90.4340519998884,
              38.82873599979584
            ],
            [
              -90.44955600002082,
              38.81989200020126
            ],
            [
              -90.4879730002202,
              38.756253000120864
            ],
            [
              -90.533503999903,
              38.72855599998431
            ],
            [
              -90.53178800031804,
              38.698979000231915
            ],
            [
              -90.54172899979724,
              38.686209000066754
            ],
            [
              -90.59479300016146,
              38.679856999680325
            ],
            [
              -90.62575500039556,
              38.69052800011932
            ],
            [
              -90.66031799985399,
              38.687727999740154
            ],
            [
              -90.68167699981937,
              38.66428899976042
            ],
            [
              -90.73306900008124,
              38.64094800019735
            ],
            [
              -90.73616700023865,
              38.46686900006668
            ],
            [
              -90.73207200037159,
              38.48239999990157
            ],
            [
              -90.72288699967932,
              38.48190899965171
            ],
            [
              -90.71796599980682,
              38.46906500003205
            ],
            [
              -90.69623299974762,
              38.47152299975086
            ],
            [
              -90.67982099959401,
              38.44566599971726
            ],
            [
              -90.6546019999382,
              38.4562249997799
            ],
            [
              -90.65556100001302,
              38.48673699983474
            ],
            [
              -90.63386200028901,
              38.48593600034215
            ],
            [
              -90.61414399956553,
              38.47115100017384
            ],
            [
              -90.59072500005858,
              38.50175299986032
            ],
            [
              -90.40496900034421,
              38.50059799992683
            ],
            [
              -90.40955799995568,
              38.48189800011194
            ],
            [
              -90.4228290002942,
              38.482488999729135
            ],
            [
              -90.41116399993581,
              38.453399999883885
            ],
            [
              -90.33613499970878,
              38.45349100033627
            ],
            [
              -90.34858800043777,
              38.430079000197935
            ],
            [
              -90.34213400038011,
              38.38728500024129
            ],
            [
              -90.29108400042499,
              38.43088999980279
            ],
            [
              -90.25741300019591,
              38.53185200028352
            ],
            [
              -90.29994000033098,
              38.56523599988038
            ],
            [
              -90.32051500012372,
              38.594151999957916
            ],
            [
              -90.30182800034339,
              38.655641999829456
            ],
            [
              -90.26035300016957,
              38.70802800011749
            ],
            [
              -90.25996599965697,
              38.7085180001554
            ]
          ]
        ]
      }
    },
    {
      "type": "Feature",
      "id": "us-county:29:195",
      "properties": {
        "boundary_id": "us-county:29:195",
        "boundary_type": "county",
        "name": "Saline County",
        "stateFips": "29",
        "countyFips": "195",
        "bbox": [
          -93.49637700039585,
          38.928243999762586,
          -92.8494310003127,
          39.40927799990521
        ]
      },
      "geometry": {
        "type": "Polygon",
        "coordinates": [
          [
            [
              -93.10607100015832,
              39.38372399970604
            ],
            [
              -93.13963100005932,
              39.378643000122956
            ],
            [
              -93.16722099960128,
              39.40725300021263
            ],
            [
              -93.19310100030442,
              39.40927799990521
            ],
            [
              -93.2009510002799,
              39.39889100010463
            ],
            [
              -93.18956899977873,
              39.370382999867296
            ],
            [
              -93.22120399985738,
              39.331656000188026
            ],
            [
              -93.25256500029964,
              39.3388740003277
            ],
            [
              -93.2777250004042,
              39.31154899967692
            ],
            [
              -93.33685600031349,
              39.30703200001572
            ],
            [
              -93.34443000010448,
              39.28936400021391
            ],
            [
              -93.32912099996572,
              39.25508099996127
            ],
            [
              -93.38210400013911,
              39.22883000004775
            ],
            [
              -93.41522600037217,
              39.234923000006255
            ],
            [
              -93.40714299986985,
              39.265110000297426
            ],
            [
              -93.44423100009855,
              39.268524999983704
            ],
            [
              -93.45990799958503,
              39.289374999891365
            ],
            [
              -93.4772329997827,
              39.292795999997885
            ],
            [
              -93.49637700039585,
              38.94283700008116
            ],
            [
              -93.05045299960982,
              38.928243999762586
            ],
            [
              -93.04847099988606,
              38.97241800019354
            ],
            [
              -92.91076200040395,
              39.07975900002531
            ],
            [
              -92.90896999975268,
              39.09554700005259
            ],
            [
              -92.94278599974672,
              39.103531000101825
            ],
            [
              -92.94385000030185,
              39.121737999987054
            ],
            [
              -92.91169600036443,
              39.13817299984513
            ],
            [
              -92.9048020000907,
              39.166155000308535
            ],
            [
              -92.86107700040452,
              39.20015099972483
            ],
            [
              -92.8494310003127,
              39.23135499970868
            ],
            [
              -92.86285099971582,
              39.23643699969056
            ],
            [
              -92.89278799975284,
              39.22250699969305
            ],
            [
              -92.91166899970193,
              39.22394600007096
            ],
            [
              -92.91996800011431,
              39.23295299971492
            ],
            [
              -92.91674899958308,
              39.25793999971337
            ],
            [
              -92.95776599999749,
              39.27933600030196
            ],
            [
              -92.95980100032301,
              39.31252599982707
            ],
            [
              -93.0237760001119,
              39.31311500028599
            ],
            [
              -93.05683499969747,
              39.32304099977334
            ],
            [
              -93.07694800043117,
              39.34250600031503
            ],
            [
              -93.08028900026281,
              39.37175199989034
            ],
            [
              -93.10575300014101,
              39.383710000123926
            ],
            [
              -93.10607100015832,
              39.38372399970604
            ]
          ]
        ]
      }
    },
    {
      "type": "Feature",
      "id": "us-county:29:197",
      "properties": {
        "boundary_id": "us-county:29:197",
        "boundary_type": "county",
        "name": "Schuyler County",
        "stateFips": "29",
        "countyFips": "197",
        "bbox": [
          -92.7211579997964,
          40.34346599993625,
          -92.34997500025563,
          40.59727499995481
        ]
      },
      "geometry": {
        "type": "Polygon",
        "coordinates": [
          [
            [
              -92.7211579997964,
              40.58431799988897
            ],
            [
              -92.70224900025823,
              40.58098200017751
            ],
            [
              -92.69492399998929,
              40.568283000068185
            ],
            [
              -92.69009400035338,
              40.57537599968882
            ],
            [
              -92.71799500024,
              40.5585080000132
            ],
            [
              -92.68304299972083,
              40.56025200011611
            ],
            [
              -92.68442299974512,
              40.5485129999802
            ],
            [
              -92.70763799993587,
              40.53498700003039
            ],
            [
              -92.67078200040906,
              40.51988699966522
            ],
            [
              -92.68832400034174,
              40.516890000215746
            ],
            [
              -92.68649499988054,
              40.503092000089055
            ],
            [
              -92.67603200016954,
              40.499539999985
            ],
            [
              -92.68511599968116,
              40.48529900025802
            ],
            [
              -92.70162900011712,
              40.483812000206285
            ],
            [
              -92.69937899970644,
              40.46328500026382
            ],
            [
              -92.70929400014471,
              40.45998899988764
            ],
            [
              -92.70138300006982,
              40.44939499995753
            ],
            [
              -92.71012799964772,
              40.443989000157195
            ],
            [
              -92.69449299999405,
              40.43566600016388
            ],
            [
              -92.70122999990895,
              40.429052000040016
            ],
            [
              -92.66441600021496,
              40.40977200005212
            ],
            [
              -92.6796130002007,
              40.40642100014995
            ],
            [
              -92.66617500035593,
              40.39767700020289
            ],
            [
              -92.67174399995862,
              40.39157000022627
            ],
            [
              -92.68601899967948,
              40.39426999971123
            ],
            [
              -92.68416699965208,
              40.34346599993625
            ],
            [
              -92.34997500025563,
              40.34650499988572
            ],
            [
              -92.35080700010883,
              40.59727499995481
            ],
            [
              -92.72100800000858,
              40.58445500008006
            ],
            [
              -92.7211579997964,
              40.58431799988897
            ]
          ]
        ]
      }
    },
    {
      "type": "Feature",
      "id": "us-county:29:199",
      "properties": {
        "boundary_id": "us-county:29:199",
        "boundary_type": "county",
        "name": "Scotland County",
        "stateFips": "29",
        "countyFips": "199",
        "bbox": [
          -92.35080700010883,
          40.300831999775404,
          -91.94311200009953,
          40.60582699994277
        ]
      },
      "geometry": {
        "type": "Polygon",
        "coordinates": [
          [
            [
              -91.94657199975688,
              40.401811000245615
            ],
            [
              -91.94311200009953,
              40.60582699994277
            ],
            [
              -92.35080700010883,
              40.59727499995481
            ],
            [
              -92.34989700043782,
              40.30273300024543
            ],
            [
              -91.94974699990716,
              40.300831999775404
            ],
            [
              -91.94654900019066,
              40.401773000102885
            ],
            [
              -91.94657199975688,
              40.401811000245615
            ]
          ]
        ]
      }
    },
    {
      "type": "Feature",
      "id": "us-county:29:201",
      "properties": {
        "boundary_id": "us-county:29:201",
        "boundary_type": "county",
        "name": "Scott County",
        "stateFips": "29",
        "countyFips": "201",
        "bbox": [
          -89.78683100034397,
          36.85951699975012,
          -89.31332399968865,
          37.25004999968156
        ]
      },
      "geometry": {
        "type": "Polygon",
        "coordinates": [
          [
            [
              -89.48358600021466,
              36.90642300002943
            ],
            [
              -89.46523300034518,
              36.906239000061596
            ],
            [
              -89.46539300017874,
              36.93577600035163
            ],
            [
              -89.42995000028822,
              36.935609000280145
            ],
            [
              -89.42989900023458,
              36.950263000089734
            ],
            [
              -89.41147900041796,
              36.95013499993017
            ],
            [
              -89.41128900044716,
              36.964787000306146
            ],
            [
              -89.37506400003382,
              36.964947000015265
            ],
            [
              -89.37430800034858,
              36.994285000095125
            ],
            [
              -89.34730299988931,
              37.0019769997299
            ],
            [
              -89.34720499998,
              37.009109999644025
            ],
            [
              -89.31332399968865,
              37.00949900021665
            ],
            [
              -89.38393699965823,
              37.04644100022322
            ],
            [
              -89.37711299970469,
              37.090764999723646
            ],
            [
              -89.42558000006154,
              37.13823500027053
            ],
            [
              -89.45610499955431,
              37.188119999920914
            ],
            [
              -89.46763099999552,
              37.21820000009143
            ],
            [
              -89.46000600015094,
              37.25004999968156
            ],
            [
              -89.54644799994294,
              37.24729599975844
            ],
            [
              -89.54650200036963,
              37.24022199994364
            ],
            [
              -89.58347500007228,
              37.24031899973289
            ],
            [
              -89.5834189999958,
              37.23291900018718
            ],
            [
              -89.62025600015434,
              37.233008000318485
            ],
            [
              -89.62045699999578,
              37.21827999974618
            ],
            [
              -89.64965900026397,
              37.21826800026836
            ],
            [
              -89.6494640002703,
              37.20619000024956
            ],
            [
              -89.68599599993199,
              37.19848599985308
            ],
            [
              -89.68586200003769,
              37.183981000166284
            ],
            [
              -89.70416800005151,
              37.18396399973967
            ],
            [
              -89.70379700033074,
              37.15504899974463
            ],
            [
              -89.72204499971993,
              37.15507399966255
            ],
            [
              -89.72178299977911,
              37.14056000016512
            ],
            [
              -89.75851500035567,
              37.1406080002029
            ],
            [
              -89.75822400010253,
              37.12603899965367
            ],
            [
              -89.78683100034397,
              37.08692899971002
            ],
            [
              -89.7211760000568,
              36.990507999767026
            ],
            [
              -89.71523599983503,
              36.95247800002925
            ],
            [
              -89.68668700021821,
              36.928354999976726
            ],
            [
              -89.69377399993748,
              36.89964000029561
            ],
            [
              -89.68663600016458,
              36.884668000065965
            ],
            [
              -89.69738900030383,
              36.87438500007348
            ],
            [
              -89.69160300006784,
              36.85951699975012
            ],
            [
              -89.51980900007987,
              36.8696170003145
            ],
            [
              -89.51986500015636,
              36.87693700029118
            ],
            [
              -89.50151499976161,
              36.87692600017588
            ],
            [
              -89.50152599963228,
              36.906262000351255
            ],
            [
              -89.48448099981707,
              36.906403000163735
            ],
            [
              -89.48358600021466,
              36.90642300002943
            ]
          ]
        ]
      }
    },
    {
      "type": "Feature",
      "id": "us-county:29:203",
      "properties": {
        "boundary_id": "us-county:29:203",
        "boundary_type": "county",
        "name": "Shannon County",
        "stateFips": "29",
        "countyFips": "203",
        "bbox": [
          -91.65811100005976,
          36.883856999786936,
          -91.01690400035696,
          37.422731000321
        ]
      },
      "geometry": {
        "type": "Polygon",
        "coordinates": [
          [
            [
              -91.30390300001397,
              37.41693000015894
            ],
            [
              -91.64662599962642,
              37.422731000321
            ],
            [
              -91.65811100005976,
              36.88872400025435
            ],
            [
              -91.22282999980813,
              36.883856999786936
            ],
            [
              -91.21714999987735,
              37.0861970002074
            ],
            [
              -91.10973999993219,
              37.08405699997278
            ],
            [
              -91.0177660003474,
              37.09567700024644
            ],
            [
              -91.01690400035696,
              37.14354900029729
            ],
            [
              -91.03513800040075,
              37.14018100002051
            ],
            [
              -91.03434599983218,
              37.169343000024185
            ],
            [
              -91.07104599972338,
              37.16271200031826
            ],
            [
              -91.07063399999473,
              37.17757300033206
            ],
            [
              -91.08886499966547,
              37.174179000304306
            ],
            [
              -91.08825999959298,
              37.203193000044614
            ],
            [
              -91.12602800023726,
              37.19948000012067
            ],
            [
              -91.1231519998377,
              37.25450400002965
            ],
            [
              -91.15932299982437,
              37.254935999807955
            ],
            [
              -91.15842900004687,
              37.312917000046276
            ],
            [
              -91.17615799957728,
              37.31259200001698
            ],
            [
              -91.1754050002651,
              37.41480499965145
            ],
            [
              -91.30380900030265,
              37.41693300031515
            ],
            [
              -91.30390300001397,
              37.41693000015894
            ]
          ]
        ]
      }
    },
    {
      "type": "Feature",
      "id": "us-county:29:205",
      "properties": {
        "boundary_id": "us-county:29:205",
        "boundary_type": "county",
        "name": "Shelby County",
        "stateFips": "29",
        "countyFips": "205",
        "bbox": [
          -92.29931600011275,
          39.60408199965985,
          -91.84035299969013,
          39.95248999972619
        ]
      },
      "geometry": {
        "type": "Polygon",
        "coordinates": [
          [
            [
              -92.1098870003057,
              39.66179300014713
            ],
            [
              -91.8467430001737,
              39.65851299978955
            ],
            [
              -91.84035299969013,
              39.948235000243315
            ],
            [
              -92.28788199973305,
              39.95248999972619
            ],
            [
              -92.29931600011275,
              39.60534399974837
            ],
            [
              -92.18669099966893,
              39.60408199965985
            ],
            [
              -92.18498599995462,
              39.66293199999899
            ],
            [
              -92.1104289997307,
              39.66179999997403
            ],
            [
              -92.1098870003057,
              39.66179300014713
            ]
          ]
        ]
      }
    },
    {
      "type": "Feature",
      "id": "us-county:29:207",
      "properties": {
        "boundary_id": "us-county:29:207",
        "boundary_type": "county",
        "name": "Stoddard County",
        "stateFips": "29",
        "countyFips": "207",
        "bbox": [
          -90.25985900042517,
          36.627453000353626,
          -89.68469000042585,
          37.127353000337244
        ]
      },
      "geometry": {
        "type": "Polygon",
        "coordinates": [
          [
            [
              -89.99572000023332,
              37.040109999891655
            ],
            [
              -90.14851799974616,
              37.041601000204636
            ],
            [
              -90.14944699968376,
              37.00744400035696
            ],
            [
              -90.16787400007141,
              37.007650999674496
            ],
            [
              -90.16846099970225,
              36.99319500035611
            ],
            [
              -90.18632700039831,
              36.993345000246656
            ],
            [
              -90.18657699974526,
              36.97868299977262
            ],
            [
              -90.204883999584,
              36.9787770003152
            ],
            [
              -90.20517499983713,
              36.96455200003412
            ],
            [
              -90.2232030000166,
              36.96465199984149
            ],
            [
              -90.22360300004969,
              36.93575600028499
            ],
            [
              -90.24163999955168,
              36.93594499977205
            ],
            [
              -90.24178199984189,
              36.92152699967732
            ],
            [
              -90.25856300006646,
              36.922042999664754
            ],
            [
              -90.24848699996973,
              36.9105450003031
            ],
            [
              -90.25985900042517,
              36.90707500010633
            ],
            [
              -90.24460299998988,
              36.8918969997799
            ],
            [
              -90.2518910004489,
              36.888014999999015
            ],
            [
              -90.2478790004225,
              36.878558000290276
            ],
            [
              -90.25679399987973,
              36.87958199985806
            ],
            [
              -90.25405700029566,
              36.87101200016148
            ],
            [
              -90.2251329998618,
              36.85486399993842
            ],
            [
              -90.22980500021228,
              36.85011699981766
            ],
            [
              -90.21632100033673,
              36.842810999719276
            ],
            [
              -90.22210099982664,
              36.820696000113124
            ],
            [
              -90.19791099966754,
              36.804143000028944
            ],
            [
              -90.20600199966746,
              36.773484999722854
            ],
            [
              -90.18865800010153,
              36.771258000301955
            ],
            [
              -90.18781299982952,
              36.7561149999221
            ],
            [
              -90.1753080001203,
              36.751972999964146
            ],
            [
              -90.17770199957269,
              36.74293799975804
            ],
            [
              -90.16814100003509,
              36.7423069999384
            ],
            [
              -90.1644739997902,
              36.72492000014665
            ],
            [
              -90.15169200007155,
              36.71727599989355
            ],
            [
              -90.15330300007453,
              36.702023999666324
            ],
            [
              -90.13987100007755,
              36.69642300034302
            ],
            [
              -90.14932600020825,
              36.67215399985026
            ],
            [
              -90.1343269996909,
              36.66179999974325
            ],
            [
              -90.14698999958385,
              36.65750099981224
            ],
            [
              -90.13879800019991,
              36.64235600001069
            ],
            [
              -90.14936100036834,
              36.640822999680346
            ],
            [
              -90.14229800004023,
              36.638155000029904
            ],
            [
              -90.14909799970431,
              36.63115600008314
            ],
            [
              -89.70095199989332,
              36.627453000353626
            ],
            [
              -89.70483300039847,
              36.85928499987819
            ],
            [
              -89.68941499958146,
              36.86320800024563
            ],
            [
              -89.69738900030383,
              36.87438500007348
            ],
            [
              -89.68663600016458,
              36.884668000065965
            ],
            [
              -89.69377399993748,
              36.89964000029561
            ],
            [
              -89.68469000042585,
              36.9232780003171
            ],
            [
              -89.69224900014822,
              36.94065099968904
            ],
            [
              -89.71523599983503,
              36.95247800002925
            ],
            [
              -89.7211760000568,
              36.990507999767026
            ],
            [
              -89.78602500043002,
              37.0836439999054
            ],
            [
              -89.76521100026268,
              37.12606600029465
            ],
            [
              -89.95957600001083,
              37.127353000337244
            ],
            [
              -89.95919600006926,
              37.05438000018198
            ],
            [
              -89.99585199957949,
              37.0547340002689
            ],
            [
              -89.9957250002562,
              37.04042799990749
            ],
            [
              -89.99572000023332,
              37.040109999891655
            ]
          ]
        ]
      }
    },
    {
      "type": "Feature",
      "id": "us-county:29:209",
      "properties": {
        "boundary_id": "us-county:29:209",
        "boundary_type": "county",
        "name": "Stone County",
        "stateFips": "29",
        "countyFips": "209",
        "bbox": [
          -93.61292899957894,
          36.498451000060356,
          -93.30435900024442,
          36.99581000016968
        ]
      },
      "geometry": {
        "type": "Polygon",
        "coordinates": [
          [
            [
              -93.42916899983202,
              36.99344900024587
            ],
            [
              -93.61012599987264,
              36.99581000016968
            ],
            [
              -93.61292899957894,
              36.82056200014232
            ],
            [
              -93.57380000007525,
              36.82003199969748
            ],
            [
              -93.58426199996136,
              36.499167000093244
            ],
            [
              -93.31532300027085,
              36.498451000060356
            ],
            [
              -93.30435900024442,
              36.8168660002065
            ],
            [
              -93.34204099977664,
              36.81730100034176
            ],
            [
              -93.33745100034027,
              36.99249400011219
            ],
            [
              -93.42884599979183,
              36.993448000067154
            ],
            [
              -93.42916899983202,
              36.99344900024587
            ]
          ]
        ]
      }
    },
    {
      "type": "Feature",
      "id": "us-county:29:211",
      "properties": {
        "boundary_id": "us-county:29:211",
        "boundary_type": "county",
        "name": "Sullivan County",
        "stateFips": "29",
        "countyFips": "211",
        "bbox": [
          -93.36693499974244,
          40.03309900013402,
          -92.85531299990984,
          40.385894000287124
        ]
      },
      "geometry": {
        "type": "Polygon",
        "coordinates": [
          [
            [
              -93.12104300001319,
              40.03688300014469
            ],
            [
              -92.85619099979381,
              40.03725300009599
            ],
            [
              -92.85531299990984,
              40.385894000287124
            ],
            [
              -93.36693499974244,
              40.38299900019596
            ],
            [
              -93.36655599962576,
              40.03309900013402
            ],
            [
              -93.12251799957373,
              40.036866999685095
            ],
            [
              -93.12104300001319,
              40.03688300014469
            ]
          ]
        ]
      }
    },
    {
      "type": "Feature",
      "id": "us-county:29:213",
      "properties": {
        "boundary_id": "us-county:29:213",
        "boundary_type": "county",
        "name": "Taney County",
        "stateFips": "29",
        "countyFips": "213",
        "bbox": [
          -93.31532300027085,
          36.49783899998856,
          -92.76486900013718,
          36.8168660002065
        ]
      },
      "geometry": {
        "type": "Polygon",
        "coordinates": [
          [
            [
              -93.30583600035308,
              36.77411700017471
            ],
            [
              -93.31532300027085,
              36.498451000060356
            ],
            [
              -92.77233900017109,
              36.49783899998856
            ],
            [
              -92.76486900013718,
              36.806097000224696
            ],
            [
              -93.30435900024442,
              36.8168660002065
            ],
            [
              -93.30582299993429,
              36.77447400015256
            ],
            [
              -93.30583600035308,
              36.77411700017471
            ]
          ]
        ]
      }
    },
    {
      "type": "Feature",
      "id": "us-county:29:215",
      "properties": {
        "boundary_id": "us-county:29:215",
        "boundary_type": "county",
        "name": "Texas County",
        "stateFips": "29",
        "countyFips": "215",
        "bbox": [
          -92.25135900029218,
          37.0489249998131,
          -91.64662599962642,
          37.60454299978619
        ]
      },
      "geometry": {
        "type": "Polygon",
        "coordinates": [
          [
            [
              -91.65416000013273,
              37.137293999757325
            ],
            [
              -91.64662599962642,
              37.422731000321
            ],
            [
              -91.75503999985224,
              37.4241100001825
            ],
            [
              -91.75479499962985,
              37.5987680000404
            ],
            [
              -92.24946299988383,
              37.60454299978619
            ],
            [
              -92.25135900029218,
              37.0596529999604
            ],
            [
              -91.6556070001042,
              37.0489249998131
            ],
            [
              -91.65414099986617,
              37.1372420001822
            ],
            [
              -91.65416000013273,
              37.137293999757325
            ]
          ]
        ]
      }
    },
    {
      "type": "Feature",
      "id": "us-county:29:217",
      "properties": {
        "boundary_id": "us-county:29:217",
        "boundary_type": "county",
        "name": "Vernon County",
        "stateFips": "29",
        "countyFips": "217",
        "bbox": [
          -94.6176980000742,
          37.63972199983612,
          -94.0582850001024,
          38.060056000216164
        ]
      },
      "geometry": {
        "type": "Polygon",
        "coordinates": [
          [
            [
              -94.07334200034606,
              37.75570599975873
            ],
            [
              -94.0582850001024,
              38.03662699966551
            ],
            [
              -94.08275200027093,
              38.03169499975433
            ],
            [
              -94.10191199987926,
              38.04810499997162
            ],
            [
              -94.10867499973342,
              38.03686100016289
            ],
            [
              -94.13369900029389,
              38.0582319997832
            ],
            [
              -94.19088600011426,
              38.045185999886485
            ],
            [
              -94.19606100042996,
              38.033790999668135
            ],
            [
              -94.19472400006339,
              38.052706000038796
            ],
            [
              -94.20282000008618,
              38.05429200024119
            ],
            [
              -94.21504000028834,
              38.03402299977426
            ],
            [
              -94.22388899962333,
              38.04034800010575
            ],
            [
              -94.22484900042137,
              38.027336999781284
            ],
            [
              -94.2365880003996,
              38.0259519996548
            ],
            [
              -94.2451260002883,
              38.03046800024011
            ],
            [
              -94.23351399963333,
              38.032225999694475
            ],
            [
              -94.24065999980215,
              38.03979299988086
            ],
            [
              -94.23044599961318,
              38.04560900026766
            ],
            [
              -94.24061899979426,
              38.050819000100276
            ],
            [
              -94.61406099996654,
              38.060056000216164
            ],
            [
              -94.6176980000742,
              37.65357799981706
            ],
            [
              -94.07352399992094,
              37.63972199983612
            ],
            [
              -94.07313800013156,
              37.755701999722135
            ],
            [
              -94.07334200034606,
              37.75570599975873
            ]
          ]
        ]
      }
    },
    {
      "type": "Feature",
      "id": "us-county:29:219",
      "properties": {
        "boundary_id": "us-county:29:219",
        "boundary_type": "county",
        "name": "Warren County",
        "stateFips": "29",
        "countyFips": "219",
        "bbox": [
          -91.41863700040317,
          38.54724100002431,
          -90.95853599980558,
          38.992761999941294
        ]
      },
      "geometry": {
        "type": "Polygon",
        "coordinates": [
          [
            [
              -91.26527300027757,
              38.87504199995846
            ],
            [
              -91.26492699977285,
              38.84383300034434
            ],
            [
              -91.41583200014873,
              38.84530000020944
            ],
            [
              -91.41863700040317,
              38.7097780000535
            ],
            [
              -91.34911999987744,
              38.695435000322135
            ],
            [
              -91.31309299983081,
              38.70671499992663
            ],
            [
              -91.23298600027078,
              38.651339999871766
            ],
            [
              -91.22368299957773,
              38.62014900034945
            ],
            [
              -91.12514799980514,
              38.59770400008462
            ],
            [
              -91.05589800014143,
              38.60826699967172
            ],
            [
              -91.03722200023174,
              38.59857599978276
            ],
            [
              -91.01028999956738,
              38.56389099990186
            ],
            [
              -90.96446900035465,
              38.54724100002431
            ],
            [
              -90.95853599980558,
              38.87086499968406
            ],
            [
              -91.11125100037606,
              38.872708999936776
            ],
            [
              -91.11018699982093,
              38.93190100003789
            ],
            [
              -91.18934799972494,
              38.932150999968314
            ],
            [
              -91.18839000037335,
              38.992141000174186
            ],
            [
              -91.26428700043859,
              38.992761999941294
            ],
            [
              -91.26525700038407,
              38.87973099984722
            ],
            [
              -91.26527300027757,
              38.87504199995846
            ]
          ]
        ]
      }
    },
    {
      "type": "Feature",
      "id": "us-county:29:221",
      "properties": {
        "boundary_id": "us-county:29:221",
        "boundary_type": "county",
        "name": "Washington County",
        "stateFips": "29",
        "countyFips": "221",
        "bbox": [
          -91.10001700001287,
          37.73481299990737,
          -90.63997999988771,
          38.20411200024072
        ]
      },
      "geometry": {
        "type": "Polygon",
        "coordinates": [
          [
            [
              -90.81876900043173,
              37.73552500011251
            ],
            [
              -90.64513500011192,
              37.73481299990737
            ],
            [
              -90.63997999988771,
              38.07654799987352
            ],
            [
              -90.66165299967244,
              38.083830000174295
            ],
            [
              -90.65137499990935,
              38.09150900014864
            ],
            [
              -90.65808199968701,
              38.09749999969367
            ],
            [
              -90.66317900018493,
              38.08782500005198
            ],
            [
              -90.68477599980169,
              38.086269999731925
            ],
            [
              -90.67626200020246,
              38.09412199998271
            ],
            [
              -90.68139899998503,
              38.10268100006967
            ],
            [
              -90.78018499982777,
              38.20411200024072
            ],
            [
              -91.09576499978698,
              38.20408300014766
            ],
            [
              -91.10001700001287,
              37.740011999909235
            ],
            [
              -90.82091000016415,
              37.73545399995941
            ],
            [
              -90.81876900043173,
              37.73552500011251
            ]
          ]
        ]
      }
    },
    {
      "type": "Feature",
      "id": "us-county:29:223",
      "properties": {
        "boundary_id": "us-county:29:223",
        "boundary_type": "county",
        "name": "Wayne County",
        "stateFips": "29",
        "countyFips": "223",
        "bbox": [
          -90.7795529999911,
          36.92152699967732,
          -90.11035400016509,
          37.31759400028989
        ]
      },
      "geometry": {
        "type": "Polygon",
        "coordinates": [
          [
            [
              -90.22286400008288,
              37.10058000009789
            ],
            [
              -90.21765699998012,
              37.31496700005372
            ],
            [
              -90.54972899956057,
              37.31759400028989
            ],
            [
              -90.5506030001449,
              37.27260800014944
            ],
            [
              -90.73545300038622,
              37.27104000023054
            ],
            [
              -90.73714600040496,
              37.16641300000858
            ],
            [
              -90.75586999999521,
              37.16672200029824
            ],
            [
              -90.7567989999328,
              37.137739000278394
            ],
            [
              -90.7790249999115,
              37.137919999879884
            ],
            [
              -90.7795529999911,
              37.05032399991844
            ],
            [
              -90.72972200040182,
              37.04953399999558
            ],
            [
              -90.73093800039457,
              37.00039800026456
            ],
            [
              -90.7129860003831,
              37.000366999704696
            ],
            [
              -90.71341999985304,
              36.97105100018797
            ],
            [
              -90.69541900033607,
              36.97075099975174
            ],
            [
              -90.69689100042189,
              36.927186000051414
            ],
            [
              -90.24178199984189,
              36.92152699967732
            ],
            [
              -90.24163999955168,
              36.93594499977205
            ],
            [
              -90.22360300004969,
              36.93575600028499
            ],
            [
              -90.2232030000166,
              36.96465199984149
            ],
            [
              -90.20517499983713,
              36.96455200003412
            ],
            [
              -90.204883999584,
              36.9787770003152
            ],
            [
              -90.18657699974526,
              36.97868299977262
            ],
            [
              -90.18632700039831,
              36.993345000246656
            ],
            [
              -90.16846099970225,
              36.99319500035611
            ],
            [
              -90.16787400007141,
              37.007650999674496
            ],
            [
              -90.14944699968376,
              37.00744400035696
            ],
            [
              -90.14851799974616,
              37.041601000204636
            ],
            [
              -90.11109599960662,
              37.04250500016208
            ],
            [
              -90.11035400016509,
              37.08587099964757
            ],
            [
              -90.22322999978077,
              37.08651899996861
            ],
            [
              -90.22287900015151,
              37.09990700012746
            ],
            [
              -90.22286400008288,
              37.10058000009789
            ]
          ]
        ]
      }
    },
    {
      "type": "Feature",
      "id": "us-county:29:225",
      "properties": {
        "boundary_id": "us-county:29:225",
        "boundary_type": "county",
        "name": "Webster County",
        "stateFips": "29",
        "countyFips": "225",
        "bbox": [
          -93.07677900037675,
          37.067050999721694,
          -92.67896999959505,
          37.48744400011483
        ]
      },
      "geometry": {
        "type": "Polygon",
        "coordinates": [
          [
            [
              -92.85210699979743,
              37.48408300030343
            ],
            [
              -93.07158399996956,
              37.48744400011483
            ],
            [
              -93.07677900037675,
              37.27004000020975
            ],
            [
              -93.06154100038312,
              37.26983199976071
            ],
            [
              -93.06527399985194,
              37.08869399983883
            ],
            [
              -92.9029219995759,
              37.08522100014544
            ],
            [
              -92.90327300010348,
              37.070651000172745
            ],
            [
              -92.68586700024184,
              37.067050999721694
            ],
            [
              -92.67896999959505,
              37.26314899988393
            ],
            [
              -92.69230299985784,
              37.26351400025987
            ],
            [
              -92.68667099960764,
              37.48154499968813
            ],
            [
              -92.85209299955369,
              37.48408300030343
            ],
            [
              -92.85210699979743,
              37.48408300030343
            ]
          ]
        ]
      }
    },
    {
      "type": "Feature",
      "id": "us-county:29:227",
      "properties": {
        "boundary_id": "us-county:29:227",
        "boundary_type": "county",
        "name": "Worth County",
        "stateFips": "29",
        "countyFips": "227",
        "bbox": [
          -94.63202999969647,
          40.38425400012858,
          -94.21427799985703,
          40.57190099995126
        ]
      },
      "geometry": {
        "type": "Polygon",
        "coordinates": [
          [
            [
              -94.6086360003039,
              40.387113000140786
            ],
            [
              -94.21427799985703,
              40.38425400012858
            ],
            [
              -94.21461900033887,
              40.47046399986694
            ],
            [
              -94.23156500041986,
              40.47035700014866
            ],
            [
              -94.23223999991424,
              40.57190099995126
            ],
            [
              -94.63202999969647,
              40.57136699966395
            ],
            [
              -94.63188900012948,
              40.47251299999565
            ],
            [
              -94.60840899962486,
              40.4724430002403
            ],
            [
              -94.60862100023527,
              40.38746200020144
            ],
            [
              -94.6086360003039,
              40.387113000140786
            ]
          ]
        ]
      }
    },
    {
      "type": "Feature",
      "id": "us-county:29:229",
      "properties": {
        "boundary_id": "us-county:29:229",
        "boundary_type": "county",
        "name": "Wright County",
        "stateFips": "29",
        "countyFips": "229",
        "bbox": [
          -92.69230299985784,
          37.0596529999604,
          -92.25135900029218,
          37.48154499968813
        ]
      },
      "geometry": {
        "type": "Polygon",
        "coordinates": [
          [
            [
              -92.25244999971316,
              37.342762000207536
            ],
            [
              -92.25226099956728,
              37.472943999711696
            ],
            [
              -92.68667099960764,
              37.48154499968813
            ],
            [
              -92.69230299985784,
              37.26351400025987
            ],
            [
              -92.67896999959505,
              37.26314899988393
            ],
            [
              -92.68586700024184,
              37.067050999721694
            ],
            [
              -92.25135900029218,
              37.0596529999604
            ],
            [
              -92.25204600038043,
              37.3427539999683
            ],
            [
              -92.25244999971316,
              37.342762000207536
            ]
          ]
        ]
      }
    },
    {
      "type": "Feature",
      "id": "us-county:29:510",
      "properties": {
        "boundary_id": "us-county:29:510",
        "boundary_type": "county",
        "name": "St. Louis city",
        "stateFips": "29",
        "countyFips": "510",
        "bbox": [
          -90.32051500012372,
          38.532011999831624,
          -90.16671699962987,
          38.774287999650255
        ]
      },
      "geometry": {
        "type": "Polygon",
        "coordinates": [
          [
            [
              -90.32051500012372,
              38.594151999957916
            ],
            [
              -90.30254899986852,
              38.567817000003494
            ],
            [
              -90.25778200026686,
              38.532011999831624
            ],
            [
              -90.2242039999242,
              38.57507999985804
            ],
            [
              -90.19180300011459,
              38.598980000254635
            ],
            [
              -90.17770199957269,
              38.64277899983077
            ],
            [
              -90.2119100001022,
              38.71795000017242
            ],
            [
              -90.16671699962987,
              38.772272000201724
            ],
            [
              -90.18418400011777,
              38.774287999650255
            ],
            [
              -90.20814699959783,
              38.739799000071436
            ],
            [
              -90.2517449999607,
              38.71888700022131
            ],
            [
              -90.30182800034339,
              38.655641999829456
            ],
            [
              -90.32050400025305,
              38.594176999948154
            ],
            [
              -90.32051500012372,
              38.594151999957916
            ]
          ]
        ]
      }
    },
    {
      "type": "Feature",
      "id": "us-state:29",
      "properties": {
        "boundary_id": "us-state:29",
        "boundary_type": "state",
        "name": "Missouri",
        "stateFips": "29",
        "bbox": [
          -95.77354899959904,
          35.995744999999246,
          -89.09933099962868,
          40.61363999995376
        ]
      },
      "geometry": {
        "type": "Polygon",
        "coordinates": [
          [
            [
              -93.37438600040808,
              40.58033300017646
            ],
            [
              -94.48910900008872,
              40.57070599982215
            ],
            [
              -95.76385499999205,
              40.585207000015494
            ],
            [
              -95.77354899959904,
              40.578205000247465
            ],
            [
              -95.7633660002705,
              40.550797000260744
            ],
            [
              -95.76869300002386,
              40.53410600008002
            ],
            [
              -95.75710999968123,
              40.52599000011871
            ],
            [
              -95.70859100034419,
              40.521551000024616
            ],
            [
              -95.69549499990785,
              40.53202099975563
            ],
            [
              -95.69414699967061,
              40.55694200025518
            ],
            [
              -95.67871500040653,
              40.5625609999768
            ],
            [
              -95.65584800037031,
              40.546608999840025
            ],
            [
              -95.66168099956366,
              40.517311999757126
            ],
            [
              -95.69996899989161,
              40.50527499999936
            ],
            [
              -95.69465100035907,
              40.47145199981882
            ],
            [
              -95.65657499974324,
              40.438701000296014
            ],
            [
              -95.66060199983822,
              40.412408999822034
            ],
            [
              -95.62268400030446,
              40.34232300026568
            ],
            [
              -95.65372900037922,
              40.322582000255075
            ],
            [
              -95.65732799995374,
              40.31085600004829
            ],
            [
              -95.61043899998792,
              40.31397000007456
            ],
            [
              -95.56215699957902,
              40.29735899986191
            ],
            [
              -95.55162000024816,
              40.28866599972103
            ],
            [
              -95.55247300001777,
              40.26190399986298
            ],
            [
              -95.47624100021677,
              40.24125700033731
            ],
            [
              -95.46990000013702,
              40.22270000028959
            ],
            [
              -95.4823189996325,
              40.20066700007847
            ],
            [
              -95.479192999886,
              40.1856520000733
            ],
            [
              -95.43634799973363,
              40.15871999979878
            ],
            [
              -95.42740899998697,
              40.134607999960615
            ],
            [
              -95.39334699994565,
              40.119211999883326
            ],
            [
              -95.42133999989376,
              40.0607459997853
            ],
            [
              -95.41054800029477,
              40.035628000153686
            ],
            [
              -95.3894360002016,
              40.026858000031886
            ],
            [
              -95.35372200014942,
              40.030788999928184
            ],
            [
              -95.31527099961484,
              40.01207000026049
            ],
            [
              -95.30580299996366,
              39.98789899966052
            ],
            [
              -95.25025399991044,
              39.948643999942334
            ],
            [
              -95.20526600037586,
              39.9397499997955
            ],
            [
              -95.20274499980353,
              39.90507600007466
            ],
            [
              -95.14965700004817,
              39.90594799987068
            ],
            [
              -95.14060100012563,
              39.88168800029402
            ],
            [
              -95.12452899973066,
              39.87285700026141
            ],
            [
              -95.08155999972972,
              39.86153900004616
            ],
            [
              -95.03940300038883,
              39.8648319996734
            ],
            [
              -95.00993599980677,
              39.90063600010656
            ],
            [
              -94.95517799959887,
              39.90128800023796
            ],
            [
              -94.93015999978454,
              39.889933999811824
            ],
            [
              -94.9405990001044,
              39.85301799994431
            ],
            [
              -94.91676600032068,
              39.835806999996294
            ],
            [
              -94.8848259997452,
              39.83241799967163
            ],
            [
              -94.87594399989993,
              39.81329399992992
            ],
            [
              -94.88465199966792,
              39.79399699999843
            ],
            [
              -94.9282299999393,
              39.788938000118755
            ],
            [
              -94.93457299966889,
              39.77296099994316
            ],
            [
              -94.91094900012256,
              39.75917800011644
            ],
            [
              -94.86965499969871,
              39.77289899980144
            ],
            [
              -94.86063899995915,
              39.762982999754065
            ],
            [
              -94.86273500038402,
              39.74219500010418
            ],
            [
              -94.89931599955122,
              39.72404200009922
            ],
            [
              -94.94754100005872,
              39.74533699975466
            ],
            [
              -94.96395800023521,
              39.74036099997269
            ],
            [
              -94.97067699970842,
              39.6872390000346
            ],
            [
              -95.0276440003191,
              39.66545400024156
            ],
            [
              -95.05426700028865,
              39.62774500024111
            ],
            [
              -95.05058999999802,
              39.58756299978985
            ],
            [
              -95.06709500003805,
              39.57650199986571
            ],
            [
              -95.10494800017283,
              39.57660399979813
            ],
            [
              -95.1103679998126,
              39.54456199983623
            ],
            [
              -95.05445899990927,
              39.502652999761175
            ],
            [
              -95.03750000030779,
              39.4636889997473
            ],
            [
              -94.9821439997001,
              39.44055200012718
            ],
            [
              -94.97295200023343,
              39.42170499984926
            ],
            [
              -94.9478640000989,
              39.4086040002224
            ],
            [
              -94.94203900040316,
              39.38949899988115
            ],
            [
              -94.88502599976174,
              39.38980100010491
            ],
            [
              -94.88136000024008,
              39.370382999867296
            ],
            [
              -94.9100169998119,
              39.352542999778
            ],
            [
              -94.90612600015935,
              39.314721000304736
            ],
            [
              -94.88409299962618,
              39.28451199993101
            ],
            [
              -94.8305529999592,
              39.25513499993542
            ],
            [
              -94.8316790004386,
              39.215938000255626
            ],
            [
              -94.78295099996586,
              39.20716200007424
            ],
            [
              -94.76285800022197,
              39.17999099978
            ],
            [
              -94.74077700000822,
              39.16998699986652
            ],
            [
              -94.67823999996995,
              39.184169000133295
            ],
            [
              -94.66157699974616,
              39.177358999982296
            ],
            [
              -94.65578700021054,
              39.15568000026305
            ],
            [
              -94.60865700022029,
              39.16104400034618
            ],
            [
              -94.58865800018772,
              39.151162999913744
            ],
            [
              -94.60851900012804,
              39.11624399980174
            ],
            [
              -94.61785899973269,
              36.49943099975799
            ],
            [
              -90.1523070001898,
              36.4979820003251
            ],
            [
              -90.15954399969688,
              36.48024399967595
            ],
            [
              -90.14239199975155,
              36.47139900023911
            ],
            [
              -90.15540699999703,
              36.46379500013937
            ],
            [
              -90.1430069998698,
              36.46795999974526
            ],
            [
              -90.13395299959708,
              36.45378099965882
            ],
            [
              -90.14431199955102,
              36.4260180002303
            ],
            [
              -90.13440299985888,
              36.42287700018475
            ],
            [
              -90.13850299974881,
              36.41372599975548
            ],
            [
              -90.08152000014293,
              36.40109600008557
            ],
            [
              -90.06350399965902,
              36.384080999787734
            ],
            [
              -90.08238200013338,
              36.321996999818076
            ],
            [
              -90.06419300029542,
              36.30250200030505
            ],
            [
              -90.08352899963086,
              36.272122000269064
            ],
            [
              -90.11706799961544,
              36.2634870001383
            ],
            [
              -90.13088299992707,
              36.24137199981035
            ],
            [
              -90.12625699960736,
              36.2292139996634
            ],
            [
              -90.2203459998836,
              36.18453999970467
            ],
            [
              -90.2353470000508,
              36.15954000019728
            ],
            [
              -90.23544499996008,
              36.13939500027025
            ],
            [
              -90.29306000030095,
              36.11443000005642
            ],
            [
              -90.30018499965504,
              36.09771899974968
            ],
            [
              -90.31961200012539,
              36.089569999825954
            ],
            [
              -90.32062100042893,
              36.07131999973771
            ],
            [
              -90.33334500042128,
              36.067475999959974
            ],
            [
              -90.33687399967557,
              36.04723799973037
            ],
            [
              -90.37790000031082,
              35.995744999999246
            ],
            [
              -89.70693200029808,
              36.00098100021074
            ],
            [
              -89.68857699988045,
              36.02923799996376
            ],
            [
              -89.67882100034919,
              36.084636000359716
            ],
            [
              -89.60193599989681,
              36.11946999967452
            ],
            [
              -89.59163200019445,
              36.1421350003317
            ],
            [
              -89.6070040000824,
              36.171178999976085
            ],
            [
              -89.69262999991471,
              36.22495900017676
            ],
            [
              -89.70525000014999,
              36.236568000094174
            ],
            [
              -89.70182099955647,
              36.24600400016937
            ],
            [
              -89.69523500015264,
              36.2527659998872
            ],
            [
              -89.65140699963598,
              36.2506829997701
            ],
            [
              -89.60237399956473,
              36.238106000244684
            ],
            [
              -89.53467600035275,
              36.25277099980538
            ],
            [
              -89.53948699972207,
              36.27736800035405
            ],
            [
              -89.5784920002755,
              36.28831699972798
            ],
            [
              -89.62025500032942,
              36.32300600008558
            ],
            [
              -89.60566800043902,
              36.342234000268625
            ],
            [
              -89.5318219996945,
              36.33924600016343
            ],
            [
              -89.5097220001125,
              36.373626000133406
            ],
            [
              -89.54525500041471,
              36.42707900028296
            ],
            [
              -89.52342699992097,
              36.456572000215786
            ],
            [
              -89.51992200005778,
              36.47705299982505
            ],
            [
              -89.56041200021751,
              36.524406000151174
            ],
            [
              -89.57102499971634,
              36.550201000334546
            ],
            [
              -89.56700400036745,
              36.5650479996628
            ],
            [
              -89.5306380003871,
              36.58170999997734
            ],
            [
              -89.47992999984042,
              36.56908699973943
            ],
            [
              -89.46591299986243,
              36.5300150002719
            ],
            [
              -89.49394699981842,
              36.47355900024554
            ],
            [
              -89.48619300010239,
              36.46211400028987
            ],
            [
              -89.46443300027903,
              36.45774700018441
            ],
            [
              -89.41727499980136,
              36.49901100006517
            ],
            [
              -89.36579700022409,
              36.6251259997737
            ],
            [
              -89.32463699969455,
              36.63102299974609
            ],
            [
              -89.2634899997263,
              36.566269000331815
            ],
            [
              -89.21903500029417,
              36.575057000203124
            ],
            [
              -89.19775300032168,
              36.62897099995553
            ],
            [
              -89.1591179996641,
              36.66635399980873
            ],
            [
              -89.17188400038755,
              36.67259800018542
            ],
            [
              -89.17046199963212,
              36.69004800004582
            ],
            [
              -89.19931099972291,
              36.715624000351355
            ],
            [
              -89.19785600025385,
              36.73977200021172
            ],
            [
              -89.16978499958962,
              36.75964099990963
            ],
            [
              -89.12596700001703,
              36.75180900030502
            ],
            [
              -89.11707599995094,
              36.765768999976544
            ],
            [
              -89.12438000030349,
              36.785825999726235
            ],
            [
              -89.17056299991447,
              36.797537999702605
            ],
            [
              -89.17920100026058,
              36.82989599967288
            ],
            [
              -89.17044300026387,
              36.84183999971942
            ],
            [
              -89.1381090004014,
              36.847322999829345
            ],
            [
              -89.117115000309,
              36.88868499997976
            ],
            [
              -89.09933099962868,
              36.962574999800424
            ],
            [
              -89.1253519998988,
              36.98352900024578
            ],
            [
              -89.18549100028672,
              36.973517999998464
            ],
            [
              -89.20079299985446,
              37.01616399965249
            ],
            [
              -89.23405300017978,
              37.03727699998387
            ],
            [
              -89.25493000009632,
              37.0720140003566
            ],
            [
              -89.25993499963441,
              37.06406999982971
            ],
            [
              -89.30828999983825,
              37.06837099970559
            ],
            [
              -89.30475200036311,
              37.04756499972909
            ],
            [
              -89.26000300030479,
              37.023287999841
            ],
            [
              -89.26352700043454,
              37.00004999994209
            ],
            [
              -89.27862800016084,
              36.9886699999575
            ],
            [
              -89.38393699965823,
              37.04644100022322
            ],
            [
              -89.37711299970469,
              37.090764999723646
            ],
            [
              -89.42558000006154,
              37.13823500027053
            ],
            [
              -89.45610499955431,
              37.188119999920914
            ],
            [
              -89.46763099999552,
              37.21820000009143
            ],
            [
              -89.4588269999681,
              37.248661000141134
            ],
            [
              -89.48991499970055,
              37.25131500007723
            ],
            [
              -89.5183400003671,
              37.28549699964708
            ],
            [
              -89.51075999983004,
              37.31274399971753
            ],
            [
              -89.48900500002954,
              37.33336799968264
            ],
            [
              -89.43283599983519,
              37.34705600025408
            ],
            [
              -89.42054200001319,
              37.388006999928656
            ],
            [
              -89.43976899956867,
              37.437199999787794
            ],
            [
              -89.47552500035196,
              37.471387999994434
            ],
            [
              -89.5170509996811,
              37.53727799983065
            ],
            [
              -89.51980800025497,
              37.58274699990158
            ],
            [
              -89.48606199968283,
              37.58085300001158
            ],
            [
              -89.47593200005775,
              37.59299800008204
            ],
            [
              -89.51771799967787,
              37.64121700021081
            ],
            [
              -89.5166849999832,
              37.69276199978731
            ],
            [
              -89.58331600006363,
              37.71326100009821
            ],
            [
              -89.61727799964751,
              37.74971999985789
            ],
            [
              -89.66335200037686,
              37.75005199988221
            ],
            [
              -89.66037999971783,
              37.78629600007876
            ],
            [
              -89.66964400005283,
              37.7999219998894
            ],
            [
              -89.739875000431,
              37.84692100014757
            ],
            [
              -89.7863259998306,
              37.851688999662386
            ],
            [
              -89.7975419997521,
              37.86212799972085
            ],
            [
              -89.79932900038048,
              37.88151599994908
            ],
            [
              -89.84263800014006,
              37.90519699980449
            ],
            [
              -89.90237699959658,
              37.86973999965719
            ],
            [
              -89.94775800038988,
              37.879847000281366
            ],
            [
              -89.9746540001709,
              37.927074000140934
            ],
            [
              -89.93126699969523,
              37.948277000155926
            ],
            [
              -89.92459699972747,
              37.9598489996542
            ],
            [
              -89.93588499961902,
              37.95958099990406
            ],
            [
              -89.94068699966581,
              37.970874000096764
            ],
            [
              -89.99684800036256,
              37.96321900032627
            ],
            [
              -90.05936699995917,
              38.01554299982408
            ],
            [
              -90.11052099967135,
              38.026548999757736
            ],
            [
              -90.12619600040631,
              38.04070600032133
            ],
            [
              -90.12959999998716,
              38.061435999918494
            ],
            [
              -90.15827300035085,
              38.0749500000018
            ],
            [
              -90.17604000041439,
              38.070659999714216
            ],
            [
              -90.22328800040542,
              38.09779900003769
            ],
            [
              -90.27484299997558,
              38.15755900012971
            ],
            [
              -90.33017000027095,
              38.18652300031386
            ],
            [
              -90.35862799965116,
              38.221980999885766
            ],
            [
              -90.37242200004641,
              38.283724999988074
            ],
            [
              -90.37081900043934,
              38.33355400014267
            ],
            [
              -90.34152099991168,
              38.38834299987913
            ],
            [
              -90.29108400042499,
              38.43088999980279
            ],
            [
              -90.25778200026686,
              38.532011999831624
            ],
            [
              -90.18450200013508,
              38.61157999986138
            ],
            [
              -90.1811019998539,
              38.6595789997162
            ],
            [
              -90.20920199993213,
              38.70277900027336
            ],
            [
              -90.21140999961167,
              38.72135000008057
            ],
            [
              -90.16636400035075,
              38.77267500014474
            ],
            [
              -90.11942400033132,
              38.80181100025056
            ],
            [
              -90.11332699975071,
              38.849305999950545
            ],
            [
              -90.25024799976053,
              38.91934400021936
            ],
            [
              -90.3094540000129,
              38.924120000049435
            ],
            [
              -90.39272099965463,
              38.959071000298
            ],
            [
              -90.43920299991466,
              38.9672870001811
            ],
            [
              -90.47172900029607,
              38.959185999897095
            ],
            [
              -90.50745099984586,
              38.902766999964946
            ],
            [
              -90.56102099965007,
              38.869475999876215
            ],
            [
              -90.58338800009406,
              38.869029999893336
            ],
            [
              -90.62335600002199,
              38.88714900007878
            ],
            [
              -90.66301799962814,
              38.926283000328965
            ],
            [
              -90.67819299987259,
              38.99185100026831
            ],
            [
              -90.71362900009042,
              39.05397699983576
            ],
            [
              -90.68108599999057,
              39.10059000033339
            ],
            [
              -90.70790200030397,
              39.150860000143794
            ],
            [
              -90.72996000005318,
              39.25589400015616
            ],
            [
              -90.75159900040106,
              39.26543200021695
            ],
            [
              -90.79346100018915,
              39.309497999991265
            ],
            [
              -90.92874500025674,
              39.38754399976157
            ],
            [
              -90.94076600026727,
              39.40398399972629
            ],
            [
              -91.03826999999501,
              39.44843500021758
            ],
            [
              -91.1003070004411,
              39.53869500023708
            ],
            [
              -91.15362799982498,
              39.548248000208176
            ],
            [
              -91.18193600031567,
              39.60267699988896
            ],
            [
              -91.22931700037607,
              39.6208530001609
            ],
            [
              -91.27614000021964,
              39.6657590000874
            ],
            [
              -91.36939500009453,
              39.73116299999
            ],
            [
              -91.36238799984291,
              39.79048200009414
            ],
            [
              -91.37648799966158,
              39.81003300008811
            ],
            [
              -91.43652900014021,
              39.847078000022115
            ],
            [
              -91.44692200042934,
              39.88303399986567
            ],
            [
              -91.41935999957815,
              39.927716999863385
            ],
            [
              -91.494878000425,
              40.03645300024424
            ],
            [
              -91.48960600002492,
              40.05743499970961
            ],
            [
              -91.5108389995936,
              40.1261369996846
            ],
            [
              -91.50650100005228,
              40.2363039998996
            ],
            [
              -91.49052400009185,
              40.2594979999636
            ],
            [
              -91.4909709999806,
              40.28336399981506
            ],
            [
              -91.4621400003315,
              40.342413999931836
            ],
            [
              -91.41942200040073,
              40.37826400032657
            ],
            [
              -91.44124300032348,
              40.386255000044116
            ],
            [
              -91.4638950002745,
              40.375658999712776
            ],
            [
              -91.46355399979267,
              40.38554699968635
            ],
            [
              -91.48525500006481,
              40.38465700019551
            ],
            [
              -91.48848100026873,
              40.40431699967791
            ],
            [
              -91.52461200007244,
              40.41076499974858
            ],
            [
              -91.51913399980802,
              40.432821999668235
            ],
            [
              -91.53362299978912,
              40.43832000015318
            ],
            [
              -91.52508999992332,
              40.45784500034093
            ],
            [
              -91.57473399991488,
              40.465655000138995
            ],
            [
              -91.59081700018052,
              40.49229200020862
            ],
            [
              -91.62135300044226,
              40.51007200019013
            ],
            [
              -91.62007100032726,
              40.54081699976456
            ],
            [
              -91.68870000002495,
              40.557389999944945
            ],
            [
              -91.68635699972786,
              40.58087500004417
            ],
            [
              -91.7291149998416,
              40.61363999995376
            ],
            [
              -93.37428599995064,
              40.58033000025434
            ],
            [
              -93.37438600040808,
              40.58033300017646
            ]
          ]
        ]
      }
    }
  ]
}
