{
  "type": "FeatureCollection",
  "features": [
    {
      "type": "Feature",
      "id": "us-cd:119:04:01",
      "properties": {
        "boundary_id": "us-cd:119:04:01",
        "boundary_type": "congressional_district",
        "name": "1",
        "stateFips": "04",
        "congress": 119,
        "district": "01",
        "bbox": [
          -112.11456300026599,
          33.43671499962598,
          -111.03990499969933,
          34.029866000115234
        ]
      },
      "geometry": {
        "type": "Polygon",
        "coordinates": [
          [
            [
              -112.11456300026599,
              33.69987499980546
            ],
            [
              -112.11322900027245,
              33.668557999981914
            ],
            [
              -112.09979100042769,
              33.66922400011919
            ],
            [
              -112.09976700013823,
              33.51687100030285
            ],
            [
              -112.04752499958147,
              33.516488000273675
            ],
            [
              -112.04761800036621,
              33.49472199979064
            ],
            [
              -112.01297800001657,
              33.495234999766694
            ],
            [
              -112.01291799974211,
              33.46573199979059
            ],
            [
              -111.9784680002616,
              33.465666000345706
            ],
            [
              -111.98252600031873,
              33.45114999981733
            ],
            [
              -111.95463600030278,
              33.444526000221735
            ],
            [
              -111.9414660002466,
              33.44735600016099
            ],
            [
              -111.9393389998596,
              33.464602000315416
            ],
            [
              -111.92646099988147,
              33.451245000021025
            ],
            [
              -111.90927899979891,
              33.45128099992108
            ],
            [
              -111.90964700004496,
              33.436754999634246
            ],
            [
              -111.85618699984562,
              33.43671499962598
            ],
            [
              -111.86097200017396,
              33.44399899997938
            ],
            [
              -111.82678000043633,
              33.46638299962749
            ],
            [
              -111.7872839996132,
              33.46640299991226
            ],
            [
              -111.78729899968181,
              33.48090800001634
            ],
            [
              -111.77521400009717,
              33.471972999635106
            ],
            [
              -111.77571899971224,
              33.482035999916256
            ],
            [
              -111.73944599961831,
              33.48213399997389
            ],
            [
              -111.7148449995555,
              33.499739999789334
            ],
            [
              -111.6840370002055,
              33.499888999826474
            ],
            [
              -111.68388599969444,
              33.48081400036068
            ],
            [
              -111.67205300000487,
              33.469371999947704
            ],
            [
              -111.64992599976037,
              33.495156999939994
            ],
            [
              -111.6037719995634,
              33.49579000036561
            ],
            [
              -111.60307399960448,
              33.467182000257395
            ],
            [
              -111.58063400026384,
              33.46580000005176
            ],
            [
              -111.03990499969933,
              33.46610400008202
            ],
            [
              -111.15335399960045,
              33.67760599963856
            ],
            [
              -111.20703999975561,
              33.63687800017
            ],
            [
              -111.20745300020748,
              33.620571999863124
            ],
            [
              -111.22368700008587,
              33.60285700036793
            ],
            [
              -111.24953799957835,
              33.62433100013628
            ],
            [
              -111.26282999983326,
              33.623157000257294
            ],
            [
              -111.28718700039691,
              33.6586149997367
            ],
            [
              -111.33139400013195,
              33.68833799978702
            ],
            [
              -111.33636900043112,
              33.72035500029591
            ],
            [
              -111.35629099957247,
              33.73883499990735
            ],
            [
              -111.3868119997656,
              33.75004400022757
            ],
            [
              -111.38944399976768,
              33.776662999971556
            ],
            [
              -111.37850200038086,
              33.7937149997674
            ],
            [
              -111.3883259996842,
              33.80535300007486
            ],
            [
              -111.37231699993671,
              33.82392400032703
            ],
            [
              -111.39249699971924,
              33.835899999833494
            ],
            [
              -111.38721000014887,
              33.86248799969888
            ],
            [
              -111.41282399981486,
              33.88588099982672
            ],
            [
              -111.40520300016824,
              33.9194359996587
            ],
            [
              -111.45173599958356,
              33.92099499982313
            ],
            [
              -111.45255200044157,
              33.96592799987019
            ],
            [
              -111.4330959996589,
              33.98440099982821
            ],
            [
              -111.45441500033965,
              34.00474999988312
            ],
            [
              -111.72633400018677,
              34.00004099974669
            ],
            [
              -111.9961959999671,
              34.029866000115234
            ],
            [
              -111.9956960003749,
              33.900934000281374
            ],
            [
              -112.03078000024024,
              33.90112000008176
            ],
            [
              -112.03066999973707,
              33.84386100016364
            ],
            [
              -112.0215679997838,
              33.79912800014504
            ],
            [
              -111.9955130000768,
              33.77203199966837
            ],
            [
              -111.99544100010678,
              33.74768600019077
            ],
            [
              -112.0256879997652,
              33.699368000228326
            ],
            [
              -112.0428520003044,
              33.70775599974714
            ],
            [
              -112.04822900028647,
              33.693876000281534
            ],
            [
              -112.06572299964027,
              33.701987999812
            ],
            [
              -112.11428000040878,
              33.69991699983082
            ],
            [
              -112.11456300026599,
              33.69987499980546
            ]
          ]
        ]
      }
    },
    {
      "type": "Feature",
      "id": "us-cd:119:04:02",
      "properties": {
        "boundary_id": "us-cd:119:04:02",
        "boundary_type": "congressional_district",
        "name": "2",
        "stateFips": "04",
        "congress": 119,
        "district": "02",
        "bbox": [
          -114.04237700004911,
          32.7625910000119,
          -109.04517199995568,
          37.00051599971132
        ]
      },
      "geometry": {
        "type": "Polygon",
        "coordinates": [
          [
            [
              -114.04237700004911,
              35.72514000003599
            ],
            [
              -113.98498600001423,
              35.70806899992863
            ],
            [
              -113.91993099977667,
              35.62074199972616
            ],
            [
              -113.91302700035551,
              35.637253999811186
            ],
            [
              -113.85172600040151,
              35.62329999986434
            ],
            [
              -113.8754870002152,
              35.605544999724
            ],
            [
              -113.87275399993077,
              35.589048999728604
            ],
            [
              -113.83108700013635,
              35.60692200015134
            ],
            [
              -113.82982500011282,
              35.6695689998216
            ],
            [
              -113.78430100010269,
              35.654620000245174
            ],
            [
              -113.62036399976292,
              35.4945050001038
            ],
            [
              -113.35449499974241,
              35.49438300030055
            ],
            [
              -113.33410499989759,
              35.508416000139185
            ],
            [
              -113.33331300022734,
              34.00003900012844
            ],
            [
              -112.74395099962464,
              33.99989799974146
            ],
            [
              -112.27616800017933,
              33.88246899997447
            ],
            [
              -112.2751580000509,
              33.89340399978721
            ],
            [
              -112.23505100020581,
              33.91640800002538
            ],
            [
              -112.23156499971088,
              33.93604300032046
            ],
            [
              -112.24137100036918,
              33.94052699977525
            ],
            [
              -112.24034799982195,
              33.956642999660666
            ],
            [
              -112.22923099963462,
              33.954185999627995
            ],
            [
              -112.19677100027378,
              33.97393500003382
            ],
            [
              -112.18291199958122,
              34.012482999755996
            ],
            [
              -112.1611280003667,
              34.01771699975097
            ],
            [
              -112.16471500024565,
              34.03626599989665
            ],
            [
              -112.15364699956385,
              34.04090900033623
            ],
            [
              -112.16475799990336,
              34.04816999976194
            ],
            [
              -111.72633400018677,
              34.00004099974669
            ],
            [
              -111.45441500033965,
              34.00474999988312
            ],
            [
              -111.4330959996589,
              33.98440099982821
            ],
            [
              -111.45255200044157,
              33.96592799987019
            ],
            [
              -111.45173599958356,
              33.92099499982313
            ],
            [
              -111.40520300016824,
              33.9194359996587
            ],
            [
              -111.41282399981486,
              33.88588099982672
            ],
            [
              -111.38721000014887,
              33.86248799969888
            ],
            [
              -111.39249699971924,
              33.835899999833494
            ],
            [
              -111.37231699993671,
              33.82392400032703
            ],
            [
              -111.3883259996842,
              33.80535300007486
            ],
            [
              -111.37850200038086,
              33.7937149997674
            ],
            [
              -111.38944399976768,
              33.776662999971556
            ],
            [
              -111.3868119997656,
              33.75004400022757
            ],
            [
              -111.3730140000707,
              33.749343000351594
            ],
            [
              -111.33636900043112,
              33.72035500029591
            ],
            [
              -111.33139400013195,
              33.68833799978702
            ],
            [
              -111.28718700039691,
              33.6586149997367
            ],
            [
              -111.26282999983326,
              33.623157000257294
            ],
            [
              -111.24953799957835,
              33.62433100013628
            ],
            [
              -111.22205500016648,
              33.60244599980933
            ],
            [
              -111.20745300020748,
              33.620571999863124
            ],
            [
              -111.20871900042896,
              33.63507399967809
            ],
            [
              -111.15335399960045,
              33.67760599963856
            ],
            [
              -111.03990499969933,
              33.46610400008202
            ],
            [
              -111.47681200002256,
              33.465885000115804
            ],
            [
              -111.4768429999847,
              33.39337599966083
            ],
            [
              -111.49410799990794,
              33.38606599968402
            ],
            [
              -111.47682600026626,
              33.382463999857954
            ],
            [
              -111.47688599964242,
              33.365429999837836
            ],
            [
              -111.40852700028144,
              33.30878999990578
            ],
            [
              -111.45948400035012,
              33.30711799995848
            ],
            [
              -111.4595160001372,
              33.29273699996072
            ],
            [
              -111.51865799991715,
              33.29269199964836
            ],
            [
              -111.5115030004258,
              33.263662000270905
            ],
            [
              -111.52879099991527,
              33.263660999764205
            ],
            [
              -111.52879199974019,
              33.24908800023276
            ],
            [
              -111.50520300035393,
              33.24919500012458
            ],
            [
              -111.50601900031361,
              33.23124799980941
            ],
            [
              -111.46612199963252,
              33.15348099999093
            ],
            [
              -111.47411999974602,
              33.14841000011559
            ],
            [
              -111.47439400028071,
              33.16041900031256
            ],
            [
              -111.48768499981239,
              33.16204599978364
            ],
            [
              -111.49176299996103,
              33.14740800030408
            ],
            [
              -111.47412899996687,
              33.147676999708615
            ],
            [
              -111.47389600033833,
              33.13317899991695
            ],
            [
              -111.49121399996504,
              33.132837999970405
            ],
            [
              -111.4861080001446,
              33.11837400016877
            ],
            [
              -111.68603200034802,
              33.117659000247066
            ],
            [
              -111.6859109999742,
              33.2046370001174
            ],
            [
              -111.89289900033069,
              33.20332599995969
            ],
            [
              -111.89359599956637,
              33.2911480003182
            ],
            [
              -112.13378899999657,
              33.290259999723524
            ],
            [
              -112.23494800027366,
              33.388969999657434
            ],
            [
              -112.30867299974602,
              33.381029999992684
            ],
            [
              -112.30618399985909,
              33.24692100035765
            ],
            [
              -112.20208700015648,
              33.24686099975093
            ],
            [
              -112.19696000041968,
              32.97843399984306
            ],
            [
              -112.13453200016131,
              32.97102099979102
            ],
            [
              -112.13258200022463,
              32.9855120002547
            ],
            [
              -112.04801099982829,
              32.985628999846554
            ],
            [
              -112.04927000037706,
              32.879285000348894
            ],
            [
              -112.06651699985864,
              32.87928599995502
            ],
            [
              -112.0665000001402,
              32.850383999697556
            ],
            [
              -112.03191300039234,
              32.85017100035512
            ],
            [
              -112.03204999976137,
              32.87932299970766
            ],
            [
              -111.98052399960518,
              32.879352999944324
            ],
            [
              -111.98031500026613,
              32.86465499962513
            ],
            [
              -111.94684499987852,
              32.86465999998951
            ],
            [
              -111.94686099977204,
              32.87936099980456
            ],
            [
              -111.87760600008544,
              32.8722170000367
            ],
            [
              -111.87758400034413,
              32.879505000182746
            ],
            [
              -111.86060399992795,
              32.87944899972817
            ],
            [
              -111.86068599994371,
              32.89462700016792
            ],
            [
              -111.80892899980884,
              32.889817999735165
            ],
            [
              -111.80460799998598,
              32.91218699996499
            ],
            [
              -111.75726200008569,
              32.9087799996248
            ],
            [
              -111.73995699997948,
              32.89413900016888
            ],
            [
              -111.65363900003601,
              32.89429700032994
            ],
            [
              -111.65409099994764,
              32.850447999846516
            ],
            [
              -111.64537300013392,
              32.85044400012155
            ],
            [
              -111.64531299985944,
              32.86505100014687
            ],
            [
              -111.63662799965769,
              32.86501999983064
            ],
            [
              -111.6367199997192,
              32.854102000044286
            ],
            [
              -111.61934600001601,
              32.857725999925776
            ],
            [
              -111.62781000028482,
              32.87972399986937
            ],
            [
              -111.59321400031615,
              32.87967800009718
            ],
            [
              -111.59327299986737,
              32.872327000116144
            ],
            [
              -111.6105729999507,
              32.87235800014133
            ],
            [
              -111.60209199996343,
              32.850420000258715
            ],
            [
              -111.57612500012002,
              32.852099999886285
            ],
            [
              -111.56768000011776,
              32.835786000299976
            ],
            [
              -111.51526699985676,
              32.83591200028141
            ],
            [
              -111.51517999981814,
              32.777844000084876
            ],
            [
              -111.49837000017958,
              32.777882999814885
            ],
            [
              -111.49392700015797,
              32.79237300022845
            ],
            [
              -111.49798199984205,
              32.85042599984766
            ],
            [
              -111.45376099986335,
              32.8506360003001
            ],
            [
              -111.36147500010901,
              32.84969899990529
            ],
            [
              -111.3616070003535,
              32.76291799962703
            ],
            [
              -111.25964700018535,
              32.7625910000119
            ],
            [
              -111.25976000016325,
              32.78697999996946
            ],
            [
              -111.24861399966363,
              32.78722900032573
            ],
            [
              -111.1706829999961,
              32.78640599973497
            ],
            [
              -111.15070599970484,
              32.76914200003424
            ],
            [
              -110.44853299978375,
              32.771158999999386
            ],
            [
              -110.44938700027659,
              32.98741600029505
            ],
            [
              -110.41741400008914,
              32.981317999892184
            ],
            [
              -110.39513799988174,
              33.006611000362724
            ],
            [
              -110.23037299988671,
              32.98952399963517
            ],
            [
              -110.13674800011596,
              32.95837800014106
            ],
            [
              -110.09295899995739,
              32.89556599990007
            ],
            [
              -110.05475500019334,
              32.87513700031583
            ],
            [
              -110.0554289998628,
              33.30451500013552
            ],
            [
              -110.04259100006766,
              33.27394700029067
            ],
            [
              -110.01962399957402,
              33.26489399993111
            ],
            [
              -110.02239299984346,
              33.24553099964223
            ],
            [
              -110.00063999969277,
              33.23567300025352
            ],
            [
              -109.98230699991477,
              33.24898399998071
            ],
            [
              -109.95262199977282,
              33.23157499996731
            ],
            [
              -109.94307299993079,
              33.199754999904485
            ],
            [
              -109.95140099975718,
              33.19072200031896
            ],
            [
              -109.92587499995471,
              33.17015500033476
            ],
            [
              -109.89292099995114,
              33.160023999819714
            ],
            [
              -109.89386599978225,
              33.146064999878035
            ],
            [
              -109.84963399993289,
              33.16190900036863
            ],
            [
              -109.83304500022726,
              33.15791900033422
            ],
            [
              -109.83332999973429,
              33.135277999730256
            ],
            [
              -109.81745999990399,
              33.118770999888255
            ],
            [
              -109.77020199986721,
              33.125869000304895
            ],
            [
              -109.77505699961749,
              33.10027899995782
            ],
            [
              -109.75954400016256,
              33.07035700006112
            ],
            [
              -109.74031599988383,
              33.077810000133056
            ],
            [
              -109.73332100022607,
              33.07076600003951
            ],
            [
              -109.73941600025856,
              33.05568999985966
            ],
            [
              -109.71401900032751,
              33.04031699967361
            ],
            [
              -109.7012540003273,
              33.04417400018854
            ],
            [
              -109.66569099988784,
              33.01487900032085
            ],
            [
              -109.62030999999287,
              33.028169000268456
            ],
            [
              -109.59478300036547,
              33.01591799993611
            ],
            [
              -109.56022699968143,
              33.051701999770685
            ],
            [
              -109.5211080002235,
              33.05139099974675
            ],
            [
              -109.51483800028885,
              33.03458199999742
            ],
            [
              -109.49573999970647,
              33.07840899970461
            ],
            [
              -109.4954400001308,
              33.652696999627146
            ],
            [
              -109.4816549999564,
              33.654935999798546
            ],
            [
              -109.48364599990099,
              33.68672800012816
            ],
            [
              -109.47269100009538,
              33.696843000070785
            ],
            [
              -109.46196700026846,
              33.69274500025116
            ],
            [
              -109.44818100026914,
              33.71126599970347
            ],
            [
              -109.4139350001048,
              33.70788399990265
            ],
            [
              -109.37861699988775,
              33.724625000060826
            ],
            [
              -109.35288799969567,
              33.724919000256094
            ],
            [
              -109.36474800004775,
              33.73998499971681
            ],
            [
              -109.34858100011652,
              33.77812300002303
            ],
            [
              -109.04671699983645,
              33.777406999682654
            ],
            [
              -109.04517199995568,
              36.9989769999816
            ],
            [
              -112.8295029998371,
              37.00051599971132
            ],
            [
              -112.82737100032556,
              36.83198900002247
            ],
            [
              -112.59656299970582,
              36.8287390002444
            ],
            [
              -112.59729699964974,
              36.80920699981433
            ],
            [
              -112.61972799966786,
              36.7827440000637
            ],
            [
              -112.61220999995338,
              36.77588599967576
            ],
            [
              -112.62094700003368,
              36.76966199974994
            ],
            [
              -112.60981999980064,
              36.75548700031913
            ],
            [
              -112.6169209997636,
              36.75492899964995
            ],
            [
              -112.61223400024282,
              36.736853999762715
            ],
            [
              -112.622110000323,
              36.73719499995317
            ],
            [
              -112.61657799963193,
              36.72146099996182
            ],
            [
              -112.62795400028533,
              36.716729999673014
            ],
            [
              -112.63867899993713,
              36.674477999799784
            ],
            [
              -112.62580199978393,
              36.64762699964327
            ],
            [
              -112.62094500038386,
              36.5956449997039
            ],
            [
              -112.6327980001649,
              36.570324999826994
            ],
            [
              -112.64420700043027,
              36.57111500009728
            ],
            [
              -112.65636499980985,
              36.55391499970916
            ],
            [
              -112.65167699956585,
              36.54456299987841
            ],
            [
              -112.66009999982681,
              36.54339500011018
            ],
            [
              -112.6561210003107,
              36.514624999986374
            ],
            [
              -112.63527100015834,
              36.49200499964196
            ],
            [
              -112.64064099956943,
              36.488474000181576
            ],
            [
              -112.62182099971969,
              36.48490199971105
            ],
            [
              -112.64759400029267,
              36.4468950000779
            ],
            [
              -112.6369940003143,
              36.444077999836544
            ],
            [
              -112.64679599987635,
              36.439432999722115
            ],
            [
              -112.63867800011222,
              36.425128000172876
            ],
            [
              -112.62885899993346,
              36.42739800002655
            ],
            [
              -112.62413399987955,
              36.41002699986297
            ],
            [
              -112.65662599992577,
              36.35722900007507
            ],
            [
              -112.68073499989399,
              36.341658000214316
            ],
            [
              -112.6928510003391,
              36.3551630000293
            ],
            [
              -112.7225740001159,
              36.34694100011285
            ],
            [
              -112.72287200004172,
              36.3199700002694
            ],
            [
              -112.75578599986231,
              36.324346999653805
            ],
            [
              -112.76614800018932,
              36.305711000022484
            ],
            [
              -112.78747700001749,
              36.30082099972836
            ],
            [
              -112.79376100019584,
              36.28439800025486
            ],
            [
              -112.82450400014682,
              36.28834100028279
            ],
            [
              -112.84366899977805,
              36.276729999965305
            ],
            [
              -112.86923399993854,
              36.282303999661515
            ],
            [
              -112.8907450002399,
              36.25913399986007
            ],
            [
              -112.92340600034052,
              36.25773999965587
            ],
            [
              -112.9359090003999,
              36.242599999758696
            ],
            [
              -112.98120999992896,
              36.23176899989305
            ],
            [
              -113.01756699968848,
              36.2371849996804
            ],
            [
              -113.12800500036916,
              36.16947600016427
            ],
            [
              -113.16293000022583,
              36.171742000129484
            ],
            [
              -113.20126899970909,
              36.14957299989954
            ],
            [
              -113.2016710002903,
              36.11904100016891
            ],
            [
              -113.22491900009302,
              36.091143999974335
            ],
            [
              -113.31997099974372,
              36.09676899984214
            ],
            [
              -113.35417599990018,
              36.040368000015384
            ],
            [
              -113.33977700033076,
              35.98515000010949
            ],
            [
              -113.31725900027402,
              35.968611000228265
            ],
            [
              -113.33484999971216,
              35.91385900031
            ],
            [
              -113.31006600024953,
              35.892002000188306
            ],
            [
              -113.3103929995894,
              35.863212000168325
            ],
            [
              -113.32689099995673,
              35.840697000145525
            ],
            [
              -113.33788000009753,
              35.79274600032258
            ],
            [
              -113.38688499968136,
              35.753296999685006
            ],
            [
              -113.43554299983393,
              35.75256900005916
            ],
            [
              -113.51416599961257,
              35.76754200008425
            ],
            [
              -113.60592400018562,
              35.84945700028578
            ],
            [
              -113.63184300034847,
              35.81960899976286
            ],
            [
              -113.64743299979631,
              35.8238840002984
            ],
            [
              -113.66883299976956,
              35.86578399964084
            ],
            [
              -113.71343600023802,
              35.885380999662374
            ],
            [
              -113.71379899956285,
              35.92786800011711
            ],
            [
              -113.72214900002889,
              35.93919199972522
            ],
            [
              -113.7396730004182,
              35.94062900013253
            ],
            [
              -113.73769900019207,
              35.95614799993844
            ],
            [
              -113.74957399971441,
              35.968554999837515
            ],
            [
              -113.76921399972179,
              35.97267199977984
            ],
            [
              -113.78242499978583,
              36.02531900004929
            ],
            [
              -113.81063500036726,
              36.04835500015614
            ],
            [
              -113.87675300043671,
              36.05735300004895
            ],
            [
              -113.90353200004185,
              36.09283799992275
            ],
            [
              -113.90479900008825,
              35.81992399980806
            ],
            [
              -113.94047499960729,
              35.807025000193704
            ],
            [
              -113.92891599955409,
              35.78906099966925
            ],
            [
              -113.939061999971,
              35.77205300008062
            ],
            [
              -113.97908699980033,
              35.77570899969056
            ],
            [
              -114.00184800042965,
              35.74863299971682
            ],
            [
              -114.04159399970138,
              35.725683000311534
            ],
            [
              -114.04237700004911,
              35.72514000003599
            ]
          ]
        ]
      }
    },
    {
      "type": "Feature",
      "id": "us-cd:119:04:03",
      "properties": {
        "boundary_id": "us-cd:119:04:03",
        "boundary_type": "congressional_district",
        "name": "3",
        "stateFips": "04",
        "congress": 119,
        "district": "03",
        "bbox": [
          -112.31278799970457,
          33.3046469998632,
          -111.95702300008249,
          33.53849400009181
        ]
      },
      "geometry": {
        "type": "Polygon",
        "coordinates": [
          [
            [
              -112.31278799970457,
              33.49322600013337
            ],
            [
              -112.27244400003303,
              33.49379899985932
            ],
            [
              -112.27242200029171,
              33.46473400002583
            ],
            [
              -112.23818600017316,
              33.465329999735644
            ],
            [
              -112.23836500027329,
              33.451799000035216
            ],
            [
              -112.22115200022859,
              33.451776999688136
            ],
            [
              -112.2209699997554,
              33.43714600007458
            ],
            [
              -112.27235500034456,
              33.435591000026186
            ],
            [
              -112.27251699982796,
              33.381259000160746
            ],
            [
              -112.23494800027366,
              33.388969999657434
            ],
            [
              -112.1479139999296,
              33.3046469998632
            ],
            [
              -112.08361500027561,
              33.305142000253255
            ],
            [
              -112.08362000029848,
              33.31970599973122
            ],
            [
              -112.01450700000379,
              33.32683800025661
            ],
            [
              -112.01786000042932,
              33.33859400019349
            ],
            [
              -111.99718299963101,
              33.34149099963874
            ],
            [
              -111.99521900034892,
              33.355193999884605
            ],
            [
              -111.97873500022529,
              33.364232999796336
            ],
            [
              -111.95702300008249,
              33.35640699979956
            ],
            [
              -111.9633030000629,
              33.378006000282724
            ],
            [
              -111.97818000038151,
              33.378185999967144
            ],
            [
              -111.9784680002616,
              33.465666000345706
            ],
            [
              -112.01291799974211,
              33.46573199979059
            ],
            [
              -112.01297800001657,
              33.495234999766694
            ],
            [
              -112.04761800036621,
              33.49472199979064
            ],
            [
              -112.04752499958147,
              33.516488000273675
            ],
            [
              -112.09976700013823,
              33.51687100030285
            ],
            [
              -112.09963999991663,
              33.53139000000853
            ],
            [
              -112.13425599997682,
              33.53122100001278
            ],
            [
              -112.13860100008912,
              33.53849400009181
            ],
            [
              -112.20306100029993,
              33.53832299981704
            ],
            [
              -112.20316400023209,
              33.50925700023588
            ],
            [
              -112.27248099984294,
              33.50820700001262
            ],
            [
              -112.27247599982009,
              33.52276799987674
            ],
            [
              -112.2943789997586,
              33.52212799982723
            ],
            [
              -112.30646400024155,
              33.51480700011515
            ],
            [
              -112.31273699965095,
              33.49334300020903
            ],
            [
              -112.31278799970457,
              33.49322600013337
            ]
          ]
        ]
      }
    },
    {
      "type": "Feature",
      "id": "us-cd:119:04:04",
      "properties": {
        "boundary_id": "us-cd:119:04:04",
        "boundary_type": "congressional_district",
        "name": "4",
        "stateFips": "04",
        "congress": 119,
        "district": "04",
        "bbox": [
          -112.14584500016723,
          33.28264200008932,
          -111.63620699970821,
          33.499888999826474
        ]
      },
      "geometry": {
        "type": "Polygon",
        "coordinates": [
          [
            [
              -112.14584500016723,
              33.304664999776456
            ],
            [
              -112.13378899999657,
              33.290259999723524
            ],
            [
              -111.89280399989613,
              33.29224599971955
            ],
            [
              -111.8243579995982,
              33.28264200008932
            ],
            [
              -111.82418600006908,
              33.33885799980527
            ],
            [
              -111.83309800005155,
              33.33881799975636
            ],
            [
              -111.8410700002258,
              33.378791000155765
            ],
            [
              -111.72725999975133,
              33.37924100023226
            ],
            [
              -111.72120499990183,
              33.38583100029425
            ],
            [
              -111.68792200001027,
              33.37938499991494
            ],
            [
              -111.68473199979137,
              33.3939800001438
            ],
            [
              -111.6675220001197,
              33.393394999757334
            ],
            [
              -111.66748699995962,
              33.407887000032595
            ],
            [
              -111.63704600013243,
              33.41513099972788
            ],
            [
              -111.63620699970821,
              33.42723699971955
            ],
            [
              -111.67513899956839,
              33.457108000354594
            ],
            [
              -111.6840370002055,
              33.499888999826474
            ],
            [
              -111.7148449995555,
              33.499739999789334
            ],
            [
              -111.74062800017421,
              33.48183599997438
            ],
            [
              -111.77571899971224,
              33.482035999916256
            ],
            [
              -111.77521400009717,
              33.471972999635106
            ],
            [
              -111.78729899968181,
              33.48090800001634
            ],
            [
              -111.7872839996132,
              33.46640299991226
            ],
            [
              -111.82678000043633,
              33.46638299962749
            ],
            [
              -111.86097200017396,
              33.44399899997938
            ],
            [
              -111.85618699984562,
              33.43671499962598
            ],
            [
              -111.90964700004496,
              33.436754999634246
            ],
            [
              -111.90927899979891,
              33.45128099992108
            ],
            [
              -111.92646099988147,
              33.451245000021025
            ],
            [
              -111.9393389998596,
              33.464602000315416
            ],
            [
              -111.9414660002466,
              33.44735600016099
            ],
            [
              -111.98140700041036,
              33.45113999978981
            ],
            [
              -111.97818000038151,
              33.378185999967144
            ],
            [
              -111.9633030000629,
              33.378006000282724
            ],
            [
              -111.95702300008249,
              33.35640699979956
            ],
            [
              -111.97873500022529,
              33.364232999796336
            ],
            [
              -111.99521900034892,
              33.355193999884605
            ],
            [
              -111.99718299963101,
              33.34149099963874
            ],
            [
              -112.01786000042932,
              33.33859400019349
            ],
            [
              -112.01450700000379,
              33.32683800025661
            ],
            [
              -112.08362000029848,
              33.31970599973122
            ],
            [
              -112.08361500027561,
              33.305142000253255
            ],
            [
              -112.14548699996693,
              33.304667999886775
            ],
            [
              -112.14584500016723,
              33.304664999776456
            ]
          ]
        ]
      }
    },
    {
      "type": "Feature",
      "id": "us-cd:119:04:05",
      "properties": {
        "boundary_id": "us-cd:119:04:05",
        "boundary_type": "congressional_district",
        "name": "5",
        "stateFips": "04",
        "congress": 119,
        "district": "05",
        "bbox": [
          -111.89358899989365,
          33.117659000247066,
          -111.40852700028144,
          33.49579000036561
        ]
      },
      "geometry": {
        "type": "Polygon",
        "coordinates": [
          [
            [
              -111.89358899989365,
              33.29140000022078
            ],
            [
              -111.89289900033069,
              33.20332599995969
            ],
            [
              -111.6859109999742,
              33.2046370001174
            ],
            [
              -111.68603200034802,
              33.117659000247066
            ],
            [
              -111.4861080001446,
              33.11837400016877
            ],
            [
              -111.49121399996504,
              33.132837999970405
            ],
            [
              -111.47389600033833,
              33.13317899991695
            ],
            [
              -111.47412899996687,
              33.147676999708615
            ],
            [
              -111.49176299996103,
              33.14740800030408
            ],
            [
              -111.48768499981239,
              33.16204599978364
            ],
            [
              -111.47439400028071,
              33.16041900031256
            ],
            [
              -111.47411999974602,
              33.14841000011559
            ],
            [
              -111.46612199963252,
              33.15348099999093
            ],
            [
              -111.50601900031361,
              33.23124799980941
            ],
            [
              -111.50520300035393,
              33.24919500012458
            ],
            [
              -111.52879199974019,
              33.24908800023276
            ],
            [
              -111.52879099991527,
              33.263660999764205
            ],
            [
              -111.5115030004258,
              33.263662000270905
            ],
            [
              -111.51865799991715,
              33.29269199964836
            ],
            [
              -111.4595160001372,
              33.29273699996072
            ],
            [
              -111.45948400035012,
              33.30711799995848
            ],
            [
              -111.40852700028144,
              33.30878999990578
            ],
            [
              -111.47688599964242,
              33.365429999837836
            ],
            [
              -111.47682600026626,
              33.382463999857954
            ],
            [
              -111.49410799990794,
              33.38606599968402
            ],
            [
              -111.4768429999847,
              33.39337599966083
            ],
            [
              -111.47681200002256,
              33.465885000115804
            ],
            [
              -111.60307399960448,
              33.467182000257395
            ],
            [
              -111.6037719995634,
              33.49579000036561
            ],
            [
              -111.64992599976037,
              33.495156999939994
            ],
            [
              -111.67205300000487,
              33.469371999947704
            ],
            [
              -111.68118199972233,
              33.4810639997937
            ],
            [
              -111.68392099985454,
              33.47256699980973
            ],
            [
              -111.67149899998599,
              33.452729000335744
            ],
            [
              -111.63766899974829,
              33.42991600020826
            ],
            [
              -111.63704600013243,
              33.41513099972788
            ],
            [
              -111.66748699995962,
              33.407887000032595
            ],
            [
              -111.6675220001197,
              33.393394999757334
            ],
            [
              -111.68473199979137,
              33.3939800001438
            ],
            [
              -111.68805699972948,
              33.37935900025034
            ],
            [
              -111.72120499990183,
              33.38583100029425
            ],
            [
              -111.72725999975133,
              33.37924100023226
            ],
            [
              -111.8410700002258,
              33.378791000155765
            ],
            [
              -111.83309800005155,
              33.33881799975636
            ],
            [
              -111.82418600006908,
              33.33885799980527
            ],
            [
              -111.8243579995982,
              33.28264200008932
            ],
            [
              -111.8935849996957,
              33.29153900008205
            ],
            [
              -111.89358899989365,
              33.29140000022078
            ]
          ]
        ]
      }
    },
    {
      "type": "Feature",
      "id": "us-cd:119:04:06",
      "properties": {
        "boundary_id": "us-cd:119:04:06",
        "boundary_type": "congressional_district",
        "name": "6",
        "stateFips": "04",
        "congress": 119,
        "district": "06",
        "bbox": [
          -111.8776520001162,
          31.332348000358696,
          -109.04671699983645,
          33.77812300002303
        ]
      },
      "geometry": {
        "type": "Polygon",
        "coordinates": [
          [
            [
              -111.8776520001162,
              32.875022000170766
            ],
            [
              -111.84337599981465,
              32.87212399978078
            ],
            [
              -111.8433380001798,
              32.85023599983663
            ],
            [
              -111.82597899964692,
              32.85010200033093
            ],
            [
              -111.82594299966193,
              32.82786000026822
            ],
            [
              -111.757355999797,
              32.827863000070344
            ],
            [
              -111.75729399987273,
              32.79927799976989
            ],
            [
              -111.7399300002153,
              32.7993809998753
            ],
            [
              -111.74057999959531,
              32.76305199994945
            ],
            [
              -111.72280599985906,
              32.762924999998404
            ],
            [
              -111.72286399958539,
              32.74096900009647
            ],
            [
              -111.69467399999378,
              32.71932399981784
            ],
            [
              -111.71427600036633,
              32.71914600025216
            ],
            [
              -111.71463299984339,
              32.68997499977488
            ],
            [
              -111.68887199986428,
              32.689930999754544
            ],
            [
              -111.68895200023022,
              32.675365000132444
            ],
            [
              -111.6719569997454,
              32.67537900025951
            ],
            [
              -111.67203000043865,
              32.646126000368895
            ],
            [
              -111.49960200006586,
              32.64664799968514
            ],
            [
              -111.4995419997914,
              32.617649000298336
            ],
            [
              -111.46545700018387,
              32.614796000031234
            ],
            [
              -111.4656849997895,
              32.501341999742756
            ],
            [
              -111.34246799976324,
              32.499239999821846
            ],
            [
              -111.33850699979045,
              32.471611999709374
            ],
            [
              -111.3042570003265,
              32.451133000212025
            ],
            [
              -111.30395600002761,
              32.392022999915405
            ],
            [
              -111.23396800022199,
              32.40249199976482
            ],
            [
              -111.23377300022834,
              32.36583999968058
            ],
            [
              -111.18244999956343,
              32.37003000029035
            ],
            [
              -111.17398899966766,
              32.3881450000801
            ],
            [
              -111.14439899996026,
              32.38097799968587
            ],
            [
              -111.1379109995674,
              32.36646900003204
            ],
            [
              -111.14853499983519,
              32.36279700030725
            ],
            [
              -111.1484999996751,
              32.35198399979824
            ],
            [
              -111.1226199998703,
              32.330398999867775
            ],
            [
              -111.12253000035693,
              32.31591300010779
            ],
            [
              -111.10364299966176,
              32.308561999934014
            ],
            [
              -111.04353299958615,
              32.31573699963674
            ],
            [
              -110.97815699985655,
              32.294186000130324
            ],
            [
              -110.97805800012235,
              32.28281499990953
            ],
            [
              -110.96107500023142,
              32.28148599989536
            ],
            [
              -110.96098399999482,
              32.26481099974536
            ],
            [
              -110.92673700000557,
              32.264945999913174
            ],
            [
              -110.92681399999847,
              32.23600700000322
            ],
            [
              -110.90967999959649,
              32.23618899996009
            ],
            [
              -110.909595000106,
              32.221569999672894
            ],
            [
              -110.82947699977699,
              32.22098300002299
            ],
            [
              -110.81027600016077,
              32.191827999769814
            ],
            [
              -110.90928200011156,
              32.195150999842824
            ],
            [
              -110.90950899989227,
              32.13425000037801
            ],
            [
              -110.8579540003221,
              32.141550999654655
            ],
            [
              -110.8588919995822,
              31.963064999779515
            ],
            [
              -110.91045200007358,
              31.95761900010498
            ],
            [
              -110.9106029996863,
              31.94287299962875
            ],
            [
              -110.94435099990825,
              31.95031000002359
            ],
            [
              -110.96370999970824,
              31.895563999759133
            ],
            [
              -110.99743799983872,
              31.899619999704882
            ],
            [
              -111.01173299965106,
              31.890725000326366
            ],
            [
              -111.01810999971583,
              31.85313600008478
            ],
            [
              -111.0091230002886,
              31.852784999997606
            ],
            [
              -111.05020900029999,
              31.76975000006954
            ],
            [
              -111.03961699981922,
              31.75817600006132
            ],
            [
              -111.05804000000892,
              31.726229999909876
            ],
            [
              -110.45229999958775,
              31.73121899992945
            ],
            [
              -110.45990400041428,
              31.399877000309736
            ],
            [
              -110.43627400012184,
              31.424816999736578
            ],
            [
              -110.39893700037112,
              31.376775999747114
            ],
            [
              -110.36269000021646,
              31.380101999893046
            ],
            [
              -110.28720099968189,
              31.352588999925885
            ],
            [
              -110.28446499992275,
              31.36770199974935
            ],
            [
              -110.23911199961682,
              31.347776999736595
            ],
            [
              -110.20722100034347,
              31.35118199990092
            ],
            [
              -110.2070830002512,
              31.37994100019305
            ],
            [
              -110.22493800017831,
              31.38406700035469
            ],
            [
              -110.24074400043453,
              31.409077000120625
            ],
            [
              -110.12233299975469,
              31.40909200028349
            ],
            [
              -110.12232600008201,
              31.394478000211855
            ],
            [
              -110.1065059995821,
              31.39440800028895
            ],
            [
              -110.1111319999018,
              31.379977000249944
            ],
            [
              -110.0374890004452,
              31.37985000030728
            ],
            [
              -110.03755700021725,
              31.423353999837687
            ],
            [
              -110.00352100011519,
              31.42368499977121
            ],
            [
              -110.0035420000316,
              31.468519000017782
            ],
            [
              -110.05320799976444,
              31.46864199991527
            ],
            [
              -110.05337000014616,
              31.553072999921973
            ],
            [
              -109.85192899965108,
              31.557055999855383
            ],
            [
              -109.8244660003307,
              31.518715999990416
            ],
            [
              -109.82645399990224,
              31.442431999821483
            ],
            [
              -109.81707199956647,
              31.436466000012697
            ],
            [
              -109.63019600011879,
              31.43695900015319
            ],
            [
              -109.63009300018662,
              31.45196399964656
            ],
            [
              -109.64701599980309,
              31.452140000100865
            ],
            [
              -109.64647500020301,
              31.46605300006111
            ],
            [
              -109.50292799970806,
              31.46543299996964
            ],
            [
              -109.48232399960298,
              31.454651000254977
            ],
            [
              -109.49227500002624,
              31.418028999840054
            ],
            [
              -109.47858899958605,
              31.417340000065426
            ],
            [
              -109.46436999994167,
              31.385815999879547
            ],
            [
              -109.47887800018937,
              31.370770000137117
            ],
            [
              -109.48376800009972,
              31.33798499972794
            ],
            [
              -109.49448799972868,
              31.333985000187706
            ],
            [
              -109.05003299955374,
              31.332348000358696
            ],
            [
              -109.04671699983645,
              33.777406999682654
            ],
            [
              -109.34858100011652,
              33.77812300002303
            ],
            [
              -109.36474800004775,
              33.73998499971681
            ],
            [
              -109.35288799969567,
              33.724919000256094
            ],
            [
              -109.37861699988775,
              33.724625000060826
            ],
            [
              -109.4139350001048,
              33.70788399990265
            ],
            [
              -109.44818100026914,
              33.71126599970347
            ],
            [
              -109.46196700026846,
              33.69274500025116
            ],
            [
              -109.47269100009538,
              33.696843000070785
            ],
            [
              -109.48364599990099,
              33.68672800012816
            ],
            [
              -109.4816549999564,
              33.654935999798546
            ],
            [
              -109.4954400001308,
              33.652696999627146
            ],
            [
              -109.49573999970647,
              33.07840899970461
            ],
            [
              -109.51483800028885,
              33.03458199999742
            ],
            [
              -109.5211080002235,
              33.05139099974675
            ],
            [
              -109.56022699968143,
              33.051701999770685
            ],
            [
              -109.59478300036547,
              33.01591799993611
            ],
            [
              -109.62030999999287,
              33.028169000268456
            ],
            [
              -109.66569099988784,
              33.01487900032085
            ],
            [
              -109.7012540003273,
              33.04417400018854
            ],
            [
              -109.71401900032751,
              33.04031699967361
            ],
            [
              -109.73941600025856,
              33.05568999985966
            ],
            [
              -109.73332100022607,
              33.07076600003951
            ],
            [
              -109.74031599988383,
              33.077810000133056
            ],
            [
              -109.75954400016256,
              33.07035700006112
            ],
            [
              -109.77505699961749,
              33.10027899995782
            ],
            [
              -109.77020199986721,
              33.125869000304895
            ],
            [
              -109.81745999990399,
              33.118770999888255
            ],
            [
              -109.83332999973429,
              33.135277999730256
            ],
            [
              -109.83304500022726,
              33.15791900033422
            ],
            [
              -109.84963399993289,
              33.16190900036863
            ],
            [
              -109.89386599978225,
              33.146064999878035
            ],
            [
              -109.89292099995114,
              33.160023999819714
            ],
            [
              -109.92587499995471,
              33.17015500033476
            ],
            [
              -109.95140099975718,
              33.19072200031896
            ],
            [
              -109.94307299993079,
              33.199754999904485
            ],
            [
              -109.95262199977282,
              33.23157499996731
            ],
            [
              -109.98230699991477,
              33.24898399998071
            ],
            [
              -110.00063999969277,
              33.23567300025352
            ],
            [
              -110.02239299984346,
              33.24553099964223
            ],
            [
              -110.01962399957402,
              33.26489399993111
            ],
            [
              -110.04259100006766,
              33.27394700029067
            ],
            [
              -110.0554289998628,
              33.30451500013552
            ],
            [
              -110.05475500019334,
              32.87513700031583
            ],
            [
              -110.09295899995739,
              32.89556599990007
            ],
            [
              -110.13674800011596,
              32.95837800014106
            ],
            [
              -110.23037299988671,
              32.98952399963517
            ],
            [
              -110.39513799988174,
              33.006611000362724
            ],
            [
              -110.41741400008914,
              32.981317999892184
            ],
            [
              -110.44938700027659,
              32.98741600029505
            ],
            [
              -110.44853299978375,
              32.771158999999386
            ],
            [
              -111.15070599970484,
              32.76914200003424
            ],
            [
              -111.1706829999961,
              32.78640599973497
            ],
            [
              -111.24861399966363,
              32.78722900032573
            ],
            [
              -111.25976000016325,
              32.78697999996946
            ],
            [
              -111.25964700018535,
              32.7625910000119
            ],
            [
              -111.3616070003535,
              32.76291799962703
            ],
            [
              -111.36147500010901,
              32.84969899990529
            ],
            [
              -111.49798199984205,
              32.85042599984766
            ],
            [
              -111.49392700015797,
              32.79237300022845
            ],
            [
              -111.49837000017958,
              32.777882999814885
            ],
            [
              -111.51517999981814,
              32.777844000084876
            ],
            [
              -111.51526699985676,
              32.83591200028141
            ],
            [
              -111.56768000011776,
              32.835786000299976
            ],
            [
              -111.57612500012002,
              32.852099999886285
            ],
            [
              -111.60209199996343,
              32.850420000258715
            ],
            [
              -111.6105729999507,
              32.87235800014133
            ],
            [
              -111.59327299986737,
              32.872327000116144
            ],
            [
              -111.59321400031615,
              32.87967800009718
            ],
            [
              -111.62781000028482,
              32.87972399986937
            ],
            [
              -111.61934600001601,
              32.857725999925776
            ],
            [
              -111.6367199997192,
              32.854102000044286
            ],
            [
              -111.63662799965769,
              32.86501999983064
            ],
            [
              -111.64531299985944,
              32.86505100014687
            ],
            [
              -111.64537300013392,
              32.85044400012155
            ],
            [
              -111.65409099994764,
              32.850447999846516
            ],
            [
              -111.65363900003601,
              32.89429700032994
            ],
            [
              -111.73995699997948,
              32.89413900016888
            ],
            [
              -111.75726200008569,
              32.9087799996248
            ],
            [
              -111.80896899999183,
              32.912221000340224
            ],
            [
              -111.80892899980884,
              32.889817999735165
            ],
            [
              -111.86068599994371,
              32.89462700016792
            ],
            [
              -111.86060399992795,
              32.87944899972817
            ],
            [
              -111.87758500016906,
              32.87918999999464
            ],
            [
              -111.8776520001162,
              32.875022000170766
            ]
          ]
        ]
      }
    },
    {
      "type": "Feature",
      "id": "us-cd:119:04:07",
      "properties": {
        "boundary_id": "us-cd:119:04:07",
        "boundary_type": "congressional_district",
        "name": "7",
        "stateFips": "04",
        "congress": 119,
        "district": "07",
        "bbox": [
          -114.81630000028981,
          31.33234199999572,
          -109.46436999994167,
          33.49379899985932
        ]
      },
      "geometry": {
        "type": "Polygon",
        "coordinates": [
          [
            [
              -114.81630000028981,
              32.507827000196315
            ],
            [
              -114.81354600008902,
              32.494021999773864
            ],
            [
              -112.23804800008087,
              31.701377999800517
            ],
            [
              -111.07498000024214,
              31.33234199999572
            ],
            [
              -109.48704199998423,
              31.334057000192065
            ],
            [
              -109.47887800018937,
              31.370770000137117
            ],
            [
              -109.46436999994167,
              31.385815999879547
            ],
            [
              -109.47858899958605,
              31.417340000065426
            ],
            [
              -109.49227500002624,
              31.418028999840054
            ],
            [
              -109.48005700037221,
              31.452723000297784
            ],
            [
              -109.50292799970806,
              31.46543299996964
            ],
            [
              -109.64647500020301,
              31.46605300006111
            ],
            [
              -109.64701599980309,
              31.452140000100865
            ],
            [
              -109.63009300018662,
              31.45196399964656
            ],
            [
              -109.63019600011879,
              31.43695900015319
            ],
            [
              -109.81707199956647,
              31.436466000012697
            ],
            [
              -109.82645399990224,
              31.442431999821483
            ],
            [
              -109.8244660003307,
              31.518715999990416
            ],
            [
              -109.85192899965108,
              31.557055999855383
            ],
            [
              -110.05337000014616,
              31.553072999921973
            ],
            [
              -110.05320799976444,
              31.46864199991527
            ],
            [
              -110.0035420000316,
              31.468519000017782
            ],
            [
              -110.00352100011519,
              31.42368499977121
            ],
            [
              -110.03755700021725,
              31.423353999837687
            ],
            [
              -110.0374890004452,
              31.37985000030728
            ],
            [
              -110.1111319999018,
              31.379977000249944
            ],
            [
              -110.1065059995821,
              31.39440800028895
            ],
            [
              -110.12232600008201,
              31.394478000211855
            ],
            [
              -110.12233299975469,
              31.40909200028349
            ],
            [
              -110.24074400043453,
              31.409077000120625
            ],
            [
              -110.22493800017831,
              31.38406700035469
            ],
            [
              -110.2070830002512,
              31.37994100019305
            ],
            [
              -110.20722100034347,
              31.35118199990092
            ],
            [
              -110.23911199961682,
              31.347776999736595
            ],
            [
              -110.28446499992275,
              31.36770199974935
            ],
            [
              -110.28720099968189,
              31.352588999925885
            ],
            [
              -110.36269000021646,
              31.380101999893046
            ],
            [
              -110.40322800005674,
              31.378605999653413
            ],
            [
              -110.43627400012184,
              31.424816999736578
            ],
            [
              -110.45990400041428,
              31.399877000309736
            ],
            [
              -110.45229999958775,
              31.73121899992945
            ],
            [
              -111.05804000000892,
              31.726229999909876
            ],
            [
              -111.03961699981922,
              31.75817600006132
            ],
            [
              -111.05020900029999,
              31.76975000006954
            ],
            [
              -111.0091230002886,
              31.852784999997606
            ],
            [
              -111.01810999971583,
              31.85313600008478
            ],
            [
              -111.01173299965106,
              31.890725000326366
            ],
            [
              -110.99743799983872,
              31.899619999704882
            ],
            [
              -110.96370999970824,
              31.895563999759133
            ],
            [
              -110.94435099990825,
              31.95031000002359
            ],
            [
              -110.9106029996863,
              31.94287299962875
            ],
            [
              -110.91045200007358,
              31.95761900010498
            ],
            [
              -110.8588919995822,
              31.963064999779515
            ],
            [
              -110.8579540003221,
              32.141550999654655
            ],
            [
              -110.90950899989227,
              32.13425000037801
            ],
            [
              -110.90928200011156,
              32.195150999842824
            ],
            [
              -110.81027600016077,
              32.191827999769814
            ],
            [
              -110.82947699977699,
              32.22098300002299
            ],
            [
              -110.909595000106,
              32.221569999672894
            ],
            [
              -110.90967999959649,
              32.23618899996009
            ],
            [
              -110.92681399999847,
              32.23600700000322
            ],
            [
              -110.92673700000557,
              32.264945999913174
            ],
            [
              -110.96098399999482,
              32.26481099974536
            ],
            [
              -110.96107500023142,
              32.28148599989536
            ],
            [
              -110.97805800012235,
              32.28281499990953
            ],
            [
              -110.97815699985655,
              32.294186000130324
            ],
            [
              -111.04353299958615,
              32.31573699963674
            ],
            [
              -111.10364299966176,
              32.308561999934014
            ],
            [
              -111.12253000035693,
              32.31591300010779
            ],
            [
              -111.1226199998703,
              32.330398999867775
            ],
            [
              -111.1484999996751,
              32.35198399979824
            ],
            [
              -111.14853499983519,
              32.36279700030725
            ],
            [
              -111.1379109995674,
              32.36646900003204
            ],
            [
              -111.14439899996026,
              32.38097799968587
            ],
            [
              -111.17398899966766,
              32.3881450000801
            ],
            [
              -111.18244999956343,
              32.37003000029035
            ],
            [
              -111.23377300022834,
              32.36583999968058
            ],
            [
              -111.23396800022199,
              32.40249199976482
            ],
            [
              -111.30395600002761,
              32.392022999915405
            ],
            [
              -111.3042570003265,
              32.451133000212025
            ],
            [
              -111.33850699979045,
              32.471611999709374
            ],
            [
              -111.34246799976324,
              32.499239999821846
            ],
            [
              -111.4656849997895,
              32.501341999742756
            ],
            [
              -111.46545700018387,
              32.614796000031234
            ],
            [
              -111.4995419997914,
              32.617649000298336
            ],
            [
              -111.49960200006586,
              32.64664799968514
            ],
            [
              -111.67203000043865,
              32.646126000368895
            ],
            [
              -111.6719569997454,
              32.67537900025951
            ],
            [
              -111.68895200023022,
              32.675365000132444
            ],
            [
              -111.68887199986428,
              32.689930999754544
            ],
            [
              -111.71463299984339,
              32.68997499977488
            ],
            [
              -111.71427600036633,
              32.71914600025216
            ],
            [
              -111.69467399999378,
              32.71932399981784
            ],
            [
              -111.72286399958539,
              32.74096900009647
            ],
            [
              -111.72280599985906,
              32.762924999998404
            ],
            [
              -111.74057999959531,
              32.76305199994945
            ],
            [
              -111.7399300002153,
              32.7993809998753
            ],
            [
              -111.75729399987273,
              32.79927799976989
            ],
            [
              -111.757355999797,
              32.827863000070344
            ],
            [
              -111.82594299966193,
              32.82786000026822
            ],
            [
              -111.82597899964692,
              32.85010200033093
            ],
            [
              -111.8433380001798,
              32.85023599983663
            ],
            [
              -111.84337599981465,
              32.87212399978078
            ],
            [
              -111.94686099977204,
              32.87936099980456
            ],
            [
              -111.94684499987852,
              32.86465999998951
            ],
            [
              -111.98031500026613,
              32.86465499962513
            ],
            [
              -111.98052399960518,
              32.879352999944324
            ],
            [
              -112.03204999976137,
              32.87932299970766
            ],
            [
              -112.03191300039234,
              32.85017100035512
            ],
            [
              -112.0665000001402,
              32.850383999697556
            ],
            [
              -112.06651699985864,
              32.87928599995502
            ],
            [
              -112.04927000037706,
              32.879285000348894
            ],
            [
              -112.04801099982829,
              32.985628999846554
            ],
            [
              -112.13258200022463,
              32.9855120002547
            ],
            [
              -112.13453200016131,
              32.97102099979102
            ],
            [
              -112.15654100040507,
              32.971027000256164
            ],
            [
              -112.19696000041968,
              32.97843399984306
            ],
            [
              -112.20298400030703,
              32.99281399983747
            ],
            [
              -112.20208700015648,
              33.24686099975093
            ],
            [
              -112.30618399985909,
              33.24692100035765
            ],
            [
              -112.30867299974602,
              33.381029999992684
            ],
            [
              -112.27251699982796,
              33.381259000160746
            ],
            [
              -112.27235500034456,
              33.435591000026186
            ],
            [
              -112.2209699997554,
              33.43714600007458
            ],
            [
              -112.22115200022859,
              33.451776999688136
            ],
            [
              -112.23836500027329,
              33.451799000035216
            ],
            [
              -112.23818600017316,
              33.465329999735644
            ],
            [
              -112.27242200029171,
              33.46473400002583
            ],
            [
              -112.27244400003303,
              33.49379899985932
            ],
            [
              -112.3580079999411,
              33.48608399975571
            ],
            [
              -112.34093800001153,
              33.47879700033548
            ],
            [
              -112.34110399969288,
              33.449871000285114
            ],
            [
              -112.3539399998382,
              33.44983399993175
            ],
            [
              -112.34988199978106,
              33.42894700000575
            ],
            [
              -112.35792199972735,
              33.42473200031482
            ],
            [
              -112.35733500009653,
              33.39202199977284
            ],
            [
              -112.36623399966022,
              33.38832900004389
            ],
            [
              -112.361859000309,
              33.37719699967247
            ],
            [
              -112.33960099964494,
              33.37184500026012
            ],
            [
              -112.3406769998956,
              33.36268899969985
            ],
            [
              -112.35786900002392,
              33.36278299978628
            ],
            [
              -112.35794299964375,
              33.18874900024021
            ],
            [
              -112.46120400019349,
              33.188793000101604
            ],
            [
              -112.46100599982677,
              33.21792199962671
            ],
            [
              -112.49600299965346,
              33.21793599977128
            ],
            [
              -112.49592599966057,
              33.13095800020151
            ],
            [
              -112.63402000000546,
              33.1309160001854
            ],
            [
              -112.63403099987612,
              33.11592599985585
            ],
            [
              -112.82827599997368,
              33.11651999966166
            ],
            [
              -112.82842999995948,
              33.20346700029449
            ],
            [
              -113.02657800030347,
              33.204394000359535
            ],
            [
              -113.14469199998408,
              33.097883000370395
            ],
            [
              -113.19593600010795,
              33.08790500029074
            ],
            [
              -113.33378600005534,
              33.023476000193895
            ],
            [
              -113.33370900006248,
              32.76785099998705
            ],
            [
              -113.61693599989262,
              32.766958000173055
            ],
            [
              -113.72045099998726,
              32.727618000274795
            ],
            [
              -113.74725999972965,
              32.72570699986621
            ],
            [
              -113.74710599974385,
              32.6942939998624
            ],
            [
              -113.81535399967505,
              32.69403100026902
            ],
            [
              -113.81536600026894,
              32.67922299977947
            ],
            [
              -113.88442900033492,
              32.67913099983881
            ],
            [
              -113.88403799962435,
              32.664937000088926
            ],
            [
              -113.97027600010018,
              32.66440099983099
            ],
            [
              -113.97014200020588,
              32.64981900021801
            ],
            [
              -114.02207199969477,
              32.64965600000943
            ],
            [
              -114.03888700025455,
              32.63484099994403
            ],
            [
              -114.09058999996272,
              32.63474899970625
            ],
            [
              -114.09052600038862,
              32.62732900002718
            ],
            [
              -114.11614699972735,
              32.62684400032998
            ],
            [
              -114.11616900036697,
              32.61980400029915
            ],
            [
              -114.54223800016214,
              32.62638199985106
            ],
            [
              -114.54628199997558,
              32.59724000008137
            ],
            [
              -114.5631870000487,
              32.581861000217906
            ],
            [
              -114.56289300032083,
              32.5529779997748
            ],
            [
              -114.63199499984654,
              32.55279800010662
            ],
            [
              -114.63265099997267,
              32.62582600006907
            ],
            [
              -114.68424900009887,
              32.625554000011576
            ],
            [
              -114.68460099955306,
              32.68379099969517
            ],
            [
              -114.66746100020163,
              32.68379899976946
            ],
            [
              -114.6673549998964,
              32.669284999965015
            ],
            [
              -114.64088300043792,
              32.66946799991757
            ],
            [
              -114.638566999905,
              32.68398200023359
            ],
            [
              -114.5988459998493,
              32.6800559996797
            ],
            [
              -114.61434699960867,
              32.725794000302564
            ],
            [
              -114.60745900008104,
              32.716910999918255
            ],
            [
              -114.58964099996385,
              32.724609999771246
            ],
            [
              -114.55028599960605,
              32.72078199982823
            ],
            [
              -114.53074000020833,
              32.73889499973919
            ],
            [
              -114.52663500029551,
              32.76029699985419
            ],
            [
              -114.61739500043568,
              32.72825699971399
            ],
            [
              -114.70158199979416,
              32.74563200033836
            ],
            [
              -114.76378400009668,
              32.64340300029391
            ],
            [
              -114.78272500032024,
              32.624336000191306
            ],
            [
              -114.80844000026859,
              32.619426000206204
            ],
            [
              -114.7994019998894,
              32.59261800020343
            ],
            [
              -114.81393400042651,
              32.56221300011262
            ],
            [
              -114.79280800008964,
              32.5695240001819
            ],
            [
              -114.79140799997384,
              32.55646099973693
            ],
            [
              -114.80550000029493,
              32.54667399981555
            ],
            [
              -114.80198200001296,
              32.53632100022114
            ],
            [
              -114.81318799988873,
              32.52476699990281
            ],
            [
              -114.80251599994034,
              32.51213499991964
            ],
            [
              -114.81624300038843,
              32.508112999650734
            ],
            [
              -114.81630000028981,
              32.507827000196315
            ]
          ]
        ]
      }
    },
    {
      "type": "Feature",
      "id": "us-cd:119:04:08",
      "properties": {
        "boundary_id": "us-cd:119:04:08",
        "boundary_type": "congressional_district",
        "name": "8",
        "stateFips": "04",
        "congress": 119,
        "district": "08",
        "bbox": [
          -112.46032999960917,
          33.53139000000853,
          -111.99544100010678,
          34.04816999976194
        ]
      },
      "geometry": {
        "type": "Polygon",
        "coordinates": [
          [
            [
              -112.46032999960917,
              33.63844500030164
            ],
            [
              -112.30768100005923,
              33.638752999687235
            ],
            [
              -112.29869299990878,
              33.60519100004073
            ],
            [
              -112.3067620001674,
              33.55072800009778
            ],
            [
              -112.22029799973575,
              33.55241799983016
            ],
            [
              -112.22045400026968,
              33.53792499970672
            ],
            [
              -112.09963999991663,
              33.53139000000853
            ],
            [
              -112.09979100042769,
              33.66922400011919
            ],
            [
              -112.11322900027245,
              33.668557999981914
            ],
            [
              -112.11456300026599,
              33.69987499980546
            ],
            [
              -112.06572299964027,
              33.701987999812
            ],
            [
              -112.04822900028647,
              33.693876000281534
            ],
            [
              -112.0428520003044,
              33.70775599974714
            ],
            [
              -112.0256879997652,
              33.699368000228326
            ],
            [
              -111.99544100010678,
              33.74768600019077
            ],
            [
              -111.9955130000768,
              33.77203199966837
            ],
            [
              -112.0215679997838,
              33.79912800014504
            ],
            [
              -112.03066999973707,
              33.84386100016364
            ],
            [
              -112.03078000024024,
              33.90112000008176
            ],
            [
              -111.9956960003749,
              33.900934000281374
            ],
            [
              -111.9961959999671,
              34.029866000115234
            ],
            [
              -112.16475799990336,
              34.04816999976194
            ],
            [
              -112.15364699956385,
              34.04090900033623
            ],
            [
              -112.16471500024565,
              34.03626599989665
            ],
            [
              -112.1611280003667,
              34.01771699975097
            ],
            [
              -112.18291199958122,
              34.012482999755996
            ],
            [
              -112.19677100027378,
              33.97393500003382
            ],
            [
              -112.22923099963462,
              33.954185999627995
            ],
            [
              -112.24034799982195,
              33.956642999660666
            ],
            [
              -112.24137100036918,
              33.94052699977525
            ],
            [
              -112.23156499971088,
              33.93604300032046
            ],
            [
              -112.23505100020581,
              33.91640800002538
            ],
            [
              -112.2751580000509,
              33.89340399978721
            ],
            [
              -112.27616800017933,
              33.88246899997447
            ],
            [
              -112.42793200017259,
              33.92070400021358
            ],
            [
              -112.42974700039007,
              33.82903800005298
            ],
            [
              -112.44712299974307,
              33.83218199964567
            ],
            [
              -112.44710799967447,
              33.78214499966788
            ],
            [
              -112.39484299955147,
              33.782119000105176
            ],
            [
              -112.39463300038753,
              33.75304900015342
            ],
            [
              -112.36018800003156,
              33.75314800032159
            ],
            [
              -112.36019300005444,
              33.738526000129276
            ],
            [
              -112.34265899961936,
              33.731280999961065
            ],
            [
              -112.34264699992382,
              33.72069000003007
            ],
            [
              -112.3057699995823,
              33.724944000312654
            ],
            [
              -112.30552000023535,
              33.717647999996785
            ],
            [
              -112.320942000352,
              33.6989239999279
            ],
            [
              -112.4105430004008,
              33.68556599986899
            ],
            [
              -112.45821700036416,
              33.64320700008286
            ],
            [
              -112.46032999960917,
              33.63844500030164
            ]
          ]
        ]
      }
    },
    {
      "type": "Feature",
      "id": "us-cd:119:04:09",
      "properties": {
        "boundary_id": "us-cd:119:04:09",
        "boundary_type": "congressional_district",
        "name": "9",
        "stateFips": "04",
        "congress": 119,
        "district": "09",
        "bbox": [
          -114.75450800006612,
          32.55279800010662,
          -112.20306100029993,
          37.00051599971132
        ]
      },
      "geometry": {
        "type": "Polygon",
        "coordinates": [
          [
            [
              -114.75450800006612,
              36.08617099997761
            ],
            [
              -114.73528499981028,
              36.05664800025217
            ],
            [
              -114.74126199984198,
              36.03804399964776
            ],
            [
              -114.72209600038587,
              36.028951999879226
            ],
            [
              -114.74300500008945,
              36.00844999989724
            ],
            [
              -114.74053600029397,
              35.97554500006092
            ],
            [
              -114.70760300020679,
              35.92795000028146
            ],
            [
              -114.70811200001982,
              35.90993299978652
            ],
            [
              -114.66163599960757,
              35.871232999750745
            ],
            [
              -114.70585599976137,
              35.850508000345044
            ],
            [
              -114.69527699969942,
              35.8310909998345
            ],
            [
              -114.71202600013693,
              35.80552899973275
            ],
            [
              -114.6993180000381,
              35.790479999703
            ],
            [
              -114.69426699957094,
              35.75663299993846
            ],
            [
              -114.70559700019359,
              35.708274000304655
            ],
            [
              -114.68063100025779,
              35.684045999878975
            ],
            [
              -114.68950700025526,
              35.65142899999577
            ],
            [
              -114.65353399973701,
              35.60967199999097
            ],
            [
              -114.65923799995721,
              35.58747700001496
            ],
            [
              -114.67566699982928,
              35.58003300010464
            ],
            [
              -114.65676999998666,
              35.534964000021354
            ],
            [
              -114.67568500027093,
              35.51562999989211
            ],
            [
              -114.67864199996302,
              35.49762800019905
            ],
            [
              -114.66289599998126,
              35.446448999705474
            ],
            [
              -114.62676500017756,
              35.4096439998946
            ],
            [
              -114.60460699997094,
              35.35523899992858
            ],
            [
              -114.56925799979174,
              35.18342400018934
            ],
            [
              -114.57826299966065,
              35.128810000001394
            ],
            [
              -114.62842700023417,
              35.11894299969341
            ],
            [
              -114.64676400021014,
              35.10186799976946
            ],
            [
              -114.60290800010439,
              35.0685879999082
            ],
            [
              -114.63752400016457,
              35.0270529999579
            ],
            [
              -114.62912900039103,
              34.98613199982633
            ],
            [
              -114.63517599984463,
              34.87500300007463
            ],
            [
              -114.58684199955721,
              34.835672000207055
            ],
            [
              -114.55268199960658,
              34.76687100019022
            ],
            [
              -114.47047699997185,
              34.71136799966876
            ],
            [
              -114.45050600042667,
              34.666835999665196
            ],
            [
              -114.45798499978311,
              34.65711299980356
            ],
            [
              -114.42420200029936,
              34.610453000316596
            ],
            [
              -114.43680999994072,
              34.59607400014771
            ],
            [
              -114.40522799956554,
              34.56963699987259
            ],
            [
              -114.38083800028821,
              34.52972400027739
            ],
            [
              -114.38669899996896,
              34.457910999700864
            ],
            [
              -114.37371899988358,
              34.446937999796674
            ],
            [
              -114.33537200000443,
              34.450037999641516
            ],
            [
              -114.22610699965881,
              34.36591600032316
            ],
            [
              -114.1769089997311,
              34.34930599987107
            ],
            [
              -114.13828200036775,
              34.30322999991018
            ],
            [
              -114.1312109996437,
              34.26272999987095
            ],
            [
              -114.16464800041935,
              34.25969899986284
            ],
            [
              -114.1661239998048,
              34.250014999897516
            ],
            [
              -114.22519399961475,
              34.20364199973486
            ],
            [
              -114.22971500035247,
              34.18692800026988
            ],
            [
              -114.25703399973278,
              34.172836999888446
            ],
            [
              -114.28729399981002,
              34.1705290001584
            ],
            [
              -114.3207769997181,
              34.13863499984503
            ],
            [
              -114.35303000028803,
              34.13311999982168
            ],
            [
              -114.36651699963829,
              34.11857699989823
            ],
            [
              -114.41167999997339,
              34.11003099998684
            ],
            [
              -114.4341810003117,
              34.08737899974361
            ],
            [
              -114.43826600013301,
              34.02260899992671
            ],
            [
              -114.46586700044398,
              34.01098699981833
            ],
            [
              -114.45925799967728,
              33.994711000269454
            ],
            [
              -114.49988299955622,
              33.96178900004412
            ],
            [
              -114.5227339996989,
              33.95503900016041
            ],
            [
              -114.53567600014944,
              33.933551999642354
            ],
            [
              -114.5079200000278,
              33.90380700034147
            ],
            [
              -114.52587200003927,
              33.90100800001006
            ],
            [
              -114.50301699969864,
              33.867998000008015
            ],
            [
              -114.52988300024076,
              33.85756299975502
            ],
            [
              -114.51997000035065,
              33.82538100035309
            ],
            [
              -114.5280499995816,
              33.814962999961054
            ],
            [
              -114.50486299987827,
              33.76046500018878
            ],
            [
              -114.51234799998078,
              33.73421399981813
            ],
            [
              -114.49419699977766,
              33.707922000262414
            ],
            [
              -114.49648900002111,
              33.696901000083024
            ],
            [
              -114.53152299965774,
              33.67510800014028
            ],
            [
              -114.51405699989307,
              33.66017899996544
            ],
            [
              -114.5331939999352,
              33.65166000020296
            ],
            [
              -114.52184499994428,
              33.61254400003098
            ],
            [
              -114.54061700011343,
              33.59141200023204
            ],
            [
              -114.52421500000554,
              33.5530679997355
            ],
            [
              -114.55889800001287,
              33.53181899978139
            ],
            [
              -114.56953300015135,
              33.50921899983938
            ],
            [
              -114.5923690002254,
              33.49867500016034
            ],
            [
              -114.64330200000465,
              33.41674599964192
            ],
            [
              -114.68794999978064,
              33.417933999699045
            ],
            [
              -114.7252820004068,
              33.40504800019626
            ],
            [
              -114.6980350000982,
              33.35244200036962
            ],
            [
              -114.70787000017046,
              33.32331600024141
            ],
            [
              -114.73122299955519,
              33.302433000220375
            ],
            [
              -114.72167000041352,
              33.28698200006509
            ],
            [
              -114.68050700040921,
              33.27357600017514
            ],
            [
              -114.67208800034625,
              33.25849900017514
            ],
            [
              -114.68954099969213,
              33.24642800022418
            ],
            [
              -114.67362599965597,
              33.22312099980958
            ],
            [
              -114.67535899985769,
              33.185488000051045
            ],
            [
              -114.70648799959805,
              33.088160000058586
            ],
            [
              -114.68902000018353,
              33.08403500008699
            ],
            [
              -114.66231699984803,
              33.03267000019643
            ],
            [
              -114.64597900021258,
              33.04890199997234
            ],
            [
              -114.61878799998044,
              33.02720200012409
            ],
            [
              -114.58977800023119,
              33.0262279999847
            ],
            [
              -114.5751610002036,
              33.03654100011762
            ],
            [
              -114.52013000018422,
              33.02998399992462
            ],
            [
              -114.50287000028385,
              33.011153999691736
            ],
            [
              -114.49293800012717,
              32.97178099969671
            ],
            [
              -114.47276400019244,
              32.9746870000331
            ],
            [
              -114.46736700011888,
              32.96538399995972
            ],
            [
              -114.48092499961425,
              32.93627600026564
            ],
            [
              -114.46292900012014,
              32.90794399981124
            ],
            [
              -114.46897099955083,
              32.84515500004095
            ],
            [
              -114.52963299999551,
              32.79547699979853
            ],
            [
              -114.52621599999587,
              32.75274399974148
            ],
            [
              -114.5348290002276,
              32.732500999854025
            ],
            [
              -114.5555200003713,
              32.71967599983217
            ],
            [
              -114.58964099996385,
              32.724609999771246
            ],
            [
              -114.60745900008104,
              32.716910999918255
            ],
            [
              -114.61434699960867,
              32.725794000302564
            ],
            [
              -114.5988459998493,
              32.6800559996797
            ],
            [
              -114.638566999905,
              32.68398200023359
            ],
            [
              -114.64088300043792,
              32.66946799991757
            ],
            [
              -114.6673549998964,
              32.669284999965015
            ],
            [
              -114.66746100020163,
              32.68379899976946
            ],
            [
              -114.68460099955306,
              32.68379099969517
            ],
            [
              -114.68424900009887,
              32.625554000011576
            ],
            [
              -114.63265099997267,
              32.62582600006907
            ],
            [
              -114.63199499984654,
              32.55279800010662
            ],
            [
              -114.56289300032083,
              32.5529779997748
            ],
            [
              -114.5631870000487,
              32.581861000217906
            ],
            [
              -114.54628199997558,
              32.59724000008137
            ],
            [
              -114.54223800016214,
              32.62638199985106
            ],
            [
              -114.11616900036697,
              32.61980400029915
            ],
            [
              -114.11614699972735,
              32.62684400032998
            ],
            [
              -114.09052600038862,
              32.62732900002718
            ],
            [
              -114.09058999996272,
              32.63474899970625
            ],
            [
              -114.03888700025455,
              32.63484099994403
            ],
            [
              -114.02207199969477,
              32.64965600000943
            ],
            [
              -113.97014200020588,
              32.64981900021801
            ],
            [
              -113.97027600010018,
              32.66440099983099
            ],
            [
              -113.88403799962435,
              32.664937000088926
            ],
            [
              -113.88442900033492,
              32.67913099983881
            ],
            [
              -113.81536600026894,
              32.67922299977947
            ],
            [
              -113.81535399967505,
              32.69403100026902
            ],
            [
              -113.74710599974385,
              32.6942939998624
            ],
            [
              -113.74725999972965,
              32.72570699986621
            ],
            [
              -113.72045099998726,
              32.727618000274795
            ],
            [
              -113.61693599989262,
              32.766958000173055
            ],
            [
              -113.33370900006248,
              32.76785099998705
            ],
            [
              -113.33378600005534,
              33.023476000193895
            ],
            [
              -113.19593600010795,
              33.08790500029074
            ],
            [
              -113.14469199998408,
              33.097883000370395
            ],
            [
              -113.02657800030347,
              33.204394000359535
            ],
            [
              -112.82842999995948,
              33.20346700029449
            ],
            [
              -112.82827599997368,
              33.11651999966166
            ],
            [
              -112.63403099987612,
              33.11592599985585
            ],
            [
              -112.63402000000546,
              33.1309160001854
            ],
            [
              -112.49592599966057,
              33.13095800020151
            ],
            [
              -112.49600299965346,
              33.21793599977128
            ],
            [
              -112.46100599982677,
              33.21792199962671
            ],
            [
              -112.46120400019349,
              33.188793000101604
            ],
            [
              -112.35794299964375,
              33.18874900024021
            ],
            [
              -112.35786900002392,
              33.36278299978628
            ],
            [
              -112.3406769998956,
              33.36268899969985
            ],
            [
              -112.33960099964494,
              33.37184500026012
            ],
            [
              -112.361859000309,
              33.37719699967247
            ],
            [
              -112.36623399966022,
              33.38832900004389
            ],
            [
              -112.35733500009653,
              33.39202199977284
            ],
            [
              -112.35792199972735,
              33.42473200031482
            ],
            [
              -112.34988199978106,
              33.42894700000575
            ],
            [
              -112.3539399998382,
              33.44983399993175
            ],
            [
              -112.34110399969288,
              33.449871000285114
            ],
            [
              -112.34093800001153,
              33.47879700033548
            ],
            [
              -112.3580079999411,
              33.48608399975571
            ],
            [
              -112.31282500041281,
              33.49313299972998
            ],
            [
              -112.30646400024155,
              33.51480700011515
            ],
            [
              -112.2943789997586,
              33.52212799982723
            ],
            [
              -112.27247599982009,
              33.52276799987674
            ],
            [
              -112.27248099984294,
              33.50820700001262
            ],
            [
              -112.20316400023209,
              33.50925700023588
            ],
            [
              -112.20306100029993,
              33.53832299981704
            ],
            [
              -112.22045400026968,
              33.53792499970672
            ],
            [
              -112.22029799973575,
              33.55241799983016
            ],
            [
              -112.3067620001674,
              33.55072800009778
            ],
            [
              -112.29869299990878,
              33.60519100004073
            ],
            [
              -112.30768100005923,
              33.638752999687235
            ],
            [
              -112.46032999960917,
              33.63844500030164
            ],
            [
              -112.4105430004008,
              33.68556599986899
            ],
            [
              -112.320942000352,
              33.6989239999279
            ],
            [
              -112.30552000023535,
              33.717647999996785
            ],
            [
              -112.3057699995823,
              33.724944000312654
            ],
            [
              -112.34264699992382,
              33.72069000003007
            ],
            [
              -112.34265899961936,
              33.731280999961065
            ],
            [
              -112.36019300005444,
              33.738526000129276
            ],
            [
              -112.36018800003156,
              33.75314800032159
            ],
            [
              -112.39463300038753,
              33.75304900015342
            ],
            [
              -112.39484299955147,
              33.782119000105176
            ],
            [
              -112.44710799967447,
              33.78214499966788
            ],
            [
              -112.44712299974307,
              33.83218199964567
            ],
            [
              -112.42974700039007,
              33.82903800005298
            ],
            [
              -112.42793200017259,
              33.92070400021358
            ],
            [
              -112.74395099962464,
              33.99989799974146
            ],
            [
              -113.33331300022734,
              34.00003900012844
            ],
            [
              -113.33410499989759,
              35.508416000139185
            ],
            [
              -113.35449499974241,
              35.49438300030055
            ],
            [
              -113.62036399976292,
              35.4945050001038
            ],
            [
              -113.78430100010269,
              35.654620000245174
            ],
            [
              -113.82982500011282,
              35.6695689998216
            ],
            [
              -113.83108700013635,
              35.60692200015134
            ],
            [
              -113.87275399993077,
              35.589048999728604
            ],
            [
              -113.8754870002152,
              35.605544999724
            ],
            [
              -113.85172600040151,
              35.62329999986434
            ],
            [
              -113.91302700035551,
              35.637253999811186
            ],
            [
              -113.91993099977667,
              35.62074199972616
            ],
            [
              -113.98498600001423,
              35.70806899992863
            ],
            [
              -114.04287599981639,
              35.724745999888015
            ],
            [
              -114.00184800042965,
              35.74863299971682
            ],
            [
              -113.97908699980033,
              35.77570899969056
            ],
            [
              -113.939061999971,
              35.77205300008062
            ],
            [
              -113.92891599955409,
              35.78906099966925
            ],
            [
              -113.94047499960729,
              35.807025000193704
            ],
            [
              -113.90479900008825,
              35.81992399980806
            ],
            [
              -113.90353200004185,
              36.09283799992275
            ],
            [
              -113.87675300043671,
              36.05735300004895
            ],
            [
              -113.81063500036726,
              36.04835500015614
            ],
            [
              -113.78242499978583,
              36.02531900004929
            ],
            [
              -113.76921399972179,
              35.97267199977984
            ],
            [
              -113.74957399971441,
              35.968554999837515
            ],
            [
              -113.73769900019207,
              35.95614799993844
            ],
            [
              -113.7396730004182,
              35.94062900013253
            ],
            [
              -113.72214900002889,
              35.93919199972522
            ],
            [
              -113.71379899956285,
              35.92786800011711
            ],
            [
              -113.71343600023802,
              35.885380999662374
            ],
            [
              -113.66883299976956,
              35.86578399964084
            ],
            [
              -113.64743299979631,
              35.8238840002984
            ],
            [
              -113.63184300034847,
              35.81960899976286
            ],
            [
              -113.60592400018562,
              35.84945700028578
            ],
            [
              -113.51416599961257,
              35.76754200008425
            ],
            [
              -113.42094599989778,
              35.75095200008001
            ],
            [
              -113.38385600001926,
              35.75455199983151
            ],
            [
              -113.33788000009753,
              35.79274600032258
            ],
            [
              -113.32689099995673,
              35.840697000145525
            ],
            [
              -113.3103929995894,
              35.863212000168325
            ],
            [
              -113.31006600024953,
              35.892002000188306
            ],
            [
              -113.33484999971216,
              35.91385900031
            ],
            [
              -113.31725900027402,
              35.968611000228265
            ],
            [
              -113.33977700033076,
              35.98515000010949
            ],
            [
              -113.35417599990018,
              36.040368000015384
            ],
            [
              -113.31997099974372,
              36.09676899984214
            ],
            [
              -113.22491900009302,
              36.091143999974335
            ],
            [
              -113.2016710002903,
              36.11904100016891
            ],
            [
              -113.20126899970909,
              36.14957299989954
            ],
            [
              -113.16293000022583,
              36.171742000129484
            ],
            [
              -113.12800500036916,
              36.16947600016427
            ],
            [
              -113.01756699968848,
              36.2371849996804
            ],
            [
              -112.98120999992896,
              36.23176899989305
            ],
            [
              -112.9359090003999,
              36.242599999758696
            ],
            [
              -112.92340600034052,
              36.25773999965587
            ],
            [
              -112.8907450002399,
              36.25913399986007
            ],
            [
              -112.86923399993854,
              36.282303999661515
            ],
            [
              -112.84366899977805,
              36.276729999965305
            ],
            [
              -112.82450400014682,
              36.28834100028279
            ],
            [
              -112.79376100019584,
              36.28439800025486
            ],
            [
              -112.78747700001749,
              36.30082099972836
            ],
            [
              -112.76614800018932,
              36.305711000022484
            ],
            [
              -112.75578599986231,
              36.324346999653805
            ],
            [
              -112.72287200004172,
              36.3199700002694
            ],
            [
              -112.7225740001159,
              36.34694100011285
            ],
            [
              -112.69748199978338,
              36.35536300031873
            ],
            [
              -112.68157099994518,
              36.34166200022436
            ],
            [
              -112.66842400035354,
              36.34661299985886
            ],
            [
              -112.64698800039528,
              36.38386900023563
            ],
            [
              -112.6294899999452,
              36.39161100024008
            ],
            [
              -112.6241649998417,
              36.41461000019762
            ],
            [
              -112.64464300044837,
              36.43442700019683
            ],
            [
              -112.6369940003143,
              36.444077999836544
            ],
            [
              -112.64759400029267,
              36.4468950000779
            ],
            [
              -112.62182099971969,
              36.48490199971105
            ],
            [
              -112.64064099956943,
              36.488474000181576
            ],
            [
              -112.63527100015834,
              36.49200499964196
            ],
            [
              -112.6561210003107,
              36.514624999986374
            ],
            [
              -112.66009999982681,
              36.54339500011018
            ],
            [
              -112.65167699956585,
              36.54456299987841
            ],
            [
              -112.65636499980985,
              36.55391499970916
            ],
            [
              -112.64420700043027,
              36.57111500009728
            ],
            [
              -112.6327980001649,
              36.570324999826994
            ],
            [
              -112.62094500038386,
              36.5956449997039
            ],
            [
              -112.62580199978393,
              36.64762699964327
            ],
            [
              -112.63867899993713,
              36.674477999799784
            ],
            [
              -112.62795400028533,
              36.716729999673014
            ],
            [
              -112.61657799963193,
              36.72146099996182
            ],
            [
              -112.622110000323,
              36.73719499995317
            ],
            [
              -112.61223400024282,
              36.736853999762715
            ],
            [
              -112.6169209997636,
              36.75492899964995
            ],
            [
              -112.60981999980064,
              36.75548700031913
            ],
            [
              -112.62094700003368,
              36.76966199974994
            ],
            [
              -112.61220999995338,
              36.77588599967576
            ],
            [
              -112.61972799966786,
              36.7827440000637
            ],
            [
              -112.59729699964974,
              36.80920699981433
            ],
            [
              -112.59690500001258,
              36.829536000024255
            ],
            [
              -112.82737100032556,
              36.83198900002247
            ],
            [
              -112.8295029998371,
              37.00051599971132
            ],
            [
              -114.05061600018703,
              37.00016699983864
            ],
            [
              -114.04394399967116,
              36.19335000002779
            ],
            [
              -114.0667980001869,
              36.17908700007748
            ],
            [
              -114.09699399979168,
              36.12082299973032
            ],
            [
              -114.12086500010854,
              36.1108499996413
            ],
            [
              -114.11199800033191,
              36.09491000011726
            ],
            [
              -114.13338900008434,
              36.06166499978653
            ],
            [
              -114.13711200040572,
              36.03849099975594
            ],
            [
              -114.15138999960134,
              36.02313299995271
            ],
            [
              -114.24386500039985,
              36.015266000223654
            ],
            [
              -114.26437999991813,
              36.02791099968178
            ],
            [
              -114.2708619995649,
              36.045522999746055
            ],
            [
              -114.31359100026462,
              36.05904800033639
            ],
            [
              -114.30693899984024,
              36.0824870000549
            ],
            [
              -114.37018100040844,
              36.14262399993292
            ],
            [
              -114.40562400029897,
              36.14698300024855
            ],
            [
              -114.44504200040598,
              36.12534600011315
            ],
            [
              -114.46260000023217,
              36.139643999971604
            ],
            [
              -114.50471499974027,
              36.12718799978345
            ],
            [
              -114.50023599973363,
              36.143225999722844
            ],
            [
              -114.51121800020174,
              36.150576000129625
            ],
            [
              -114.57108999972766,
              36.15109899974367
            ],
            [
              -114.6154549996464,
              36.129652999858045
            ],
            [
              -114.63047400025525,
              36.142218000081236
            ],
            [
              -114.66434299995274,
              36.11630000001182
            ],
            [
              -114.73408499971103,
              36.10467200024297
            ],
            [
              -114.75378400016794,
              36.08780699980141
            ],
            [
              -114.75450800006612,
              36.08617099997761
            ]
          ]
        ]
      }
    }
  ]
}
