{
  "type": "FeatureCollection",
  "features": [
    {
      "type": "Feature",
      "id": "us-county:17:001",
      "properties": {
        "boundary_id": "us-county:17:001",
        "boundary_type": "county",
        "name": "Adams County",
        "stateFips": "17",
        "countyFips": "001",
        "bbox": [
          -91.51167600036801,
          39.75720000007345,
          -90.91196900005505,
          40.19992500007594
        ]
      },
      "geometry": {
        "type": "Polygon",
        "coordinates": [
          [
            [
              -91.02742099959632,
              40.19446900024258
            ],
            [
              -91.50506099975352,
              40.19992500007594
            ],
            [
              -91.51167600036801,
              40.13922699977828
            ],
            [
              -91.48960600002492,
              40.05743499970961
            ],
            [
              -91.494878000425,
              40.03645300024424
            ],
            [
              -91.41935999957815,
              39.927716999863385
            ],
            [
              -91.4208779996947,
              39.91486500030311
            ],
            [
              -91.44351299992731,
              39.89358300025232
            ],
            [
              -91.44668499970456,
              39.871641999667986
            ],
            [
              -91.43215800008863,
              39.84030800006439
            ],
            [
              -91.36796599966642,
              39.80040300029374
            ],
            [
              -91.36512500032528,
              39.75872299976718
            ],
            [
              -90.91596099998995,
              39.75720000007345
            ],
            [
              -90.91196900005505,
              40.1930879998884
            ],
            [
              -91.0243779996905,
              40.19440699991285
            ],
            [
              -91.02742099959632,
              40.19446900024258
            ]
          ]
        ]
      }
    },
    {
      "type": "Feature",
      "id": "us-county:17:003",
      "properties": {
        "boundary_id": "us-county:17:003",
        "boundary_type": "county",
        "name": "Alexander County",
        "stateFips": "17",
        "countyFips": "003",
        "bbox": [
          -89.51847699973615,
          36.973517999998464,
          -89.13291499981912,
          37.33529799999276
        ]
      },
      "geometry": {
        "type": "Polygon",
        "coordinates": [
          [
            [
              -89.51847699973615,
              37.2873130000292
            ],
            [
              -89.48991499970055,
              37.25131500007723
            ],
            [
              -89.4588269999681,
              37.248661000141134
            ],
            [
              -89.46749999957598,
              37.2218439998232
            ],
            [
              -89.4618620003763,
              37.19951699996574
            ],
            [
              -89.42558000006154,
              37.13823500027053
            ],
            [
              -89.3787100003623,
              37.09458599985757
            ],
            [
              -89.38543399985839,
              37.055130000086
            ],
            [
              -89.37827699981895,
              37.03960500005626
            ],
            [
              -89.27862800016084,
              36.9886699999575
            ],
            [
              -89.26352700043454,
              37.00004999994209
            ],
            [
              -89.26000300030479,
              37.023287999841
            ],
            [
              -89.30475200036311,
              37.04756499972909
            ],
            [
              -89.30828999983825,
              37.06837099970559
            ],
            [
              -89.25993499963441,
              37.06406999982971
            ],
            [
              -89.25493000009632,
              37.0720140003566
            ],
            [
              -89.23405300017978,
              37.03727699998387
            ],
            [
              -89.20079299985446,
              37.01616399965249
            ],
            [
              -89.18549100028672,
              36.973517999998464
            ],
            [
              -89.13291499981912,
              36.98205700027165
            ],
            [
              -89.1793500002235,
              37.02180700020964
            ],
            [
              -89.1732180003811,
              37.06991799985939
            ],
            [
              -89.19668600029182,
              37.089098000031285
            ],
            [
              -89.25397299967132,
              37.099393000133766
            ],
            [
              -89.27345399967004,
              37.125779999859766
            ],
            [
              -89.25788000011573,
              37.145269999976804
            ],
            [
              -89.25679299999439,
              37.161143999661434
            ],
            [
              -89.26945400023752,
              37.160889999656966
            ],
            [
              -89.26121099990164,
              37.16730400012356
            ],
            [
              -89.26731000013207,
              37.18052499970439
            ],
            [
              -89.25191899997756,
              37.19089199999309
            ],
            [
              -89.26781100044748,
              37.22599899971418
            ],
            [
              -89.25638999958825,
              37.22770000018452
            ],
            [
              -89.24588400021952,
              37.26400399981449
            ],
            [
              -89.20272299969967,
              37.28937599995666
            ],
            [
              -89.20727100020157,
              37.32220100013398
            ],
            [
              -89.24856599955203,
              37.33529799999276
            ],
            [
              -89.48668900039495,
              37.33455400014942
            ],
            [
              -89.51075999983004,
              37.31274399971753
            ],
            [
              -89.5184449999491,
              37.28806300000971
            ],
            [
              -89.51847699973615,
              37.2873130000292
            ]
          ]
        ]
      }
    },
    {
      "type": "Feature",
      "id": "us-county:17:005",
      "properties": {
        "boundary_id": "us-county:17:005",
        "boundary_type": "county",
        "name": "Bond County",
        "stateFips": "17",
        "countyFips": "005",
        "bbox": [
          -89.63926500014992,
          38.7411590001544,
          -89.25023799965437,
          39.02832900001342
        ]
      },
      "geometry": {
        "type": "Polygon",
        "coordinates": [
          [
            [
              -89.37206799998366,
              38.741175999781305
            ],
            [
              -89.25418500028175,
              38.74190700023059
            ],
            [
              -89.25741700033346,
              38.995127000159954
            ],
            [
              -89.25030499960152,
              38.999190999761936
            ],
            [
              -89.25023799965437,
              39.02818400005812
            ],
            [
              -89.58634399990083,
              39.02832900001342
            ],
            [
              -89.58609200000575,
              38.99945599966923
            ],
            [
              -89.63926500014992,
              38.99912900019885
            ],
            [
              -89.63687400017227,
              38.874277999846875
            ],
            [
              -89.59959299959972,
              38.87453000011034
            ],
            [
              -89.59732100034606,
              38.74323599991781
            ],
            [
              -89.37392099983597,
              38.7411590001544
            ],
            [
              -89.37206799998366,
              38.741175999781305
            ]
          ]
        ]
      }
    },
    {
      "type": "Feature",
      "id": "us-county:17:007",
      "properties": {
        "boundary_id": "us-county:17:007",
        "boundary_type": "county",
        "name": "Boone County",
        "stateFips": "17",
        "countyFips": "007",
        "bbox": [
          -88.94038799985465,
          42.15232000025548,
          -88.7054290001897,
          42.49504499967409
        ]
      },
      "geometry": {
        "type": "Polygon",
        "coordinates": [
          [
            [
              -88.70546900037267,
              42.24076599970265
            ],
            [
              -88.7074209999592,
              42.493596000215945
            ],
            [
              -88.94038799985465,
              42.49504499967409
            ],
            [
              -88.93973199972854,
              42.15232000025548
            ],
            [
              -88.7055849998253,
              42.153537000097174
            ],
            [
              -88.7054290001897,
              42.23337600022929
            ],
            [
              -88.70546900037267,
              42.24076599970265
            ]
          ]
        ]
      }
    },
    {
      "type": "Feature",
      "id": "us-county:17:009",
      "properties": {
        "boundary_id": "us-county:17:009",
        "boundary_type": "county",
        "name": "Brown County",
        "stateFips": "17",
        "countyFips": "009",
        "bbox": [
          -90.91666899999461,
          39.838961000043966,
          -90.51111499971769,
          40.10445499978997
        ]
      },
      "geometry": {
        "type": "Polygon",
        "coordinates": [
          [
            [
              -90.53674500017556,
              39.92646000002147
            ],
            [
              -90.53211300000805,
              39.94601200008543
            ],
            [
              -90.51111499971769,
              39.967605000147955
            ],
            [
              -90.51374699971979,
              39.98789099988188
            ],
            [
              -90.607579999903,
              39.98190999986589
            ],
            [
              -90.60194699982789,
              40.00331699991933
            ],
            [
              -90.61902900035132,
              40.01515900030689
            ],
            [
              -90.60678200038497,
              40.0288650003272
            ],
            [
              -90.63038699966474,
              40.02366399998728
            ],
            [
              -90.65388700026085,
              40.03344099983626
            ],
            [
              -90.66102199966068,
              40.046388000171454
            ],
            [
              -90.67506999960081,
              40.04597900024834
            ],
            [
              -90.67199499990795,
              40.08012999998646
            ],
            [
              -90.69563699989597,
              40.079582999969574
            ],
            [
              -90.70916000012954,
              40.09042299984328
            ],
            [
              -90.6960069997918,
              40.10396700007556
            ],
            [
              -90.91346899972996,
              40.10445499978997
            ],
            [
              -90.91666899999461,
              39.84492700011016
            ],
            [
              -90.57142399998494,
              39.838961000043966
            ],
            [
              -90.58490000036286,
              39.87504700020274
            ],
            [
              -90.53671099984038,
              39.92608299979791
            ],
            [
              -90.53674500017556,
              39.92646000002147
            ]
          ]
        ]
      }
    },
    {
      "type": "Feature",
      "id": "us-county:17:011",
      "properties": {
        "boundary_id": "us-county:17:011",
        "boundary_type": "county",
        "name": "Bureau County",
        "stateFips": "17",
        "countyFips": "011",
        "bbox": [
          -89.86235099994235,
          41.14852399983661,
          -89.16370499962575,
          41.585289000326654
        ]
      },
      "geometry": {
        "type": "Polygon",
        "coordinates": [
          [
            [
              -89.16654199966725,
              41.495831999818044
            ],
            [
              -89.16656099993384,
              41.585289000326654
            ],
            [
              -89.86235099994235,
              41.58400500017099
            ],
            [
              -89.85761599984268,
              41.234478999716295
            ],
            [
              -89.63870799975801,
              41.233861999776586
            ],
            [
              -89.63853600022888,
              41.14854499982453
            ],
            [
              -89.46610100018341,
              41.14852399983661
            ],
            [
              -89.46638900006349,
              41.23387200003113
            ],
            [
              -89.35672899970767,
              41.233038999860376
            ],
            [
              -89.33708299985253,
              41.28166699974664
            ],
            [
              -89.33975400021268,
              41.29827499974229
            ],
            [
              -89.26885099981486,
              41.321820000178356
            ],
            [
              -89.16370499962575,
              41.31018700014925
            ],
            [
              -89.16653300034474,
              41.49552100021306
            ],
            [
              -89.16654199966725,
              41.495831999818044
            ]
          ]
        ]
      }
    },
    {
      "type": "Feature",
      "id": "us-county:17:013",
      "properties": {
        "boundary_id": "us-county:17:013",
        "boundary_type": "county",
        "name": "Calhoun County",
        "stateFips": "17",
        "countyFips": "013",
        "bbox": [
          -90.93672800030164,
          38.868794000228725,
          -90.45081300002148,
          39.399511000316465
        ]
      },
      "geometry": {
        "type": "Polygon",
        "coordinates": [
          [
            [
              -90.93672800030164,
              39.399511000316465
            ],
            [
              -90.79346100018915,
              39.309497999991265
            ],
            [
              -90.72762699980184,
              39.25250000019516
            ],
            [
              -90.70790200030397,
              39.150860000143794
            ],
            [
              -90.68108599999057,
              39.10059000033339
            ],
            [
              -90.71362900009042,
              39.05397699983576
            ],
            [
              -90.67819299987259,
              38.99185100026831
            ],
            [
              -90.66301799962814,
              38.926283000328965
            ],
            [
              -90.62335600002199,
              38.88714900007878
            ],
            [
              -90.58225900013993,
              38.868794000228725
            ],
            [
              -90.54891699979885,
              38.872936999751836
            ],
            [
              -90.50745099984586,
              38.902766999964946
            ],
            [
              -90.47212199975814,
              38.958837999663494
            ],
            [
              -90.45081300002148,
              38.96776900015594
            ],
            [
              -90.48722500003257,
              38.96772899978725
            ],
            [
              -90.52367800005156,
              38.954540000141606
            ],
            [
              -90.57373399977175,
              39.0012650000292
            ],
            [
              -90.5743210003009,
              39.02978799984357
            ],
            [
              -90.59001000038124,
              39.050679000111714
            ],
            [
              -90.58140600037034,
              39.0656800002027
            ],
            [
              -90.61499600040852,
              39.14526799973716
            ],
            [
              -90.61210199956733,
              39.167163999982606
            ],
            [
              -90.59122999967367,
              39.19862399976333
            ],
            [
              -90.59798900022817,
              39.243330000225946
            ],
            [
              -90.60979599997847,
              39.25981199976015
            ],
            [
              -90.60242999970163,
              39.29269299970239
            ],
            [
              -90.62228999981704,
              39.36508899976039
            ],
            [
              -90.61377500039289,
              39.39541600002933
            ],
            [
              -90.93622199996334,
              39.39949999991061
            ],
            [
              -90.93672800030164,
              39.399511000316465
            ]
          ]
        ]
      }
    },
    {
      "type": "Feature",
      "id": "us-county:17:015",
      "properties": {
        "boundary_id": "us-county:17:015",
        "boundary_type": "county",
        "name": "Carroll County",
        "stateFips": "17",
        "countyFips": "015",
        "bbox": [
          -90.317395000225,
          41.92891700032049,
          -89.68536599974514,
          42.19911200026489
        ]
      },
      "geometry": {
        "type": "Polygon",
        "coordinates": [
          [
            [
              -89.97843699986844,
              41.93118699980923
            ],
            [
              -89.68536599974514,
              41.93033999971882
            ],
            [
              -89.68848599964385,
              42.19911200026489
            ],
            [
              -90.317395000225,
              42.19364499985729
            ],
            [
              -90.21610700007649,
              42.156730000265725
            ],
            [
              -90.20140399983516,
              42.130936999754354
            ],
            [
              -90.16289499957429,
              42.11671800029488
            ],
            [
              -90.16448499966086,
              42.04210500005509
            ],
            [
              -90.14006100004835,
              42.00325199982218
            ],
            [
              -90.1641349998565,
              41.956177999978664
            ],
            [
              -90.15197999995165,
              41.92891700032049
            ],
            [
              -89.97845000028724,
              41.93118600003274
            ],
            [
              -89.97843699986844,
              41.93118699980923
            ]
          ]
        ]
      }
    },
    {
      "type": "Feature",
      "id": "us-county:17:017",
      "properties": {
        "boundary_id": "us-county:17:017",
        "boundary_type": "county",
        "name": "Cass County",
        "stateFips": "17",
        "countyFips": "017",
        "bbox": [
          -90.58353399968395,
          39.87285999996726,
          -89.99440499960804,
          40.12427199984071
        ]
      },
      "geometry": {
        "type": "Polygon",
        "coordinates": [
          [
            [
              -89.99498399974127,
              40.04664900032442
            ],
            [
              -89.99713299986959,
              40.112811999773335
            ],
            [
              -90.01217900024261,
              40.10083500012946
            ],
            [
              -90.04343799967931,
              40.10880599998275
            ],
            [
              -90.06466199992548,
              40.10014499982389
            ],
            [
              -90.08067900006888,
              40.08014800007569
            ],
            [
              -90.12621700032271,
              40.07698300014465
            ],
            [
              -90.13483700022715,
              40.06225400029248
            ],
            [
              -90.14987699985406,
              40.06763099996047
            ],
            [
              -90.17594699962967,
              40.06001200005668
            ],
            [
              -90.18332899980001,
              40.06697900003835
            ],
            [
              -90.19510100028853,
              40.05346000024675
            ],
            [
              -90.20712099957585,
              40.06026000025554
            ],
            [
              -90.21733200029011,
              40.0509260003101
            ],
            [
              -90.23461499975669,
              40.06111699984611
            ],
            [
              -90.2855099999011,
              40.055492000224206
            ],
            [
              -90.30498699970185,
              40.07790500027106
            ],
            [
              -90.3146000000163,
              40.1155949997044
            ],
            [
              -90.36756200027328,
              40.12427199984071
            ],
            [
              -90.39343100020743,
              40.09186600005776
            ],
            [
              -90.39443100029013,
              40.07770399971517
            ],
            [
              -90.4286380000964,
              40.06034500030177
            ],
            [
              -90.43585200003727,
              40.020562000321924
            ],
            [
              -90.51222899960322,
              39.99263100013099
            ],
            [
              -90.51111499971769,
              39.967605000147955
            ],
            [
              -90.53211300000805,
              39.94601200008543
            ],
            [
              -90.53816200000978,
              39.9182390000337
            ],
            [
              -90.58353399968395,
              39.8767499999687
            ],
            [
              -89.99440499960804,
              39.87285999996726
            ],
            [
              -89.99504099964268,
              40.03960200032962
            ],
            [
              -89.99498399974127,
              40.04664900032442
            ]
          ]
        ]
      }
    },
    {
      "type": "Feature",
      "id": "us-county:17:019",
      "properties": {
        "boundary_id": "us-county:17:019",
        "boundary_type": "county",
        "name": "Champaign County",
        "stateFips": "17",
        "countyFips": "019",
        "bbox": [
          -88.46220700009737,
          39.87909200032683,
          -87.92876000014408,
          40.39939999991234
        ]
      },
      "geometry": {
        "type": "Polygon",
        "coordinates": [
          [
            [
              -88.23636100025635,
              39.87911500034381
            ],
            [
              -87.93764500036238,
              39.879803000191686
            ],
            [
              -87.94210299955428,
              40.22548199968771
            ],
            [
              -87.92876000014408,
              40.22561899967871
            ],
            [
              -87.93238700020599,
              40.39939999991234
            ],
            [
              -88.4599569996867,
              40.39884999978479
            ],
            [
              -88.46220700009737,
              39.87909200032683
            ],
            [
              -88.2365830000142,
              39.87910900010037
            ],
            [
              -88.23636100025635,
              39.87911500034381
            ]
          ]
        ]
      }
    },
    {
      "type": "Feature",
      "id": "us-county:17:021",
      "properties": {
        "boundary_id": "us-county:17:021",
        "boundary_type": "county",
        "name": "Christian County",
        "stateFips": "17",
        "countyFips": "021",
        "bbox": [
          -89.53502799980694,
          39.34592000033141,
          -89.02538199985031,
          39.82574799979065
        ]
      },
      "geometry": {
        "type": "Polygon",
        "coordinates": [
          [
            [
              -89.42560299962776,
              39.74221799969048
            ],
            [
              -89.42505100015703,
              39.683695999753326
            ],
            [
              -89.47892300008502,
              39.68396400029954
            ],
            [
              -89.47847299982324,
              39.640841999997235
            ],
            [
              -89.53502799980694,
              39.64113800014862
            ],
            [
              -89.53083599985548,
              39.34886399992063
            ],
            [
              -89.02538199985031,
              39.34592000033141
            ],
            [
              -89.02569099964681,
              39.65463699989888
            ],
            [
              -89.13912500037762,
              39.65513099974527
            ],
            [
              -89.141967000442,
              39.80127300022491
            ],
            [
              -89.18819000023595,
              39.81752399990381
            ],
            [
              -89.23394600004967,
              39.8128520000811
            ],
            [
              -89.24851500039671,
              39.82574799979065
            ],
            [
              -89.26096599967926,
              39.80509300025348
            ],
            [
              -89.32849999975802,
              39.76360300026679
            ],
            [
              -89.35413600006366,
              39.77209299978178
            ],
            [
              -89.36260500035534,
              39.75579900002882
            ],
            [
              -89.37391800036123,
              39.75864599993127
            ],
            [
              -89.39733400039346,
              39.74209100004705
            ],
            [
              -89.42517099980763,
              39.7620220001151
            ],
            [
              -89.42558900028237,
              39.742454999905696
            ],
            [
              -89.42560299962776,
              39.74221799969048
            ]
          ]
        ]
      }
    },
    {
      "type": "Feature",
      "id": "us-county:17:023",
      "properties": {
        "boundary_id": "us-county:17:023",
        "boundary_type": "county",
        "name": "Clark County",
        "stateFips": "17",
        "countyFips": "023",
        "bbox": [
          -88.01394400011054,
          39.15751300021185,
          -87.53163999999877,
          39.48739199976343
        ]
      },
      "geometry": {
        "type": "Polygon",
        "coordinates": [
          [
            [
              -88.01394400011054,
              39.48079000025275
            ],
            [
              -88.00776600023738,
              39.17392499980236
            ],
            [
              -87.74617399965881,
              39.17922000002777
            ],
            [
              -87.74709599992372,
              39.17239099992737
            ],
            [
              -87.65691900011474,
              39.17217900022369
            ],
            [
              -87.65701799984895,
              39.15786000032795
            ],
            [
              -87.62879800012011,
              39.15751300021185
            ],
            [
              -87.64043400016618,
              39.1667270000757
            ],
            [
              -87.62052100034735,
              39.17033000009441
            ],
            [
              -87.6196030002804,
              39.1860319999688
            ],
            [
              -87.60629299958384,
              39.18513000010608
            ],
            [
              -87.57702900028967,
              39.21112299974556
            ],
            [
              -87.57931899998502,
              39.243551999719315
            ],
            [
              -87.57158600018538,
              39.25228699981886
            ],
            [
              -87.59348599975084,
              39.247451999678766
            ],
            [
              -87.6100500002404,
              39.2822320000375
            ],
            [
              -87.59794600038919,
              39.299479000257115
            ],
            [
              -87.62114700033625,
              39.30530600023359
            ],
            [
              -87.58485199960269,
              39.33732900019196
            ],
            [
              -87.55439999990486,
              39.3404880002099
            ],
            [
              -87.54401300036183,
              39.35290699975578
            ],
            [
              -87.53164599984655,
              39.34788799987565
            ],
            [
              -87.53163999999877,
              39.4771050002387
            ],
            [
              -87.68917199978635,
              39.47675600001255
            ],
            [
              -87.68897199976982,
              39.48739199976343
            ],
            [
              -88.01318400022734,
              39.480795999842016
            ],
            [
              -88.01394400011054,
              39.48079000025275
            ]
          ]
        ]
      }
    },
    {
      "type": "Feature",
      "id": "us-county:17:025",
      "properties": {
        "boundary_id": "us-county:17:025",
        "boundary_type": "county",
        "name": "Clay County",
        "stateFips": "17",
        "countyFips": "025",
        "bbox": [
          -88.69845899974798,
          38.60156999977651,
          -88.24908900044665,
          38.91461699990758
        ]
      },
      "geometry": {
        "type": "Polygon",
        "coordinates": [
          [
            [
              -88.69515899992422,
              38.82641199968392
            ],
            [
              -88.69845899974798,
              38.606062000040495
            ],
            [
              -88.24908900044665,
              38.60156999977651
            ],
            [
              -88.27097800014145,
              38.61928799989801
            ],
            [
              -88.28605399975339,
              38.619408000135756
            ],
            [
              -88.28095200013092,
              38.6247110003369
            ],
            [
              -88.29753599981368,
              38.63478000016256
            ],
            [
              -88.27229700006639,
              38.66355800015552
            ],
            [
              -88.28454999988053,
              38.68163199998252
            ],
            [
              -88.28705800003404,
              38.728011999991956
            ],
            [
              -88.2577739997501,
              38.73097700028058
            ],
            [
              -88.25858300003708,
              38.847529000201206
            ],
            [
              -88.36175800037309,
              38.85212399990017
            ],
            [
              -88.36174499995431,
              38.91084700019169
            ],
            [
              -88.6935310002028,
              38.91461699990758
            ],
            [
              -88.69513899983274,
              38.82733300017531
            ],
            [
              -88.69515899992422,
              38.82641199968392
            ]
          ]
        ]
      }
    },
    {
      "type": "Feature",
      "id": "us-county:17:027",
      "properties": {
        "boundary_id": "us-county:17:027",
        "boundary_type": "county",
        "name": "Clinton County",
        "stateFips": "17",
        "countyFips": "027",
        "bbox": [
          -89.70694900001652,
          38.415778999918444,
          -89.13839300008352,
          38.74323599991781
        ]
      },
      "geometry": {
        "type": "Polygon",
        "coordinates": [
          [
            [
              -89.4785969996718,
              38.471262000044334
            ],
            [
              -89.42849099972288,
              38.49907800028816
            ],
            [
              -89.41051600014518,
              38.48731499996661
            ],
            [
              -89.4059140001149,
              38.49564200004077
            ],
            [
              -89.40068500027083,
              38.48913100031529
            ],
            [
              -89.36714799993607,
              38.49799000019543
            ],
            [
              -89.35148300014517,
              38.518860999851725
            ],
            [
              -89.34568100001566,
              38.510049000005466
            ],
            [
              -89.31108800042,
              38.51251999969322
            ],
            [
              -89.29395499984294,
              38.50454600017497
            ],
            [
              -89.26415400024834,
              38.5104960000322
            ],
            [
              -89.14386600032509,
              38.503089000155256
            ],
            [
              -89.13839300008352,
              38.73633099979149
            ],
            [
              -89.59732100034606,
              38.74323599991781
            ],
            [
              -89.59510299972246,
              38.65594800011977
            ],
            [
              -89.70694900001652,
              38.65501899980877
            ],
            [
              -89.7042450000444,
              38.415778999918444
            ],
            [
              -89.68743100020788,
              38.429879999662425
            ],
            [
              -89.67784999968049,
              38.42473999965168
            ],
            [
              -89.67799699999358,
              38.43212099997982
            ],
            [
              -89.6670299995941,
              38.43233499980092
            ],
            [
              -89.6641780003823,
              38.44532599987612
            ],
            [
              -89.63283299983357,
              38.44718100002509
            ],
            [
              -89.62887500023386,
              38.46369599986018
            ],
            [
              -89.6140940001747,
              38.472988000197006
            ],
            [
              -89.57766600027007,
              38.48346100016492
            ],
            [
              -89.56483400032272,
              38.48280799996223
            ],
            [
              -89.56805499960545,
              38.475745000098755
            ],
            [
              -89.52864400006946,
              38.48110000018955
            ],
            [
              -89.47880699973408,
              38.471095999876866
            ],
            [
              -89.4785969996718,
              38.471262000044334
            ]
          ]
        ]
      }
    },
    {
      "type": "Feature",
      "id": "us-county:17:029",
      "properties": {
        "boundary_id": "us-county:17:029",
        "boundary_type": "county",
        "name": "Coles County",
        "stateFips": "17",
        "countyFips": "029",
        "bbox": [
          -88.47207300013181,
          39.3745310001312,
          -87.96017900031265,
          39.685972999959795
        ]
      },
      "geometry": {
        "type": "Polygon",
        "coordinates": [
          [
            [
              -87.96410900032328,
              39.58355000030796
            ],
            [
              -87.96634700014006,
              39.685972999959795
            ],
            [
              -88.06301300016682,
              39.68131099989095
            ],
            [
              -88.06351799978188,
              39.65265700005289
            ],
            [
              -88.47207300013181,
              39.65158799997096
            ],
            [
              -88.47084799991819,
              39.3745310001312
            ],
            [
              -88.01206600014386,
              39.3789710000141
            ],
            [
              -88.01394400011054,
              39.48079000025275
            ],
            [
              -87.96017900031265,
              39.48130899990464
            ],
            [
              -87.96405900009455,
              39.582324000159275
            ],
            [
              -87.96410900032328,
              39.58355000030796
            ]
          ]
        ]
      }
    },
    {
      "type": "Feature",
      "id": "us-county:17:031",
      "properties": {
        "boundary_id": "us-county:17:031",
        "boundary_type": "county",
        "name": "Cook County",
        "stateFips": "17",
        "countyFips": "031",
        "bbox": [
          -88.26364100017693,
          41.46984599996967,
          -87.1111620004459,
          42.15424900013547
        ]
      },
      "geometry": {
        "type": "Polygon",
        "coordinates": [
          [
            [
              -87.5249969997952,
              41.64463599982098
            ],
            [
              -87.52366100015183,
              41.75990699999969
            ],
            [
              -87.20777400004597,
              41.760955999928086
            ],
            [
              -87.1111620004459,
              42.149409000052664
            ],
            [
              -88.23844900028531,
              42.15424900013547
            ],
            [
              -88.23818599962127,
              42.066984999671604
            ],
            [
              -88.26364100017693,
              42.066872999890435
            ],
            [
              -88.26287500044596,
              41.98637800021031
            ],
            [
              -87.9204759998003,
              41.993886000035936
            ],
            [
              -87.91426399959197,
              41.716598000281216
            ],
            [
              -87.9666740003782,
              41.68674200027909
            ],
            [
              -88.0289729998668,
              41.68524199986988
            ],
            [
              -88.02768800027705,
              41.641505999862105
            ],
            [
              -87.91193000041402,
              41.643932999857576
            ],
            [
              -87.90937700005466,
              41.55681899994493
            ],
            [
              -87.7927930001862,
              41.558540000288914
            ],
            [
              -87.79030299957603,
              41.46984599996967
            ],
            [
              -87.52570499979988,
              41.47028300001316
            ],
            [
              -87.52505000039697,
              41.6392830003333
            ],
            [
              -87.5249969997952,
              41.64463599982098
            ]
          ]
        ]
      }
    },
    {
      "type": "Feature",
      "id": "us-county:17:033",
      "properties": {
        "boundary_id": "us-county:17:033",
        "boundary_type": "county",
        "name": "Crawford County",
        "stateFips": "17",
        "countyFips": "033",
        "bbox": [
          -87.95038500024825,
          38.8501480001365,
          -87.51218699958916,
          39.17922000002777
        ]
      },
      "geometry": {
        "type": "Polygon",
        "coordinates": [
          [
            [
              -87.73986699991423,
              39.17235700009676
            ],
            [
              -87.74617399965881,
              39.17922000002777
            ],
            [
              -87.95038500024825,
              39.1748819997559
            ],
            [
              -87.94591899976209,
              38.8501480001365
            ],
            [
              -87.53114500042945,
              38.85250700009312
            ],
            [
              -87.55338399992863,
              38.86334399976376
            ],
            [
              -87.53491899990614,
              38.87887399996166
            ],
            [
              -87.54408899963148,
              38.89509299987245
            ],
            [
              -87.53595499997385,
              38.88699300005314
            ],
            [
              -87.53369500041576,
              38.90095700022903
            ],
            [
              -87.51683100035052,
              38.90369700019966
            ],
            [
              -87.52764499969082,
              38.90768800010328
            ],
            [
              -87.52771500001103,
              38.91923200004383
            ],
            [
              -87.51882599959475,
              38.923204999765865
            ],
            [
              -87.52176499974351,
              38.94111700001496
            ],
            [
              -87.51218699958916,
              38.95441699994642
            ],
            [
              -87.52949599989331,
              38.97192499994399
            ],
            [
              -87.57653100034732,
              38.986711000176435
            ],
            [
              -87.56042700016525,
              38.99242499998493
            ],
            [
              -87.57911700031865,
              39.00160700030981
            ],
            [
              -87.56969599962481,
              39.01941300026767
            ],
            [
              -87.58037299959608,
              39.04070699976897
            ],
            [
              -87.57258799991789,
              39.057286000171565
            ],
            [
              -87.59637300002105,
              39.0796389998218
            ],
            [
              -87.62025799968329,
              39.0865720002938
            ],
            [
              -87.61568400014045,
              39.10331599966987
            ],
            [
              -87.65463600009211,
              39.109111000242144
            ],
            [
              -87.63497099997039,
              39.12008899981125
            ],
            [
              -87.65811099981808,
              39.134934000098106
            ],
            [
              -87.65278200041489,
              39.14943500019507
            ],
            [
              -87.6277419999609,
              39.15623000020526
            ],
            [
              -87.65701799984895,
              39.15786000032795
            ],
            [
              -87.65691900011474,
              39.17217900022369
            ],
            [
              -87.735449000007,
              39.17233600029559
            ],
            [
              -87.73986699991423,
              39.17235700009676
            ]
          ]
        ]
      }
    },
    {
      "type": "Feature",
      "id": "us-county:17:035",
      "properties": {
        "boundary_id": "us-county:17:035",
        "boundary_type": "county",
        "name": "Cumberland County",
        "stateFips": "17",
        "countyFips": "035",
        "bbox": [
          -88.47086499963663,
          39.17136099993594,
          -88.00776600023738,
          39.378968000346
        ]
      },
      "geometry": {
        "type": "Polygon",
        "coordinates": [
          [
            [
              -88.22353000013389,
              39.171380999957734
            ],
            [
              -88.00776600023738,
              39.17392499980236
            ],
            [
              -88.01212100039544,
              39.378968000346
            ],
            [
              -88.47083000037485,
              39.37451500018778
            ],
            [
              -88.47086499963663,
              39.17146300012671
            ],
            [
              -88.22927299981387,
              39.17136099993594
            ],
            [
              -88.22353000013389,
              39.171380999957734
            ]
          ]
        ]
      }
    },
    {
      "type": "Feature",
      "id": "us-county:17:037",
      "properties": {
        "boundary_id": "us-county:17:037",
        "boundary_type": "county",
        "name": "DeKalb County",
        "stateFips": "17",
        "countyFips": "037",
        "bbox": [
          -88.93973199972854,
          41.62831600012539,
          -88.58832999976212,
          42.1535900002497
        ]
      },
      "geometry": {
        "type": "Polygon",
        "coordinates": [
          [
            [
              -88.65072000038562,
              41.63099300016184
            ],
            [
              -88.60223999960999,
              41.631389000328895
            ],
            [
              -88.60195799957769,
              42.06646900025276
            ],
            [
              -88.58832999976212,
              42.066462000006894
            ],
            [
              -88.58865700000027,
              42.1535900002497
            ],
            [
              -88.93973199972854,
              42.15232000025548
            ],
            [
              -88.93867899994238,
              41.62831600012539
            ],
            [
              -88.65094600034142,
              41.630993999929665
            ],
            [
              -88.65072000038562,
              41.63099300016184
            ]
          ]
        ]
      }
    },
    {
      "type": "Feature",
      "id": "us-county:17:039",
      "properties": {
        "boundary_id": "us-county:17:039",
        "boundary_type": "county",
        "name": "De Witt County",
        "stateFips": "17",
        "countyFips": "039",
        "bbox": [
          -89.14876399973303,
          40.04885300020054,
          -88.57488500024465,
          40.282038000206875
        ]
      },
      "geometry": {
        "type": "Polygon",
        "coordinates": [
          [
            [
              -88.80333499960035,
              40.05533199993835
            ],
            [
              -88.74521200016969,
              40.055122000239415
            ],
            [
              -88.74534400041416,
              40.098812999895216
            ],
            [
              -88.68812200043367,
              40.09858299992022
            ],
            [
              -88.68799299966393,
              40.14226900004163
            ],
            [
              -88.57488500024465,
              40.28150100004409
            ],
            [
              -89.14876399973303,
              40.282038000206875
            ],
            [
              -89.14476400030053,
              40.04885300020054
            ],
            [
              -88.80374899987714,
              40.05532099984905
            ],
            [
              -88.80333499960035,
              40.05533199993835
            ]
          ]
        ]
      }
    },
    {
      "type": "Feature",
      "id": "us-county:17:041",
      "properties": {
        "boundary_id": "us-county:17:041",
        "boundary_type": "county",
        "name": "Douglas County",
        "stateFips": "17",
        "countyFips": "041",
        "bbox": [
          -88.47318199999445,
          39.65158799997096,
          -87.93702900041924,
          39.879803000191686
        ]
      },
      "geometry": {
        "type": "Polygon",
        "coordinates": [
          [
            [
              -88.1007549999735,
              39.65204799967729
            ],
            [
              -88.06351799978188,
              39.65265700005289
            ],
            [
              -88.06301300016682,
              39.68131099989095
            ],
            [
              -87.96634700014006,
              39.685972999959795
            ],
            [
              -87.96877699957747,
              39.79235000029166
            ],
            [
              -87.93702900041924,
              39.79237100007719
            ],
            [
              -87.93764500036238,
              39.879803000191686
            ],
            [
              -88.46220700009737,
              39.87909200032683
            ],
            [
              -88.46232799957288,
              39.791819999998154
            ],
            [
              -88.47318199999445,
              39.791836999988895
            ],
            [
              -88.47207300013181,
              39.65158799997096
            ],
            [
              -88.10095199961698,
              39.6520650002694
            ],
            [
              -88.1007549999735,
              39.65204799967729
            ]
          ]
        ]
      }
    },
    {
      "type": "Feature",
      "id": "us-county:17:043",
      "properties": {
        "boundary_id": "us-county:17:043",
        "boundary_type": "county",
        "name": "DuPage County",
        "stateFips": "17",
        "countyFips": "043",
        "bbox": [
          -88.26287500044596,
          41.68524199986988,
          -87.91426399959197,
          41.993886000035936
        ]
      },
      "geometry": {
        "type": "Polygon",
        "coordinates": [
          [
            [
              -87.92019700014104,
              41.95325900033301
            ],
            [
              -87.9204759998003,
              41.993886000035936
            ],
            [
              -88.26287500044596,
              41.98637800021031
            ],
            [
              -88.26195200035615,
              41.72465199990345
            ],
            [
              -88.03035200006619,
              41.728894000077545
            ],
            [
              -88.0289729998668,
              41.68524199986988
            ],
            [
              -87.9666740003782,
              41.68674200027909
            ],
            [
              -87.91426399959197,
              41.716598000281216
            ],
            [
              -87.92019700014104,
              41.95321299979227
            ],
            [
              -87.92019700014104,
              41.95325900033301
            ]
          ]
        ]
      }
    },
    {
      "type": "Feature",
      "id": "us-county:17:045",
      "properties": {
        "boundary_id": "us-county:17:045",
        "boundary_type": "county",
        "name": "Edgar County",
        "stateFips": "17",
        "countyFips": "045",
        "bbox": [
          -87.96877699957747,
          39.47675600001255,
          -87.53163999999877,
          39.883000000192546
        ]
      },
      "geometry": {
        "type": "Polygon",
        "coordinates": [
          [
            [
              -87.93764500036238,
              39.879803000191686
            ],
            [
              -87.93702900041924,
              39.79237100007719
            ],
            [
              -87.96877699957747,
              39.79235000029166
            ],
            [
              -87.96017900031265,
              39.48130899990464
            ],
            [
              -87.68897199976982,
              39.48739199976343
            ],
            [
              -87.68917199978635,
              39.47675600001255
            ],
            [
              -87.53163999999877,
              39.4771050002387
            ],
            [
              -87.53322800043553,
              39.883000000192546
            ],
            [
              -87.58167900000053,
              39.88230700028213
            ],
            [
              -87.55753300022238,
              39.868783999826434
            ],
            [
              -87.57884500033208,
              39.868459000126634
            ],
            [
              -87.61742200036502,
              39.86860799996797
            ],
            [
              -87.6151610000837,
              39.88157900033887
            ],
            [
              -87.93697400016765,
              39.879792000085125
            ],
            [
              -87.93764500036238,
              39.879803000191686
            ]
          ]
        ]
      }
    },
    {
      "type": "Feature",
      "id": "us-county:17:047",
      "properties": {
        "boundary_id": "us-county:17:047",
        "boundary_type": "county",
        "name": "Edwards County",
        "stateFips": "17",
        "countyFips": "047",
        "bbox": [
          -88.15089100005964,
          38.25615599997061,
          -87.9371740001842,
          38.57024999982294
        ]
      },
      "geometry": {
        "type": "Polygon",
        "coordinates": [
          [
            [
              -88.14797700002524,
              38.507595000130955
            ],
            [
              -88.15089100005964,
              38.25615599997061
            ],
            [
              -87.99062799963744,
              38.25962899976373
            ],
            [
              -87.98938200040575,
              38.273223999674165
            ],
            [
              -87.97284800005339,
              38.27421800005015
            ],
            [
              -87.97783699969797,
              38.28245600023455
            ],
            [
              -87.95109200042799,
              38.29093499986698
            ],
            [
              -87.9570490003682,
              38.30609599972602
            ],
            [
              -87.9461299996493,
              38.31016000024653
            ],
            [
              -87.95803000018432,
              38.319635000130894
            ],
            [
              -87.95444499995521,
              38.339733000244756
            ],
            [
              -87.9772209997548,
              38.37783900009557
            ],
            [
              -87.96495600024511,
              38.39107200009444
            ],
            [
              -87.97601200033304,
              38.4006139996702
            ],
            [
              -87.95201600034271,
              38.418422999693874
            ],
            [
              -87.94288799955184,
              38.4496289999677
            ],
            [
              -87.95681500001646,
              38.49709999999446
            ],
            [
              -87.94760799958289,
              38.5057570002967
            ],
            [
              -87.95300499965644,
              38.51961899986108
            ],
            [
              -87.9371740001842,
              38.528144999808795
            ],
            [
              -87.95287199958705,
              38.54318099975958
            ],
            [
              -87.95461800020756,
              38.57024999982294
            ],
            [
              -88.14780299994797,
              38.56903700021097
            ],
            [
              -88.14797600020032,
              38.50766599993001
            ],
            [
              -88.14797700002524,
              38.507595000130955
            ]
          ]
        ]
      }
    },
    {
      "type": "Feature",
      "id": "us-county:17:049",
      "properties": {
        "boundary_id": "us-county:17:049",
        "boundary_type": "county",
        "name": "Effingham County",
        "stateFips": "17",
        "countyFips": "049",
        "bbox": [
          -88.806795000156,
          38.91084700019169,
          -88.36065399963502,
          39.216263000151386
        ]
      },
      "geometry": {
        "type": "Polygon",
        "coordinates": [
          [
            [
              -88.80549399977443,
              39.17316500018628
            ],
            [
              -88.806795000156,
              38.91158500011545
            ],
            [
              -88.36174499995431,
              38.91084700019169
            ],
            [
              -88.36065399963502,
              39.1711179997048
            ],
            [
              -88.47086499963663,
              39.17146300012671
            ],
            [
              -88.47090599964453,
              39.21502899978893
            ],
            [
              -88.80532499972003,
              39.216263000151386
            ],
            [
              -88.80547600023108,
              39.17544600017113
            ],
            [
              -88.80549399977443,
              39.17316500018628
            ]
          ]
        ]
      }
    },
    {
      "type": "Feature",
      "id": "us-county:17:051",
      "properties": {
        "boundary_id": "us-county:17:051",
        "boundary_type": "county",
        "name": "Fayette County",
        "stateFips": "17",
        "countyFips": "051",
        "bbox": [
          -89.25418500028175,
          38.73633099979149,
          -88.6935310002028,
          39.21751199996772
        ]
      },
      "geometry": {
        "type": "Polygon",
        "coordinates": [
          [
            [
              -88.80760100006997,
              38.82446999984684
            ],
            [
              -88.695164999772,
              38.82629899987675
            ],
            [
              -88.6935310002028,
              38.91460399987906
            ],
            [
              -88.806795000156,
              38.91158500011545
            ],
            [
              -88.80532499972003,
              39.216263000151386
            ],
            [
              -89.25051300001398,
              39.21751199996772
            ],
            [
              -89.25418500028175,
              38.74201799965012
            ],
            [
              -89.13839300008352,
              38.73633099979149
            ],
            [
              -89.1381379998154,
              38.82420899983204
            ],
            [
              -88.80764399972766,
              38.82445999967892
            ],
            [
              -88.80760100006997,
              38.82446999984684
            ]
          ]
        ]
      }
    },
    {
      "type": "Feature",
      "id": "us-county:17:053",
      "properties": {
        "boundary_id": "us-county:17:053",
        "boundary_type": "county",
        "name": "Ford County",
        "stateFips": "17",
        "countyFips": "053",
        "bbox": [
          -88.4599569996867,
          40.39884999978479,
          -87.9317119998133,
          40.99777700010697
        ]
      },
      "geometry": {
        "type": "Polygon",
        "coordinates": [
          [
            [
              -88.24730000016844,
              40.99456000000374
            ],
            [
              -88.2349500002699,
              40.61820800013839
            ],
            [
              -88.45947499963785,
              40.61734500005883
            ],
            [
              -88.4599569996867,
              40.39884999978479
            ],
            [
              -87.9317119998133,
              40.39939999991234
            ],
            [
              -87.93530899973798,
              40.48592299972498
            ],
            [
              -88.11790000024612,
              40.48785599977673
            ],
            [
              -88.13193499976748,
              40.99777700010697
            ],
            [
              -88.2459750003957,
              40.994606999870555
            ],
            [
              -88.24730000016844,
              40.99456000000374
            ]
          ]
        ]
      }
    },
    {
      "type": "Feature",
      "id": "us-county:17:055",
      "properties": {
        "boundary_id": "us-county:17:055",
        "boundary_type": "county",
        "name": "Franklin County",
        "stateFips": "17",
        "countyFips": "055",
        "bbox": [
          -89.17837100005718,
          37.86192699986131,
          -88.70460599965901,
          38.12661700008996
        ]
      },
      "geometry": {
        "type": "Polygon",
        "coordinates": [
          [
            [
              -88.70648799982364,
              37.95104900029338
            ],
            [
              -88.70460599965901,
              38.12519499988661
            ],
            [
              -88.8507330002775,
              38.12661700008996
            ],
            [
              -89.12963199971378,
              38.1247669999405
            ],
            [
              -89.13128899974753,
              38.10358199981386
            ],
            [
              -89.13761599958359,
              38.104846999958035
            ],
            [
              -89.11537100023662,
              38.094097999672286
            ],
            [
              -89.1227199998967,
              38.08229399986968
            ],
            [
              -89.12355699977279,
              38.06367699986509
            ],
            [
              -89.11713799987523,
              38.06326400002906
            ],
            [
              -89.14682999968987,
              38.03148699969465
            ],
            [
              -89.13605399998441,
              38.01779599973204
            ],
            [
              -89.15514699964561,
              37.96746899973795
            ],
            [
              -89.17837100005718,
              37.95172000005814
            ],
            [
              -89.15083400021867,
              37.950195999986526
            ],
            [
              -89.1511759996271,
              37.86199899982107
            ],
            [
              -89.1377219998888,
              37.86192699986131
            ],
            [
              -88.70675899998531,
              37.86345700000704
            ],
            [
              -88.70648899964854,
              37.951020000260414
            ],
            [
              -88.70648799982364,
              37.95104900029338
            ]
          ]
        ]
      }
    },
    {
      "type": "Feature",
      "id": "us-county:17:057",
      "properties": {
        "boundary_id": "us-county:17:057",
        "boundary_type": "county",
        "name": "Fulton County",
        "stateFips": "17",
        "countyFips": "057",
        "bbox": [
          -90.45191600003633,
          40.18381200025596,
          -89.87246300002408,
          40.714867999795345
        ]
      },
      "geometry": {
        "type": "Polygon",
        "coordinates": [
          [
            [
              -90.44562699983511,
              40.62763800005667
            ],
            [
              -90.45191600003633,
              40.188803000291614
            ],
            [
              -90.19963499964842,
              40.18381200025596
            ],
            [
              -90.16858899974875,
              40.213450000199764
            ],
            [
              -90.12073400003544,
              40.23299999970409
            ],
            [
              -90.10729299981762,
              40.26090000023256
            ],
            [
              -90.0687400000741,
              40.296100000140505
            ],
            [
              -90.06870999993687,
              40.31388800030587
            ],
            [
              -90.05310600024535,
              40.32792500009538
            ],
            [
              -90.05164900022814,
              40.35217699970285
            ],
            [
              -90.03795000026746,
              40.37504099981675
            ],
            [
              -89.98375799977401,
              40.392635999849986
            ],
            [
              -89.95517599964691,
              40.420183999934395
            ],
            [
              -89.90854299977416,
              40.445278000208184
            ],
            [
              -89.87246300002408,
              40.51312700009571
            ],
            [
              -89.87367999984176,
              40.624975000277736
            ],
            [
              -89.98901799958023,
              40.625835000039686
            ],
            [
              -89.98606400026118,
              40.71236100017773
            ],
            [
              -90.44433899987231,
              40.714867999795345
            ],
            [
              -90.44561599996446,
              40.627906999702866
            ],
            [
              -90.44562699983511,
              40.62763800005667
            ]
          ]
        ]
      }
    },
    {
      "type": "Feature",
      "id": "us-county:17:059",
      "properties": {
        "boundary_id": "us-county:17:059",
        "boundary_type": "county",
        "name": "Gallatin County",
        "stateFips": "17",
        "countyFips": "059",
        "bbox": [
          -88.37543399986923,
          37.57381299970851,
          -88.02821700018157,
          37.91611800001107
        ]
      },
      "geometry": {
        "type": "Polygon",
        "coordinates": [
          [
            [
              -88.04005800026707,
              37.77595700017631
            ],
            [
              -88.0307810004116,
              37.807329000057294
            ],
            [
              -88.06892200042644,
              37.800982999966976
            ],
            [
              -88.09184800001387,
              37.822107999753534
            ],
            [
              -88.07994099980615,
              37.830986000347416
            ],
            [
              -88.03695799956152,
              37.823163000126435
            ],
            [
              -88.02821700018157,
              37.8385850002778
            ],
            [
              -88.05942499956464,
              37.84873200017787
            ],
            [
              -88.08438499965267,
              37.88558200013504
            ],
            [
              -88.13588700041771,
              37.91611800001107
            ],
            [
              -88.13653799962266,
              37.907737000290595
            ],
            [
              -88.37452099982517,
              37.908391000234516
            ],
            [
              -88.37543399986923,
              37.59959499975494
            ],
            [
              -88.17967700040121,
              37.599227999664116
            ],
            [
              -88.15267899961462,
              37.57381299970851
            ],
            [
              -88.13428100043761,
              37.5746359999296
            ],
            [
              -88.15706800010788,
              37.63327500001841
            ],
            [
              -88.15872099994364,
              37.66357299968739
            ],
            [
              -88.12152200028518,
              37.710242999686514
            ],
            [
              -88.0637520001336,
              37.73860900017615
            ],
            [
              -88.04012900041218,
              37.775518000032804
            ],
            [
              -88.04005800026707,
              37.77595700017631
            ]
          ]
        ]
      }
    },
    {
      "type": "Feature",
      "id": "us-county:17:061",
      "properties": {
        "boundary_id": "us-county:17:061",
        "boundary_type": "county",
        "name": "Greene County",
        "stateFips": "17",
        "countyFips": "061",
        "bbox": [
          -90.62226700025083,
          39.11759200025266,
          -90.1480690002076,
          39.521728000034905
        ]
      },
      "geometry": {
        "type": "Polygon",
        "coordinates": [
          [
            [
              -90.29549800013429,
              39.225012999918015
            ],
            [
              -90.20176899970814,
              39.22549699986744
            ],
            [
              -90.20268099992731,
              39.25819200008984
            ],
            [
              -90.1480690002076,
              39.261946999841214
            ],
            [
              -90.15378199975034,
              39.52031499996613
            ],
            [
              -90.58105499984272,
              39.521728000034905
            ],
            [
              -90.61050200033331,
              39.457446999822714
            ],
            [
              -90.62226700025083,
              39.3669359999786
            ],
            [
              -90.60242999970163,
              39.29269299970239
            ],
            [
              -90.60979599997847,
              39.25981199976015
            ],
            [
              -90.59209900023511,
              39.2164390001865
            ],
            [
              -90.59209500003713,
              39.195789999880276
            ],
            [
              -90.61464599970586,
              39.153789000161424
            ],
            [
              -90.60356899970152,
              39.11759200025266
            ],
            [
              -90.59795900009094,
              39.13675200030907
            ],
            [
              -90.58280300011306,
              39.14432699986919
            ],
            [
              -90.58536399997006,
              39.161552999895164
            ],
            [
              -90.57519900018485,
              39.16783600023288
            ],
            [
              -90.58058700003758,
              39.18489499983592
            ],
            [
              -90.57242200041782,
              39.177331999670365
            ],
            [
              -90.52681600039193,
              39.1924490001791
            ],
            [
              -90.5032360003282,
              39.181705000008435
            ],
            [
              -90.49579300005847,
              39.16023500007785
            ],
            [
              -90.48762400024074,
              39.17500500011735
            ],
            [
              -90.31328899958898,
              39.174289000242574
            ],
            [
              -90.31392999964649,
              39.22512800020828
            ],
            [
              -90.30070400041213,
              39.2250510000348
            ],
            [
              -90.29549800013429,
              39.225012999918015
            ]
          ]
        ]
      }
    },
    {
      "type": "Feature",
      "id": "us-county:17:063",
      "properties": {
        "boundary_id": "us-county:17:063",
        "boundary_type": "county",
        "name": "Grundy County",
        "stateFips": "17",
        "countyFips": "063",
        "bbox": [
          -88.59596100035283,
          41.10828000022694,
          -88.24088899976846,
          41.46306600002617
        ]
      },
      "geometry": {
        "type": "Polygon",
        "coordinates": [
          [
            [
              -88.29853699972129,
              41.113184999849054
            ],
            [
              -88.24088899976846,
              41.11438300016972
            ],
            [
              -88.25223100008667,
              41.46306600002617
            ],
            [
              -88.59596100035283,
              41.45712900005412
            ],
            [
              -88.58624000008335,
              41.10828000022694
            ],
            [
              -88.29874299958561,
              41.11317900000263
            ],
            [
              -88.29853699972129,
              41.113184999849054
            ]
          ]
        ]
      }
    },
    {
      "type": "Feature",
      "id": "us-county:17:065",
      "properties": {
        "boundary_id": "us-county:17:065",
        "boundary_type": "county",
        "name": "Hamilton County",
        "stateFips": "17",
        "countyFips": "065",
        "bbox": [
          -88.70662199971794,
          37.90679699989975,
          -88.37036700040689,
          38.256661000058294
        ]
      },
      "geometry": {
        "type": "Polygon",
        "coordinates": [
          [
            [
              -88.48526499992929,
              37.90703200006009
            ],
            [
              -88.374530000046,
              37.907677999978375
            ],
            [
              -88.37036700040689,
              38.25548100005785
            ],
            [
              -88.70239100030675,
              38.256661000058294
            ],
            [
              -88.70662199971794,
              37.90679699989975
            ],
            [
              -88.4854209995649,
              37.90705800017952
            ],
            [
              -88.48526499992929,
              37.90703200006009
            ]
          ]
        ]
      }
    },
    {
      "type": "Feature",
      "id": "us-county:17:067",
      "properties": {
        "boundary_id": "us-county:17:067",
        "boundary_type": "county",
        "name": "Hancock County",
        "stateFips": "17",
        "countyFips": "067",
        "bbox": [
          -91.50582800020774,
          40.1930879998884,
          -90.90421600016393,
          40.639201000255795
        ]
      },
      "geometry": {
        "type": "Polygon",
        "coordinates": [
          [
            [
              -90.90608699955959,
              40.55085899982191
            ],
            [
              -90.90421600016393,
              40.639201000255795
            ],
            [
              -91.24785099999552,
              40.6383900002111
            ],
            [
              -91.34873300026315,
              40.60969499985957
            ],
            [
              -91.40637299982008,
              40.55183099974926
            ],
            [
              -91.40412499995753,
              40.53912699977687
            ],
            [
              -91.38453099998092,
              40.53094799987357
            ],
            [
              -91.364210999558,
              40.50004300023655
            ],
            [
              -91.38146799998361,
              40.44604000013522
            ],
            [
              -91.3751510001933,
              40.39317199992283
            ],
            [
              -91.4156949998814,
              40.3813809999828
            ],
            [
              -91.4621400003315,
              40.342413999931836
            ],
            [
              -91.4909709999806,
              40.28336399981506
            ],
            [
              -91.49052400009185,
              40.2594979999636
            ],
            [
              -91.50582800020774,
              40.238838999666285
            ],
            [
              -91.50506099975352,
              40.19992500007594
            ],
            [
              -90.91196900005505,
              40.1930879998884
            ],
            [
              -90.90609800032856,
              40.550798000221086
            ],
            [
              -90.90608699955959,
              40.55085899982191
            ]
          ]
        ]
      }
    },
    {
      "type": "Feature",
      "id": "us-county:17:069",
      "properties": {
        "boundary_id": "us-county:17:069",
        "boundary_type": "county",
        "name": "Hardin County",
        "stateFips": "17",
        "countyFips": "069",
        "bbox": [
          -88.41541199984289,
          37.4017359998214,
          -88.06282700039397,
          37.599624999870485
        ]
      },
      "geometry": {
        "type": "Polygon",
        "coordinates": [
          [
            [
              -88.22290999999278,
              37.457824999777166
            ],
            [
              -88.08387099981677,
              37.47204700011855
            ],
            [
              -88.06543000008375,
              37.48875999997833
            ],
            [
              -88.06282700039397,
              37.514860999740954
            ],
            [
              -88.12135300023077,
              37.56828600003512
            ],
            [
              -88.15267899961462,
              37.57381299970851
            ],
            [
              -88.17967700040121,
              37.599227999664116
            ],
            [
              -88.41269700000014,
              37.599624999870485
            ],
            [
              -88.41541199984289,
              37.423820999916714
            ],
            [
              -88.36446499981993,
              37.4017359998214
            ],
            [
              -88.2997190002772,
              37.446305000087705
            ],
            [
              -88.22364599958654,
              37.45775900027904
            ],
            [
              -88.22290999999278,
              37.457824999777166
            ]
          ]
        ]
      }
    },
    {
      "type": "Feature",
      "id": "us-county:17:071",
      "properties": {
        "boundary_id": "us-county:17:071",
        "boundary_type": "county",
        "name": "Henderson County",
        "stateFips": "17",
        "countyFips": "071",
        "bbox": [
          -91.18529499969067,
          40.63575000030335,
          -90.78519399956382,
          41.07024999992013
        ]
      },
      "geometry": {
        "type": "Polygon",
        "coordinates": [
          [
            [
              -90.90421600016393,
              40.639201000255795
            ],
            [
              -90.78965199965404,
              40.63575000030335
            ],
            [
              -90.78519399956382,
              41.068749000035844
            ],
            [
              -90.94898899961338,
              41.07024999992013
            ],
            [
              -90.94225300042172,
              41.034702000298104
            ],
            [
              -90.962916000078,
              40.92495699983892
            ],
            [
              -91.0095360004303,
              40.90056500018016
            ],
            [
              -91.09299300004281,
              40.82107900029624
            ],
            [
              -91.0917030004302,
              40.77970800032544
            ],
            [
              -91.1104239996474,
              40.74552799991186
            ],
            [
              -91.12082000030958,
              40.67277699989395
            ],
            [
              -91.18529499969067,
              40.637803000005256
            ],
            [
              -90.9043550000811,
              40.63919700024618
            ],
            [
              -90.90421600016393,
              40.639201000255795
            ]
          ]
        ]
      }
    },
    {
      "type": "Feature",
      "id": "us-county:17:073",
      "properties": {
        "boundary_id": "us-county:17:073",
        "boundary_type": "county",
        "name": "Henry County",
        "stateFips": "17",
        "countyFips": "073",
        "bbox": [
          -90.43765200018613,
          41.149492999713736,
          -89.85713200014402,
          41.58457399981782
        ]
      },
      "geometry": {
        "type": "Polygon",
        "coordinates": [
          [
            [
              -89.85722400020552,
              41.49676499976589
            ],
            [
              -89.86235099994235,
              41.58400500017099
            ],
            [
              -90.18553599965466,
              41.58457399981782
            ],
            [
              -90.1799200001963,
              41.56975900020996
            ],
            [
              -90.19596699957863,
              41.54036600031819
            ],
            [
              -90.25012300008709,
              41.522755000291454
            ],
            [
              -90.35872700028368,
              41.506133999838184
            ],
            [
              -90.37652799978413,
              41.478734000221245
            ],
            [
              -90.43193000042257,
              41.456834000210236
            ],
            [
              -90.43765200018613,
              41.15146299993365
            ],
            [
              -89.86815200024694,
              41.149492999713736
            ],
            [
              -89.86779300022174,
              41.23443000005766
            ],
            [
              -89.85749600019209,
              41.23465499974509
            ],
            [
              -89.85713200014402,
              41.48815100025461
            ],
            [
              -89.85722400020552,
              41.49676499976589
            ]
          ]
        ]
      }
    },
    {
      "type": "Feature",
      "id": "us-county:17:075",
      "properties": {
        "boundary_id": "us-county:17:075",
        "boundary_type": "county",
        "name": "Iroquois County",
        "stateFips": "17",
        "countyFips": "075",
        "bbox": [
          -88.13193499976748,
          40.48641299990213,
          -87.52620799976512,
          41.01034100026091
        ]
      },
      "geometry": {
        "type": "Polygon",
        "coordinates": [
          [
            [
              -87.87844599978273,
              40.486423000231
            ],
            [
              -87.52636599994887,
              40.49123700002876
            ],
            [
              -87.52620799976512,
              41.01034100026091
            ],
            [
              -88.13193499976748,
              40.99777700010697
            ],
            [
              -88.11790000024612,
              40.48785599977673
            ],
            [
              -87.87902999993881,
              40.48641299990213
            ],
            [
              -87.87844599978273,
              40.486423000231
            ]
          ]
        ]
      }
    },
    {
      "type": "Feature",
      "id": "us-county:17:077",
      "properties": {
        "boundary_id": "us-county:17:077",
        "boundary_type": "county",
        "name": "Jackson County",
        "stateFips": "17",
        "countyFips": "077",
        "bbox": [
          -89.68086499999721,
          37.56316599969801,
          -89.15083400021867,
          37.955343000348265
        ]
      },
      "geometry": {
        "type": "Polygon",
        "coordinates": [
          [
            [
              -89.45317999964927,
              37.59998299965103
            ],
            [
              -89.15361699983347,
              37.600237000013294
            ],
            [
              -89.15083400021867,
              37.950195999986526
            ],
            [
              -89.59507299958521,
              37.955343000348265
            ],
            [
              -89.65793000018894,
              37.855957000291305
            ],
            [
              -89.6644389995999,
              37.829131000243656
            ],
            [
              -89.68086499999721,
              37.82250099983962
            ],
            [
              -89.66037999971783,
              37.78629600007876
            ],
            [
              -89.66554599981272,
              37.75209500013047
            ],
            [
              -89.61727799964751,
              37.74971999985789
            ],
            [
              -89.58331600006363,
              37.71326100009821
            ],
            [
              -89.51425499964748,
              37.68992300016626
            ],
            [
              -89.51771799967787,
              37.64121700021081
            ],
            [
              -89.47602999996703,
              37.59022599994742
            ],
            [
              -89.48906000028113,
              37.580317999884414
            ],
            [
              -89.51800700028119,
              37.5839610003513
            ],
            [
              -89.5215640000229,
              37.572156000181636
            ],
            [
              -89.50324999961315,
              37.578155999882185
            ],
            [
              -89.50212999987986,
              37.57055399985035
            ],
            [
              -89.46773099955465,
              37.56316599969801
            ],
            [
              -89.45324099974863,
              37.579194000004925
            ],
            [
              -89.45308699976285,
              37.599870000242326
            ],
            [
              -89.45317999964927,
              37.59998299965103
            ]
          ]
        ]
      }
    },
    {
      "type": "Feature",
      "id": "us-county:17:079",
      "properties": {
        "boundary_id": "us-county:17:079",
        "boundary_type": "county",
        "name": "Jasper County",
        "stateFips": "17",
        "countyFips": "079",
        "bbox": [
          -88.36175800037309,
          38.849329999949276,
          -87.94591899976209,
          39.1748819997559
        ]
      },
      "geometry": {
        "type": "Polygon",
        "coordinates": [
          [
            [
              -88.05688899982201,
              38.84936400010848
            ],
            [
              -87.94591899976209,
              38.8501480001365
            ],
            [
              -87.95038500024825,
              39.1748819997559
            ],
            [
              -88.36065399963502,
              39.1711179997048
            ],
            [
              -88.36175800037309,
              38.85212399990017
            ],
            [
              -88.05843399970277,
              38.849329999949276
            ],
            [
              -88.05688899982201,
              38.84936400010848
            ]
          ]
        ]
      }
    },
    {
      "type": "Feature",
      "id": "us-county:17:081",
      "properties": {
        "boundary_id": "us-county:17:081",
        "boundary_type": "county",
        "name": "Jefferson County",
        "stateFips": "17",
        "countyFips": "081",
        "bbox": [
          -89.14984099980865,
          38.1250540003235,
          -88.69896099988833,
          38.474913999871625
        ]
      },
      "geometry": {
        "type": "Polygon",
        "coordinates": [
          [
            [
              -88.93079999965457,
              38.12548299993721
            ],
            [
              -88.70460599965901,
              38.12519499988661
            ],
            [
              -88.69896099988833,
              38.474913999871625
            ],
            [
              -89.14438799965859,
              38.47387800002307
            ],
            [
              -89.14984099980865,
              38.1250540003235
            ],
            [
              -88.93139800005437,
              38.1254800001266
            ],
            [
              -88.93079999965457,
              38.12548299993721
            ]
          ]
        ]
      }
    },
    {
      "type": "Feature",
      "id": "us-county:17:083",
      "properties": {
        "boundary_id": "us-county:17:083",
        "boundary_type": "county",
        "name": "Jersey County",
        "stateFips": "17",
        "countyFips": "083",
        "bbox": [
          -90.60356899970152,
          38.92352499975182,
          -90.14589199959188,
          39.261946999841214
        ]
      },
      "geometry": {
        "type": "Polygon",
        "coordinates": [
          [
            [
              -90.14589900016287,
              39.08671399999168
            ],
            [
              -90.14812100008614,
              39.261946999841214
            ],
            [
              -90.20268099992731,
              39.25819200008984
            ],
            [
              -90.20176899970814,
              39.22549699986744
            ],
            [
              -90.31392999964649,
              39.22512800020828
            ],
            [
              -90.31328899958898,
              39.174289000242574
            ],
            [
              -90.48762400024074,
              39.17500500011735
            ],
            [
              -90.49579300005847,
              39.16023500007785
            ],
            [
              -90.5032360003282,
              39.181705000008435
            ],
            [
              -90.52681600039193,
              39.1924490001791
            ],
            [
              -90.57242200041782,
              39.177331999670365
            ],
            [
              -90.58058700003758,
              39.18489499983592
            ],
            [
              -90.57519900018485,
              39.16783600023288
            ],
            [
              -90.58536399997006,
              39.161552999895164
            ],
            [
              -90.58280300011306,
              39.14432699986919
            ],
            [
              -90.59795900009094,
              39.13675200030907
            ],
            [
              -90.60356899970152,
              39.11759200025266
            ],
            [
              -90.58140600037034,
              39.0656800002027
            ],
            [
              -90.58984899982444,
              39.04950100010139
            ],
            [
              -90.57540400022428,
              39.03303199977219
            ],
            [
              -90.57156100025229,
              38.99609599996766
            ],
            [
              -90.53465700014661,
              38.95849899969545
            ],
            [
              -90.5151629997291,
              38.95461500001953
            ],
            [
              -90.46776599977518,
              38.969208000334746
            ],
            [
              -90.40636699991185,
              38.96255400021508
            ],
            [
              -90.30611300018124,
              38.92352499975182
            ],
            [
              -90.27570199959298,
              38.92352900011818
            ],
            [
              -90.27395900024385,
              38.99903600005424
            ],
            [
              -90.14598399965337,
              38.99930299998349
            ],
            [
              -90.14589199959188,
              39.08186900001025
            ],
            [
              -90.14589900016287,
              39.08671399999168
            ]
          ]
        ]
      }
    },
    {
      "type": "Feature",
      "id": "us-county:17:085",
      "properties": {
        "boundary_id": "us-county:17:085",
        "boundary_type": "county",
        "name": "Jo Daviess County",
        "stateFips": "17",
        "countyFips": "085",
        "bbox": [
          -90.6562849999112,
          42.19364499985729,
          -89.91977200011445,
          42.508481000028475
        ]
      },
      "geometry": {
        "type": "Polygon",
        "coordinates": [
          [
            [
              -90.21448199982983,
              42.19578999994439
            ],
            [
              -89.91977200011445,
              42.19688100012639
            ],
            [
              -89.92646600037163,
              42.50577200026428
            ],
            [
              -90.64284299986848,
              42.508481000028475
            ],
            [
              -90.6562849999112,
              42.49137100017849
            ],
            [
              -90.64607300027035,
              42.471087000255615
            ],
            [
              -90.56796799962724,
              42.44038900001316
            ],
            [
              -90.5550179996791,
              42.416138000071726
            ],
            [
              -90.47727899963219,
              42.38379399995806
            ],
            [
              -90.44387400044022,
              42.35521800022162
            ],
            [
              -90.4159369996703,
              42.322699000037034
            ],
            [
              -90.43088400030912,
              42.27823000001415
            ],
            [
              -90.39110800000182,
              42.225472999983324
            ],
            [
              -90.317395000225,
              42.19364499985729
            ],
            [
              -90.21465099988421,
              42.19578400027743
            ],
            [
              -90.21448199982983,
              42.19578999994439
            ]
          ]
        ]
      }
    },
    {
      "type": "Feature",
      "id": "us-county:17:087",
      "properties": {
        "boundary_id": "us-county:17:087",
        "boundary_type": "county",
        "name": "Johnson County",
        "stateFips": "17",
        "countyFips": "087",
        "bbox": [
          -89.04469100031989,
          37.29393300015249,
          -88.70854599971537,
          37.59927700034918
        ]
      },
      "geometry": {
        "type": "Polygon",
        "coordinates": [
          [
            [
              -88.81989499989197,
              37.33544599968958
            ],
            [
              -88.71073800039972,
              37.33708100016727
            ],
            [
              -88.70854599971537,
              37.59927700034918
            ],
            [
              -89.04140099964354,
              37.59657600003343
            ],
            [
              -89.04469100031989,
              37.29393300015249
            ],
            [
              -89.00460100019325,
              37.31116300018721
            ],
            [
              -88.96357799993105,
              37.29737999969712
            ],
            [
              -88.92690300015423,
              37.30306300026606
            ],
            [
              -88.89756100014395,
              37.31749100031892
            ],
            [
              -88.90507100036082,
              37.33574300029591
            ],
            [
              -88.81992400020428,
              37.33544599968958
            ],
            [
              -88.81989499989197,
              37.33544599968958
            ]
          ]
        ]
      }
    },
    {
      "type": "Feature",
      "id": "us-county:17:089",
      "properties": {
        "boundary_id": "us-county:17:089",
        "boundary_type": "county",
        "name": "Kane County",
        "stateFips": "17",
        "countyFips": "089",
        "bbox": [
          -88.60195799957769,
          41.7195630001393,
          -88.23818599962127,
          42.15424900013547
        ]
      },
      "geometry": {
        "type": "Polygon",
        "coordinates": [
          [
            [
              -88.37532000006641,
              41.7226099998137
            ],
            [
              -88.26195200035615,
              41.72465199990345
            ],
            [
              -88.26364100017693,
              42.066872999890435
            ],
            [
              -88.23818599962127,
              42.066984999671604
            ],
            [
              -88.23844900028531,
              42.15424900013547
            ],
            [
              -88.58865700000027,
              42.1535900002497
            ],
            [
              -88.58832999976212,
              42.066462000006894
            ],
            [
              -88.60195799957769,
              42.06646900025276
            ],
            [
              -88.60193300036165,
              41.7195630001393
            ],
            [
              -88.3757839996736,
              41.72260599972622
            ],
            [
              -88.37532000006641,
              41.7226099998137
            ]
          ]
        ]
      }
    },
    {
      "type": "Feature",
      "id": "us-county:17:091",
      "properties": {
        "boundary_id": "us-county:17:091",
        "boundary_type": "county",
        "name": "Kankakee County",
        "stateFips": "17",
        "countyFips": "091",
        "bbox": [
          -88.25150100034071,
          40.99456000000374,
          -87.52620799976512,
          41.29805200021454
        ]
      },
      "geometry": {
        "type": "Polygon",
        "coordinates": [
          [
            [
              -87.65545799989958,
              41.00824399984881
            ],
            [
              -87.52620799976512,
              41.01034100026091
            ],
            [
              -87.52673099982185,
              41.29805200021454
            ],
            [
              -88.01391899999618,
              41.29244700028042
            ],
            [
              -88.01181000005082,
              41.20550800007123
            ],
            [
              -88.2441440002847,
              41.201565999910564
            ],
            [
              -88.24088899976846,
              41.11438300016972
            ],
            [
              -88.25150100034071,
              41.11421800009672
            ],
            [
              -88.24730000016844,
              40.99456000000374
            ],
            [
              -87.65551200032627,
              41.0081269999636
            ],
            [
              -87.65545799989958,
              41.00824399984881
            ]
          ]
        ]
      }
    },
    {
      "type": "Feature",
      "id": "us-county:17:093",
      "properties": {
        "boundary_id": "us-county:17:093",
        "boundary_type": "county",
        "name": "Kendall County",
        "stateFips": "17",
        "countyFips": "093",
        "bbox": [
          -88.60361999963429,
          41.45712900005412,
          -88.25223100008667,
          41.72465599986361
        ]
      },
      "geometry": {
        "type": "Polygon",
        "coordinates": [
          [
            [
              -88.36528900017554,
              41.46049400021415
            ],
            [
              -88.25223100008667,
              41.46306600002617
            ],
            [
              -88.26127500031362,
              41.72465599986361
            ],
            [
              -88.60361999963429,
              41.719545999965376
            ],
            [
              -88.59596100035283,
              41.45712900005412
            ],
            [
              -88.36666900019985,
              41.460478999777614
            ],
            [
              -88.36528900017554,
              41.46049400021415
            ]
          ]
        ]
      }
    },
    {
      "type": "Feature",
      "id": "us-county:17:095",
      "properties": {
        "boundary_id": "us-county:17:095",
        "boundary_type": "county",
        "name": "Knox County",
        "stateFips": "17",
        "countyFips": "095",
        "bbox": [
          -90.44433899987231,
          40.71236100017773,
          -89.98455899966508,
          41.15146299993365
        ]
      },
      "geometry": {
        "type": "Polygon",
        "coordinates": [
          [
            [
              -89.98547900028015,
              40.974494999825545
            ],
            [
              -89.98455899966508,
              41.14939399979043
            ],
            [
              -90.43765200018613,
              41.15146299993365
            ],
            [
              -90.44433899987231,
              40.714867999795345
            ],
            [
              -89.98606400026118,
              40.71236100017773
            ],
            [
              -89.98548000010507,
              40.97440000016091
            ],
            [
              -89.98547900028015,
              40.974494999825545
            ]
          ]
        ]
      }
    },
    {
      "type": "Feature",
      "id": "us-county:17:097",
      "properties": {
        "boundary_id": "us-county:17:097",
        "boundary_type": "county",
        "name": "Lake County",
        "stateFips": "17",
        "countyFips": "097",
        "bbox": [
          -88.19958400037228,
          42.149409000052664,
          -87.01993500032552,
          42.495133000097134
        ]
      },
      "geometry": {
        "type": "Polygon",
        "coordinates": [
          [
            [
              -87.89799100025382,
              42.49389899976442
            ],
            [
              -88.1993890003786,
              42.495133000097134
            ],
            [
              -88.19958400037228,
              42.15425999975806
            ],
            [
              -87.1111620004459,
              42.149409000052664
            ],
            [
              -87.01993500032552,
              42.4934979997221
            ],
            [
              -87.89766800021364,
              42.49389299999746
            ],
            [
              -87.89799100025382,
              42.49389899976442
            ]
          ]
        ]
      }
    },
    {
      "type": "Feature",
      "id": "us-county:17:099",
      "properties": {
        "boundary_id": "us-county:17:099",
        "boundary_type": "county",
        "name": "LaSalle County",
        "stateFips": "17",
        "countyFips": "099",
        "bbox": [
          -89.1671500001128,
          40.92574900007685,
          -88.58624000008335,
          41.631389000328895
        ]
      },
      "geometry": {
        "type": "Polygon",
        "coordinates": [
          [
            [
              -88.70125899997957,
              41.10723199999513
            ],
            [
              -88.58624000008335,
              41.10829299984834
            ],
            [
              -88.60223999960999,
              41.631389000328895
            ],
            [
              -89.1671500001128,
              41.62865700000823
            ],
            [
              -89.16223699973791,
              41.10400800019122
            ],
            [
              -89.04739399956877,
              41.104785999770286
            ],
            [
              -89.04771800033218,
              40.92574900007685
            ],
            [
              -88.93138999965845,
              40.9277399997196
            ],
            [
              -88.93088099984541,
              41.105900000031276
            ],
            [
              -88.71804000020414,
              41.107040000087665
            ],
            [
              -88.70125899997957,
              41.10723199999513
            ]
          ]
        ]
      }
    },
    {
      "type": "Feature",
      "id": "us-county:17:101",
      "properties": {
        "boundary_id": "us-county:17:101",
        "boundary_type": "county",
        "name": "Lawrence County",
        "stateFips": "17",
        "countyFips": "101",
        "bbox": [
          -87.91228600006619,
          38.5681660001401,
          -87.49550900019507,
          38.85169099985784
        ]
      },
      "geometry": {
        "type": "Polygon",
        "coordinates": [
          [
            [
              -87.61087700007076,
              38.64391699976366
            ],
            [
              -87.59367800026976,
              38.667402000154084
            ],
            [
              -87.53123099974486,
              38.684036000032265
            ],
            [
              -87.4960409995743,
              38.73998099995147
            ],
            [
              -87.50404600025882,
              38.74850700001072
            ],
            [
              -87.49690599993781,
              38.766817999976354
            ],
            [
              -87.51486100032234,
              38.77050300006303
            ],
            [
              -87.49550900019507,
              38.784625999801925
            ],
            [
              -87.52734199974212,
              38.81812099979532
            ],
            [
              -87.5281939996868,
              38.85169099985784
            ],
            [
              -87.90811300038132,
              38.850107000168066
            ],
            [
              -87.91228600006619,
              38.570104000187655
            ],
            [
              -87.65152899971388,
              38.5681660001401
            ],
            [
              -87.63891100002675,
              38.57487600029041
            ],
            [
              -87.63762700026193,
              38.59265399970617
            ],
            [
              -87.61195999999413,
              38.5892480000152
            ],
            [
              -87.62744999988287,
              38.60627799999524
            ],
            [
              -87.61220600004143,
              38.64353899991236
            ],
            [
              -87.61087700007076,
              38.64391699976366
            ]
          ]
        ]
      }
    },
    {
      "type": "Feature",
      "id": "us-county:17:103",
      "properties": {
        "boundary_id": "us-county:17:103",
        "boundary_type": "county",
        "name": "Lee County",
        "stateFips": "17",
        "countyFips": "103",
        "bbox": [
          -89.63149399981714,
          41.58494900008528,
          -88.93867899994238,
          41.9117060002022
        ]
      },
      "geometry": {
        "type": "Polygon",
        "coordinates": [
          [
            [
              -89.05201099966766,
              41.626703999947544
            ],
            [
              -88.93867899994238,
              41.62831600012539
            ],
            [
              -88.94132299964004,
              41.8917809999161
            ],
            [
              -89.36057800042575,
              41.888017999767776
            ],
            [
              -89.3603919997546,
              41.90261600028931
            ],
            [
              -89.39865199959515,
              41.9028329997584
            ],
            [
              -89.41375999989245,
              41.885463000165046
            ],
            [
              -89.43189699985186,
              41.89427599973645
            ],
            [
              -89.42320800035044,
              41.906085999899105
            ],
            [
              -89.46555499966215,
              41.9117060002022
            ],
            [
              -89.47998900028996,
              41.90250200003857
            ],
            [
              -89.62932999962021,
              41.90161699986069
            ],
            [
              -89.63149399981714,
              41.58494900008528
            ],
            [
              -89.16656099993384,
              41.585289000326654
            ],
            [
              -89.1671500001128,
              41.62865700000823
            ],
            [
              -89.05386000022033,
              41.626736999843814
            ],
            [
              -89.05201099966766,
              41.626703999947544
            ]
          ]
        ]
      }
    },
    {
      "type": "Feature",
      "id": "us-county:17:105",
      "properties": {
        "boundary_id": "us-county:17:105",
        "boundary_type": "county",
        "name": "Livingston County",
        "stateFips": "17",
        "countyFips": "105",
        "bbox": [
          -88.93088099984541,
          40.61654999982182,
          -88.2349500002699,
          41.11421800009672
        ]
      },
      "geometry": {
        "type": "Polygon",
        "coordinates": [
          [
            [
              -88.47062000031258,
              41.10892999980416
            ],
            [
              -88.93088099984541,
              41.105900000031276
            ],
            [
              -88.9293309999418,
              40.753337000048916
            ],
            [
              -88.58427199970498,
              40.757608000030004
            ],
            [
              -88.57450199993,
              40.61654999982182
            ],
            [
              -88.2349500002699,
              40.61820800013839
            ],
            [
              -88.25150100034071,
              41.11421800009672
            ],
            [
              -88.4702069998607,
              41.108936000038945
            ],
            [
              -88.47062000031258,
              41.10892999980416
            ]
          ]
        ]
      }
    },
    {
      "type": "Feature",
      "id": "us-county:17:107",
      "properties": {
        "boundary_id": "us-county:17:107",
        "boundary_type": "county",
        "name": "Logan County",
        "stateFips": "17",
        "countyFips": "107",
        "bbox": [
          -89.60298100018535,
          39.917646999735,
          -89.14345100022337,
          40.32534400010433
        ]
      },
      "geometry": {
        "type": "Polygon",
        "coordinates": [
          [
            [
              -89.1438749996476,
              39.96136799998129
            ],
            [
              -89.14877200012894,
              40.282519999924844
            ],
            [
              -89.26265000037549,
              40.280919000227115
            ],
            [
              -89.26373999997156,
              40.32534400010433
            ],
            [
              -89.60298100018535,
              40.32027300000165
            ],
            [
              -89.60111999993711,
              40.09228399993397
            ],
            [
              -89.57912800031013,
              40.0924150001478
            ],
            [
              -89.57828899988593,
              39.976126999944974
            ],
            [
              -89.48382600041417,
              39.976733000022406
            ],
            [
              -89.48349800035112,
              39.933151000044504
            ],
            [
              -89.4049690002838,
              39.93271699974828
            ],
            [
              -89.40498400035239,
              39.91818699979817
            ],
            [
              -89.14345100022337,
              39.917646999735
            ],
            [
              -89.14387299999775,
              39.961071000273414
            ],
            [
              -89.1438749996476,
              39.96136799998129
            ]
          ]
        ]
      }
    },
    {
      "type": "Feature",
      "id": "us-county:17:109",
      "properties": {
        "boundary_id": "us-county:17:109",
        "boundary_type": "county",
        "name": "McDonough County",
        "stateFips": "17",
        "countyFips": "109",
        "bbox": [
          -90.90975600035262,
          40.27633499968576,
          -90.44562699983511,
          40.639201000255795
        ]
      },
      "geometry": {
        "type": "Polygon",
        "coordinates": [
          [
            [
              -90.67319800038025,
              40.63149799967385
            ],
            [
              -90.90421600016393,
              40.639201000255795
            ],
            [
              -90.90975600035262,
              40.28439399974337
            ],
            [
              -90.45022700021555,
              40.27633499968576
            ],
            [
              -90.44562699983511,
              40.62763800005667
            ],
            [
              -90.6730610001129,
              40.6314939998844
            ],
            [
              -90.67319800038025,
              40.63149799967385
            ]
          ]
        ]
      }
    },
    {
      "type": "Feature",
      "id": "us-county:17:111",
      "properties": {
        "boundary_id": "us-county:17:111",
        "boundary_type": "county",
        "name": "McHenry County",
        "stateFips": "17",
        "countyFips": "111",
        "bbox": [
          -88.7074209999592,
          42.153537000097174,
          -88.1993890003786,
          42.495133000097134
        ]
      },
      "geometry": {
        "type": "Polygon",
        "coordinates": [
          [
            [
              -88.35441600038571,
              42.15400000005545
            ],
            [
              -88.19958400037228,
              42.15425999975806
            ],
            [
              -88.1993890003786,
              42.495133000097134
            ],
            [
              -88.7074209999592,
              42.493596000215945
            ],
            [
              -88.7055849998253,
              42.153537000097174
            ],
            [
              -88.35929000040255,
              42.15400399981304
            ],
            [
              -88.35441600038571,
              42.15400000005545
            ]
          ]
        ]
      }
    },
    {
      "type": "Feature",
      "id": "us-county:17:113",
      "properties": {
        "boundary_id": "us-county:17:113",
        "boundary_type": "county",
        "name": "McLean County",
        "stateFips": "17",
        "countyFips": "113",
        "bbox": [
          -89.26937100039686,
          40.280919000227115,
          -88.45947499963785,
          40.757608000030004
        ]
      },
      "geometry": {
        "type": "Polygon",
        "coordinates": [
          [
            [
              -88.9195440004484,
              40.28286499995159
            ],
            [
              -88.46041799981916,
              40.28193499972912
            ],
            [
              -88.45947499963785,
              40.61734500005883
            ],
            [
              -88.57450199993,
              40.61654999982182
            ],
            [
              -88.58427199970498,
              40.757608000030004
            ],
            [
              -88.98689600005396,
              40.752296999673156
            ],
            [
              -88.98472199981128,
              40.66495299974978
            ],
            [
              -89.04531999978352,
              40.66393899998783
            ],
            [
              -89.0443680002797,
              40.627427999670985
            ],
            [
              -89.10156900034377,
              40.62503599975682
            ],
            [
              -89.10113400015061,
              40.6123259998376
            ],
            [
              -89.13421700002561,
              40.61148999983841
            ],
            [
              -89.1337519996952,
              40.59673399993582
            ],
            [
              -89.26937100039686,
              40.594367999701376
            ],
            [
              -89.26265000037549,
              40.280919000227115
            ],
            [
              -88.91958899975594,
              40.28286499995159
            ],
            [
              -88.9195440004484,
              40.28286499995159
            ]
          ]
        ]
      }
    },
    {
      "type": "Feature",
      "id": "us-county:17:115",
      "properties": {
        "boundary_id": "us-county:17:115",
        "boundary_type": "county",
        "name": "Macon County",
        "stateFips": "17",
        "countyFips": "115",
        "bbox": [
          -89.21784600006559,
          39.6532219996979,
          -88.74516399959079,
          40.055191000221726
        ]
      },
      "geometry": {
        "type": "Polygon",
        "coordinates": [
          [
            [
              -89.14476400030053,
              40.04885300020054
            ],
            [
              -89.14345100022337,
              39.917646999735
            ],
            [
              -89.21784600006559,
              39.91699000030081
            ],
            [
              -89.21747299979668,
              39.813666000282
            ],
            [
              -89.18819000023595,
              39.81752399990381
            ],
            [
              -89.141967000442,
              39.80127300022491
            ],
            [
              -89.13912500037762,
              39.65513099974527
            ],
            [
              -88.81057500037879,
              39.6532219996979
            ],
            [
              -88.81270900043852,
              39.74048600029777
            ],
            [
              -88.75783999990254,
              39.73990699989107
            ],
            [
              -88.75866000006019,
              39.792067000222346
            ],
            [
              -88.745670999754,
              39.792146000266186
            ],
            [
              -88.74516399959079,
              40.055191000221726
            ],
            [
              -89.14317500003885,
              40.048871000303656
            ],
            [
              -89.14476400030053,
              40.04885300020054
            ]
          ]
        ]
      }
    },
    {
      "type": "Feature",
      "id": "us-county:17:117",
      "properties": {
        "boundary_id": "us-county:17:117",
        "boundary_type": "county",
        "name": "Macoupin County",
        "stateFips": "17",
        "countyFips": "117",
        "bbox": [
          -90.15378199975034,
          38.99897899968003,
          -89.69855500006787,
          39.5233160000441
        ]
      },
      "geometry": {
        "type": "Polygon",
        "coordinates": [
          [
            [
              -89.70369199985045,
              39.348029999983645
            ],
            [
              -89.7016609997229,
              39.5233160000441
            ],
            [
              -90.15378199975034,
              39.52031499996613
            ],
            [
              -90.14598399965337,
              38.99930299998349
            ],
            [
              -89.69855500006787,
              38.99897899968003
            ],
            [
              -89.70355499958309,
              39.3404779999741
            ],
            [
              -89.70369199985045,
              39.348029999983645
            ]
          ]
        ]
      }
    },
    {
      "type": "Feature",
      "id": "us-county:17:119",
      "properties": {
        "boundary_id": "us-county:17:119",
        "boundary_type": "county",
        "name": "Madison County",
        "stateFips": "17",
        "countyFips": "119",
        "bbox": [
          -90.27570199959298,
          38.65594800011977,
          -89.59510299972246,
          38.99912900019885
        ]
      },
      "geometry": {
        "type": "Polygon",
        "coordinates": [
          [
            [
              -89.63793100015637,
              38.918351999802425
            ],
            [
              -89.63926500014992,
              38.99912900019885
            ],
            [
              -90.27395900024385,
              38.99903600005424
            ],
            [
              -90.27570199959298,
              38.92352900011818
            ],
            [
              -90.2258500000873,
              38.90892299998057
            ],
            [
              -90.10940699978583,
              38.843548000116634
            ],
            [
              -90.11942400033132,
              38.80181100025056
            ],
            [
              -90.16636400035075,
              38.77267500014474
            ],
            [
              -90.20990999993678,
              38.726049999684776
            ],
            [
              -90.20920199993213,
              38.70277900027336
            ],
            [
              -90.1812280002506,
              38.66006599967275
            ],
            [
              -89.59510299972246,
              38.65594800011977
            ],
            [
              -89.59959299959972,
              38.87453000011034
            ],
            [
              -89.63687400017227,
              38.874277999846875
            ],
            [
              -89.6376149997889,
              38.9037500002716
            ],
            [
              -89.63793100015637,
              38.918351999802425
            ]
          ]
        ]
      }
    },
    {
      "type": "Feature",
      "id": "us-county:17:121",
      "properties": {
        "boundary_id": "us-county:17:121",
        "boundary_type": "county",
        "name": "Marion County",
        "stateFips": "17",
        "countyFips": "121",
        "bbox": [
          -89.14438799965859,
          38.47387800002307,
          -88.695164999772,
          38.82629899987675
        ]
      },
      "geometry": {
        "type": "Polygon",
        "coordinates": [
          [
            [
              -88.69874800035132,
              38.56224999978361
            ],
            [
              -88.695164999772,
              38.82629899987675
            ],
            [
              -89.1381379998154,
              38.82420899983204
            ],
            [
              -89.14438799965859,
              38.47387800002307
            ],
            [
              -88.69896099988833,
              38.474913999871625
            ],
            [
              -88.69875000000113,
              38.56218799987497
            ],
            [
              -88.69874800035132,
              38.56224999978361
            ]
          ]
        ]
      }
    },
    {
      "type": "Feature",
      "id": "us-county:17:123",
      "properties": {
        "boundary_id": "us-county:17:123",
        "boundary_type": "county",
        "name": "Marshall County",
        "stateFips": "17",
        "countyFips": "123",
        "bbox": [
          -89.63872700002459,
          40.921205000174155,
          -89.04723999958298,
          41.14854499982453
        ]
      },
      "geometry": {
        "type": "Polygon",
        "coordinates": [
          [
            [
              -89.04723999958298,
              41.013300000118136
            ],
            [
              -89.04739399956877,
              41.104785999770286
            ],
            [
              -89.35843699979503,
              41.10384899978846
            ],
            [
              -89.3358919999741,
              41.11726900026044
            ],
            [
              -89.32926999968694,
              41.147930999882156
            ],
            [
              -89.63853600022888,
              41.14854499982453
            ],
            [
              -89.63872700002459,
              40.97370699968225
            ],
            [
              -89.44769300006233,
              40.97324600002179
            ],
            [
              -89.45530600021138,
              40.93550699975375
            ],
            [
              -89.4725219997308,
              40.921205000174155
            ],
            [
              -89.04771800033218,
              40.92574900007685
            ],
            [
              -89.04723999958298,
              41.01281000017436
            ],
            [
              -89.04723999958298,
              41.013300000118136
            ]
          ]
        ]
      }
    },
    {
      "type": "Feature",
      "id": "us-county:17:125",
      "properties": {
        "boundary_id": "us-county:17:125",
        "boundary_type": "county",
        "name": "Mason County",
        "stateFips": "17",
        "countyFips": "125",
        "bbox": [
          -90.35452399956327,
          40.0509260003101,
          -89.60270599982573,
          40.43592100012004
        ]
      },
      "geometry": {
        "type": "Polygon",
        "coordinates": [
          [
            [
              -89.93859299978908,
              40.1370980001161
            ],
            [
              -89.9075460000645,
              40.13161099997795
            ],
            [
              -89.90840100038226,
              40.137785999976494
            ],
            [
              -89.89811799969797,
              40.1277949998793
            ],
            [
              -89.87255400026066,
              40.13741500016453
            ],
            [
              -89.86602099966197,
              40.128205999746235
            ],
            [
              -89.81007699959854,
              40.12121399980924
            ],
            [
              -89.77342100008828,
              40.13222600028895
            ],
            [
              -89.74936499982348,
              40.12679699968044
            ],
            [
              -89.70942799985772,
              40.14702300020297
            ],
            [
              -89.69479699958639,
              40.14071200005472
            ],
            [
              -89.66776600008616,
              40.16072600002689
            ],
            [
              -89.6342010001623,
              40.153411000011076
            ],
            [
              -89.60270599982573,
              40.121654000096775
            ],
            [
              -89.60297899963722,
              40.32012900005175
            ],
            [
              -89.71492700003853,
              40.319218000071714
            ],
            [
              -89.71710399975593,
              40.43565500017081
            ],
            [
              -89.92467999956817,
              40.43592100012004
            ],
            [
              -89.98375799977401,
              40.392635999849986
            ],
            [
              -90.04104900024977,
              40.37209700018057
            ],
            [
              -90.07062200023873,
              40.29319199983
            ],
            [
              -90.10729299981762,
              40.26090000023256
            ],
            [
              -90.1251179996075,
              40.228874000268306
            ],
            [
              -90.1579610001813,
              40.21965500009687
            ],
            [
              -90.19517499990837,
              40.1909289997704
            ],
            [
              -90.20957400037611,
              40.15314900015748
            ],
            [
              -90.26814399969552,
              40.15456300011567
            ],
            [
              -90.35452399956327,
              40.12421700010358
            ],
            [
              -90.3146000000163,
              40.1155949997044
            ],
            [
              -90.30498699970185,
              40.07790500027106
            ],
            [
              -90.2855099999011,
              40.055492000224206
            ],
            [
              -90.23461499975669,
              40.06111699984611
            ],
            [
              -90.21705299973256,
              40.0509260003101
            ],
            [
              -90.20712099957585,
              40.06026000025554
            ],
            [
              -90.19485299969311,
              40.05357900005512
            ],
            [
              -90.18919700005178,
              40.065828999722704
            ],
            [
              -90.13483700022715,
              40.06225400029248
            ],
            [
              -90.1161839998837,
              40.080751999700034
            ],
            [
              -90.08067900006888,
              40.08014800007569
            ],
            [
              -90.06466199992548,
              40.10014499982389
            ],
            [
              -90.04280500001771,
              40.1090199997447
            ],
            [
              -90.0001170002242,
              40.10303500023784
            ],
            [
              -89.99758899997917,
              40.112773999800226
            ],
            [
              -89.98281100029307,
              40.11386600003758
            ],
            [
              -89.98685099990854,
              40.128756999985484
            ],
            [
              -89.97357799992022,
              40.12737099999927
            ],
            [
              -89.97048999980855,
              40.14208200013704
            ],
            [
              -89.94613899999098,
              40.130263999675066
            ],
            [
              -89.93877899956193,
              40.137070999913625
            ],
            [
              -89.93859299978908,
              40.1370980001161
            ]
          ]
        ]
      }
    },
    {
      "type": "Feature",
      "id": "us-county:17:127",
      "properties": {
        "boundary_id": "us-county:17:127",
        "boundary_type": "county",
        "name": "Massac County",
        "stateFips": "17",
        "countyFips": "127",
        "bbox": [
          -88.92875699983145,
          37.06817099966426,
          -88.49032999974183,
          37.33708100016727
        ]
      },
      "geometry": {
        "type": "Polygon",
        "coordinates": [
          [
            [
              -88.64301400035016,
              37.2819539998516
            ],
            [
              -88.71073800039972,
              37.33708100016727
            ],
            [
              -88.90507100036082,
              37.33574300029591
            ],
            [
              -88.89756100014395,
              37.31749100031892
            ],
            [
              -88.92875699983145,
              37.30284799979631
            ],
            [
              -88.92788999981813,
              37.22636499977886
            ],
            [
              -88.80260599967929,
              37.18773600033486
            ],
            [
              -88.732499000048,
              37.14394500016213
            ],
            [
              -88.69260800011298,
              37.14110499966903
            ],
            [
              -88.61868899957354,
              37.11676800035533
            ],
            [
              -88.56650999966429,
              37.07537400018243
            ],
            [
              -88.49048499955252,
              37.06817099966426
            ],
            [
              -88.49032999974183,
              37.15946200012035
            ],
            [
              -88.64261099994404,
              37.281621000072235
            ],
            [
              -88.64301400035016,
              37.2819539998516
            ]
          ]
        ]
      }
    },
    {
      "type": "Feature",
      "id": "us-county:17:129",
      "properties": {
        "boundary_id": "us-county:17:129",
        "boundary_type": "county",
        "name": "Menard County",
        "stateFips": "17",
        "countyFips": "129",
        "bbox": [
          -89.99509000004649,
          39.90192499992817,
          -89.57828899988593,
          40.16070699970487
        ]
      },
      "geometry": {
        "type": "Polygon",
        "coordinates": [
          [
            [
              -89.66896199998745,
              40.160663000167204
            ],
            [
              -89.69479699958639,
              40.14071200005472
            ],
            [
              -89.70942799985772,
              40.14702300020297
            ],
            [
              -89.74936499982348,
              40.12679699968044
            ],
            [
              -89.77342100008828,
              40.13222600028895
            ],
            [
              -89.81007699959854,
              40.12121399980924
            ],
            [
              -89.86602099966197,
              40.128205999746235
            ],
            [
              -89.87255400026066,
              40.13741500016453
            ],
            [
              -89.8856930003547,
              40.127969999855694
            ],
            [
              -89.92682000037398,
              40.14008500029533
            ],
            [
              -89.94613899999098,
              40.130263999675066
            ],
            [
              -89.97048999980855,
              40.14208200013704
            ],
            [
              -89.97357799992022,
              40.12737099999927
            ],
            [
              -89.98685099990854,
              40.128756999985484
            ],
            [
              -89.98281100029307,
              40.11386600003758
            ],
            [
              -89.99509000004649,
              40.10890800028075
            ],
            [
              -89.99450599989038,
              39.90192499992817
            ],
            [
              -89.76916800003747,
              39.90235000031393
            ],
            [
              -89.76914299992312,
              39.91686500034287
            ],
            [
              -89.70186400011248,
              39.91678700013224
            ],
            [
              -89.69825899979186,
              39.97530899984233
            ],
            [
              -89.57828899988593,
              39.976126999944974
            ],
            [
              -89.57912800031013,
              40.0924150001478
            ],
            [
              -89.60111999993711,
              40.09228399993397
            ],
            [
              -89.60168800019969,
              40.122378000198594
            ],
            [
              -89.62800200037276,
              40.148816999924776
            ],
            [
              -89.66837399963339,
              40.16070699970487
            ],
            [
              -89.66896199998745,
              40.160663000167204
            ]
          ]
        ]
      }
    },
    {
      "type": "Feature",
      "id": "us-county:17:131",
      "properties": {
        "boundary_id": "us-county:17:131",
        "boundary_type": "county",
        "name": "Mercer County",
        "stateFips": "17",
        "countyFips": "131",
        "bbox": [
          -91.11418600032684,
          41.06399500013035,
          -90.43373700024414,
          41.33336100021374
        ]
      },
      "geometry": {
        "type": "Polygon",
        "coordinates": [
          [
            [
              -91.11418600032684,
              41.2500289996992
            ],
            [
              -91.04155700029833,
              41.16616200025672
            ],
            [
              -91.0075939999912,
              41.166187000052346
            ],
            [
              -90.98966200007119,
              41.155707000187505
            ],
            [
              -90.94662500029821,
              41.09662800021577
            ],
            [
              -90.94898899961338,
              41.07024999992013
            ],
            [
              -90.4394230000227,
              41.06399500013035
            ],
            [
              -90.43373700024414,
              41.326988999896145
            ],
            [
              -91.07207000009554,
              41.33336100021374
            ],
            [
              -91.07484100001479,
              41.30557800033002
            ],
            [
              -91.11383200032452,
              41.25066000033537
            ],
            [
              -91.11418600032684,
              41.2500289996992
            ]
          ]
        ]
      }
    },
    {
      "type": "Feature",
      "id": "us-county:17:133",
      "properties": {
        "boundary_id": "us-county:17:133",
        "boundary_type": "county",
        "name": "Monroe County",
        "stateFips": "17",
        "countyFips": "133",
        "bbox": [
          -90.37265899987287,
          38.08690700034137,
          -89.89730500011133,
          38.52072799976771
        ]
      },
      "geometry": {
        "type": "Polygon",
        "coordinates": [
          [
            [
              -89.98458399977945,
              38.308417000302214
            ],
            [
              -90.03610699956258,
              38.3089359998062
            ],
            [
              -90.03609599969192,
              38.323537000023244
            ],
            [
              -90.14556199987898,
              38.41205300005033
            ],
            [
              -90.1454000003956,
              38.42667399981717
            ],
            [
              -90.26412300034663,
              38.52072799976771
            ],
            [
              -90.29108400042499,
              38.43088999980279
            ],
            [
              -90.34152099991168,
              38.38834299987913
            ],
            [
              -90.36738700037111,
              38.341126000009154
            ],
            [
              -90.37265899987287,
              38.28623000006573
            ],
            [
              -90.36224399984245,
              38.231173000059606
            ],
            [
              -90.33986399987795,
              38.19633000015443
            ],
            [
              -90.28298000000626,
              38.1643729997724
            ],
            [
              -90.24257400041046,
              38.11212500031842
            ],
            [
              -90.20520499997436,
              38.08690700034137
            ],
            [
              -90.03586700026136,
              38.135735999874655
            ],
            [
              -90.03631599979994,
              38.223246000295745
            ],
            [
              -89.89904300033592,
              38.220755000302695
            ],
            [
              -89.90447100037163,
              38.22746100001544
            ],
            [
              -89.89730500011133,
              38.23174599981452
            ],
            [
              -89.90897799996733,
              38.237649999816895
            ],
            [
              -89.92523699996008,
              38.27278299970928
            ],
            [
              -89.9196349998471,
              38.28565300029583
            ],
            [
              -89.91130000034802,
              38.28469900028411
            ],
            [
              -89.91289999958204,
              38.276574999908355
            ],
            [
              -89.90250100034345,
              38.28146799998585
            ],
            [
              -89.91198999991101,
              38.307143000296605
            ],
            [
              -89.98429599989936,
              38.308414000269835
            ],
            [
              -89.98458399977945,
              38.308417000302214
            ]
          ]
        ]
      }
    },
    {
      "type": "Feature",
      "id": "us-county:17:135",
      "properties": {
        "boundary_id": "us-county:17:135",
        "boundary_type": "county",
        "name": "Montgomery County",
        "stateFips": "17",
        "countyFips": "135",
        "bbox": [
          -89.7016609997229,
          38.99897899968003,
          -89.13946400031136,
          39.52459200011569
        ]
      },
      "geometry": {
        "type": "Polygon",
        "coordinates": [
          [
            [
              -89.3617929996953,
              39.02772400008424
            ],
            [
              -89.25030899979949,
              39.028185000068476
            ],
            [
              -89.25051300001398,
              39.21751199996772
            ],
            [
              -89.13946400031136,
              39.217772999710924
            ],
            [
              -89.13980700044301,
              39.348887999966365
            ],
            [
              -89.53083599985548,
              39.34886399992063
            ],
            [
              -89.5335259995839,
              39.52459200011569
            ],
            [
              -89.7016609997229,
              39.5233160000441
            ],
            [
              -89.69855500006787,
              38.99897899968003
            ],
            [
              -89.58609200000575,
              38.99945599966923
            ],
            [
              -89.58634399990083,
              39.02832900001342
            ],
            [
              -89.36194500003127,
              39.02772400008424
            ],
            [
              -89.3617929996953,
              39.02772400008424
            ]
          ]
        ]
      }
    },
    {
      "type": "Feature",
      "id": "us-county:17:137",
      "properties": {
        "boundary_id": "us-county:17:137",
        "boundary_type": "county",
        "name": "Morgan County",
        "stateFips": "17",
        "countyFips": "137",
        "bbox": [
          -90.59910499976351,
          39.520344000315845,
          -89.92395499984507,
          39.87504700020274
        ]
      },
      "geometry": {
        "type": "Polygon",
        "coordinates": [
          [
            [
              -90.08048700044826,
              39.521042000085394
            ],
            [
              -89.92603700002626,
              39.52210400020932
            ],
            [
              -89.92395499984507,
              39.55867799971217
            ],
            [
              -89.98474500033623,
              39.71807899993866
            ],
            [
              -89.99440499960804,
              39.87285999996726
            ],
            [
              -90.58490000036286,
              39.87504700020274
            ],
            [
              -90.56573700038146,
              39.83006999999101
            ],
            [
              -90.59910499976351,
              39.790060000229474
            ],
            [
              -90.48306300021835,
              39.789240000287315
            ],
            [
              -90.48331799958817,
              39.753237999955104
            ],
            [
              -90.37125600028234,
              39.753122000277294
            ],
            [
              -90.37296900039257,
              39.665780999661465
            ],
            [
              -90.337811999834,
              39.66558299978516
            ],
            [
              -90.33812599965336,
              39.636632999869406
            ],
            [
              -90.30066599987899,
              39.63654099972413
            ],
            [
              -90.30183099981812,
              39.520344000315845
            ],
            [
              -90.08759199971088,
              39.52096799967386
            ],
            [
              -90.08048700044826,
              39.521042000085394
            ]
          ]
        ]
      }
    },
    {
      "type": "Feature",
      "id": "us-county:17:139",
      "properties": {
        "boundary_id": "us-county:17:139",
        "boundary_type": "county",
        "name": "Moultrie County",
        "stateFips": "17",
        "countyFips": "139",
        "bbox": [
          -88.81270900043852,
          39.44704099970004,
          -88.47050499978653,
          39.792067000222346
        ]
      },
      "geometry": {
        "type": "Polygon",
        "coordinates": [
          [
            [
              -88.81270900043852,
              39.74048600029777
            ],
            [
              -88.80905100041446,
              39.58024100032691
            ],
            [
              -88.71743799960637,
              39.57933399976903
            ],
            [
              -88.71687500026498,
              39.521208999994
            ],
            [
              -88.6414679997462,
              39.5209579996684
            ],
            [
              -88.64116999982036,
              39.50669600021365
            ],
            [
              -88.62239000015362,
              39.506496000324574
            ],
            [
              -88.62223500034291,
              39.491903999656536
            ],
            [
              -88.6032110002787,
              39.49159899984576
            ],
            [
              -88.60318500033942,
              39.47703100018607
            ],
            [
              -88.58454299986663,
              39.47698800021297
            ],
            [
              -88.5842730004282,
              39.447582000193876
            ],
            [
              -88.47050499978653,
              39.44704099970004
            ],
            [
              -88.47318199999445,
              39.791836999988895
            ],
            [
              -88.75866000006019,
              39.792067000222346
            ],
            [
              -88.75783999990254,
              39.73990699989107
            ],
            [
              -88.8112930004292,
              39.74049999988349
            ],
            [
              -88.81270900043852,
              39.74048600029777
            ]
          ]
        ]
      }
    },
    {
      "type": "Feature",
      "id": "us-county:17:141",
      "properties": {
        "boundary_id": "us-county:17:141",
        "boundary_type": "county",
        "name": "Ogle County",
        "stateFips": "17",
        "countyFips": "141",
        "bbox": [
          -89.68848599964385,
          41.885463000165046,
          -88.93973199972854,
          42.20424099985235
        ]
      },
      "geometry": {
        "type": "Polygon",
        "coordinates": [
          [
            [
              -88.94214600017074,
              42.06504999989896
            ],
            [
              -88.93973199972854,
              42.15232000025548
            ],
            [
              -89.1728030002794,
              42.15041700009447
            ],
            [
              -89.1729999999229,
              42.20424099985235
            ],
            [
              -89.68848599964385,
              42.19911200026489
            ],
            [
              -89.68536599974514,
              41.93033999971882
            ],
            [
              -89.6289070000209,
              41.93004399977796
            ],
            [
              -89.62932999962021,
              41.90161699986069
            ],
            [
              -89.47998900028996,
              41.90250200003857
            ],
            [
              -89.46555499966215,
              41.9117060002022
            ],
            [
              -89.42320800035044,
              41.906085999899105
            ],
            [
              -89.43189699985186,
              41.89427599973645
            ],
            [
              -89.41375999989245,
              41.885463000165046
            ],
            [
              -89.39865199959515,
              41.9028329997584
            ],
            [
              -89.3603919997546,
              41.90261600028931
            ],
            [
              -89.36057800042575,
              41.888017999767776
            ],
            [
              -88.94127900015744,
              41.891751999854975
            ],
            [
              -88.94214000032295,
              42.06497700014341
            ],
            [
              -88.94214600017074,
              42.06504999989896
            ]
          ]
        ]
      }
    },
    {
      "type": "Feature",
      "id": "us-county:17:143",
      "properties": {
        "boundary_id": "us-county:17:143",
        "boundary_type": "county",
        "name": "Peoria County",
        "stateFips": "17",
        "countyFips": "143",
        "bbox": [
          -89.98901799958023,
          40.51322500002311,
          -89.44769300006233,
          40.974494999825545
        ]
      },
      "geometry": {
        "type": "Polygon",
        "coordinates": [
          [
            [
              -89.55025599975484,
              40.73905099968535
            ],
            [
              -89.56362599982755,
              40.78213299974273
            ],
            [
              -89.55949499997547,
              40.79909800028031
            ],
            [
              -89.52377900027348,
              40.856996999936925
            ],
            [
              -89.49841699960422,
              40.8744200000357
            ],
            [
              -89.48878300027168,
              40.898631999786225
            ],
            [
              -89.45530600021138,
              40.93550699975375
            ],
            [
              -89.44769300006233,
              40.97324600002179
            ],
            [
              -89.98547900028015,
              40.974494999825545
            ],
            [
              -89.98901799958023,
              40.625835000039686
            ],
            [
              -89.87367999984176,
              40.624975000277736
            ],
            [
              -89.87246200019916,
              40.51322500002311
            ],
            [
              -89.77689699963915,
              40.552465000048194
            ],
            [
              -89.69832699956393,
              40.56200700027988
            ],
            [
              -89.67355899999484,
              40.55505999998621
            ],
            [
              -89.65460100005286,
              40.57303800033134
            ],
            [
              -89.65799999961084,
              40.60262499988022
            ],
            [
              -89.61237400039177,
              40.646457000136444
            ],
            [
              -89.6137560000659,
              40.665081000283735
            ],
            [
              -89.5536250000739,
              40.70228400020554
            ],
            [
              -89.55017999958685,
              40.738867000190794
            ],
            [
              -89.55025599975484,
              40.73905099968535
            ]
          ]
        ]
      }
    },
    {
      "type": "Feature",
      "id": "us-county:17:145",
      "properties": {
        "boundary_id": "us-county:17:145",
        "boundary_type": "county",
        "name": "Perry County",
        "stateFips": "17",
        "countyFips": "145",
        "bbox": [
          -89.59507299958521,
          37.95505999973919,
          -89.11525300023584,
          38.21927099969429
        ]
      },
      "geometry": {
        "type": "Polygon",
        "coordinates": [
          [
            [
              -89.21308599985157,
              38.214002000044744
            ],
            [
              -89.5927970001336,
              38.21927099969429
            ],
            [
              -89.59507299958521,
              37.955343000348265
            ],
            [
              -89.16481400038671,
              37.95505999973919
            ],
            [
              -89.14016200027027,
              37.99545399972206
            ],
            [
              -89.14524399980124,
              38.00922900005596
            ],
            [
              -89.13607200042608,
              38.01803000022757
            ],
            [
              -89.14682999968987,
              38.03148699969465
            ],
            [
              -89.13263500033496,
              38.054604000213175
            ],
            [
              -89.11839599970078,
              38.05942200023682
            ],
            [
              -89.1227199998967,
              38.08229399986968
            ],
            [
              -89.11525300023584,
              38.09379600004144
            ],
            [
              -89.13750099995586,
              38.104441999733446
            ],
            [
              -89.13128899974753,
              38.10358199981386
            ],
            [
              -89.12963199971378,
              38.1247669999405
            ],
            [
              -89.14984099980865,
              38.1250540003235
            ],
            [
              -89.14759700014406,
              38.212894999727595
            ],
            [
              -89.21299299996515,
              38.21400099990988
            ],
            [
              -89.21308599985157,
              38.214002000044744
            ]
          ]
        ]
      }
    },
    {
      "type": "Feature",
      "id": "us-county:17:147",
      "properties": {
        "boundary_id": "us-county:17:147",
        "boundary_type": "county",
        "name": "Piatt County",
        "stateFips": "17",
        "countyFips": "147",
        "bbox": [
          -88.745670999754,
          39.791819999998154,
          -88.46041799981916,
          40.28193499972912
        ]
      },
      "geometry": {
        "type": "Polygon",
        "coordinates": [
          [
            [
              -88.46334500027234,
              40.171071999745564
            ],
            [
              -88.46041799981916,
              40.28193499972912
            ],
            [
              -88.57488500024465,
              40.28150100004409
            ],
            [
              -88.68799299966393,
              40.14226900004163
            ],
            [
              -88.68812200043367,
              40.09858299992022
            ],
            [
              -88.74534400041416,
              40.098812999895216
            ],
            [
              -88.745670999754,
              39.792146000266186
            ],
            [
              -88.46232799957288,
              39.791819999998154
            ],
            [
              -88.46333799970134,
              40.164016999934084
            ],
            [
              -88.46334500027234,
              40.171071999745564
            ]
          ]
        ]
      }
    },
    {
      "type": "Feature",
      "id": "us-county:17:149",
      "properties": {
        "boundary_id": "us-county:17:149",
        "boundary_type": "county",
        "name": "Pike County",
        "stateFips": "17",
        "countyFips": "149",
        "bbox": [
          -91.37000900038788,
          39.39541600002933,
          -90.56659799964868,
          39.84492700011016
        ]
      },
      "geometry": {
        "type": "Polygon",
        "coordinates": [
          [
            [
              -90.91666899999461,
              39.84492700011016
            ],
            [
              -90.91596099998995,
              39.75720000007345
            ],
            [
              -91.36512500032528,
              39.75872299976718
            ],
            [
              -91.37000900038788,
              39.73252399999744
            ],
            [
              -91.27614000021964,
              39.6657590000874
            ],
            [
              -91.22931700037607,
              39.6208530001609
            ],
            [
              -91.18193600031567,
              39.60267699988896
            ],
            [
              -91.15362799982498,
              39.548248000208176
            ],
            [
              -91.1003070004411,
              39.53869500023708
            ],
            [
              -91.06430499961053,
              39.49464299965865
            ],
            [
              -91.05711400013419,
              39.466085999821104
            ],
            [
              -90.99378899972531,
              39.42295899995405
            ],
            [
              -90.93672800030164,
              39.399511000316465
            ],
            [
              -90.61377500039289,
              39.39541600002933
            ],
            [
              -90.61050200033331,
              39.457446999822714
            ],
            [
              -90.57222700042415,
              39.54120699971968
            ],
            [
              -90.60838499999203,
              39.63924000027595
            ],
            [
              -90.64599000042969,
              39.70336800021011
            ],
            [
              -90.59720400023062,
              39.79485099971004
            ],
            [
              -90.56659799964868,
              39.83316200033942
            ],
            [
              -90.91660799989525,
              39.84491700000802
            ],
            [
              -90.91666899999461,
              39.84492700011016
            ]
          ]
        ]
      }
    },
    {
      "type": "Feature",
      "id": "us-county:17:151",
      "properties": {
        "boundary_id": "us-county:17:151",
        "boundary_type": "county",
        "name": "Pope County",
        "stateFips": "17",
        "countyFips": "151",
        "bbox": [
          -88.71073800039972,
          37.06724999992514,
          -88.41269700000014,
          37.599624999870485
        ]
      },
      "geometry": {
        "type": "Polygon",
        "coordinates": [
          [
            [
              -88.48288900002024,
              37.353447999757385
            ],
            [
              -88.46940799961945,
              37.397411000094394
            ],
            [
              -88.41541199984289,
              37.423820999916714
            ],
            [
              -88.41269700000014,
              37.599624999870485
            ],
            [
              -88.70854599971537,
              37.59905899982804
            ],
            [
              -88.71073800039972,
              37.33708100016727
            ],
            [
              -88.49032999974183,
              37.15946200012035
            ],
            [
              -88.49048499955252,
              37.06817099966426
            ],
            [
              -88.48278199989011,
              37.06724999992514
            ],
            [
              -88.44938000017288,
              37.087607999664804
            ],
            [
              -88.42458900013925,
              37.15181700020157
            ],
            [
              -88.44915599986689,
              37.20511599969085
            ],
            [
              -88.51221900033495,
              37.2628650003324
            ],
            [
              -88.50394199966387,
              37.26478699973204
            ],
            [
              -88.5145380003426,
              37.29137300022381
            ],
            [
              -88.48290999993662,
              37.3534120002273
            ],
            [
              -88.48288900002024,
              37.353447999757385
            ]
          ]
        ]
      }
    },
    {
      "type": "Feature",
      "id": "us-county:17:153",
      "properties": {
        "boundary_id": "us-county:17:153",
        "boundary_type": "county",
        "name": "Pulaski County",
        "stateFips": "17",
        "countyFips": "153",
        "bbox": [
          -89.27345399967004,
          37.069089999888604,
          -88.92788999981813,
          37.33530099984474
        ]
      },
      "geometry": {
        "type": "Polygon",
        "coordinates": [
          [
            [
              -89.24856599955203,
              37.33529799999276
            ],
            [
              -89.2070119997355,
              37.321988000353386
            ],
            [
              -89.20261700029278,
              37.289696000341266
            ],
            [
              -89.24588400021952,
              37.26400399981449
            ],
            [
              -89.25638999958825,
              37.22770000018452
            ],
            [
              -89.26771600001294,
              37.226266999947406
            ],
            [
              -89.25191899997756,
              37.19089199999309
            ],
            [
              -89.26731000013207,
              37.18052499970439
            ],
            [
              -89.26121099990164,
              37.16730400012356
            ],
            [
              -89.26945400023752,
              37.160889999656966
            ],
            [
              -89.25679299999439,
              37.161143999661434
            ],
            [
              -89.25788000011573,
              37.145269999976804
            ],
            [
              -89.27345399967004,
              37.125779999859766
            ],
            [
              -89.25397299967132,
              37.099393000133766
            ],
            [
              -89.19603799966332,
              37.08884699998061
            ],
            [
              -89.17963700027866,
              37.069089999888604
            ],
            [
              -89.10949999961181,
              37.12309299982706
            ],
            [
              -89.08671200011665,
              37.16545100021481
            ],
            [
              -89.02986599987982,
              37.21106499968231
            ],
            [
              -88.98250800028394,
              37.22881699982388
            ],
            [
              -88.92788999981813,
              37.22636499977886
            ],
            [
              -88.92978899970122,
              37.30332299991325
            ],
            [
              -88.96357799993105,
              37.29737999969712
            ],
            [
              -89.00460100019325,
              37.31116300018721
            ],
            [
              -89.04469100031989,
              37.29393300015249
            ],
            [
              -89.04479900027492,
              37.32971700010133
            ],
            [
              -89.24537299985838,
              37.33530099984474
            ],
            [
              -89.24856599955203,
              37.33529799999276
            ]
          ]
        ]
      }
    },
    {
      "type": "Feature",
      "id": "us-county:17:155",
      "properties": {
        "boundary_id": "us-county:17:155",
        "boundary_type": "county",
        "name": "Putnam County",
        "stateFips": "17",
        "countyFips": "155",
        "bbox": [
          -89.46647299972908,
          41.10384899978846,
          -89.16223699973791,
          41.322457000044245
        ]
      },
      "geometry": {
        "type": "Polygon",
        "coordinates": [
          [
            [
              -89.46647299972908,
              41.18602799979835
            ],
            [
              -89.46610100018341,
              41.14852399983661
            ],
            [
              -89.32926999968694,
              41.147930999882156
            ],
            [
              -89.3358919999741,
              41.11726900026044
            ],
            [
              -89.35843699979503,
              41.10384899978846
            ],
            [
              -89.16223699973791,
              41.10400800019122
            ],
            [
              -89.16370499962575,
              41.31018700014925
            ],
            [
              -89.26354300032807,
              41.322457000044245
            ],
            [
              -89.33728100021924,
              41.30001499995191
            ],
            [
              -89.35672899970767,
              41.233038999860376
            ],
            [
              -89.46638900006349,
              41.23387200003113
            ],
            [
              -89.46644400031508,
              41.19029600015113
            ],
            [
              -89.46647299972908,
              41.18602799979835
            ]
          ]
        ]
      }
    },
    {
      "type": "Feature",
      "id": "us-county:17:157",
      "properties": {
        "boundary_id": "us-county:17:157",
        "boundary_type": "county",
        "name": "Randolph County",
        "stateFips": "17",
        "countyFips": "157",
        "bbox": [
          -90.20520499997436,
          37.80315199992315,
          -89.5927970001336,
          38.223246000295745
        ]
      },
      "geometry": {
        "type": "Polygon",
        "coordinates": [
          [
            [
              -89.59507299958521,
              37.955343000348265
            ],
            [
              -89.5927970001336,
              38.21927099969429
            ],
            [
              -90.03631599979994,
              38.223246000295745
            ],
            [
              -90.03586700026136,
              38.135735999874655
            ],
            [
              -90.20520499997436,
              38.08690700034137
            ],
            [
              -90.17604000041439,
              38.070659999714216
            ],
            [
              -90.15827300035085,
              38.0749500000018
            ],
            [
              -90.13078800039084,
              38.06234099988757
            ],
            [
              -90.11423999979478,
              38.02906099983131
            ],
            [
              -90.08826000043086,
              38.015772000324496
            ],
            [
              -90.05726899988446,
              38.014361999967015
            ],
            [
              -90.00010999965318,
              37.964563000162215
            ],
            [
              -89.94068699966581,
              37.970874000096764
            ],
            [
              -89.93588499961902,
              37.95958099990406
            ],
            [
              -89.92459699972747,
              37.9598489996542
            ],
            [
              -89.97479899993586,
              37.92652500024702
            ],
            [
              -89.95300800015035,
              37.884036999684625
            ],
            [
              -89.9386079998577,
              37.874303999992186
            ],
            [
              -89.8987529999077,
              37.870780000095124
            ],
            [
              -89.84263800014006,
              37.90519699980449
            ],
            [
              -89.79932900038048,
              37.88151599994908
            ],
            [
              -89.7975419997521,
              37.86212799972085
            ],
            [
              -89.7863259998306,
              37.851688999662386
            ],
            [
              -89.739875000431,
              37.84692100014757
            ],
            [
              -89.67432100042618,
              37.80315199992315
            ],
            [
              -89.68086499999721,
              37.82250099983962
            ],
            [
              -89.6644389995999,
              37.829131000243656
            ],
            [
              -89.65793000018894,
              37.855957000291305
            ],
            [
              -89.59791100034994,
              37.950731999702306
            ],
            [
              -89.59507299958521,
              37.955343000348265
            ]
          ]
        ]
      }
    },
    {
      "type": "Feature",
      "id": "us-county:17:159",
      "properties": {
        "boundary_id": "us-county:17:159",
        "boundary_type": "county",
        "name": "Richland County",
        "stateFips": "17",
        "countyFips": "159",
        "bbox": [
          -88.29600500017663,
          38.56903700021097,
          -87.90811300038132,
          38.850107000168066
        ]
      },
      "geometry": {
        "type": "Polygon",
        "coordinates": [
          [
            [
              -88.02396999997853,
              38.570552000224374
            ],
            [
              -87.91037499958924,
              38.57465599965305
            ],
            [
              -87.90811300038132,
              38.850107000168066
            ],
            [
              -88.25858300003708,
              38.847529000201206
            ],
            [
              -88.2577739997501,
              38.73097700028058
            ],
            [
              -88.28705800003404,
              38.728011999991956
            ],
            [
              -88.28454999988053,
              38.68163199998252
            ],
            [
              -88.27229700006639,
              38.66355800015552
            ],
            [
              -88.29600500017663,
              38.638466999755764
            ],
            [
              -88.29225500009106,
              38.62628399968454
            ],
            [
              -88.26930000019131,
              38.6184149997406
            ],
            [
              -88.25397799963378,
              38.59950200023239
            ],
            [
              -88.14819399976021,
              38.597987000037485
            ],
            [
              -88.14780299994797,
              38.56903700021097
            ],
            [
              -88.02397599982633,
              38.570443999956844
            ],
            [
              -88.02396999997853,
              38.570552000224374
            ]
          ]
        ]
      }
    },
    {
      "type": "Feature",
      "id": "us-county:17:161",
      "properties": {
        "boundary_id": "us-county:17:161",
        "boundary_type": "county",
        "name": "Rock Island County",
        "stateFips": "17",
        "countyFips": "161",
        "bbox": [
          -91.07207000009554,
          41.326988999896145,
          -90.15987799960773,
          41.782964000154436
        ]
      },
      "geometry": {
        "type": "Polygon",
        "coordinates": [
          [
            [
              -90.3355449997049,
              41.672480999850436
            ],
            [
              -90.34322800017414,
              41.58783300022944
            ],
            [
              -90.4128250001675,
              41.565328999799206
            ],
            [
              -90.46143200026643,
              41.52353299977232
            ],
            [
              -90.5562350003951,
              41.524232000025606
            ],
            [
              -90.59523699967717,
              41.511032000195
            ],
            [
              -90.60593600028804,
              41.49423200024349
            ],
            [
              -90.65583899984736,
              41.46213199981322
            ],
            [
              -90.74594600023445,
              41.4497300002153
            ],
            [
              -90.84655800016534,
              41.45514099982694
            ],
            [
              -90.93001599960277,
              41.421403999849666
            ],
            [
              -90.97981500030335,
              41.43432099967823
            ],
            [
              -91.02778700019253,
              41.42360299996514
            ],
            [
              -91.04764200028507,
              41.411310000286925
            ],
            [
              -91.07207000009554,
              41.33336100021374
            ],
            [
              -90.43373700024414,
              41.326988999896145
            ],
            [
              -90.43193000042257,
              41.456834000210236
            ],
            [
              -90.37652799978413,
              41.478734000221245
            ],
            [
              -90.35223100039322,
              41.50883199972187
            ],
            [
              -90.31505899960061,
              41.50920400002574
            ],
            [
              -90.19532399987129,
              41.540686000083355
            ],
            [
              -90.17909800038883,
              41.5734870000214
            ],
            [
              -90.18581400038732,
              41.588466000226354
            ],
            [
              -90.16502000031147,
              41.596040999998
            ],
            [
              -90.15987799960773,
              41.63049499972354
            ],
            [
              -90.17391300002738,
              41.64006899998534
            ],
            [
              -90.16123300041598,
              41.643926999769505
            ],
            [
              -90.23618200027705,
              41.67949600004797
            ],
            [
              -90.22615399986091,
              41.68694399969465
            ],
            [
              -90.24571299967742,
              41.703537000204
            ],
            [
              -90.23408300037745,
              41.72501099969145
            ],
            [
              -90.23650899961687,
              41.7407470001868
            ],
            [
              -90.24791700005733,
              41.746876999757305
            ],
            [
              -90.23677300010586,
              41.76259800009397
            ],
            [
              -90.24716999969462,
              41.76260899985056
            ],
            [
              -90.2423800002417,
              41.782964000154436
            ],
            [
              -90.30997299987169,
              41.74342000004099
            ],
            [
              -90.31419099976239,
              41.69591299966538
            ],
            [
              -90.3355020000472,
              41.67296699976295
            ],
            [
              -90.3355449997049,
              41.672480999850436
            ]
          ]
        ]
      }
    },
    {
      "type": "Feature",
      "id": "us-county:17:163",
      "properties": {
        "boundary_id": "us-county:17:163",
        "boundary_type": "county",
        "name": "St. Clair County",
        "stateFips": "17",
        "countyFips": "163",
        "bbox": [
          -90.26412300034663,
          38.21940400011474,
          -89.70325599983236,
          38.66006599967275
        ]
      },
      "geometry": {
        "type": "Polygon",
        "coordinates": [
          [
            [
              -89.92840000041483,
              38.65770700028626
            ],
            [
              -90.1812280002506,
              38.66006599967275
            ],
            [
              -90.17800200004665,
              38.63377899967911
            ],
            [
              -90.19180300011459,
              38.598980000254635
            ],
            [
              -90.2242039999242,
              38.57507999985804
            ],
            [
              -90.26412300034663,
              38.52072799976771
            ],
            [
              -90.1454000003956,
              38.42667399981717
            ],
            [
              -90.14556199987898,
              38.41205300005033
            ],
            [
              -90.03609599969192,
              38.323537000023244
            ],
            [
              -90.03610699956258,
              38.3089359998062
            ],
            [
              -89.91322699982017,
              38.308268999731865
            ],
            [
              -89.90250100034345,
              38.28146799998585
            ],
            [
              -89.91289999958204,
              38.276574999908355
            ],
            [
              -89.91130000034802,
              38.28469900028411
            ],
            [
              -89.9196349998471,
              38.28565300029583
            ],
            [
              -89.92523699996008,
              38.27278299970928
            ],
            [
              -89.90897799996733,
              38.237649999816895
            ],
            [
              -89.89730500011133,
              38.23174599981452
            ],
            [
              -89.90447100037163,
              38.22746100001544
            ],
            [
              -89.89904300033592,
              38.220755000302695
            ],
            [
              -89.70325599983236,
              38.21940400011474
            ],
            [
              -89.70694900001652,
              38.65501899980877
            ],
            [
              -89.92534699956494,
              38.65765099985833
            ],
            [
              -89.92840000041483,
              38.65770700028626
            ]
          ]
        ]
      }
    },
    {
      "type": "Feature",
      "id": "us-county:17:165",
      "properties": {
        "boundary_id": "us-county:17:165",
        "boundary_type": "county",
        "name": "Saline County",
        "stateFips": "17",
        "countyFips": "165",
        "bbox": [
          -88.70854599971537,
          37.599023000268204,
          -88.374530000046,
          37.907677999978375
        ]
      },
      "geometry": {
        "type": "Polygon",
        "coordinates": [
          [
            [
              -88.4862020002628,
              37.59984800004146
            ],
            [
              -88.37545499978563,
              37.599023000268204
            ],
            [
              -88.374530000046,
              37.907677999978375
            ],
            [
              -88.70662199971794,
              37.90679699989975
            ],
            [
              -88.70854599971537,
              37.59905899982804
            ],
            [
              -88.49168399982685,
              37.59980900021938
            ],
            [
              -88.4862020002628,
              37.59984800004146
            ]
          ]
        ]
      }
    },
    {
      "type": "Feature",
      "id": "us-county:17:167",
      "properties": {
        "boundary_id": "us-county:17:167",
        "boundary_type": "county",
        "name": "Sangamon County",
        "stateFips": "17",
        "countyFips": "167",
        "bbox": [
          -89.99450599989038,
          39.52210400020932,
          -89.21747500034482,
          39.976733000022406
        ]
      },
      "geometry": {
        "type": "Polygon",
        "coordinates": [
          [
            [
              -89.61745099989987,
              39.5243329997896
            ],
            [
              -89.5335259995839,
              39.52459200011569
            ],
            [
              -89.53502799980694,
              39.64113800014862
            ],
            [
              -89.47847299982324,
              39.640841999997235
            ],
            [
              -89.47892300008502,
              39.68396400029954
            ],
            [
              -89.42505100015703,
              39.683695999753326
            ],
            [
              -89.42517099980763,
              39.7620220001151
            ],
            [
              -89.40947500005458,
              39.743530000201744
            ],
            [
              -89.39568400003239,
              39.74244299971328
            ],
            [
              -89.37391800036123,
              39.75864599993127
            ],
            [
              -89.36260500035534,
              39.75579900002882
            ],
            [
              -89.35779499991261,
              39.77082199972256
            ],
            [
              -89.32870099959948,
              39.763541999865836
            ],
            [
              -89.30312200009354,
              39.77581299994533
            ],
            [
              -89.29661899963207,
              39.78975199974743
            ],
            [
              -89.26037599967538,
              39.805601999831985
            ],
            [
              -89.24860900010805,
              39.82572299979444
            ],
            [
              -89.23394600004967,
              39.8128520000811
            ],
            [
              -89.21747500034482,
              39.81321699972981
            ],
            [
              -89.21784600006559,
              39.91699000030081
            ],
            [
              -89.40498400035239,
              39.91818699979817
            ],
            [
              -89.4049690002838,
              39.93271699974828
            ],
            [
              -89.48349800035112,
              39.933151000044504
            ],
            [
              -89.48382600041417,
              39.976733000022406
            ],
            [
              -89.69825899979186,
              39.97530899984233
            ],
            [
              -89.70186400011248,
              39.91678700013224
            ],
            [
              -89.76914299992312,
              39.91686500034287
            ],
            [
              -89.76916800003747,
              39.90235000031393
            ],
            [
              -89.99450599989038,
              39.90192499992817
            ],
            [
              -89.98474500033623,
              39.71807899993866
            ],
            [
              -89.92395499984507,
              39.55867799971217
            ],
            [
              -89.92603700002626,
              39.52210400020932
            ],
            [
              -89.61746400031866,
              39.52433199990687
            ],
            [
              -89.61745099989987,
              39.5243329997896
            ]
          ]
        ]
      }
    },
    {
      "type": "Feature",
      "id": "us-county:17:169",
      "properties": {
        "boundary_id": "us-county:17:169",
        "boundary_type": "county",
        "name": "Schuyler County",
        "stateFips": "17",
        "countyFips": "169",
        "bbox": [
          -90.91346899972996,
          39.98147599983898,
          -90.19963499964842,
          40.28439399974337
        ]
      },
      "geometry": {
        "type": "Polygon",
        "coordinates": [
          [
            [
              -90.45350100010006,
              40.010997000126764
            ],
            [
              -90.43462400034893,
              40.021886999837044
            ],
            [
              -90.4286380000964,
              40.06034500030177
            ],
            [
              -90.39343200003233,
              40.07875900028491
            ],
            [
              -90.3728360003232,
              40.12236300004418
            ],
            [
              -90.26814399969552,
              40.15456300011567
            ],
            [
              -90.2133600004467,
              40.15129100015325
            ],
            [
              -90.20267099988156,
              40.1606899999181
            ],
            [
              -90.19963499964842,
              40.18381200025596
            ],
            [
              -90.45191600003633,
              40.188803000291614
            ],
            [
              -90.45022700021555,
              40.27633499968576
            ],
            [
              -90.90975600035262,
              40.28439399974337
            ],
            [
              -90.91346899972996,
              40.10445499978997
            ],
            [
              -90.6960069997918,
              40.10396700007556
            ],
            [
              -90.70916000012954,
              40.09042299984328
            ],
            [
              -90.69563699989597,
              40.079582999969574
            ],
            [
              -90.67199499990795,
              40.08012999998646
            ],
            [
              -90.67506999960081,
              40.04597900024834
            ],
            [
              -90.66102199966068,
              40.046388000171454
            ],
            [
              -90.65388700026085,
              40.03344099983626
            ],
            [
              -90.63038699966474,
              40.02366399998728
            ],
            [
              -90.60678200038497,
              40.0288650003272
            ],
            [
              -90.61902900035132,
              40.01515900030689
            ],
            [
              -90.60194699982789,
              40.00331699991933
            ],
            [
              -90.60627199984872,
              39.98147599983898
            ],
            [
              -90.52596400044722,
              39.98227499985744
            ],
            [
              -90.45376800006375,
              40.01084299971533
            ],
            [
              -90.45350100010006,
              40.010997000126764
            ]
          ]
        ]
      }
    },
    {
      "type": "Feature",
      "id": "us-county:17:171",
      "properties": {
        "boundary_id": "us-county:17:171",
        "boundary_type": "county",
        "name": "Scott County",
        "stateFips": "17",
        "countyFips": "171",
        "bbox": [
          -90.64599000042969,
          39.520344000315845,
          -90.30066599987899,
          39.790060000229474
        ]
      },
      "geometry": {
        "type": "Polygon",
        "coordinates": [
          [
            [
              -90.37296900039257,
              39.665780999661465
            ],
            [
              -90.37125600028234,
              39.753122000277294
            ],
            [
              -90.48331799958817,
              39.753237999955104
            ],
            [
              -90.48306300021835,
              39.789240000287315
            ],
            [
              -90.59910499976351,
              39.790060000229474
            ],
            [
              -90.64599000042969,
              39.70336800021011
            ],
            [
              -90.60887100023885,
              39.64028700027636
            ],
            [
              -90.57662000021703,
              39.55953599986446
            ],
            [
              -90.57229299964806,
              39.53916599979114
            ],
            [
              -90.58105499984272,
              39.521728000034905
            ],
            [
              -90.30183099981812,
              39.520344000315845
            ],
            [
              -90.30066599987899,
              39.63654099972413
            ],
            [
              -90.33812599965336,
              39.636632999869406
            ],
            [
              -90.337811999834,
              39.66558299978516
            ],
            [
              -90.36107600042855,
              39.6656900001834
            ],
            [
              -90.37296900039257,
              39.665780999661465
            ]
          ]
        ]
      }
    },
    {
      "type": "Feature",
      "id": "us-county:17:173",
      "properties": {
        "boundary_id": "us-county:17:173",
        "boundary_type": "county",
        "name": "Shelby County",
        "stateFips": "17",
        "countyFips": "173",
        "bbox": [
          -89.13980700044301,
          39.21502899978893,
          -88.47050499978653,
          39.6541950002835
        ]
      },
      "geometry": {
        "type": "Polygon",
        "coordinates": [
          [
            [
              -89.02567999977616,
              39.65418299995097
            ],
            [
              -89.02538199985031,
              39.34592000033141
            ],
            [
              -89.13980700044301,
              39.348887999966365
            ],
            [
              -89.1394259997782,
              39.21725300017798
            ],
            [
              -88.47090599964453,
              39.21502899978893
            ],
            [
              -88.47050499978653,
              39.44704099970004
            ],
            [
              -88.5842730004282,
              39.447582000193876
            ],
            [
              -88.58454299986663,
              39.47698800021297
            ],
            [
              -88.60318500033942,
              39.47703100018607
            ],
            [
              -88.6032110002787,
              39.49159899984576
            ],
            [
              -88.62223500034291,
              39.491903999656536
            ],
            [
              -88.62239000015362,
              39.506496000324574
            ],
            [
              -88.64116999982036,
              39.50669600021365
            ],
            [
              -88.6414679997462,
              39.5209579996684
            ],
            [
              -88.71687500026498,
              39.521208999994
            ],
            [
              -88.71743799960637,
              39.57933399976903
            ],
            [
              -88.80905100041446,
              39.58024100032691
            ],
            [
              -88.81057500037879,
              39.6532219996979
            ],
            [
              -89.02411499980391,
              39.6541950002835
            ],
            [
              -89.02567999977616,
              39.65418299995097
            ]
          ]
        ]
      }
    },
    {
      "type": "Feature",
      "id": "us-county:17:175",
      "properties": {
        "boundary_id": "us-county:17:175",
        "boundary_type": "county",
        "name": "Stark County",
        "stateFips": "17",
        "countyFips": "175",
        "bbox": [
          -89.98547900028015,
          40.97370699968225,
          -89.63870799975801,
          41.23443000005766
        ]
      },
      "geometry": {
        "type": "Polygon",
        "coordinates": [
          [
            [
              -89.98504499991188,
              41.06765700008901
            ],
            [
              -89.98547900028015,
              40.974494999825545
            ],
            [
              -89.63872700002459,
              40.97370699968225
            ],
            [
              -89.63870799975801,
              41.233861999776586
            ],
            [
              -89.86779300022174,
              41.23443000005766
            ],
            [
              -89.86815200024694,
              41.149492999713736
            ],
            [
              -89.98455899966508,
              41.14939399979043
            ],
            [
              -89.98501399994976,
              41.07213600001364
            ],
            [
              -89.98504499991188,
              41.06765700008901
            ]
          ]
        ]
      }
    },
    {
      "type": "Feature",
      "id": "us-county:17:177",
      "properties": {
        "boundary_id": "us-county:17:177",
        "boundary_type": "county",
        "name": "Stephenson County",
        "stateFips": "17",
        "countyFips": "177",
        "bbox": [
          -89.92646600037163,
          42.19688100012639,
          -89.3961920000205,
          42.50577200026428
        ]
      },
      "geometry": {
        "type": "Polygon",
        "coordinates": [
          [
            [
              -89.62982099988989,
              42.20053400021485
            ],
            [
              -89.3961920000205,
              42.201916000229126
            ],
            [
              -89.40142300041272,
              42.5005539997487
            ],
            [
              -89.92646600037163,
              42.50577200026428
            ],
            [
              -89.91977200011445,
              42.19688100012639
            ],
            [
              -89.6438119999286,
              42.200171999880354
            ],
            [
              -89.62982099988989,
              42.20053400021485
            ]
          ]
        ]
      }
    },
    {
      "type": "Feature",
      "id": "us-county:17:179",
      "properties": {
        "boundary_id": "us-county:17:179",
        "boundary_type": "county",
        "name": "Tazewell County",
        "stateFips": "17",
        "countyFips": "179",
        "bbox": [
          -89.92467999956817,
          40.319218000071714,
          -89.26373999997156,
          40.748257000326035
        ]
      },
      "geometry": {
        "type": "Polygon",
        "coordinates": [
          [
            [
              -89.37737100034589,
              40.32411999981248
            ],
            [
              -89.26373999997156,
              40.32534400010433
            ],
            [
              -89.26983099980609,
              40.61609699968602
            ],
            [
              -89.32734300021478,
              40.615566000096244
            ],
            [
              -89.33009200039272,
              40.748257000326035
            ],
            [
              -89.55343299955497,
              40.74763600027669
            ],
            [
              -89.54641399960775,
              40.72299399988679
            ],
            [
              -89.55310100019226,
              40.70308600030673
            ],
            [
              -89.6137560000659,
              40.665081000283735
            ],
            [
              -89.6126160002411,
              40.646109000103245
            ],
            [
              -89.65799999961084,
              40.60262499988022
            ],
            [
              -89.65431900002055,
              40.57420700032841
            ],
            [
              -89.66787200039137,
              40.559269000052055
            ],
            [
              -89.6811379998087,
              40.552340999747095
            ],
            [
              -89.69707200011142,
              40.56203199987592
            ],
            [
              -89.77689699963915,
              40.552465000048194
            ],
            [
              -89.85560900000459,
              40.522134000150956
            ],
            [
              -89.88219400033931,
              40.50540199985412
            ],
            [
              -89.88793000034659,
              40.47465599973653
            ],
            [
              -89.92467999956817,
              40.43592100012004
            ],
            [
              -89.71710399975593,
              40.43565500017081
            ],
            [
              -89.71492700003853,
              40.319218000071714
            ],
            [
              -89.37769299966284,
              40.32411400033381
            ],
            [
              -89.37737100034589,
              40.32411999981248
            ]
          ]
        ]
      }
    },
    {
      "type": "Feature",
      "id": "us-county:17:181",
      "properties": {
        "boundary_id": "us-county:17:181",
        "boundary_type": "county",
        "name": "Union County",
        "stateFips": "17",
        "countyFips": "181",
        "bbox": [
          -89.5215640000229,
          37.32971700010133,
          -89.04140099964354,
          37.60008999975803
        ]
      },
      "geometry": {
        "type": "Polygon",
        "coordinates": [
          [
            [
              -89.04452700028835,
              37.39231699989004
            ],
            [
              -89.04140099964354,
              37.59657600003343
            ],
            [
              -89.4532020002889,
              37.60008999975803
            ],
            [
              -89.45324099974863,
              37.579194000004925
            ],
            [
              -89.46773099955465,
              37.56316599969801
            ],
            [
              -89.50212999987986,
              37.57055399985035
            ],
            [
              -89.50324999961315,
              37.578155999882185
            ],
            [
              -89.5215640000229,
              37.572156000181636
            ],
            [
              -89.51644700033184,
              37.53555800031386
            ],
            [
              -89.47549000019187,
              37.47134299972318
            ],
            [
              -89.43976899956867,
              37.437199999787794
            ],
            [
              -89.42093899967321,
              37.393951999905795
            ],
            [
              -89.43431600031694,
              37.34562400003299
            ],
            [
              -89.48668900039495,
              37.33455400014942
            ],
            [
              -89.04479900027492,
              37.32971700010133
            ],
            [
              -89.0445230000904,
              37.390698000150024
            ],
            [
              -89.04452700028835,
              37.39231699989004
            ]
          ]
        ]
      }
    },
    {
      "type": "Feature",
      "id": "us-county:17:183",
      "properties": {
        "boundary_id": "us-county:17:183",
        "boundary_type": "county",
        "name": "Vermilion County",
        "stateFips": "17",
        "countyFips": "183",
        "bbox": [
          -87.94210299955428,
          39.868459000126634,
          -87.52636599994887,
          40.49123700002876
        ]
      },
      "geometry": {
        "type": "Polygon",
        "coordinates": [
          [
            [
              -87.93535499976873,
              40.48579799969966
            ],
            [
              -87.92876000014408,
              40.22561899967871
            ],
            [
              -87.94210299955428,
              40.22548199968771
            ],
            [
              -87.93764500036238,
              39.879803000191686
            ],
            [
              -87.6151610000837,
              39.88157900033887
            ],
            [
              -87.61742200036502,
              39.86860799996797
            ],
            [
              -87.57884500033208,
              39.868459000126634
            ],
            [
              -87.55753300022238,
              39.868783999826434
            ],
            [
              -87.58167900000053,
              39.88230700028213
            ],
            [
              -87.53322800043553,
              39.883000000192546
            ],
            [
              -87.52636599994887,
              40.49123700002876
            ],
            [
              -87.93530899973798,
              40.48592299972498
            ],
            [
              -87.93535499976873,
              40.48579799969966
            ]
          ]
        ]
      }
    },
    {
      "type": "Feature",
      "id": "us-county:17:185",
      "properties": {
        "boundary_id": "us-county:17:185",
        "boundary_type": "county",
        "name": "Wabash County",
        "stateFips": "17",
        "countyFips": "185",
        "bbox": [
          -87.99229999973979,
          38.236311000177885,
          -87.64671900016945,
          38.56966399991593
        ]
      },
      "geometry": {
        "type": "Polygon",
        "coordinates": [
          [
            [
              -87.89243000014875,
              38.28285399965437
            ],
            [
              -87.87053700025598,
              38.31221999982447
            ],
            [
              -87.86111999976012,
              38.30782599998717
            ],
            [
              -87.85965100004735,
              38.276710999816686
            ],
            [
              -87.83649500030614,
              38.28548599972528
            ],
            [
              -87.8227210000024,
              38.3469120001666
            ],
            [
              -87.80607500039537,
              38.363143000164996
            ],
            [
              -87.77999600039892,
              38.370842000136776
            ],
            [
              -87.74525399994205,
              38.408996000330085
            ],
            [
              -87.7410400002493,
              38.43557600014604
            ],
            [
              -87.73013399994919,
              38.44651800024578
            ],
            [
              -87.75653400033598,
              38.456943999892935
            ],
            [
              -87.74464399984669,
              38.477265999726065
            ],
            [
              -87.69765199994872,
              38.48610299999127
            ],
            [
              -87.6718979996423,
              38.5076110000819
            ],
            [
              -87.65817799976523,
              38.501668999748304
            ],
            [
              -87.64671900016945,
              38.50776700029584
            ],
            [
              -87.67008400014804,
              38.54413300024101
            ],
            [
              -87.65070400043167,
              38.55623999979017
            ],
            [
              -87.65152899971388,
              38.5681660001401
            ],
            [
              -87.95583599985017,
              38.56966399991593
            ],
            [
              -87.95287199958705,
              38.54318099975958
            ],
            [
              -87.9371740001842,
              38.528144999808795
            ],
            [
              -87.95300499965644,
              38.51961899986108
            ],
            [
              -87.94760799958289,
              38.5057570002967
            ],
            [
              -87.95681500001646,
              38.49709999999446
            ],
            [
              -87.94288799955184,
              38.4496289999677
            ],
            [
              -87.95201600034271,
              38.418422999693874
            ],
            [
              -87.97601200033304,
              38.4006139996702
            ],
            [
              -87.96495600024511,
              38.39107200009444
            ],
            [
              -87.9772209997548,
              38.37783900009557
            ],
            [
              -87.95444499995521,
              38.339733000244756
            ],
            [
              -87.95803000018432,
              38.319635000130894
            ],
            [
              -87.9461299996493,
              38.31016000024653
            ],
            [
              -87.9570490003682,
              38.30609599972602
            ],
            [
              -87.95109200042799,
              38.29093499986698
            ],
            [
              -87.97783699969797,
              38.28245600023455
            ],
            [
              -87.97284800005339,
              38.27421800005015
            ],
            [
              -87.98883400023466,
              38.27359799984849
            ],
            [
              -87.99229999973979,
              38.2622810002309
            ],
            [
              -87.96320100030208,
              38.236311000177885
            ],
            [
              -87.94302999984207,
              38.25778999980438
            ],
            [
              -87.95212500012266,
              38.27376300022571
            ],
            [
              -87.9348440003059,
              38.2951450001888
            ],
            [
              -87.9095360000633,
              38.29606100008213
            ],
            [
              -87.91929199959458,
              38.27590799992616
            ],
            [
              -87.91408100019217,
              38.26830899986785
            ],
            [
              -87.89334499984263,
              38.28239699985138
            ],
            [
              -87.89243000014875,
              38.28285399965437
            ]
          ]
        ]
      }
    },
    {
      "type": "Feature",
      "id": "us-county:17:187",
      "properties": {
        "boundary_id": "us-county:17:187",
        "boundary_type": "county",
        "name": "Warren County",
        "stateFips": "17",
        "countyFips": "187",
        "bbox": [
          -90.78965199965404,
          40.62763800005667,
          -90.4394230000227,
          41.068843000201895
        ]
      },
      "geometry": {
        "type": "Polygon",
        "coordinates": [
          [
            [
              -90.786438000044,
              41.010486999785755
            ],
            [
              -90.78965199965404,
              40.63575000030335
            ],
            [
              -90.44562699983511,
              40.62763800005667
            ],
            [
              -90.4394230000227,
              41.06399500013035
            ],
            [
              -90.78496599995819,
              41.068843000201895
            ],
            [
              -90.78642899982316,
              41.01058999974341
            ],
            [
              -90.786438000044,
              41.010486999785755
            ]
          ]
        ]
      }
    },
    {
      "type": "Feature",
      "id": "us-county:17:189",
      "properties": {
        "boundary_id": "us-county:17:189",
        "boundary_type": "county",
        "name": "Washington County",
        "stateFips": "17",
        "countyFips": "189",
        "bbox": [
          -89.7042450000444,
          38.212894999727595,
          -89.14386600032509,
          38.517918000234864
        ]
      },
      "geometry": {
        "type": "Polygon",
        "coordinates": [
          [
            [
              -89.7042450000444,
              38.415778999918444
            ],
            [
              -89.70325599983236,
              38.21940400011474
            ],
            [
              -89.14759700014406,
              38.212894999727595
            ],
            [
              -89.14386600032509,
              38.503089000155256
            ],
            [
              -89.26415400024834,
              38.5104960000322
            ],
            [
              -89.29395499984294,
              38.50454600017497
            ],
            [
              -89.35838599974142,
              38.517918000234864
            ],
            [
              -89.36714799993607,
              38.49799000019543
            ],
            [
              -89.40068500027083,
              38.48913100031529
            ],
            [
              -89.4059140001149,
              38.49564200004077
            ],
            [
              -89.41051600014518,
              38.48731499996661
            ],
            [
              -89.42849099972288,
              38.49907800028816
            ],
            [
              -89.48187999977714,
              38.4685899998621
            ],
            [
              -89.49014700040247,
              38.47774599978374
            ],
            [
              -89.51385100031474,
              38.4725379999437
            ],
            [
              -89.5281539996247,
              38.48107400027961
            ],
            [
              -89.56805499960545,
              38.475745000098755
            ],
            [
              -89.56588299991091,
              38.483287999682574
            ],
            [
              -89.6126999999067,
              38.473490000147365
            ],
            [
              -89.62887500023386,
              38.46369599986018
            ],
            [
              -89.63283299983357,
              38.44718100002509
            ],
            [
              -89.6641780003823,
              38.44532599987612
            ],
            [
              -89.6670299995941,
              38.43233499980092
            ],
            [
              -89.67799699999358,
              38.43212099997982
            ],
            [
              -89.67784999968049,
              38.42473999965168
            ],
            [
              -89.68743100020788,
              38.429879999662425
            ],
            [
              -89.70413999956409,
              38.41584700025397
            ],
            [
              -89.7042450000444,
              38.415778999918444
            ]
          ]
        ]
      }
    },
    {
      "type": "Feature",
      "id": "us-county:17:191",
      "properties": {
        "boundary_id": "us-county:17:191",
        "boundary_type": "county",
        "name": "Wayne County",
        "stateFips": "17",
        "countyFips": "191",
        "bbox": [
          -88.70239100030675,
          38.256097000086186,
          -88.14819399976021,
          38.606062000040495
        ]
      },
      "geometry": {
        "type": "Polygon",
        "coordinates": [
          [
            [
              -88.14860300001413,
              38.38635000002849
            ],
            [
              -88.14819399976021,
              38.597987000037485
            ],
            [
              -88.69845899974798,
              38.606062000040495
            ],
            [
              -88.70239100030675,
              38.256661000058294
            ],
            [
              -88.15090000028047,
              38.256097000086186
            ],
            [
              -88.14860399983904,
              38.386281000229715
            ],
            [
              -88.14860300001413,
              38.38635000002849
            ]
          ]
        ]
      }
    },
    {
      "type": "Feature",
      "id": "us-county:17:193",
      "properties": {
        "boundary_id": "us-county:17:193",
        "boundary_type": "county",
        "name": "White County",
        "stateFips": "17",
        "countyFips": "193",
        "bbox": [
          -88.37452099982517,
          37.889222000067086,
          -87.91062300018466,
          38.25962899976373
        ]
      },
      "geometry": {
        "type": "Polygon",
        "coordinates": [
          [
            [
              -87.97130800019552,
              38.128169999898546
            ],
            [
              -87.94547199987335,
              38.12661600016865
            ],
            [
              -87.91062300018466,
              38.1666039997236
            ],
            [
              -87.92172000028049,
              38.17380999993012
            ],
            [
              -87.93429899960954,
              38.156459000129004
            ],
            [
              -87.9371619995903,
              38.172189000345995
            ],
            [
              -87.97581899998919,
              38.19783399987552
            ],
            [
              -87.98562700029733,
              38.21799299970726
            ],
            [
              -87.97978900018279,
              38.241660999718555
            ],
            [
              -87.99062799963744,
              38.25962899976373
            ],
            [
              -88.37037499990447,
              38.25531899987943
            ],
            [
              -88.37452099982517,
              37.908391000234516
            ],
            [
              -88.13653799962266,
              37.907737000290595
            ],
            [
              -88.13588700041771,
              37.91611800001107
            ],
            [
              -88.09813800004002,
              37.88980600034647
            ],
            [
              -88.0926580001258,
              37.90619799969759
            ],
            [
              -88.0553730002536,
              37.8912380003541
            ],
            [
              -88.01707300023008,
              37.889222000067086
            ],
            [
              -88.02082400014056,
              37.91375799975739
            ],
            [
              -88.06224200041297,
              37.91789799986361
            ],
            [
              -88.06961299981435,
              37.92684800000337
            ],
            [
              -88.05854300038102,
              37.93408200008831
            ],
            [
              -88.0424540002676,
              37.92445700007348
            ],
            [
              -88.03053399964108,
              37.929626000086564
            ],
            [
              -88.03679299970509,
              37.956792999681376
            ],
            [
              -88.01227100018326,
              37.969940999831614
            ],
            [
              -88.02563100021024,
              38.00914499984118
            ],
            [
              -88.00763099961985,
              38.02914499986438
            ],
            [
              -88.03413200028898,
              38.032044999998064
            ],
            [
              -88.04213200005232,
              38.046344999739674
            ],
            [
              -87.96722599984895,
              38.06710500033299
            ],
            [
              -87.95666400040373,
              38.0862020000116
            ],
            [
              -87.96067700025502,
              38.100190999749636
            ],
            [
              -88.00469700039228,
              38.0839649999234
            ],
            [
              -88.01680600026639,
              38.09571699976491
            ],
            [
              -88.00674299969015,
              38.10617099999703
            ],
            [
              -87.97529900030553,
              38.1100529997793
            ],
            [
              -87.97149099959532,
              38.12790499975681
            ],
            [
              -87.97130800019552,
              38.128169999898546
            ]
          ]
        ]
      }
    },
    {
      "type": "Feature",
      "id": "us-county:17:195",
      "properties": {
        "boundary_id": "us-county:17:195",
        "boundary_type": "county",
        "name": "Whiteside County",
        "stateFips": "17",
        "countyFips": "195",
        "bbox": [
          -90.24791700005733,
          41.5844649996809,
          -89.6289070000209,
          41.93004399977796
        ]
      },
      "geometry": {
        "type": "Polygon",
        "coordinates": [
          [
            [
              -89.74708799964864,
              41.584466000169996
            ],
            [
              -89.63149399981714,
              41.58494900008528
            ],
            [
              -89.6289070000209,
              41.93004399977796
            ],
            [
              -90.15197999995165,
              41.92891700032049
            ],
            [
              -90.18376499981811,
              41.836240000315314
            ],
            [
              -90.18197300006518,
              41.807069999714344
            ],
            [
              -90.2423800002417,
              41.782964000154436
            ],
            [
              -90.24716999969462,
              41.76260899985056
            ],
            [
              -90.23677300010586,
              41.76259800009397
            ],
            [
              -90.24791700005733,
              41.746876999757305
            ],
            [
              -90.23650899961687,
              41.7407470001868
            ],
            [
              -90.23408300037745,
              41.72501099969145
            ],
            [
              -90.24571299967742,
              41.703537000204
            ],
            [
              -90.22615399986091,
              41.68694399969465
            ],
            [
              -90.23618200027705,
              41.67949600004797
            ],
            [
              -90.16123300041598,
              41.643926999769505
            ],
            [
              -90.17391300002738,
              41.64006899998534
            ],
            [
              -90.15987799960773,
              41.63049499972354
            ],
            [
              -90.16512900009143,
              41.5957440000425
            ],
            [
              -90.18553599965466,
              41.58457399981782
            ],
            [
              -89.74726300044914,
              41.5844649996809
            ],
            [
              -89.74708799964864,
              41.584466000169996
            ]
          ]
        ]
      }
    },
    {
      "type": "Feature",
      "id": "us-county:17:197",
      "properties": {
        "boundary_id": "us-county:17:197",
        "boundary_type": "county",
        "name": "Will County",
        "stateFips": "17",
        "countyFips": "197",
        "bbox": [
          -88.26127500031362,
          41.201565999910564,
          -87.52570499979988,
          41.728894000077545
        ]
      },
      "geometry": {
        "type": "Polygon",
        "coordinates": [
          [
            [
              -87.52621799981085,
              41.38528999977685
            ],
            [
              -87.52570499979988,
              41.47028300001316
            ],
            [
              -87.79030299957603,
              41.46984599996967
            ],
            [
              -87.7927930001862,
              41.558540000288914
            ],
            [
              -87.90937700005466,
              41.55681899994493
            ],
            [
              -87.91193000041402,
              41.643932999857576
            ],
            [
              -88.02768800027705,
              41.641505999862105
            ],
            [
              -88.03035200006619,
              41.728894000077545
            ],
            [
              -88.26127500031362,
              41.72465599986361
            ],
            [
              -88.2441440002847,
              41.201565999910564
            ],
            [
              -88.01181000005082,
              41.20550800007123
            ],
            [
              -88.01391899999618,
              41.29244700028042
            ],
            [
              -87.52673099982185,
              41.29805200021454
            ],
            [
              -87.52622299983373,
              41.384632000116454
            ],
            [
              -87.52621799981085,
              41.38528999977685
            ]
          ]
        ]
      }
    },
    {
      "type": "Feature",
      "id": "us-county:17:199",
      "properties": {
        "boundary_id": "us-county:17:199",
        "boundary_type": "county",
        "name": "Williamson County",
        "stateFips": "17",
        "countyFips": "199",
        "bbox": [
          -89.15361699983347,
          37.59927700034918,
          -88.70675899998531,
          37.86345700000704
        ]
      },
      "geometry": {
        "type": "Polygon",
        "coordinates": [
          [
            [
              -88.7075620004245,
              37.68711899996145
            ],
            [
              -88.70675899998531,
              37.86345700000704
            ],
            [
              -89.1511759996271,
              37.86199899982107
            ],
            [
              -89.15361699983347,
              37.600237000013294
            ],
            [
              -88.70854599971537,
              37.59927700034918
            ],
            [
              -88.70756499989923,
              37.68707799998361
            ],
            [
              -88.7075620004245,
              37.68711899996145
            ]
          ]
        ]
      }
    },
    {
      "type": "Feature",
      "id": "us-county:17:201",
      "properties": {
        "boundary_id": "us-county:17:201",
        "boundary_type": "county",
        "name": "Winnebago County",
        "stateFips": "17",
        "countyFips": "201",
        "bbox": [
          -89.40142300041272,
          42.15041700009447,
          -88.93973199972854,
          42.5005539997487
        ]
      },
      "geometry": {
        "type": "Polygon",
        "coordinates": [
          [
            [
              -89.15714799963592,
              42.4972500002356
            ],
            [
              -89.40142300041272,
              42.5005539997487
            ],
            [
              -89.3961920000205,
              42.201916000229126
            ],
            [
              -89.1729999999229,
              42.20424099985235
            ],
            [
              -89.1728030002794,
              42.15041700009447
            ],
            [
              -88.93973199972854,
              42.15232000025548
            ],
            [
              -88.94038799985465,
              42.49504499967409
            ],
            [
              -89.15610999991839,
              42.49723699989089
            ],
            [
              -89.15714799963592,
              42.4972500002356
            ]
          ]
        ]
      }
    },
    {
      "type": "Feature",
      "id": "us-county:17:203",
      "properties": {
        "boundary_id": "us-county:17:203",
        "boundary_type": "county",
        "name": "Woodford County",
        "stateFips": "17",
        "countyFips": "203",
        "bbox": [
          -89.56357599959884,
          40.59431800010482,
          -88.9293309999418,
          40.9277399997196
        ]
      },
      "geometry": {
        "type": "Polygon",
        "coordinates": [
          [
            [
              -89.04531999978352,
              40.66393899998783
            ],
            [
              -88.98472199981128,
              40.66495299974978
            ],
            [
              -88.98689600005396,
              40.752296999673156
            ],
            [
              -88.9293309999418,
              40.753337000048916
            ],
            [
              -88.93138999965845,
              40.9277399997196
            ],
            [
              -89.4725219997308,
              40.921205000174155
            ],
            [
              -89.49841699960422,
              40.8744200000357
            ],
            [
              -89.52655199984254,
              40.85327600032918
            ],
            [
              -89.56357599959884,
              40.78267200012387
            ],
            [
              -89.55343299955497,
              40.74763600027669
            ],
            [
              -89.33009200039272,
              40.748257000326035
            ],
            [
              -89.32734300021478,
              40.615566000096244
            ],
            [
              -89.26983099980609,
              40.61609699968602
            ],
            [
              -89.26939700033613,
              40.59431800010482
            ],
            [
              -89.1337519996952,
              40.59673399993582
            ],
            [
              -89.13421700002561,
              40.61148999983841
            ],
            [
              -89.10113400015061,
              40.6123259998376
            ],
            [
              -89.10156900034377,
              40.62503599975682
            ],
            [
              -89.0443680002797,
              40.627427999670985
            ],
            [
              -89.04507200008639,
              40.65845500006348
            ],
            [
              -89.04531999978352,
              40.66393899998783
            ]
          ]
        ]
      }
    },
    {
      "type": "Feature",
      "id": "us-state:17",
      "properties": {
        "boundary_id": "us-state:17",
        "boundary_type": "state",
        "name": "Illinois",
        "stateFips": "17",
        "bbox": [
          -91.51167600036801,
          36.973517999998464,
          -87.01993500032552,
          42.508481000028475
        ]
      },
      "geometry": {
        "type": "Polygon",
        "coordinates": [
          [
            [
              -87.89243000014875,
              38.28285399965437
            ],
            [
              -87.86888600007002,
              38.312277000246496
            ],
            [
              -87.86045299976334,
              38.305372000156225
            ],
            [
              -87.86177400023641,
              38.278637000332274
            ],
            [
              -87.83897900017024,
              38.282326999812625
            ],
            [
              -87.8227210000024,
              38.3469120001666
            ],
            [
              -87.80607500039537,
              38.363143000164996
            ],
            [
              -87.77999600039892,
              38.370842000136776
            ],
            [
              -87.74525399994205,
              38.408996000330085
            ],
            [
              -87.7410400002493,
              38.43557600014604
            ],
            [
              -87.73013399994919,
              38.44651800024578
            ],
            [
              -87.7559309999133,
              38.45587599968452
            ],
            [
              -87.75002800039977,
              38.471426999726155
            ],
            [
              -87.6931880000107,
              38.48803799970124
            ],
            [
              -87.6718979996423,
              38.5076110000819
            ],
            [
              -87.65817799976523,
              38.501668999748304
            ],
            [
              -87.64671900016945,
              38.50776700029584
            ],
            [
              -87.67007099972923,
              38.54523700003278
            ],
            [
              -87.65070400043167,
              38.55623999979017
            ],
            [
              -87.6383929999929,
              38.59220000021367
            ],
            [
              -87.61195999999413,
              38.5892480000152
            ],
            [
              -87.62734799977561,
              38.60543999971078
            ],
            [
              -87.61558500040624,
              38.625047000214806
            ],
            [
              -87.62011999959104,
              38.63948900017422
            ],
            [
              -87.59367800026976,
              38.667402000154084
            ],
            [
              -87.53123099974486,
              38.684036000032265
            ],
            [
              -87.49579899972498,
              38.740698999727684
            ],
            [
              -87.50404600025882,
              38.74850700001072
            ],
            [
              -87.49690599993781,
              38.766817999976354
            ],
            [
              -87.51486100032234,
              38.77050300006303
            ],
            [
              -87.49550900019507,
              38.784625999801925
            ],
            [
              -87.52734199974212,
              38.81812099979532
            ],
            [
              -87.52672900017203,
              38.85036199992974
            ],
            [
              -87.55339399997436,
              38.86240999967548
            ],
            [
              -87.53491899990614,
              38.87887399996166
            ],
            [
              -87.54408899963148,
              38.89509299987245
            ],
            [
              -87.53595499997385,
              38.88699300005314
            ],
            [
              -87.53369500041576,
              38.90095700022903
            ],
            [
              -87.51683100035052,
              38.90369700019966
            ],
            [
              -87.52764499969082,
              38.90768800010328
            ],
            [
              -87.52771500001103,
              38.91923200004383
            ],
            [
              -87.51882599959475,
              38.923204999765865
            ],
            [
              -87.52176499974351,
              38.94111700001496
            ],
            [
              -87.51218699958916,
              38.95441699994642
            ],
            [
              -87.52949599989331,
              38.97192499994399
            ],
            [
              -87.57831899990231,
              38.988786000209565
            ],
            [
              -87.56042700016525,
              38.99242499998493
            ],
            [
              -87.57911700031865,
              39.00160700030981
            ],
            [
              -87.56969599962481,
              39.01941300026767
            ],
            [
              -87.58037299959608,
              39.04070699976897
            ],
            [
              -87.57258799991789,
              39.057286000171565
            ],
            [
              -87.59637300002105,
              39.0796389998218
            ],
            [
              -87.62025799968329,
              39.0865720002938
            ],
            [
              -87.61568400014045,
              39.10331599966987
            ],
            [
              -87.65279599976027,
              39.10683900017025
            ],
            [
              -87.65208299973274,
              39.115542999684074
            ],
            [
              -87.63501899965097,
              39.12212400025677
            ],
            [
              -87.65874500020288,
              39.135996999811226
            ],
            [
              -87.6421749998655,
              39.15709699973404
            ],
            [
              -87.62771299964858,
              39.15490599984317
            ],
            [
              -87.64043400016618,
              39.1667270000757
            ],
            [
              -87.61961800034902,
              39.17097500007333
            ],
            [
              -87.62039999997353,
              39.18519500030872
            ],
            [
              -87.58861400028213,
              39.19782400023929
            ],
            [
              -87.57455799994608,
              39.21840400003871
            ],
            [
              -87.57931899998502,
              39.243551999719315
            ],
            [
              -87.57158600018538,
              39.25228699981886
            ],
            [
              -87.59468400020026,
              39.24874199980897
            ],
            [
              -87.6100500002404,
              39.2822320000375
            ],
            [
              -87.59794600038919,
              39.299479000257115
            ],
            [
              -87.62058900011942,
              39.307045999674
            ],
            [
              -87.57833099959788,
              39.340343000124676
            ],
            [
              -87.55439999990486,
              39.3404880002099
            ],
            [
              -87.54401300036183,
              39.35290699975578
            ],
            [
              -87.53164599984655,
              39.34788799987565
            ],
            [
              -87.52366100015183,
              41.75990699999969
            ],
            [
              -87.20777400004597,
              41.760955999928086
            ],
            [
              -87.01993500032552,
              42.4934979997221
            ],
            [
              -88.77659000033037,
              42.4919129997632
            ],
            [
              -90.64284299986848,
              42.508481000028475
            ],
            [
              -90.65671000005864,
              42.48883500030992
            ],
            [
              -90.64641899987676,
              42.47132799967239
            ],
            [
              -90.56796799962724,
              42.44038900001316
            ],
            [
              -90.5550179996791,
              42.416138000071726
            ],
            [
              -90.47727899963219,
              42.38379399995806
            ],
            [
              -90.41902700033009,
              42.32850500026223
            ],
            [
              -90.43088400030912,
              42.27823000001415
            ],
            [
              -90.39110800000182,
              42.225472999983324
            ],
            [
              -90.35696399994475,
              42.20544500003729
            ],
            [
              -90.21610700007649,
              42.156730000265725
            ],
            [
              -90.20140399983516,
              42.130936999754354
            ],
            [
              -90.16399199974137,
              42.11830299980411
            ],
            [
              -90.16448499966086,
              42.04210500005509
            ],
            [
              -90.14006100004835,
              42.00325199982218
            ],
            [
              -90.1641349998565,
              41.956177999978664
            ],
            [
              -90.15160000001005,
              41.93100200012452
            ],
            [
              -90.15358400028192,
              41.90661399979588
            ],
            [
              -90.18190100009515,
              41.84321600025381
            ],
            [
              -90.18197300006518,
              41.807069999714344
            ],
            [
              -90.27863300024413,
              41.76735800009197
            ],
            [
              -90.31260900007172,
              41.73993899978567
            ],
            [
              -90.31343500007716,
              41.69808200019769
            ],
            [
              -90.33452500042902,
              41.67955899970152
            ],
            [
              -90.34345199958182,
              41.646958999710144
            ],
            [
              -90.34322800017414,
              41.58783300022944
            ],
            [
              -90.4128250001675,
              41.565328999799206
            ],
            [
              -90.46143200026643,
              41.52353299977232
            ],
            [
              -90.5006329997401,
              41.51803300013439
            ],
            [
              -90.54093499957885,
              41.526133000295204
            ],
            [
              -90.59103700022813,
              41.51283200019315
            ],
            [
              -90.65583899984736,
              41.46213199981322
            ],
            [
              -90.74594600023445,
              41.4497300002153
            ],
            [
              -90.84655800016534,
              41.45514099982694
            ],
            [
              -90.92925400006976,
              41.42154400031974
            ],
            [
              -90.98291299956243,
              41.434170999960244
            ],
            [
              -91.04764200028507,
              41.411310000286925
            ],
            [
              -91.05157999979329,
              41.38528299972944
            ],
            [
              -91.066231999981,
              41.36636700032604
            ],
            [
              -91.07484100001479,
              41.30557800033002
            ],
            [
              -91.11365700042232,
              41.24140100022516
            ],
            [
              -91.04155700029833,
              41.16616200025672
            ],
            [
              -90.9949629998853,
              41.160630000311265
            ],
            [
              -90.94662500029821,
              41.09662800021577
            ],
            [
              -90.94225300042172,
              41.034702000298104
            ],
            [
              -90.96256000042585,
              40.92583100015228
            ],
            [
              -91.0095360004303,
              40.90056500018016
            ],
            [
              -91.09299300004281,
              40.82107900029624
            ],
            [
              -91.0917030004302,
              40.77970800032544
            ],
            [
              -91.1104239996474,
              40.74552799991186
            ],
            [
              -91.11194000011415,
              40.697018000009614
            ],
            [
              -91.12392799961442,
              40.66915199966745
            ],
            [
              -91.18698000021182,
              40.637296999917375
            ],
            [
              -91.25307399999181,
              40.63796200011664
            ],
            [
              -91.33971900017343,
              40.613487999877435
            ],
            [
              -91.4014820000848,
              40.55945799977442
            ],
            [
              -91.40412499995753,
              40.53912699977687
            ],
            [
              -91.38453099998092,
              40.53094799987357
            ],
            [
              -91.364210999558,
              40.50004300023655
            ],
            [
              -91.3817690002825,
              40.44255500013798
            ],
            [
              -91.37292099987413,
              40.39910800026481
            ],
            [
              -91.38420100026804,
              40.386429999965436
            ],
            [
              -91.41505100034915,
              40.381747000061495
            ],
            [
              -91.44630800013601,
              40.36182300006818
            ],
            [
              -91.48986799996574,
              40.28604799999763
            ],
            [
              -91.49052400009185,
              40.2594979999636
            ],
            [
              -91.50650100005228,
              40.2363039998996
            ],
            [
              -91.51167600036801,
              40.13922699977828
            ],
            [
              -91.48960600002492,
              40.05743499970961
            ],
            [
              -91.494878000425,
              40.03645300024424
            ],
            [
              -91.41935999957815,
              39.927716999863385
            ],
            [
              -91.44692200042934,
              39.88303399986567
            ],
            [
              -91.43554099975306,
              39.845073999857185
            ],
            [
              -91.37648799966158,
              39.81003300008811
            ],
            [
              -91.36238799984291,
              39.79048200009414
            ],
            [
              -91.36939500009453,
              39.73116299999
            ],
            [
              -91.27614000021964,
              39.6657590000874
            ],
            [
              -91.22931700037607,
              39.6208530001609
            ],
            [
              -91.18193600031567,
              39.60267699988896
            ],
            [
              -91.15362799982498,
              39.548248000208176
            ],
            [
              -91.1003070004411,
              39.53869500023708
            ],
            [
              -91.03826999999501,
              39.44843500021758
            ],
            [
              -90.94076600026727,
              39.40398399972629
            ],
            [
              -90.92874500025674,
              39.38754399976157
            ],
            [
              -90.79346100018915,
              39.309497999991265
            ],
            [
              -90.75159900040106,
              39.26543200021695
            ],
            [
              -90.72996000005318,
              39.25589400015616
            ],
            [
              -90.70790200030397,
              39.150860000143794
            ],
            [
              -90.68108599999057,
              39.10059000033339
            ],
            [
              -90.7127260000921,
              39.04973600031724
            ],
            [
              -90.67819299987259,
              38.99185100026831
            ],
            [
              -90.66301799962814,
              38.926283000328965
            ],
            [
              -90.62335600002199,
              38.88714900007878
            ],
            [
              -90.58225900013993,
              38.868794000228725
            ],
            [
              -90.54891699979885,
              38.872936999751836
            ],
            [
              -90.49967200001547,
              38.910605000072835
            ],
            [
              -90.47172900029607,
              38.959185999897095
            ],
            [
              -90.43993799968351,
              38.96738299995078
            ],
            [
              -90.39272099965463,
              38.959071000298
            ],
            [
              -90.3094540000129,
              38.924120000049435
            ],
            [
              -90.25024799976053,
              38.91934400021936
            ],
            [
              -90.11332699975071,
              38.849305999950545
            ],
            [
              -90.11942400033132,
              38.80181100025056
            ],
            [
              -90.16636400035075,
              38.77267500014474
            ],
            [
              -90.21140999961167,
              38.72135000008057
            ],
            [
              -90.20920199993213,
              38.70277900027336
            ],
            [
              -90.1811019998539,
              38.6595789997162
            ],
            [
              -90.18450200013508,
              38.61157999986138
            ],
            [
              -90.25778200026686,
              38.532011999831624
            ],
            [
              -90.29108400042499,
              38.43088999980279
            ],
            [
              -90.34152099991168,
              38.38834299987913
            ],
            [
              -90.37081900043934,
              38.33355400014267
            ],
            [
              -90.37242200004641,
              38.283724999988074
            ],
            [
              -90.35862799965116,
              38.221980999885766
            ],
            [
              -90.33017000027095,
              38.18652300031386
            ],
            [
              -90.27484299997558,
              38.15755900012971
            ],
            [
              -90.22328800040542,
              38.09779900003769
            ],
            [
              -90.17604000041439,
              38.070659999714216
            ],
            [
              -90.15827300035085,
              38.0749500000018
            ],
            [
              -90.12959999998716,
              38.061435999918494
            ],
            [
              -90.12619600040631,
              38.04070600032133
            ],
            [
              -90.11052099967135,
              38.026548999757736
            ],
            [
              -90.05936699995917,
              38.01554299982408
            ],
            [
              -89.99684800036256,
              37.96321900032627
            ],
            [
              -89.94068699966581,
              37.970874000096764
            ],
            [
              -89.93588499961902,
              37.95958099990406
            ],
            [
              -89.92459699972747,
              37.9598489996542
            ],
            [
              -89.93126699969523,
              37.948277000155926
            ],
            [
              -89.9746540001709,
              37.927074000140934
            ],
            [
              -89.94775800038988,
              37.879847000281366
            ],
            [
              -89.90237699959658,
              37.86973999965719
            ],
            [
              -89.84263800014006,
              37.90519699980449
            ],
            [
              -89.79932900038048,
              37.88151599994908
            ],
            [
              -89.7975419997521,
              37.86212799972085
            ],
            [
              -89.7863259998306,
              37.851688999662386
            ],
            [
              -89.739875000431,
              37.84692100014757
            ],
            [
              -89.66964400005283,
              37.7999219998894
            ],
            [
              -89.66037999971783,
              37.78629600007876
            ],
            [
              -89.66335200037686,
              37.75005199988221
            ],
            [
              -89.61727799964751,
              37.74971999985789
            ],
            [
              -89.58331600006363,
              37.71326100009821
            ],
            [
              -89.51646900007314,
              37.69253899975015
            ],
            [
              -89.51771799967787,
              37.64121700021081
            ],
            [
              -89.47593200005775,
              37.59299800008204
            ],
            [
              -89.48606199968283,
              37.58085300001158
            ],
            [
              -89.51980800025497,
              37.58274699990158
            ],
            [
              -89.5170509996811,
              37.53727799983065
            ],
            [
              -89.47552500035196,
              37.471387999994434
            ],
            [
              -89.43976899956867,
              37.437199999787794
            ],
            [
              -89.42054200001319,
              37.388006999928656
            ],
            [
              -89.43283599983519,
              37.34705600025408
            ],
            [
              -89.48900500002954,
              37.33336799968264
            ],
            [
              -89.51075999983004,
              37.31274399971753
            ],
            [
              -89.51801999980165,
              37.28419000012309
            ],
            [
              -89.48991499970055,
              37.25131500007723
            ],
            [
              -89.4588269999681,
              37.248661000141134
            ],
            [
              -89.46763099999552,
              37.21820000009143
            ],
            [
              -89.45610499955431,
              37.188119999920914
            ],
            [
              -89.42558000006154,
              37.13823500027053
            ],
            [
              -89.37711299970469,
              37.090764999723646
            ],
            [
              -89.38164399958987,
              37.043010000067454
            ],
            [
              -89.2921299995797,
              36.99218900000729
            ],
            [
              -89.26956399984239,
              36.99340100026389
            ],
            [
              -89.25760800012915,
              37.01549600021375
            ],
            [
              -89.26628599975992,
              37.02868299988799
            ],
            [
              -89.30475200036311,
              37.04756499972909
            ],
            [
              -89.30772599977364,
              37.06965400006082
            ],
            [
              -89.25993499963441,
              37.06406999982971
            ],
            [
              -89.25493000009632,
              37.0720140003566
            ],
            [
              -89.23405300017978,
              37.03727699998387
            ],
            [
              -89.20079299985446,
              37.01616399965249
            ],
            [
              -89.18549100028672,
              36.973517999998464
            ],
            [
              -89.13291499981912,
              36.98205700027165
            ],
            [
              -89.1793500002235,
              37.02180700020964
            ],
            [
              -89.1738250001034,
              37.06630799965761
            ],
            [
              -89.14606999980667,
              37.0910040002428
            ],
            [
              -89.14817700010221,
              37.09841700020535
            ],
            [
              -89.10949999961181,
              37.12309299982706
            ],
            [
              -89.07645799974469,
              37.17473700004864
            ],
            [
              -89.02946500002182,
              37.21130300000695
            ],
            [
              -88.97736999977816,
              37.229443999955
            ],
            [
              -88.91618000015221,
              37.223991000153575
            ],
            [
              -88.80363000005144,
              37.188158999842294
            ],
            [
              -88.73301899973168,
              37.14414199969151
            ],
            [
              -88.69260800011298,
              37.14110499966903
            ],
            [
              -88.6155250001922,
              37.115366000283615
            ],
            [
              -88.56592300003345,
              37.07519499976654
            ],
            [
              -88.5112030003587,
              37.06534999997601
            ],
            [
              -88.45926799994862,
              37.07524800020598
            ],
            [
              -88.4246569999113,
              37.15229100011472
            ],
            [
              -88.4480379997834,
              37.203642000108594
            ],
            [
              -88.51141000004796,
              37.26147699991525
            ],
            [
              -88.50394199966387,
              37.26478699973204
            ],
            [
              -88.51590300029827,
              37.28409099980686
            ],
            [
              -88.46940799961945,
              37.397411000094394
            ],
            [
              -88.40922899994688,
              37.42531500025125
            ],
            [
              -88.36446499981993,
              37.4017359998214
            ],
            [
              -88.32363300025176,
              37.43399200023605
            ],
            [
              -88.28163099982326,
              37.45272899970614
            ],
            [
              -88.0854569997054,
              37.47156399971773
            ],
            [
              -88.06543000008375,
              37.48875999997833
            ],
            [
              -88.06953699964636,
              37.526088000174866
            ],
            [
              -88.13648900011717,
              37.577306999968194
            ],
            [
              -88.15982300013361,
              37.66055099967095
            ],
            [
              -88.12152200028518,
              37.710242999686514
            ],
            [
              -88.05933300040145,
              37.742967000042775
            ],
            [
              -88.02801999963975,
              37.79919700018252
            ],
            [
              -88.03762299990846,
              37.80986399976148
            ],
            [
              -88.06892200042644,
              37.800982999966976
            ],
            [
              -88.09003899964418,
              37.8167709997651
            ],
            [
              -88.08193199975074,
              37.83068200003111
            ],
            [
              -88.04383099991884,
              37.82152499990767
            ],
            [
              -88.02592099974014,
              37.83269400000938
            ],
            [
              -88.06503599989843,
              37.8531720001088
            ],
            [
              -88.09789199999273,
              37.901517000038645
            ],
            [
              -88.08623699968007,
              37.90571300023906
            ],
            [
              -88.02111700004352,
              37.888057000115296
            ],
            [
              -88.01345100019103,
              37.8939509996945
            ],
            [
              -88.02251299996135,
              37.914756000173014
            ],
            [
              -88.0694680000494,
              37.9257039997425
            ],
            [
              -88.05712700037171,
              37.9341509997822
            ],
            [
              -88.03406500034183,
              37.92615900016623
            ],
            [
              -88.03679299970509,
              37.956792999681376
            ],
            [
              -88.01292899995921,
              37.96654399999248
            ],
            [
              -88.02583100022677,
              38.0072449996756
            ],
            [
              -88.00793100009382,
              38.0308449999835
            ],
            [
              -88.03413200028898,
              38.032044999998064
            ],
            [
              -88.04213200005232,
              38.046344999739674
            ],
            [
              -87.9787349996734,
              38.05981500009691
            ],
            [
              -87.95666400040373,
              38.0862020000116
            ],
            [
              -87.96067700025502,
              38.100190999749636
            ],
            [
              -88.01014299997135,
              38.08438100034298
            ],
            [
              -88.01591599978853,
              38.09981799991449
            ],
            [
              -87.97529900030553,
              38.1100529997793
            ],
            [
              -87.96639300017081,
              38.13250600024418
            ],
            [
              -87.94547199987335,
              38.12661600016865
            ],
            [
              -87.91092399958524,
              38.162557000121964
            ],
            [
              -87.92172000028049,
              38.17380999993012
            ],
            [
              -87.93429899960954,
              38.156459000129004
            ],
            [
              -87.9371619995903,
              38.172189000345995
            ],
            [
              -87.97749399956629,
              38.1997829996643
            ],
            [
              -87.98807799965113,
              38.25671700013679
            ],
            [
              -87.96096799960985,
              38.23680700005746
            ],
            [
              -87.95761000005976,
              38.250046000005725
            ],
            [
              -87.94302999984207,
              38.25778999980438
            ],
            [
              -87.95212500012266,
              38.27376300022571
            ],
            [
              -87.9348440003059,
              38.2951450001888
            ],
            [
              -87.9095360000633,
              38.29606100008213
            ],
            [
              -87.91929199959458,
              38.27590799992616
            ],
            [
              -87.91408100019217,
              38.26830899986785
            ],
            [
              -87.89334499984263,
              38.28239699985138
            ],
            [
              -87.89243000014875,
              38.28285399965437
            ]
          ]
        ]
      }
    }
  ]
}
