{
  "type": "FeatureCollection",
  "features": [
    {
      "type": "Feature",
      "id": "us-cd:118:51:01",
      "properties": {
        "boundary_id": "us-cd:118:51:01",
        "boundary_type": "congressional_district",
        "name": "Congressional District 1",
        "stateFips": "51",
        "congress": 118,
        "district": "01",
        "bbox": [
          -77.878271,
          37.092124,
          -76.236963,
          38.277128
        ]
      },
      "geometry": {
        "type": "MultiPolygon",
        "coordinates": [
          [
            [
              [
                -76.420741,
                37.597598
              ],
              [
                -76.419506,
                37.598666
              ],
              [
                -76.417808,
                37.598323
              ],
              [
                -76.416291,
                37.593584
              ],
              [
                -76.417277,
                37.592031
              ],
              [
                -76.419291,
                37.592608
              ],
              [
                -76.419644,
                37.595411
              ],
              [
                -76.420741,
                37.597598
              ]
            ]
          ],
          [
            [
              [
                -77.878232,
                37.383513
              ],
              [
                -77.867388,
                37.393821
              ],
              [
                -77.875093,
                37.417137
              ],
              [
                -77.809189,
                37.426108
              ],
              [
                -77.797797,
                37.458885
              ],
              [
                -77.655399,
                37.563986
              ],
              [
                -77.61643,
                37.577555
              ],
              [
                -77.626353,
                37.598806
              ],
              [
                -77.652037,
                37.616893
              ],
              [
                -77.654452,
                37.640725
              ],
              [
                -77.630817,
                37.705696
              ],
              [
                -77.640458,
                37.725795
              ],
              [
                -77.620552,
                37.725855
              ],
              [
                -77.644703,
                37.728877
              ],
              [
                -77.654019,
                37.747932
              ],
              [
                -77.648669,
                37.756744
              ],
              [
                -77.639926,
                37.747887
              ],
              [
                -77.631336,
                37.752272
              ],
              [
                -77.641166,
                37.76482
              ],
              [
                -77.630162,
                37.755911
              ],
              [
                -77.596643,
                37.768263
              ],
              [
                -77.600999,
                37.77373
              ],
              [
                -77.574481,
                37.794591
              ],
              [
                -77.574389,
                37.804867
              ],
              [
                -77.539746,
                37.791714
              ],
              [
                -77.553633,
                37.775625
              ],
              [
                -77.499629,
                37.772194
              ],
              [
                -77.476528,
                37.777063
              ],
              [
                -77.461057,
                37.799023
              ],
              [
                -77.447285,
                37.794096
              ],
              [
                -77.446043,
                37.803327
              ],
              [
                -77.427151,
                37.797426
              ],
              [
                -77.402044,
                37.805734
              ],
              [
                -77.39085,
                37.786747
              ],
              [
                -77.404745,
                37.779913
              ],
              [
                -77.374698,
                37.776365
              ],
              [
                -77.36226,
                37.797653
              ],
              [
                -77.345223,
                37.789285
              ],
              [
                -77.25027,
                37.872431
              ],
              [
                -77.241679,
                37.90955
              ],
              [
                -77.226517,
                37.89866
              ],
              [
                -77.211619,
                37.901219
              ],
              [
                -77.216324,
                37.891323
              ],
              [
                -77.208825,
                37.885715
              ],
              [
                -77.181418,
                37.891654
              ],
              [
                -77.186961,
                37.90104
              ],
              [
                -77.174838,
                37.903241
              ],
              [
                -77.186414,
                37.911249
              ],
              [
                -77.178794,
                37.928955
              ],
              [
                -77.18396,
                37.941432
              ],
              [
                -77.167006,
                37.964129
              ],
              [
                -77.144221,
                37.972169
              ],
              [
                -77.070115,
                37.96477
              ],
              [
                -77.076619,
                38.000775
              ],
              [
                -77.08897,
                38.013644
              ],
              [
                -77.129432,
                38.016087
              ],
              [
                -77.121793,
                38.033628
              ],
              [
                -77.131476,
                38.046323
              ],
              [
                -77.14923,
                38.049103
              ],
              [
                -77.144905,
                38.057395
              ],
              [
                -77.1701,
                38.079543
              ],
              [
                -77.143789,
                38.095512
              ],
              [
                -77.142428,
                38.123033
              ],
              [
                -77.105198,
                38.127613
              ],
              [
                -77.115997,
                38.149931
              ],
              [
                -77.089696,
                38.161631
              ],
              [
                -77.077796,
                38.141831
              ],
              [
                -77.069296,
                38.143731
              ],
              [
                -77.064289,
                38.171666
              ],
              [
                -77.048482,
                38.182444
              ],
              [
                -77.044536,
                38.26045
              ],
              [
                -77.007595,
                38.277128
              ],
              [
                -76.981372,
                38.274214
              ],
              [
                -76.96215,
                38.256486
              ],
              [
                -76.962311,
                38.214075
              ],
              [
                -76.910832,
                38.197073
              ],
              [
                -76.875272,
                38.172207
              ],
              [
                -76.838795,
                38.163476
              ],
              [
                -76.760241,
                38.166581
              ],
              [
                -76.741037,
                38.152198
              ],
              [
                -76.732763,
                38.131793
              ],
              [
                -76.708576,
                38.145066
              ],
              [
                -76.702058,
                38.159708
              ],
              [
                -76.689683,
                38.16015
              ],
              [
                -76.639712,
                38.121977
              ],
              [
                -76.632344,
                38.128708
              ],
              [
                -76.643448,
                38.14825
              ],
              [
                -76.612062,
                38.148657
              ],
              [
                -76.600937,
                38.110084
              ],
              [
                -76.537395,
                38.075534
              ],
              [
                -76.521387,
                38.046398
              ],
              [
                -76.550463,
                38.040594
              ],
              [
                -76.555098,
                38.024588
              ],
              [
                -76.516237,
                38.0262
              ],
              [
                -76.476725,
                38.014263
              ],
              [
                -76.463219,
                38.005104
              ],
              [
                -76.472845,
                37.9842
              ],
              [
                -76.442974,
                37.985217
              ],
              [
                -76.407962,
                37.962782
              ],
              [
                -76.343848,
                37.947345
              ],
              [
                -76.236963,
                37.890501
              ],
              [
                -76.250505,
                37.835008
              ],
              [
                -76.266057,
                37.8174
              ],
              [
                -76.280544,
                37.812597
              ],
              [
                -76.284904,
                37.822308
              ],
              [
                -76.306604,
                37.821911
              ],
              [
                -76.312189,
                37.814119
              ],
              [
                -76.315279,
                37.782004
              ],
              [
                -76.285546,
                37.784087
              ],
              [
                -76.305772,
                37.780126
              ],
              [
                -76.308088,
                37.764235
              ],
              [
                -76.315992,
                37.763593
              ],
              [
                -76.307198,
                37.731267
              ],
              [
                -76.322053,
                37.737
              ],
              [
                -76.302444,
                37.690935
              ],
              [
                -76.334412,
                37.68454
              ],
              [
                -76.325024,
                37.671936
              ],
              [
                -76.339892,
                37.655966
              ],
              [
                -76.331798,
                37.629783
              ],
              [
                -76.319795,
                37.62696
              ],
              [
                -76.305891,
                37.641077
              ],
              [
                -76.280077,
                37.615145
              ],
              [
                -76.343682,
                37.62376
              ],
              [
                -76.361887,
                37.609017
              ],
              [
                -76.385738,
                37.629111
              ],
              [
                -76.403295,
                37.627355
              ],
              [
                -76.43976,
                37.652426
              ],
              [
                -76.45548,
                37.651074
              ],
              [
                -76.472392,
                37.665772
              ],
              [
                -76.454321,
                37.677204
              ],
              [
                -76.468701,
                37.695731
              ],
              [
                -76.487121,
                37.685386
              ],
              [
                -76.477852,
                37.677768
              ],
              [
                -76.501857,
                37.658202
              ],
              [
                -76.497564,
                37.647056
              ],
              [
                -76.510187,
                37.642324
              ],
              [
                -76.534187,
                37.660941
              ],
              [
                -76.537228,
                37.698892
              ],
              [
                -76.569554,
                37.734396
              ],
              [
                -76.58429,
                37.770859
              ],
              [
                -76.632273,
                37.787014
              ],
              [
                -76.625451,
                37.796185
              ],
              [
                -76.638404,
                37.804918
              ],
              [
                -76.651413,
                37.796239
              ],
              [
                -76.680197,
                37.825654
              ],
              [
                -76.701606,
                37.822677
              ],
              [
                -76.726143,
                37.836227
              ],
              [
                -76.747552,
                37.875864
              ],
              [
                -76.765711,
                37.879274
              ],
              [
                -76.77923,
                37.911507
              ],
              [
                -76.798482,
                37.925194
              ],
              [
                -76.835441,
                37.932131
              ],
              [
                -76.850058,
                37.951156
              ],
              [
                -76.853015,
                37.974628
              ],
              [
                -76.895693,
                37.989099
              ],
              [
                -76.912278,
                38.051683
              ],
              [
                -76.928539,
                38.068613
              ],
              [
                -76.917198,
                38.029615
              ],
              [
                -76.93059,
                38.024273
              ],
              [
                -76.917901,
                38.002763
              ],
              [
                -76.927423,
                37.981793
              ],
              [
                -76.877391,
                37.970458
              ],
              [
                -76.889632,
                37.952843
              ],
              [
                -76.859922,
                37.935318
              ],
              [
                -76.847444,
                37.916476
              ],
              [
                -76.79456,
                37.895191
              ],
              [
                -76.782826,
                37.863184
              ],
              [
                -76.723863,
                37.788503
              ],
              [
                -76.680501,
                37.780138
              ],
              [
                -76.677002,
                37.7561
              ],
              [
                -76.616657,
                37.741887
              ],
              [
                -76.619229,
                37.730917
              ],
              [
                -76.597213,
                37.717269
              ],
              [
                -76.597868,
                37.702918
              ],
              [
                -76.579354,
                37.673291
              ],
              [
                -76.58968,
                37.665822
              ],
              [
                -76.549253,
                37.621409
              ],
              [
                -76.527188,
                37.611315
              ],
              [
                -76.433388,
                37.612885
              ],
              [
                -76.437446,
                37.596929
              ],
              [
                -76.415104,
                37.580544
              ],
              [
                -76.298865,
                37.561175
              ],
              [
                -76.311912,
                37.546396
              ],
              [
                -76.330649,
                37.547114
              ],
              [
                -76.331127,
                37.525455
              ],
              [
                -76.335006,
                37.542485
              ],
              [
                -76.358774,
                37.536643
              ],
              [
                -76.360474,
                37.51924
              ],
              [
                -76.323286,
                37.485336
              ],
              [
                -76.310909,
                37.487101
              ],
              [
                -76.297651,
                37.515424
              ],
              [
                -76.288167,
                37.514118
              ],
              [
                -76.273016,
                37.484766
              ],
              [
                -76.29258,
                37.494979
              ],
              [
                -76.30898,
                37.488567
              ],
              [
                -76.256097,
                37.452631
              ],
              [
                -76.247751,
                37.378816
              ],
              [
                -76.2729,
                37.353965
              ],
              [
                -76.276214,
                37.310829
              ],
              [
                -76.308581,
                37.329366
              ],
              [
                -76.313781,
                37.345462
              ],
              [
                -76.337786,
                37.365772
              ],
              [
                -76.385252,
                37.384339
              ],
              [
                -76.398989,
                37.416758
              ],
              [
                -76.412893,
                37.41808
              ],
              [
                -76.418719,
                37.3978
              ],
              [
                -76.409857,
                37.368676
              ],
              [
                -76.454844,
                37.388154
              ],
              [
                -76.46958,
                37.370589
              ],
              [
                -76.456507,
                37.359349
              ],
              [
                -76.444148,
                37.366528
              ],
              [
                -76.403676,
                37.338663
              ],
              [
                -76.4059,
                37.329922
              ],
              [
                -76.41527,
                37.331667
              ],
              [
                -76.412893,
                37.322595
              ],
              [
                -76.437137,
                37.324108
              ],
              [
                -76.438563,
                37.313806
              ],
              [
                -76.394711,
                37.312861
              ],
              [
                -76.382946,
                37.286297
              ],
              [
                -76.352556,
                37.278334
              ],
              [
                -76.354554,
                37.272331
              ],
              [
                -76.417171,
                37.265114
              ],
              [
                -76.429141,
                37.25331
              ],
              [
                -76.48284,
                37.254831
              ],
              [
                -76.509035,
                37.239479
              ],
              [
                -76.471799,
                37.216016
              ],
              [
                -76.38663,
                37.227841
              ],
              [
                -76.402079,
                37.206548
              ],
              [
                -76.391146,
                37.194621
              ],
              [
                -76.392507,
                37.175626
              ],
              [
                -76.408021,
                37.175022
              ],
              [
                -76.412299,
                37.16148
              ],
              [
                -76.370683,
                37.150255
              ],
              [
                -76.374009,
                37.160356
              ],
              [
                -76.348662,
                37.1687
              ],
              [
                -76.340704,
                37.150837
              ],
              [
                -76.299282,
                37.130125
              ],
              [
                -76.301564,
                37.103244
              ],
              [
                -76.344666,
                37.096844
              ],
              [
                -76.367467,
                37.113044
              ],
              [
                -76.397817,
                37.107442
              ],
              [
                -76.407977,
                37.092124
              ],
              [
                -76.453912,
                37.098241
              ],
              [
                -76.506138,
                37.154088
              ],
              [
                -76.516826,
                37.178642
              ],
              [
                -76.526565,
                37.177073
              ],
              [
                -76.565189,
                37.220539
              ],
              [
                -76.591302,
                37.213205
              ],
              [
                -76.578345,
                37.186463
              ],
              [
                -76.6074365785127,
                37.168841148049
              ],
              [
                -76.623292,
                37.198738
              ],
              [
                -76.649869,
                37.220914
              ],
              [
                -76.758242,
                37.215539
              ],
              [
                -76.734995,
                37.203161
              ],
              [
                -76.75047,
                37.190098
              ],
              [
                -76.780532,
                37.209336
              ],
              [
                -76.798885,
                37.234749
              ],
              [
                -76.822178,
                37.243642
              ],
              [
                -76.869522,
                37.242157
              ],
              [
                -76.866267,
                37.258493
              ],
              [
                -76.883076,
                37.275924
              ],
              [
                -76.871685,
                37.295597
              ],
              [
                -76.880005,
                37.309874
              ],
              [
                -76.873507,
                37.363415
              ],
              [
                -76.88477,
                37.368566
              ],
              [
                -76.907978,
                37.349015
              ],
              [
                -76.915863,
                37.352615
              ],
              [
                -76.897792,
                37.373802
              ],
              [
                -76.918847,
                37.385522
              ],
              [
                -76.906368,
                37.392609
              ],
              [
                -76.90492,
                37.404914
              ],
              [
                -76.916742,
                37.39538
              ],
              [
                -76.92761,
                37.399566
              ],
              [
                -76.942518,
                37.383238
              ],
              [
                -76.940828,
                37.409883
              ],
              [
                -76.968821,
                37.406511
              ],
              [
                -76.969622,
                37.416743
              ],
              [
                -76.982,
                37.420861
              ],
              [
                -77.01611,
                37.414015
              ],
              [
                -77.026677,
                37.429006
              ],
              [
                -77.095948,
                37.440275
              ],
              [
                -77.126874,
                37.471583
              ],
              [
                -77.160805,
                37.475302
              ],
              [
                -77.157597,
                37.485841
              ],
              [
                -77.170383,
                37.481416
              ],
              [
                -77.231846,
                37.539638
              ],
              [
                -77.391126,
                37.598094
              ],
              [
                -77.404957,
                37.60641
              ],
              [
                -77.405382,
                37.626033
              ],
              [
                -77.42143,
                37.641682
              ],
              [
                -77.459433,
                37.637991
              ],
              [
                -77.489731,
                37.659471
              ],
              [
                -77.499106,
                37.653485
              ],
              [
                -77.50484,
                37.665535
              ],
              [
                -77.507312,
                37.647851
              ],
              [
                -77.531442,
                37.649225
              ],
              [
                -77.540719,
                37.632837
              ],
              [
                -77.524203,
                37.619717
              ],
              [
                -77.509941,
                37.583706
              ],
              [
                -77.532559,
                37.591783
              ],
              [
                -77.53203,
                37.582571
              ],
              [
                -77.547469,
                37.572535
              ],
              [
                -77.525855,
                37.568235
              ],
              [
                -77.529827,
                37.559225
              ],
              [
                -77.584758,
                37.558483
              ],
              [
                -77.601173,
                37.545161
              ],
              [
                -77.596849,
                37.534652
              ],
              [
                -77.579551,
                37.532177
              ],
              [
                -77.55452,
                37.543028
              ],
              [
                -77.545036,
                37.528101
              ],
              [
                -77.52865,
                37.531859
              ],
              [
                -77.528468,
                37.525476
              ],
              [
                -77.583967,
                37.467928
              ],
              [
                -77.621883,
                37.462605
              ],
              [
                -77.59384,
                37.439663
              ],
              [
                -77.63033,
                37.423784
              ],
              [
                -77.614832,
                37.410665
              ],
              [
                -77.591277,
                37.411438
              ],
              [
                -77.596921,
                37.395576
              ],
              [
                -77.575037,
                37.38682
              ],
              [
                -77.589537,
                37.385131
              ],
              [
                -77.597229,
                37.371339
              ],
              [
                -77.613205,
                37.377484
              ],
              [
                -77.630439,
                37.337075
              ],
              [
                -77.60483,
                37.334896
              ],
              [
                -77.576278,
                37.315893
              ],
              [
                -77.553005,
                37.324569
              ],
              [
                -77.568942,
                37.280887
              ],
              [
                -77.557024,
                37.250148
              ],
              [
                -77.571495,
                37.245741
              ],
              [
                -77.57212,
                37.23712
              ],
              [
                -77.613349,
                37.270877
              ],
              [
                -77.65061,
                37.265112
              ],
              [
                -77.667465,
                37.292468
              ],
              [
                -77.692563,
                37.28145
              ],
              [
                -77.708797,
                37.300082
              ],
              [
                -77.720005,
                37.283318
              ],
              [
                -77.735517,
                37.284194
              ],
              [
                -77.73979,
                37.268664
              ],
              [
                -77.763546,
                37.27074
              ],
              [
                -77.772588,
                37.287607
              ],
              [
                -77.80675,
                37.304526
              ],
              [
                -77.796507,
                37.332694
              ],
              [
                -77.850541,
                37.345105
              ],
              [
                -77.852844,
                37.356651
              ],
              [
                -77.8766,
                37.364285
              ],
              [
                -77.878271,
                37.381847
              ],
              [
                -77.878232,
                37.383513
              ]
            ]
          ]
        ]
      }
    },
    {
      "type": "Feature",
      "id": "us-cd:118:51:02",
      "properties": {
        "boundary_id": "us-cd:118:51:02",
        "boundary_type": "congressional_district",
        "name": "Congressional District 2",
        "stateFips": "51",
        "congress": 118,
        "district": "02",
        "bbox": [
          -77.107219,
          36.543815,
          -75.242469,
          38.027028
        ]
      },
      "geometry": {
        "type": "MultiPolygon",
        "coordinates": [
          [
            [
              [
                -75.742406,
                37.80835
              ],
              [
                -75.733129,
                37.802838
              ],
              [
                -75.74228,
                37.806312
              ],
              [
                -75.742406,
                37.80835
              ]
            ]
          ],
          [
            [
              [
                -75.856485,
                37.702863
              ],
              [
                -75.849117,
                37.704179
              ],
              [
                -75.856366,
                37.701264
              ],
              [
                -75.856485,
                37.702863
              ]
            ]
          ],
          [
            [
              [
                -75.866705,
                37.683209
              ],
              [
                -75.860526,
                37.693083
              ],
              [
                -75.85494,
                37.688852
              ],
              [
                -75.866824,
                37.680669
              ],
              [
                -75.866705,
                37.683209
              ]
            ]
          ],
          [
            [
              [
                -75.895108,
                37.803401
              ],
              [
                -75.891778,
                37.796176
              ],
              [
                -75.896415,
                37.802087
              ],
              [
                -75.895108,
                37.803401
              ]
            ]
          ],
          [
            [
              [
                -75.903664,
                37.897521
              ],
              [
                -75.90105,
                37.899115
              ],
              [
                -75.898792,
                37.897614
              ],
              [
                -75.898673,
                37.895551
              ],
              [
                -75.900575,
                37.893769
              ],
              [
                -75.903189,
                37.895551
              ],
              [
                -75.903664,
                37.897521
              ]
            ]
          ],
          [
            [
              [
                -75.981032,
                37.097145
              ],
              [
                -75.962048,
                37.107498
              ],
              [
                -75.942887,
                37.098042
              ],
              [
                -75.949709,
                37.08556
              ],
              [
                -75.978716,
                37.090967
              ],
              [
                -75.981032,
                37.097145
              ]
            ]
          ],
          [
            [
              [
                -75.9992584656315,
                37.8297000413553
              ],
              [
                -75.996859,
                37.85042
              ],
              [
                -75.973542,
                37.833536
              ],
              [
                -75.993507,
                37.814011
              ],
              [
                -75.988278,
                37.807439
              ],
              [
                -75.99933,
                37.827717
              ],
              [
                -75.9992584656315,
                37.8297000413553
              ]
            ]
          ],
          [
            [
              [
                -76.008102,
                37.872812
              ],
              [
                -75.999806,
                37.860281
              ],
              [
                -76.008219,
                37.870981
              ],
              [
                -76.008102,
                37.872812
              ]
            ]
          ],
          [
            [
              [
                -76.0247994394309,
                37.2626855899573
              ],
              [
                -76.012997,
                37.279441
              ],
              [
                -76.011809,
                37.297406
              ],
              [
                -76.021553,
                37.300512
              ],
              [
                -76.014899,
                37.328218
              ],
              [
                -75.984025,
                37.369854
              ],
              [
                -75.986153,
                37.382124
              ],
              [
                -75.968313,
                37.395471
              ],
              [
                -75.98034,
                37.402744
              ],
              [
                -75.979631,
                37.438295
              ],
              [
                -75.95845,
                37.469455
              ],
              [
                -75.958966,
                37.500133
              ],
              [
                -75.932305,
                37.550621
              ],
              [
                -75.941182,
                37.563839
              ],
              [
                -75.917569,
                37.58585
              ],
              [
                -75.923582,
                37.60176
              ],
              [
                -75.905447,
                37.626145
              ],
              [
                -75.89285,
                37.6044
              ],
              [
                -75.877282,
                37.611649
              ],
              [
                -75.892392,
                37.63748
              ],
              [
                -75.889404,
                37.651084
              ],
              [
                -75.870389,
                37.650425
              ],
              [
                -75.877059,
                37.660641
              ],
              [
                -75.868481,
                37.668224
              ],
              [
                -75.845908,
                37.669758
              ],
              [
                -75.853276,
                37.68255
              ],
              [
                -75.837685,
                37.712985
              ],
              [
                -75.795045,
                37.726741
              ],
              [
                -75.800749,
                37.733039
              ],
              [
                -75.831984,
                37.728119
              ],
              [
                -75.812155,
                37.749502
              ],
              [
                -75.78732,
                37.757095
              ],
              [
                -75.790291,
                37.765175
              ],
              [
                -75.803041,
                37.762464
              ],
              [
                -75.801937,
                37.778233
              ],
              [
                -75.816396,
                37.789344
              ],
              [
                -75.784599,
                37.806826
              ],
              [
                -75.733367,
                37.785934
              ],
              [
                -75.718868,
                37.79326
              ],
              [
                -75.723224,
                37.820124
              ],
              [
                -75.705321,
                37.828937
              ],
              [
                -75.70938,
                37.845836
              ],
              [
                -75.697358,
                37.848834
              ],
              [
                -75.684999,
                37.836071
              ],
              [
                -75.67264,
                37.846957
              ],
              [
                -75.692898,
                37.867792
              ],
              [
                -75.680127,
                37.875292
              ],
              [
                -75.678938,
                37.88833
              ],
              [
                -75.69819,
                37.891894
              ],
              [
                -75.688445,
                37.899021
              ],
              [
                -75.756897,
                37.901553
              ],
              [
                -75.736219,
                37.902209
              ],
              [
                -75.742848,
                37.913203
              ],
              [
                -75.714947,
                37.937365
              ],
              [
                -75.704318,
                37.92901
              ],
              [
                -75.678701,
                37.942708
              ],
              [
                -75.643049,
                37.936334
              ],
              [
                -75.636869,
                37.95564
              ],
              [
                -75.648229,
                37.966775
              ],
              [
                -75.638221,
                37.979397
              ],
              [
                -75.629532,
                37.975966
              ],
              [
                -75.633833,
                37.984519
              ],
              [
                -75.624449,
                37.994195
              ],
              [
                -75.242469,
                38.027028
              ],
              [
                -75.358644,
                37.864997
              ],
              [
                -75.384794,
                37.851469
              ],
              [
                -75.394569,
                37.872178
              ],
              [
                -75.36249,
                37.867154
              ],
              [
                -75.346158,
                37.891348
              ],
              [
                -75.406438,
                37.899443
              ],
              [
                -75.48927,
                37.832457
              ],
              [
                -75.526823,
                37.788705
              ],
              [
                -75.589354,
                37.691199
              ],
              [
                -75.599316,
                37.636875
              ],
              [
                -75.614527,
                37.609296
              ],
              [
                -75.612863,
                37.57728
              ],
              [
                -75.603,
                37.577186
              ],
              [
                -75.602168,
                37.567107
              ],
              [
                -75.662419,
                37.490674
              ],
              [
                -75.684845,
                37.487354
              ],
              [
                -75.69106,
                37.473605
              ],
              [
                -75.678379,
                37.459777
              ],
              [
                -75.663336,
                37.461121
              ],
              [
                -75.662063,
                37.443418
              ],
              [
                -75.722552,
                37.368653
              ],
              [
                -75.743587,
                37.328502
              ],
              [
                -75.775876,
                37.298663
              ],
              [
                -75.797601,
                37.296108
              ],
              [
                -75.797154,
                37.25437
              ],
              [
                -75.81854,
                37.244209
              ],
              [
                -75.80371,
                37.238626
              ],
              [
                -75.801381,
                37.220461
              ],
              [
                -75.829284,
                37.207095
              ],
              [
                -75.818621,
                37.199046
              ],
              [
                -75.835456,
                37.174539
              ],
              [
                -75.906517,
                37.114633
              ],
              [
                -75.923511,
                37.11279
              ],
              [
                -75.911508,
                37.122877
              ],
              [
                -75.927789,
                37.130268
              ],
              [
                -75.970073,
                37.11719
              ],
              [
                -75.978177,
                37.158781
              ],
              [
                -76.010323,
                37.200085
              ],
              [
                -76.009075,
                37.232241
              ],
              [
                -76.025753,
                37.257407
              ],
              [
                -76.0247994394309,
                37.2626855899573
              ]
            ]
          ],
          [
            [
              [
                -76.04653,
                37.953586
              ],
              [
                -75.993905,
                37.953489
              ],
              [
                -75.997685,
                37.945693
              ],
              [
                -76.0168,
                37.946456
              ],
              [
                -76.016411,
                37.928659
              ],
              [
                -76.02843,
                37.920501
              ],
              [
                -76.025119,
                37.943739
              ],
              [
                -76.04449,
                37.951611
              ],
              [
                -76.04653,
                37.953586
              ]
            ]
          ],
          [
            [
              [
                -77.10691,
                36.564675
              ],
              [
                -77.099139,
                36.572163
              ],
              [
                -77.089861,
                36.567491
              ],
              [
                -77.071888,
                36.54588
              ],
              [
                -77.038425,
                36.571791
              ],
              [
                -77.064286,
                36.568848
              ],
              [
                -77.099354,
                36.602228
              ],
              [
                -77.094662,
                36.608018
              ],
              [
                -77.076953,
                36.59529
              ],
              [
                -77.07854,
                36.612574
              ],
              [
                -77.045578,
                36.618556
              ],
              [
                -77.05289,
                36.641415
              ],
              [
                -77.082689,
                36.635006
              ],
              [
                -77.071102,
                36.656919
              ],
              [
                -77.093411,
                36.698836
              ],
              [
                -77.102265,
                36.698804
              ],
              [
                -77.067186,
                36.693672
              ],
              [
                -77.077115,
                36.700772
              ],
              [
                -77.067961,
                36.713448
              ],
              [
                -77.081123,
                36.722867
              ],
              [
                -77.063794,
                36.733808
              ],
              [
                -77.045917,
                36.774325
              ],
              [
                -77.008492,
                36.781544
              ],
              [
                -77.011502,
                36.795122
              ],
              [
                -76.964624,
                36.781206
              ],
              [
                -76.963648,
                36.803729
              ],
              [
                -76.952367,
                36.803882
              ],
              [
                -76.945577,
                36.83133
              ],
              [
                -76.963373,
                36.840376
              ],
              [
                -76.97144,
                36.833122
              ],
              [
                -76.983558,
                36.846404
              ],
              [
                -76.977529,
                36.857629
              ],
              [
                -77.014541,
                36.85895
              ],
              [
                -77.00961,
                36.885598
              ],
              [
                -76.970223,
                36.885551
              ],
              [
                -77.002103,
                36.920747
              ],
              [
                -76.837581,
                37.002237
              ],
              [
                -76.699311,
                37.05842
              ],
              [
                -76.695647,
                37.083284
              ],
              [
                -76.675166,
                37.108643
              ],
              [
                -76.680286,
                37.126291
              ],
              [
                -76.671588,
                37.14206
              ],
              [
                -76.656894,
                37.109843
              ],
              [
                -76.66626,
                37.050212
              ],
              [
                -76.646013,
                37.036228
              ],
              [
                -76.586491,
                37.02874
              ],
              [
                -76.57606,
                37.015395
              ],
              [
                -76.584849,
                37.006139
              ],
              [
                -76.5802,
                36.997045
              ],
              [
                -76.556927,
                37.002014
              ],
              [
                -76.489188,
                36.959674
              ],
              [
                -76.485528,
                36.938576
              ],
              [
                -76.495249,
                36.941439
              ],
              [
                -76.499765,
                36.929375
              ],
              [
                -76.480157,
                36.914269
              ],
              [
                -76.491565,
                36.881101
              ],
              [
                -76.454692,
                36.884077
              ],
              [
                -76.441605,
                36.906116
              ],
              [
                -76.404392,
                36.894523
              ],
              [
                -76.407099,
                36.877954
              ],
              [
                -76.457469,
                36.814841
              ],
              [
                -76.461781,
                36.782566
              ],
              [
                -76.399676,
                36.787391
              ],
              [
                -76.364531,
                36.772014
              ],
              [
                -76.339651,
                36.772441
              ],
              [
                -76.344854,
                36.758521
              ],
              [
                -76.288666,
                36.762883
              ],
              [
                -76.28699,
                36.753039
              ],
              [
                -76.253426,
                36.742562
              ],
              [
                -76.242158,
                36.759987
              ],
              [
                -76.225834,
                36.745255
              ],
              [
                -76.216207,
                36.780631
              ],
              [
                -76.206447,
                36.777048
              ],
              [
                -76.22606,
                36.839947
              ],
              [
                -76.197259,
                36.828148
              ],
              [
                -76.176905,
                36.856971
              ],
              [
                -76.193259,
                36.865247
              ],
              [
                -76.188443,
                36.874108
              ],
              [
                -76.198459,
                36.886642
              ],
              [
                -76.182012,
                36.906668
              ],
              [
                -76.192531,
                36.918035
              ],
              [
                -76.187509,
                36.922912
              ],
              [
                -76.176765,
                36.921031
              ],
              [
                -76.175459,
                36.930147
              ],
              [
                -76.090481,
                36.907808
              ],
              [
                -76.038328,
                36.931231
              ],
              [
                -75.996252,
                36.922047
              ],
              [
                -75.94955,
                36.76115
              ],
              [
                -75.890946,
                36.630753
              ],
              [
                -75.867647,
                36.550412
              ],
              [
                -76.915897,
                36.552093
              ],
              [
                -76.916048,
                36.543815
              ],
              [
                -77.1030250031878,
                36.5444546950575
              ],
              [
                -77.098386,
                36.558169
              ],
              [
                -77.107219,
                36.563563
              ],
              [
                -77.10691,
                36.564675
              ]
            ]
          ]
        ]
      }
    },
    {
      "type": "Feature",
      "id": "us-cd:118:51:03",
      "properties": {
        "boundary_id": "us-cd:118:51:03",
        "boundary_type": "congressional_district",
        "name": "Congressional District 3",
        "stateFips": "51",
        "congress": 118,
        "district": "03",
        "bbox": [
          -76.625622,
          36.742562,
          -76.176765,
          37.220539
        ]
      },
      "geometry": {
        "type": "MultiPolygon",
        "coordinates": [
          [
            [
              [
                -76.305284,
                36.985142
              ],
              [
                -76.302589,
                36.987156
              ],
              [
                -76.301285,
                36.987295
              ],
              [
                -76.299862,
                36.98692
              ],
              [
                -76.300328,
                36.983127
              ],
              [
                -76.302676,
                36.981808
              ],
              [
                -76.305284,
                36.985142
              ]
            ]
          ],
          [
            [
              [
                -76.320364,
                37.002934
              ],
              [
                -76.319206,
                37.003301
              ],
              [
                -76.317706,
                37.001921
              ],
              [
                -76.316559,
                37.000114
              ],
              [
                -76.317073,
                36.999067
              ],
              [
                -76.318638,
                36.999203
              ],
              [
                -76.320646,
                37.001693
              ],
              [
                -76.320364,
                37.002934
              ]
            ]
          ],
          [
            [
              [
                -76.460289,
                36.793735
              ],
              [
                -76.441068,
                36.842548
              ],
              [
                -76.404954,
                36.881541
              ],
              [
                -76.4069079896396,
                36.8975071894675
              ],
              [
                -76.388293,
                36.897164
              ],
              [
                -76.384134,
                36.924435
              ],
              [
                -76.354533,
                36.922759
              ],
              [
                -76.350332,
                36.895312
              ],
              [
                -76.338627,
                36.888976
              ],
              [
                -76.351274,
                36.87995
              ],
              [
                -76.341078,
                36.86105
              ],
              [
                -76.35724,
                36.856796
              ],
              [
                -76.374024,
                36.836557
              ],
              [
                -76.358249,
                36.836186
              ],
              [
                -76.339765,
                36.854545
              ],
              [
                -76.318503,
                36.85779
              ],
              [
                -76.302827,
                36.848343
              ],
              [
                -76.327889,
                36.876065
              ],
              [
                -76.314137,
                36.902486
              ],
              [
                -76.287485,
                36.901442
              ],
              [
                -76.317854,
                36.911507
              ],
              [
                -76.326021,
                36.903722
              ],
              [
                -76.325665,
                36.963187
              ],
              [
                -76.300471,
                36.95635
              ],
              [
                -76.296148,
                36.969001
              ],
              [
                -76.277199,
                36.967855
              ],
              [
                -76.228561,
                36.941947
              ],
              [
                -76.1770937206237,
                36.9300720442027
              ],
              [
                -76.176765,
                36.921031
              ],
              [
                -76.192531,
                36.918035
              ],
              [
                -76.182012,
                36.906668
              ],
              [
                -76.198459,
                36.886642
              ],
              [
                -76.179467,
                36.849683
              ],
              [
                -76.197259,
                36.828148
              ],
              [
                -76.22606,
                36.839947
              ],
              [
                -76.22806,
                36.832874
              ],
              [
                -76.206447,
                36.777048
              ],
              [
                -76.216207,
                36.780631
              ],
              [
                -76.225834,
                36.745255
              ],
              [
                -76.242158,
                36.759987
              ],
              [
                -76.253426,
                36.742562
              ],
              [
                -76.28699,
                36.753039
              ],
              [
                -76.288666,
                36.762883
              ],
              [
                -76.344854,
                36.758521
              ],
              [
                -76.339651,
                36.772441
              ],
              [
                -76.364531,
                36.772014
              ],
              [
                -76.399676,
                36.787391
              ],
              [
                -76.461781,
                36.782566
              ],
              [
                -76.460289,
                36.793735
              ]
            ]
          ],
          [
            [
              [
                -76.625622,
                37.12904
              ],
              [
                -76.604369,
                37.160062
              ],
              [
                -76.6074365785127,
                37.168841148049
              ],
              [
                -76.578345,
                37.186463
              ],
              [
                -76.591302,
                37.213205
              ],
              [
                -76.565189,
                37.220539
              ],
              [
                -76.526565,
                37.177073
              ],
              [
                -76.516826,
                37.178642
              ],
              [
                -76.506138,
                37.154088
              ],
              [
                -76.453912,
                37.098241
              ],
              [
                -76.409614,
                37.091905
              ],
              [
                -76.383452,
                37.111979
              ],
              [
                -76.350966,
                37.106744
              ],
              [
                -76.344666,
                37.096844
              ],
              [
                -76.2960171868055,
                37.1097552439891
              ],
              [
                -76.271355,
                37.087572
              ],
              [
                -76.304272,
                37.001378
              ],
              [
                -76.314556,
                37.001456
              ],
              [
                -76.316949,
                37.012677
              ],
              [
                -76.340666,
                37.015246
              ],
              [
                -76.383367,
                36.993347
              ],
              [
                -76.412537,
                36.962332
              ],
              [
                -76.434997,
                36.976385
              ],
              [
                -76.464471,
                37.027547
              ],
              [
                -76.526273,
                37.062947
              ],
              [
                -76.52656,
                37.078531
              ],
              [
                -76.560255,
                37.111268
              ],
              [
                -76.57,
                37.108425
              ],
              [
                -76.55051,
                37.081505
              ],
              [
                -76.557117,
                37.076228
              ],
              [
                -76.625497,
                37.127253
              ],
              [
                -76.625622,
                37.12904
              ]
            ]
          ]
        ]
      }
    },
    {
      "type": "Feature",
      "id": "us-cd:118:51:04",
      "properties": {
        "boundary_id": "us-cd:118:51:04",
        "boundary_type": "congressional_district",
        "name": "Congressional District 4",
        "stateFips": "51",
        "congress": 118,
        "district": "04",
        "bbox": [
          -78.0462112119251,
          36.5441680334943,
          -76.663774,
          37.665535
        ]
      },
      "geometry": {
        "type": "Polygon",
        "coordinates": [
          [
            [
              -78.045476,
              36.552365
            ],
            [
              -78.003639,
              37.022756
            ],
            [
              -77.968114,
              36.987292
            ],
            [
              -77.889813,
              36.988818
            ],
            [
              -77.900338,
              37.143882
            ],
            [
              -77.875889,
              37.147933
            ],
            [
              -77.841723,
              37.169839
            ],
            [
              -77.813859,
              37.169678
            ],
            [
              -77.792906,
              37.195831
            ],
            [
              -77.747693,
              37.192729
            ],
            [
              -77.718396,
              37.215634
            ],
            [
              -77.686607,
              37.222899
            ],
            [
              -77.680681,
              37.228896
            ],
            [
              -77.688709,
              37.22822
            ],
            [
              -77.686807,
              37.235068
            ],
            [
              -77.661326,
              37.240745
            ],
            [
              -77.65061,
              37.265112
            ],
            [
              -77.613349,
              37.270877
            ],
            [
              -77.575468,
              37.236432
            ],
            [
              -77.557024,
              37.250148
            ],
            [
              -77.568942,
              37.280887
            ],
            [
              -77.553005,
              37.324569
            ],
            [
              -77.576278,
              37.315893
            ],
            [
              -77.60483,
              37.334896
            ],
            [
              -77.631669,
              37.339573
            ],
            [
              -77.618628,
              37.350079
            ],
            [
              -77.613205,
              37.377484
            ],
            [
              -77.597229,
              37.371339
            ],
            [
              -77.576872,
              37.392508
            ],
            [
              -77.596921,
              37.395576
            ],
            [
              -77.591277,
              37.411438
            ],
            [
              -77.614832,
              37.410665
            ],
            [
              -77.63033,
              37.423784
            ],
            [
              -77.59384,
              37.439663
            ],
            [
              -77.621883,
              37.462605
            ],
            [
              -77.583967,
              37.467928
            ],
            [
              -77.528468,
              37.525476
            ],
            [
              -77.52865,
              37.531859
            ],
            [
              -77.545036,
              37.528101
            ],
            [
              -77.55452,
              37.543028
            ],
            [
              -77.579551,
              37.532177
            ],
            [
              -77.596849,
              37.534652
            ],
            [
              -77.601173,
              37.545161
            ],
            [
              -77.584758,
              37.558483
            ],
            [
              -77.529827,
              37.559225
            ],
            [
              -77.525855,
              37.568235
            ],
            [
              -77.547469,
              37.572535
            ],
            [
              -77.53203,
              37.582571
            ],
            [
              -77.532559,
              37.591783
            ],
            [
              -77.509941,
              37.583706
            ],
            [
              -77.524203,
              37.619717
            ],
            [
              -77.540719,
              37.632837
            ],
            [
              -77.531442,
              37.649225
            ],
            [
              -77.507312,
              37.647851
            ],
            [
              -77.50484,
              37.665535
            ],
            [
              -77.499106,
              37.653485
            ],
            [
              -77.489731,
              37.659471
            ],
            [
              -77.459433,
              37.637991
            ],
            [
              -77.42143,
              37.641682
            ],
            [
              -77.405382,
              37.626033
            ],
            [
              -77.404957,
              37.60641
            ],
            [
              -77.391126,
              37.598094
            ],
            [
              -77.231846,
              37.539638
            ],
            [
              -77.170383,
              37.481416
            ],
            [
              -77.157597,
              37.485841
            ],
            [
              -77.160805,
              37.475302
            ],
            [
              -77.126874,
              37.471583
            ],
            [
              -77.095948,
              37.440275
            ],
            [
              -77.026677,
              37.429006
            ],
            [
              -77.01611,
              37.414015
            ],
            [
              -76.982,
              37.420861
            ],
            [
              -76.969622,
              37.416743
            ],
            [
              -76.968821,
              37.406511
            ],
            [
              -76.940828,
              37.409883
            ],
            [
              -76.942518,
              37.383238
            ],
            [
              -76.92761,
              37.399566
            ],
            [
              -76.916742,
              37.39538
            ],
            [
              -76.90492,
              37.404914
            ],
            [
              -76.906368,
              37.392609
            ],
            [
              -76.918847,
              37.385522
            ],
            [
              -76.897792,
              37.373802
            ],
            [
              -76.915863,
              37.352615
            ],
            [
              -76.907978,
              37.349015
            ],
            [
              -76.88477,
              37.368566
            ],
            [
              -76.873507,
              37.363415
            ],
            [
              -76.880005,
              37.309874
            ],
            [
              -76.871685,
              37.295597
            ],
            [
              -76.883076,
              37.275924
            ],
            [
              -76.8751867295737,
              37.260803177855
            ],
            [
              -76.916537,
              37.242317
            ],
            [
              -76.917844,
              37.234275
            ],
            [
              -76.936145,
              37.238817
            ],
            [
              -76.948386,
              37.230869
            ],
            [
              -76.908455,
              37.202667
            ],
            [
              -76.80352,
              37.206926
            ],
            [
              -76.796905,
              37.189404
            ],
            [
              -76.73728,
              37.146164
            ],
            [
              -76.715295,
              37.148035
            ],
            [
              -76.686581,
              37.197271
            ],
            [
              -76.663774,
              37.173875
            ],
            [
              -76.680286,
              37.126291
            ],
            [
              -76.675166,
              37.108643
            ],
            [
              -76.695647,
              37.083284
            ],
            [
              -76.699311,
              37.05842
            ],
            [
              -76.837581,
              37.002237
            ],
            [
              -77.002103,
              36.920747
            ],
            [
              -76.970223,
              36.885551
            ],
            [
              -77.00961,
              36.885598
            ],
            [
              -77.014541,
              36.85895
            ],
            [
              -76.977529,
              36.857629
            ],
            [
              -76.983558,
              36.846404
            ],
            [
              -76.97144,
              36.833122
            ],
            [
              -76.963373,
              36.840376
            ],
            [
              -76.945577,
              36.83133
            ],
            [
              -76.952367,
              36.803882
            ],
            [
              -76.963648,
              36.803729
            ],
            [
              -76.964624,
              36.781206
            ],
            [
              -77.011502,
              36.795122
            ],
            [
              -77.008492,
              36.781544
            ],
            [
              -77.045917,
              36.774325
            ],
            [
              -77.063794,
              36.733808
            ],
            [
              -77.081123,
              36.722867
            ],
            [
              -77.067961,
              36.713448
            ],
            [
              -77.077115,
              36.700772
            ],
            [
              -77.067186,
              36.693672
            ],
            [
              -77.102265,
              36.698804
            ],
            [
              -77.093411,
              36.698836
            ],
            [
              -77.071102,
              36.656919
            ],
            [
              -77.082689,
              36.635006
            ],
            [
              -77.05289,
              36.641415
            ],
            [
              -77.046661,
              36.626514
            ],
            [
              -77.045744,
              36.616524
            ],
            [
              -77.07854,
              36.612574
            ],
            [
              -77.076953,
              36.59529
            ],
            [
              -77.099446,
              36.60661
            ],
            [
              -77.066527,
              36.569969
            ],
            [
              -77.038425,
              36.571791
            ],
            [
              -77.071888,
              36.54588
            ],
            [
              -77.099139,
              36.572163
            ],
            [
              -77.107219,
              36.563563
            ],
            [
              -77.098386,
              36.558169
            ],
            [
              -77.1030250031878,
              36.5444546950575
            ],
            [
              -78.0462112119251,
              36.5441680334943
            ],
            [
              -78.045476,
              36.552365
            ]
          ]
        ]
      }
    },
    {
      "type": "Feature",
      "id": "us-cd:118:51:05",
      "properties": {
        "boundary_id": "us-cd:118:51:05",
        "boundary_type": "congressional_district",
        "name": "Congressional District 5",
        "stateFips": "51",
        "congress": 118,
        "district": "05",
        "bbox": [
          -79.7148401962592,
          36.5420023594641,
          -77.411227,
          38.258172
        ]
      },
      "geometry": {
        "type": "Polygon",
        "coordinates": [
          [
            [
              -79.704024,
              36.588026
            ],
            [
              -79.594069,
              37.042206
            ],
            [
              -79.564311,
              37.034702
            ],
            [
              -79.559479,
              37.0439
            ],
            [
              -79.542645,
              37.044998
            ],
            [
              -79.546619,
              37.052805
            ],
            [
              -79.481731,
              37.005927
            ],
            [
              -79.461024,
              37.015152
            ],
            [
              -79.483272,
              37.03529
            ],
            [
              -79.490084,
              37.061988
            ],
            [
              -79.442859,
              37.055867
            ],
            [
              -79.330477,
              37.238418
            ],
            [
              -79.36366,
              37.247725
            ],
            [
              -79.407783,
              37.277982
            ],
            [
              -79.392034,
              37.288845
            ],
            [
              -79.401221,
              37.301536
            ],
            [
              -79.391657,
              37.310543
            ],
            [
              -79.399043,
              37.322858
            ],
            [
              -79.389216,
              37.336046
            ],
            [
              -79.353612,
              37.340489
            ],
            [
              -79.345382,
              37.352659
            ],
            [
              -79.32641,
              37.355574
            ],
            [
              -79.317912,
              37.374444
            ],
            [
              -79.348793,
              37.385421
            ],
            [
              -79.35996,
              37.407374
            ],
            [
              -79.351719,
              37.41707
            ],
            [
              -79.362758,
              37.416796
            ],
            [
              -79.377601,
              37.4505
            ],
            [
              -79.400116,
              37.456241
            ],
            [
              -79.373562,
              37.480542
            ],
            [
              -79.356028,
              37.48413
            ],
            [
              -79.336416,
              37.475125
            ],
            [
              -79.295678,
              37.498567
            ],
            [
              -79.345738,
              37.520726
            ],
            [
              -79.384118,
              37.594329
            ],
            [
              -79.404525,
              37.607514
            ],
            [
              -79.431138,
              37.60182
            ],
            [
              -79.436947,
              37.617057
            ],
            [
              -79.401835,
              37.62599
            ],
            [
              -79.345235,
              37.660625
            ],
            [
              -79.340576,
              37.678634
            ],
            [
              -79.316656,
              37.70336
            ],
            [
              -79.30827,
              37.734086
            ],
            [
              -79.264674,
              37.794694
            ],
            [
              -79.231557,
              37.813175
            ],
            [
              -79.208741,
              37.788928
            ],
            [
              -79.170751,
              37.80056
            ],
            [
              -79.144388,
              37.856096
            ],
            [
              -79.15739,
              37.891003
            ],
            [
              -79.062283,
              37.91752
            ],
            [
              -79.044329,
              37.890903
            ],
            [
              -79.017276,
              37.893209
            ],
            [
              -79.005129,
              37.88169
            ],
            [
              -78.981119,
              37.90596
            ],
            [
              -78.955283,
              37.916412
            ],
            [
              -78.956949,
              37.925879
            ],
            [
              -78.942068,
              37.940237
            ],
            [
              -78.899053,
              37.948862
            ],
            [
              -78.89261,
              37.974964
            ],
            [
              -78.907445,
              37.976038
            ],
            [
              -78.906945,
              37.987538
            ],
            [
              -78.887931,
              37.996621
            ],
            [
              -78.873692,
              38.028624
            ],
            [
              -78.858104,
              38.029432
            ],
            [
              -78.781078,
              38.080757
            ],
            [
              -78.788073,
              38.126404
            ],
            [
              -78.745174,
              38.214431
            ],
            [
              -78.726443,
              38.229972
            ],
            [
              -78.693771,
              38.230371
            ],
            [
              -78.686349,
              38.222571
            ],
            [
              -78.654371,
              38.244957
            ],
            [
              -78.598032,
              38.23624
            ],
            [
              -78.606539,
              38.258172
            ],
            [
              -78.209384,
              38.131128
            ],
            [
              -78.116561,
              38.140046
            ],
            [
              -78.101748,
              38.152567
            ],
            [
              -78.047876,
              38.135883
            ],
            [
              -78.00216,
              38.138571
            ],
            [
              -77.980315,
              38.119501
            ],
            [
              -77.916718,
              38.118336
            ],
            [
              -77.847017,
              38.098438
            ],
            [
              -77.838217,
              38.106239
            ],
            [
              -77.811121,
              38.079692
            ],
            [
              -77.786614,
              38.076037
            ],
            [
              -77.768514,
              38.051737
            ],
            [
              -77.745213,
              38.050837
            ],
            [
              -77.746913,
              38.023638
            ],
            [
              -77.732313,
              38.031637
            ],
            [
              -77.731312,
              38.021238
            ],
            [
              -77.71189,
              38.012721
            ],
            [
              -77.642884,
              37.992621
            ],
            [
              -77.643457,
              37.979708
            ],
            [
              -77.614077,
              37.95931
            ],
            [
              -77.616181,
              37.949018
            ],
            [
              -77.570473,
              37.954924
            ],
            [
              -77.562118,
              37.936377
            ],
            [
              -77.546467,
              37.92856
            ],
            [
              -77.554814,
              37.920722
            ],
            [
              -77.529135,
              37.920824
            ],
            [
              -77.48417,
              37.883369
            ],
            [
              -77.445147,
              37.894696
            ],
            [
              -77.419029,
              37.861198
            ],
            [
              -77.428167,
              37.856461
            ],
            [
              -77.428267,
              37.829567
            ],
            [
              -77.411227,
              37.822992
            ],
            [
              -77.423029,
              37.810483
            ],
            [
              -77.412544,
              37.799814
            ],
            [
              -77.461057,
              37.799023
            ],
            [
              -77.476528,
              37.777063
            ],
            [
              -77.499629,
              37.772194
            ],
            [
              -77.553633,
              37.775625
            ],
            [
              -77.539746,
              37.791714
            ],
            [
              -77.574389,
              37.804867
            ],
            [
              -77.574481,
              37.794591
            ],
            [
              -77.600999,
              37.77373
            ],
            [
              -77.596643,
              37.768263
            ],
            [
              -77.630162,
              37.755911
            ],
            [
              -77.641166,
              37.76482
            ],
            [
              -77.631336,
              37.752272
            ],
            [
              -77.639926,
              37.747887
            ],
            [
              -77.648669,
              37.756744
            ],
            [
              -77.654019,
              37.747932
            ],
            [
              -77.644703,
              37.728877
            ],
            [
              -77.620552,
              37.725855
            ],
            [
              -77.640458,
              37.725795
            ],
            [
              -77.630817,
              37.705696
            ],
            [
              -77.654452,
              37.640725
            ],
            [
              -77.652037,
              37.616893
            ],
            [
              -77.626353,
              37.598806
            ],
            [
              -77.61643,
              37.577555
            ],
            [
              -77.655399,
              37.563986
            ],
            [
              -77.797797,
              37.458885
            ],
            [
              -77.809189,
              37.426108
            ],
            [
              -77.875093,
              37.417137
            ],
            [
              -77.867388,
              37.393821
            ],
            [
              -77.878232,
              37.383513
            ],
            [
              -77.8766,
              37.364285
            ],
            [
              -77.860946,
              37.362203
            ],
            [
              -77.837346,
              37.33838
            ],
            [
              -77.796507,
              37.332694
            ],
            [
              -77.80675,
              37.304526
            ],
            [
              -77.772588,
              37.287607
            ],
            [
              -77.763546,
              37.27074
            ],
            [
              -77.73979,
              37.268664
            ],
            [
              -77.735517,
              37.284194
            ],
            [
              -77.720005,
              37.283318
            ],
            [
              -77.708797,
              37.300082
            ],
            [
              -77.692563,
              37.28145
            ],
            [
              -77.667465,
              37.292468
            ],
            [
              -77.648942,
              37.25538
            ],
            [
              -77.661326,
              37.240745
            ],
            [
              -77.686807,
              37.235068
            ],
            [
              -77.688709,
              37.22822
            ],
            [
              -77.680681,
              37.228896
            ],
            [
              -77.686607,
              37.222899
            ],
            [
              -77.718396,
              37.215634
            ],
            [
              -77.747693,
              37.192729
            ],
            [
              -77.792906,
              37.195831
            ],
            [
              -77.813859,
              37.169678
            ],
            [
              -77.841723,
              37.169839
            ],
            [
              -77.875889,
              37.147933
            ],
            [
              -77.900338,
              37.143882
            ],
            [
              -77.889813,
              36.988818
            ],
            [
              -77.968114,
              36.987292
            ],
            [
              -78.003639,
              37.022756
            ],
            [
              -78.0462112119251,
              36.5441680334943
            ],
            [
              -79.7148401962592,
              36.5420023594641
            ],
            [
              -79.704024,
              36.588026
            ]
          ]
        ]
      }
    },
    {
      "type": "Feature",
      "id": "us-cd:118:51:06",
      "properties": {
        "boundary_id": "us-cd:118:51:06",
        "boundary_type": "congressional_district",
        "name": "Congressional District 6",
        "stateFips": "51",
        "congress": 118,
        "district": "06",
        "bbox": [
          -80.296138,
          37.139547,
          -77.8283018332673,
          39.466012
        ]
      },
      "geometry": {
        "type": "Polygon",
        "coordinates": [
          [
            [
              -80.294108,
              37.693852
            ],
            [
              -80.253077,
              37.725899
            ],
            [
              -80.262765,
              37.738336
            ],
            [
              -80.257411,
              37.756084
            ],
            [
              -80.230458,
              37.778305
            ],
            [
              -80.215658,
              37.777481
            ],
            [
              -80.227092,
              37.798886
            ],
            [
              -80.179391,
              37.839751
            ],
            [
              -80.183062,
              37.850646
            ],
            [
              -80.162202,
              37.875122
            ],
            [
              -80.117747,
              37.89772
            ],
            [
              -80.102931,
              37.918911
            ],
            [
              -79.999384,
              37.995842
            ],
            [
              -79.954369,
              38.080397
            ],
            [
              -79.92633,
              38.107151
            ],
            [
              -79.938952,
              38.111619
            ],
            [
              -79.944843,
              38.131585
            ],
            [
              -79.918662,
              38.15479
            ],
            [
              -79.916344,
              38.186278
            ],
            [
              -79.845207,
              38.241082
            ],
            [
              -79.788945,
              38.268703
            ],
            [
              -79.810154,
              38.306707
            ],
            [
              -79.77309,
              38.335529
            ],
            [
              -79.764432,
              38.356514
            ],
            [
              -79.740615,
              38.354101
            ],
            [
              -79.725597,
              38.363828
            ],
            [
              -79.72635,
              38.38707
            ],
            [
              -79.689675,
              38.431439
            ],
            [
              -79.697572,
              38.487223
            ],
            [
              -79.680374,
              38.510617
            ],
            [
              -79.662074,
              38.515517
            ],
            [
              -79.672974,
              38.528717
            ],
            [
              -79.649075,
              38.591515
            ],
            [
              -79.53687,
              38.550917
            ],
            [
              -79.476638,
              38.457228
            ],
            [
              -79.312276,
              38.411876
            ],
            [
              -79.282971,
              38.418095
            ],
            [
              -79.282762,
              38.431647
            ],
            [
              -79.254435,
              38.455949
            ],
            [
              -79.242641,
              38.454168
            ],
            [
              -79.240059,
              38.469841
            ],
            [
              -79.210591,
              38.492913
            ],
            [
              -79.205859,
              38.524521
            ],
            [
              -79.170958,
              38.56812
            ],
            [
              -79.129757,
              38.655017
            ],
            [
              -79.092955,
              38.659517
            ],
            [
              -79.084355,
              38.686516
            ],
            [
              -79.092755,
              38.702315
            ],
            [
              -79.051554,
              38.772613
            ],
            [
              -79.054954,
              38.785713
            ],
            [
              -79.027253,
              38.792113
            ],
            [
              -78.998171,
              38.847353
            ],
            [
              -78.869276,
              38.762991
            ],
            [
              -78.786025,
              38.887187
            ],
            [
              -78.717076,
              38.936028
            ],
            [
              -78.718647,
              38.904561
            ],
            [
              -78.680456,
              38.925313
            ],
            [
              -78.625672,
              38.982575
            ],
            [
              -78.601655,
              38.964603
            ],
            [
              -78.550467,
              39.018065
            ],
            [
              -78.571901,
              39.031995
            ],
            [
              -78.49516,
              39.100992
            ],
            [
              -78.459869,
              39.113351
            ],
            [
              -78.403697,
              39.167451
            ],
            [
              -78.438651,
              39.198049
            ],
            [
              -78.399669,
              39.243874
            ],
            [
              -78.419422,
              39.257476
            ],
            [
              -78.339284,
              39.348605
            ],
            [
              -78.366867,
              39.35929
            ],
            [
              -78.343214,
              39.388807
            ],
            [
              -78.359918,
              39.409028
            ],
            [
              -78.346718,
              39.427618
            ],
            [
              -78.353227,
              39.436792
            ],
            [
              -78.347087,
              39.466012
            ],
            [
              -77.8283018332673,
              39.1324224548325
            ],
            [
              -77.862825,
              39.080979
            ],
            [
              -77.990275,
              38.996493
            ],
            [
              -78.039556,
              38.93983
            ],
            [
              -78.062104,
              38.930312
            ],
            [
              -78.075715,
              38.909425
            ],
            [
              -78.062016,
              38.891926
            ],
            [
              -78.112247,
              38.88026
            ],
            [
              -78.152641,
              38.854384
            ],
            [
              -78.200885,
              38.77666
            ],
            [
              -78.253268,
              38.757046
            ],
            [
              -78.279337,
              38.762215
            ],
            [
              -78.304898,
              38.73817
            ],
            [
              -78.318775,
              38.737866
            ],
            [
              -78.332216,
              38.705638
            ],
            [
              -78.314386,
              38.682509
            ],
            [
              -78.323838,
              38.672092
            ],
            [
              -78.315581,
              38.651564
            ],
            [
              -78.32587,
              38.630718
            ],
            [
              -78.360018,
              38.613783
            ],
            [
              -78.383193,
              38.588319
            ],
            [
              -78.385221,
              38.557582
            ],
            [
              -78.407449,
              38.551696
            ],
            [
              -78.430208,
              38.526893
            ],
            [
              -78.442767,
              38.527775
            ],
            [
              -78.436268,
              38.522146
            ],
            [
              -78.446774,
              38.499286
            ],
            [
              -78.441428,
              38.490491
            ],
            [
              -78.465073,
              38.447
            ],
            [
              -78.474328,
              38.445586
            ],
            [
              -78.499397,
              38.399599
            ],
            [
              -78.515141,
              38.39372
            ],
            [
              -78.522792,
              38.36951
            ],
            [
              -78.544528,
              38.362518
            ],
            [
              -78.551583,
              38.336318
            ],
            [
              -78.587506,
              38.32483
            ],
            [
              -78.634337,
              38.292029
            ],
            [
              -78.651214,
              38.293463
            ],
            [
              -78.663898,
              38.276676
            ],
            [
              -78.666398,
              38.266053
            ],
            [
              -78.655149,
              38.260632
            ],
            [
              -78.662188,
              38.253476
            ],
            [
              -78.706566,
              38.246438
            ],
            [
              -78.745174,
              38.214431
            ],
            [
              -78.788073,
              38.126404
            ],
            [
              -78.77891,
              38.084369
            ],
            [
              -78.858104,
              38.029432
            ],
            [
              -78.873692,
              38.028624
            ],
            [
              -78.887931,
              37.996621
            ],
            [
              -78.906945,
              37.987538
            ],
            [
              -78.907445,
              37.976038
            ],
            [
              -78.89261,
              37.974964
            ],
            [
              -78.899053,
              37.948862
            ],
            [
              -78.942068,
              37.940237
            ],
            [
              -78.956949,
              37.925879
            ],
            [
              -78.955283,
              37.916412
            ],
            [
              -78.981119,
              37.90596
            ],
            [
              -79.005129,
              37.88169
            ],
            [
              -79.017276,
              37.893209
            ],
            [
              -79.044329,
              37.890903
            ],
            [
              -79.062283,
              37.91752
            ],
            [
              -79.15739,
              37.891003
            ],
            [
              -79.144388,
              37.856096
            ],
            [
              -79.170751,
              37.80056
            ],
            [
              -79.208741,
              37.788928
            ],
            [
              -79.231557,
              37.813175
            ],
            [
              -79.264674,
              37.794694
            ],
            [
              -79.30827,
              37.734086
            ],
            [
              -79.316656,
              37.70336
            ],
            [
              -79.340576,
              37.678634
            ],
            [
              -79.345235,
              37.660625
            ],
            [
              -79.426371,
              37.61551
            ],
            [
              -79.445277,
              37.618248
            ],
            [
              -79.457504,
              37.599323
            ],
            [
              -79.448729,
              37.578246
            ],
            [
              -79.434285,
              37.571985
            ],
            [
              -79.44039,
              37.564111
            ],
            [
              -79.496545,
              37.537107
            ],
            [
              -79.504681,
              37.520832
            ],
            [
              -79.545551,
              37.489512
            ],
            [
              -79.558956,
              37.496422
            ],
            [
              -79.581125,
              37.471955
            ],
            [
              -79.582745,
              37.451878
            ],
            [
              -79.628162,
              37.453604
            ],
            [
              -79.653498,
              37.481959
            ],
            [
              -79.677468,
              37.483473
            ],
            [
              -79.756185,
              37.425384
            ],
            [
              -79.814203,
              37.403654
            ],
            [
              -79.792185,
              37.380822
            ],
            [
              -79.775352,
              37.377319
            ],
            [
              -79.788679,
              37.34935
            ],
            [
              -79.844198,
              37.31775
            ],
            [
              -79.839607,
              37.300414
            ],
            [
              -79.850382,
              37.295107
            ],
            [
              -79.846537,
              37.278741
            ],
            [
              -79.858405,
              37.267155
            ],
            [
              -79.842491,
              37.230284
            ],
            [
              -79.851981,
              37.215059
            ],
            [
              -79.882568,
              37.209712
            ],
            [
              -79.893859,
              37.199308
            ],
            [
              -79.895123,
              37.181834
            ],
            [
              -79.953785,
              37.139547
            ],
            [
              -79.989602,
              37.143419
            ],
            [
              -80.005266,
              37.15746
            ],
            [
              -80.000609,
              37.19303
            ],
            [
              -79.955956,
              37.210384
            ],
            [
              -79.998191,
              37.252158
            ],
            [
              -80.02883,
              37.24365
            ],
            [
              -80.037146,
              37.250754
            ],
            [
              -80.033464,
              37.26289
            ],
            [
              -80.051202,
              37.2522
            ],
            [
              -80.074512,
              37.257062
            ],
            [
              -80.093675,
              37.282502
            ],
            [
              -80.167913,
              37.259927
            ],
            [
              -80.192536,
              37.234383
            ],
            [
              -80.258335,
              37.308427
            ],
            [
              -80.262184,
              37.341526
            ],
            [
              -80.25016,
              37.351784
            ],
            [
              -80.200301,
              37.378356
            ],
            [
              -80.147564,
              37.382547
            ],
            [
              -80.067369,
              37.426397
            ],
            [
              -80.043032,
              37.449024
            ],
            [
              -80.009496,
              37.510827
            ],
            [
              -79.969071,
              37.544408
            ],
            [
              -80.027621,
              37.624218
            ],
            [
              -80.032033,
              37.638563
            ],
            [
              -80.020554,
              37.647442
            ],
            [
              -80.032705,
              37.66029
            ],
            [
              -80.145565,
              37.596428
            ],
            [
              -80.170336,
              37.616256
            ],
            [
              -80.205198,
              37.616293
            ],
            [
              -80.267455,
              37.646108
            ],
            [
              -80.296138,
              37.691783
            ],
            [
              -80.294108,
              37.693852
            ]
          ]
        ]
      }
    },
    {
      "type": "Feature",
      "id": "us-cd:118:51:07",
      "properties": {
        "boundary_id": "us-cd:118:51:07",
        "boundary_type": "congressional_district",
        "name": "Congressional District 7",
        "stateFips": "51",
        "congress": 118,
        "district": "07",
        "bbox": [
          -78.726443,
          37.776365,
          -77.0009970309965,
          38.716652
        ]
      },
      "geometry": {
        "type": "Polygon",
        "coordinates": [
          [
            [
              -78.726272,
              38.231955
            ],
            [
              -78.682488,
              38.254616
            ],
            [
              -78.669806,
              38.247327
            ],
            [
              -78.655149,
              38.260632
            ],
            [
              -78.666398,
              38.266053
            ],
            [
              -78.651214,
              38.293463
            ],
            [
              -78.634337,
              38.292029
            ],
            [
              -78.587506,
              38.32483
            ],
            [
              -78.551583,
              38.336318
            ],
            [
              -78.544528,
              38.362518
            ],
            [
              -78.522792,
              38.36951
            ],
            [
              -78.515141,
              38.39372
            ],
            [
              -78.499397,
              38.399599
            ],
            [
              -78.474328,
              38.445586
            ],
            [
              -78.465073,
              38.447
            ],
            [
              -78.441428,
              38.490491
            ],
            [
              -78.446774,
              38.499286
            ],
            [
              -78.436268,
              38.522146
            ],
            [
              -78.442767,
              38.527775
            ],
            [
              -78.430208,
              38.526893
            ],
            [
              -78.407449,
              38.551696
            ],
            [
              -78.380777,
              38.56151
            ],
            [
              -78.383193,
              38.588319
            ],
            [
              -78.338176,
              38.627312
            ],
            [
              -78.231803,
              38.532539
            ],
            [
              -78.215246,
              38.538412
            ],
            [
              -78.175975,
              38.520792
            ],
            [
              -78.090132,
              38.596786
            ],
            [
              -77.931393,
              38.698366
            ],
            [
              -77.909456,
              38.697322
            ],
            [
              -77.891865,
              38.681084
            ],
            [
              -77.901255,
              38.665503
            ],
            [
              -77.884146,
              38.666636
            ],
            [
              -77.871699,
              38.648548
            ],
            [
              -77.880506,
              38.636511
            ],
            [
              -77.859948,
              38.62081
            ],
            [
              -77.872955,
              38.610957
            ],
            [
              -77.862378,
              38.598527
            ],
            [
              -77.877169,
              38.584891
            ],
            [
              -77.838878,
              38.539888
            ],
            [
              -77.814152,
              38.530506
            ],
            [
              -77.801134,
              38.503099
            ],
            [
              -77.781867,
              38.488821
            ],
            [
              -77.77673,
              38.465597
            ],
            [
              -77.76127,
              38.458392
            ],
            [
              -77.755075,
              38.429398
            ],
            [
              -77.739719,
              38.424701
            ],
            [
              -77.735516,
              38.413116
            ],
            [
              -77.690357,
              38.426997
            ],
            [
              -77.637375,
              38.409554
            ],
            [
              -77.628189,
              38.433544
            ],
            [
              -77.632842,
              38.468822
            ],
            [
              -77.531328,
              38.55655
            ],
            [
              -77.579484,
              38.627653
            ],
            [
              -77.55313,
              38.615089
            ],
            [
              -77.520796,
              38.623541
            ],
            [
              -77.50196,
              38.644136
            ],
            [
              -77.460647,
              38.63205
            ],
            [
              -77.429144,
              38.633785
            ],
            [
              -77.444229,
              38.645629
            ],
            [
              -77.44074,
              38.658632
            ],
            [
              -77.349073,
              38.678173
            ],
            [
              -77.334129,
              38.716652
            ],
            [
              -77.320233,
              38.710842
            ],
            [
              -77.326141,
              38.702046
            ],
            [
              -77.30206,
              38.707622
            ],
            [
              -77.258197,
              38.684065
            ],
            [
              -77.223928,
              38.645968
            ],
            [
              -77.246704,
              38.635217
            ],
            [
              -77.256491,
              38.59908
            ],
            [
              -77.247003,
              38.590618
            ],
            [
              -77.265304,
              38.580319
            ],
            [
              -77.257044,
              38.56045
            ],
            [
              -77.276603,
              38.54712
            ],
            [
              -77.322622,
              38.467131
            ],
            [
              -77.326291,
              38.443598
            ],
            [
              -77.310719,
              38.397669
            ],
            [
              -77.317288,
              38.383576
            ],
            [
              -77.296077,
              38.369797
            ],
            [
              -77.279633,
              38.339444
            ],
            [
              -77.240098,
              38.330988
            ],
            [
              -77.162692,
              38.345994
            ],
            [
              -77.138224,
              38.367917
            ],
            [
              -77.08481,
              38.368297
            ],
            [
              -77.041524,
              38.400186
            ],
            [
              -77.011827,
              38.374554
            ],
            [
              -77.014907,
              38.332763
            ],
            [
              -77.031883,
              38.319349
            ],
            [
              -77.05779,
              38.320562
            ],
            [
              -77.028837,
              38.310875
            ],
            [
              -77.0009970309965,
              38.276128
            ],
            [
              -77.044536,
              38.26045
            ],
            [
              -77.048482,
              38.182444
            ],
            [
              -77.064289,
              38.171666
            ],
            [
              -77.069296,
              38.143731
            ],
            [
              -77.077796,
              38.141831
            ],
            [
              -77.089696,
              38.161631
            ],
            [
              -77.115997,
              38.149931
            ],
            [
              -77.105198,
              38.127613
            ],
            [
              -77.142428,
              38.123033
            ],
            [
              -77.143789,
              38.095512
            ],
            [
              -77.1701,
              38.079543
            ],
            [
              -77.144905,
              38.057395
            ],
            [
              -77.14923,
              38.049103
            ],
            [
              -77.131476,
              38.046323
            ],
            [
              -77.121793,
              38.033628
            ],
            [
              -77.129432,
              38.016087
            ],
            [
              -77.08897,
              38.013644
            ],
            [
              -77.076619,
              38.000775
            ],
            [
              -77.070115,
              37.96477
            ],
            [
              -77.144221,
              37.972169
            ],
            [
              -77.167006,
              37.964129
            ],
            [
              -77.18396,
              37.941432
            ],
            [
              -77.178794,
              37.928955
            ],
            [
              -77.186414,
              37.911249
            ],
            [
              -77.174838,
              37.903241
            ],
            [
              -77.186961,
              37.90104
            ],
            [
              -77.181418,
              37.891654
            ],
            [
              -77.208825,
              37.885715
            ],
            [
              -77.216324,
              37.891323
            ],
            [
              -77.211619,
              37.901219
            ],
            [
              -77.226517,
              37.89866
            ],
            [
              -77.241679,
              37.90955
            ],
            [
              -77.25027,
              37.872431
            ],
            [
              -77.345223,
              37.789285
            ],
            [
              -77.36226,
              37.797653
            ],
            [
              -77.374698,
              37.776365
            ],
            [
              -77.404745,
              37.779913
            ],
            [
              -77.39085,
              37.786747
            ],
            [
              -77.398352,
              37.790799
            ],
            [
              -77.395243,
              37.802442
            ],
            [
              -77.422352,
              37.808784
            ],
            [
              -77.409643,
              37.819727
            ],
            [
              -77.428267,
              37.829567
            ],
            [
              -77.428167,
              37.856461
            ],
            [
              -77.418706,
              37.860553
            ],
            [
              -77.445147,
              37.894696
            ],
            [
              -77.483774,
              37.883217
            ],
            [
              -77.529135,
              37.920824
            ],
            [
              -77.554814,
              37.920722
            ],
            [
              -77.546467,
              37.92856
            ],
            [
              -77.576728,
              37.958072
            ],
            [
              -77.585882,
              37.949351
            ],
            [
              -77.61838,
              37.950164
            ],
            [
              -77.614077,
              37.95931
            ],
            [
              -77.632624,
              37.965253
            ],
            [
              -77.642884,
              37.992621
            ],
            [
              -77.71189,
              38.012721
            ],
            [
              -77.731312,
              38.021238
            ],
            [
              -77.732313,
              38.031637
            ],
            [
              -77.746913,
              38.023638
            ],
            [
              -77.745213,
              38.050837
            ],
            [
              -77.768514,
              38.051737
            ],
            [
              -77.786614,
              38.076037
            ],
            [
              -77.811121,
              38.079692
            ],
            [
              -77.838217,
              38.106239
            ],
            [
              -77.847017,
              38.098438
            ],
            [
              -77.916718,
              38.118336
            ],
            [
              -77.980315,
              38.119501
            ],
            [
              -78.00216,
              38.138571
            ],
            [
              -78.047876,
              38.135883
            ],
            [
              -78.101748,
              38.152567
            ],
            [
              -78.116561,
              38.140046
            ],
            [
              -78.209384,
              38.131128
            ],
            [
              -78.606539,
              38.258172
            ],
            [
              -78.598032,
              38.23624
            ],
            [
              -78.654371,
              38.244957
            ],
            [
              -78.686349,
              38.222571
            ],
            [
              -78.693771,
              38.230371
            ],
            [
              -78.726443,
              38.229972
            ],
            [
              -78.726272,
              38.231955
            ]
          ]
        ]
      }
    },
    {
      "type": "Feature",
      "id": "us-cd:118:51:08",
      "properties": {
        "boundary_id": "us-cd:118:51:08",
        "boundary_type": "congressional_district",
        "name": "Congressional District 8",
        "stateFips": "51",
        "congress": 118,
        "district": "08",
        "bbox": [
          -77.239495,
          38.617675,
          -77.034004,
          38.9684120710482
        ]
      },
      "geometry": {
        "type": "Polygon",
        "coordinates": [
          [
            [
              -77.239495,
              38.666534
            ],
            [
              -77.192964,
              38.709382
            ],
            [
              -77.180037,
              38.707509
            ],
            [
              -77.190454,
              38.720398
            ],
            [
              -77.173915,
              38.721975
            ],
            [
              -77.16465,
              38.754485
            ],
            [
              -77.14335,
              38.767203
            ],
            [
              -77.149507,
              38.775307
            ],
            [
              -77.136072,
              38.784071
            ],
            [
              -77.135391,
              38.79651
            ],
            [
              -77.176186,
              38.790869
            ],
            [
              -77.179994,
              38.781804
            ],
            [
              -77.186133,
              38.795167
            ],
            [
              -77.218782,
              38.792764
            ],
            [
              -77.211811,
              38.803494
            ],
            [
              -77.222129,
              38.820355
            ],
            [
              -77.217375,
              38.910129
            ],
            [
              -77.196244,
              38.923473
            ],
            [
              -77.21023,
              38.931487
            ],
            [
              -77.1796039928508,
              38.9684120710482
            ],
            [
              -77.148179,
              38.965002
            ],
            [
              -77.1012,
              38.911111
            ],
            [
              -77.067299,
              38.899211
            ],
            [
              -77.034004,
              38.857142
            ],
            [
              -77.034541,
              38.840473
            ],
            [
              -77.044999,
              38.838512
            ],
            [
              -77.037356,
              38.814187
            ],
            [
              -77.043254,
              38.719011
            ],
            [
              -77.053199,
              38.709915
            ],
            [
              -77.079563,
              38.712835
            ],
            [
              -77.122001,
              38.685816
            ],
            [
              -77.132501,
              38.673816
            ],
            [
              -77.1302,
              38.635017
            ],
            [
              -77.158091,
              38.636871
            ],
            [
              -77.168906,
              38.625452
            ],
            [
              -77.201969,
              38.617675
            ],
            [
              -77.215701,
              38.63707
            ],
            [
              -77.194337,
              38.652743
            ],
            [
              -77.2338972448928,
              38.6613355322521
            ],
            [
              -77.239495,
              38.666534
            ]
          ]
        ]
      }
    },
    {
      "type": "Feature",
      "id": "us-cd:118:51:09",
      "properties": {
        "boundary_id": "us-cd:118:51:09",
        "boundary_type": "congressional_district",
        "name": "Congressional District 9",
        "stateFips": "51",
        "congress": 118,
        "district": "09",
        "bbox": [
          -83.675395,
          36.5420023594641,
          -79.295678,
          37.66029
        ]
      },
      "geometry": {
        "type": "Polygon",
        "coordinates": [
          [
            [
              -83.674614,
              36.603082
            ],
            [
              -83.645213,
              36.624183
            ],
            [
              -83.577312,
              36.641784
            ],
            [
              -83.529612,
              36.666184
            ],
            [
              -83.423707,
              36.667385
            ],
            [
              -83.311403,
              36.710287
            ],
            [
              -83.194597,
              36.739487
            ],
            [
              -83.136395,
              36.743088
            ],
            [
              -83.125655,
              36.761407
            ],
            [
              -83.133231,
              36.784585
            ],
            [
              -83.103092,
              36.806689
            ],
            [
              -83.101792,
              36.829089
            ],
            [
              -83.07519,
              36.840889
            ],
            [
              -83.07259,
              36.854589
            ],
            [
              -83.026887,
              36.855489
            ],
            [
              -83.009222,
              36.847295
            ],
            [
              -82.878569,
              36.889585
            ],
            [
              -82.870068,
              36.901735
            ],
            [
              -82.877473,
              36.90796
            ],
            [
              -82.857965,
              36.929529
            ],
            [
              -82.855705,
              36.953808
            ],
            [
              -82.87023,
              36.965498
            ],
            [
              -82.867535,
              36.977518
            ],
            [
              -82.836008,
              36.988837
            ],
            [
              -82.828592,
              37.005707
            ],
            [
              -82.782144,
              37.008242
            ],
            [
              -82.759175,
              37.027333
            ],
            [
              -82.747981,
              37.025214
            ],
            [
              -82.742454,
              37.04298
            ],
            [
              -82.722472,
              37.045101
            ],
            [
              -82.722097,
              37.120168
            ],
            [
              -82.633493,
              37.154264
            ],
            [
              -82.498858,
              37.227044
            ],
            [
              -82.350948,
              37.267077
            ],
            [
              -82.341849,
              37.280886
            ],
            [
              -82.324619,
              37.28318
            ],
            [
              -81.968012,
              37.538035
            ],
            [
              -81.94401,
              37.530964
            ],
            [
              -81.943865,
              37.512879
            ],
            [
              -81.934057,
              37.519469
            ],
            [
              -81.926736,
              37.51304
            ],
            [
              -81.953147,
              37.501314
            ],
            [
              -81.953264,
              37.491763
            ],
            [
              -81.992916,
              37.482969
            ],
            [
              -81.99227,
              37.460916
            ],
            [
              -81.935621,
              37.438397
            ],
            [
              -81.93695,
              37.41992
            ],
            [
              -81.923481,
              37.411379
            ],
            [
              -81.933382,
              37.369341
            ],
            [
              -81.893773,
              37.330105
            ],
            [
              -81.878713,
              37.331753
            ],
            [
              -81.860267,
              37.315715
            ],
            [
              -81.865683,
              37.309484
            ],
            [
              -81.85446,
              37.30657
            ],
            [
              -81.853551,
              37.287701
            ],
            [
              -81.757631,
              37.274003
            ],
            [
              -81.740974,
              37.254052
            ],
            [
              -81.744003,
              37.242528
            ],
            [
              -81.723061,
              37.240493
            ],
            [
              -81.67821,
              37.201483
            ],
            [
              -81.560625,
              37.206663
            ],
            [
              -81.508786,
              37.232564
            ],
            [
              -81.498874,
              37.258025
            ],
            [
              -81.480144,
              37.251121
            ],
            [
              -81.447655,
              37.272245
            ],
            [
              -81.416663,
              37.273214
            ],
            [
              -81.394287,
              37.316411
            ],
            [
              -81.374455,
              37.318614
            ],
            [
              -81.362156,
              37.337687
            ],
            [
              -81.225104,
              37.234874
            ],
            [
              -81.112596,
              37.278497
            ],
            [
              -80.979589,
              37.302279
            ],
            [
              -80.981322,
              37.293465
            ],
            [
              -80.966556,
              37.292158
            ],
            [
              -80.900535,
              37.315
            ],
            [
              -80.849451,
              37.346909
            ],
            [
              -80.883248,
              37.383933
            ],
            [
              -80.859556,
              37.429568
            ],
            [
              -80.837678,
              37.425658
            ],
            [
              -80.806129,
              37.398074
            ],
            [
              -80.784188,
              37.394587
            ],
            [
              -80.770082,
              37.372363
            ],
            [
              -80.645893,
              37.422147
            ],
            [
              -80.561442,
              37.469775
            ],
            [
              -80.511391,
              37.481672
            ],
            [
              -80.492981,
              37.457749
            ],
            [
              -80.494867,
              37.43507
            ],
            [
              -80.475601,
              37.422949
            ],
            [
              -80.46482,
              37.426144
            ],
            [
              -80.371952,
              37.474069
            ],
            [
              -80.366838,
              37.484879
            ],
            [
              -80.299789,
              37.508271
            ],
            [
              -80.282385,
              37.533517
            ],
            [
              -80.309346,
              37.527381
            ],
            [
              -80.330306,
              37.536244
            ],
            [
              -80.312393,
              37.546239
            ],
            [
              -80.328504,
              37.564315
            ],
            [
              -80.258919,
              37.595499
            ],
            [
              -80.220984,
              37.627767
            ],
            [
              -80.205198,
              37.616293
            ],
            [
              -80.170336,
              37.616256
            ],
            [
              -80.144394,
              37.596627
            ],
            [
              -80.032705,
              37.66029
            ],
            [
              -80.020554,
              37.647442
            ],
            [
              -80.032033,
              37.638563
            ],
            [
              -80.027621,
              37.624218
            ],
            [
              -79.969071,
              37.544408
            ],
            [
              -80.009496,
              37.510827
            ],
            [
              -80.043032,
              37.449024
            ],
            [
              -80.067369,
              37.426397
            ],
            [
              -80.147564,
              37.382547
            ],
            [
              -80.200301,
              37.378356
            ],
            [
              -80.25016,
              37.351784
            ],
            [
              -80.262184,
              37.341526
            ],
            [
              -80.258335,
              37.308427
            ],
            [
              -80.192536,
              37.234383
            ],
            [
              -80.167913,
              37.259927
            ],
            [
              -80.093675,
              37.282502
            ],
            [
              -80.074512,
              37.257062
            ],
            [
              -80.051202,
              37.2522
            ],
            [
              -80.033464,
              37.26289
            ],
            [
              -80.037146,
              37.250754
            ],
            [
              -80.02883,
              37.24365
            ],
            [
              -79.998191,
              37.252158
            ],
            [
              -79.955956,
              37.210384
            ],
            [
              -80.000609,
              37.19303
            ],
            [
              -80.005266,
              37.15746
            ],
            [
              -79.962822,
              37.137274
            ],
            [
              -79.895123,
              37.181834
            ],
            [
              -79.893859,
              37.199308
            ],
            [
              -79.882568,
              37.209712
            ],
            [
              -79.851981,
              37.215059
            ],
            [
              -79.842491,
              37.230284
            ],
            [
              -79.858405,
              37.267155
            ],
            [
              -79.846537,
              37.278741
            ],
            [
              -79.850382,
              37.295107
            ],
            [
              -79.839607,
              37.300414
            ],
            [
              -79.844198,
              37.31775
            ],
            [
              -79.788679,
              37.34935
            ],
            [
              -79.775352,
              37.377319
            ],
            [
              -79.792185,
              37.380822
            ],
            [
              -79.814203,
              37.403654
            ],
            [
              -79.756185,
              37.425384
            ],
            [
              -79.677468,
              37.483473
            ],
            [
              -79.653498,
              37.481959
            ],
            [
              -79.628162,
              37.453604
            ],
            [
              -79.582745,
              37.451878
            ],
            [
              -79.581125,
              37.471955
            ],
            [
              -79.558956,
              37.496422
            ],
            [
              -79.545551,
              37.489512
            ],
            [
              -79.504681,
              37.520832
            ],
            [
              -79.496545,
              37.537107
            ],
            [
              -79.44039,
              37.564111
            ],
            [
              -79.434285,
              37.571985
            ],
            [
              -79.448729,
              37.578246
            ],
            [
              -79.457504,
              37.599323
            ],
            [
              -79.445277,
              37.618248
            ],
            [
              -79.431138,
              37.60182
            ],
            [
              -79.404525,
              37.607514
            ],
            [
              -79.384118,
              37.594329
            ],
            [
              -79.345738,
              37.520726
            ],
            [
              -79.295678,
              37.498567
            ],
            [
              -79.336416,
              37.475125
            ],
            [
              -79.356028,
              37.48413
            ],
            [
              -79.373562,
              37.480542
            ],
            [
              -79.399451,
              37.45912
            ],
            [
              -79.391508,
              37.448202
            ],
            [
              -79.377601,
              37.4505
            ],
            [
              -79.362758,
              37.416796
            ],
            [
              -79.351719,
              37.41707
            ],
            [
              -79.35996,
              37.407374
            ],
            [
              -79.348793,
              37.385421
            ],
            [
              -79.317912,
              37.374444
            ],
            [
              -79.32641,
              37.355574
            ],
            [
              -79.345382,
              37.352659
            ],
            [
              -79.353612,
              37.340489
            ],
            [
              -79.389216,
              37.336046
            ],
            [
              -79.399043,
              37.322858
            ],
            [
              -79.391657,
              37.310543
            ],
            [
              -79.401221,
              37.301536
            ],
            [
              -79.392034,
              37.288845
            ],
            [
              -79.407783,
              37.277982
            ],
            [
              -79.36366,
              37.247725
            ],
            [
              -79.330477,
              37.238418
            ],
            [
              -79.442859,
              37.055867
            ],
            [
              -79.490084,
              37.061988
            ],
            [
              -79.483272,
              37.03529
            ],
            [
              -79.458993,
              37.016944
            ],
            [
              -79.481731,
              37.005927
            ],
            [
              -79.546619,
              37.052805
            ],
            [
              -79.542645,
              37.044998
            ],
            [
              -79.559479,
              37.0439
            ],
            [
              -79.564311,
              37.034702
            ],
            [
              -79.594069,
              37.042206
            ],
            [
              -79.7148401962592,
              36.5420023594641
            ],
            [
              -80.295243,
              36.543973
            ],
            [
              -80.704831,
              36.562319
            ],
            [
              -81.442228,
              36.576822
            ],
            [
              -81.677535,
              36.588117
            ],
            [
              -81.6469,
              36.611918
            ],
            [
              -81.922644,
              36.616213
            ],
            [
              -81.934144,
              36.594213
            ],
            [
              -83.675395,
              36.600784
            ],
            [
              -83.674614,
              36.603082
            ]
          ]
        ]
      }
    },
    {
      "type": "Feature",
      "id": "us-cd:118:51:10",
      "properties": {
        "boundary_id": "us-cd:118:51:10",
        "boundary_type": "congressional_district",
        "name": "Congressional District 10",
        "stateFips": "51",
        "congress": 118,
        "district": "10",
        "bbox": [
          -78.338176,
          38.410218,
          -77.297257,
          39.324192
        ]
      },
      "geometry": {
        "type": "Polygon",
        "coordinates": [
          [
            [
              -78.335182,
              38.628751
            ],
            [
              -78.315581,
              38.651564
            ],
            [
              -78.323838,
              38.672092
            ],
            [
              -78.316356,
              38.690557
            ],
            [
              -78.332216,
              38.705638
            ],
            [
              -78.318775,
              38.737866
            ],
            [
              -78.304898,
              38.73817
            ],
            [
              -78.279337,
              38.762215
            ],
            [
              -78.253268,
              38.757046
            ],
            [
              -78.200885,
              38.77666
            ],
            [
              -78.152641,
              38.854384
            ],
            [
              -78.112247,
              38.88026
            ],
            [
              -78.062016,
              38.891926
            ],
            [
              -78.075715,
              38.909425
            ],
            [
              -78.062104,
              38.930312
            ],
            [
              -78.039556,
              38.93983
            ],
            [
              -77.990275,
              38.996493
            ],
            [
              -77.862825,
              39.080979
            ],
            [
              -77.843797,
              39.119747
            ],
            [
              -77.822182,
              39.139985
            ],
            [
              -77.747287,
              39.295001
            ],
            [
              -77.719519,
              39.321314
            ],
            [
              -77.675846,
              39.324192
            ],
            [
              -77.615939,
              39.302722
            ],
            [
              -77.56321,
              39.303903
            ],
            [
              -77.560854,
              39.286152
            ],
            [
              -77.540581,
              39.264947
            ],
            [
              -77.486813,
              39.247586
            ],
            [
              -77.45768,
              39.22502
            ],
            [
              -77.478596,
              39.189168
            ],
            [
              -77.516426,
              39.170891
            ],
            [
              -77.527282,
              39.146236
            ],
            [
              -77.519929,
              39.120925
            ],
            [
              -77.4858,
              39.109303
            ],
            [
              -77.458202,
              39.073723
            ],
            [
              -77.328281093199,
              39.0577948715365
            ],
            [
              -77.496821,
              38.887154
            ],
            [
              -77.464215,
              38.868722
            ],
            [
              -77.47947,
              38.861224
            ],
            [
              -77.475023,
              38.846075
            ],
            [
              -77.46352,
              38.842374
            ],
            [
              -77.457456,
              38.825667
            ],
            [
              -77.464862,
              38.820419
            ],
            [
              -77.455714,
              38.811654
            ],
            [
              -77.421431,
              38.802139
            ],
            [
              -77.413313,
              38.819853
            ],
            [
              -77.398014,
              38.811794
            ],
            [
              -77.40595,
              38.834335
            ],
            [
              -77.393382,
              38.841255
            ],
            [
              -77.35851,
              38.786438
            ],
            [
              -77.32666,
              38.78823
            ],
            [
              -77.297257,
              38.776346
            ],
            [
              -77.313756,
              38.766888
            ],
            [
              -77.301418,
              38.753232
            ],
            [
              -77.317244,
              38.75129
            ],
            [
              -77.309864,
              38.740852
            ],
            [
              -77.326386,
              38.745296
            ],
            [
              -77.33215,
              38.731261
            ],
            [
              -77.346311,
              38.738468
            ],
            [
              -77.358768,
              38.727911
            ],
            [
              -77.332296,
              38.716525
            ],
            [
              -77.350017,
              38.692112
            ],
            [
              -77.349073,
              38.678173
            ],
            [
              -77.44074,
              38.658632
            ],
            [
              -77.444229,
              38.645629
            ],
            [
              -77.429144,
              38.633785
            ],
            [
              -77.460647,
              38.63205
            ],
            [
              -77.50196,
              38.644136
            ],
            [
              -77.520796,
              38.623541
            ],
            [
              -77.55313,
              38.615089
            ],
            [
              -77.579484,
              38.627653
            ],
            [
              -77.531328,
              38.55655
            ],
            [
              -77.632842,
              38.468822
            ],
            [
              -77.63494,
              38.410218
            ],
            [
              -77.690357,
              38.426997
            ],
            [
              -77.735516,
              38.413116
            ],
            [
              -77.739719,
              38.424701
            ],
            [
              -77.755075,
              38.429398
            ],
            [
              -77.76127,
              38.458392
            ],
            [
              -77.77673,
              38.465597
            ],
            [
              -77.781867,
              38.488821
            ],
            [
              -77.801134,
              38.503099
            ],
            [
              -77.814152,
              38.530506
            ],
            [
              -77.838878,
              38.539888
            ],
            [
              -77.877169,
              38.584891
            ],
            [
              -77.862378,
              38.598527
            ],
            [
              -77.872955,
              38.610957
            ],
            [
              -77.859948,
              38.62081
            ],
            [
              -77.880506,
              38.636511
            ],
            [
              -77.871699,
              38.648548
            ],
            [
              -77.884146,
              38.666636
            ],
            [
              -77.901255,
              38.665503
            ],
            [
              -77.891865,
              38.681084
            ],
            [
              -77.909456,
              38.697322
            ],
            [
              -77.931393,
              38.698366
            ],
            [
              -78.090132,
              38.596786
            ],
            [
              -78.175975,
              38.520792
            ],
            [
              -78.215246,
              38.538412
            ],
            [
              -78.231803,
              38.532539
            ],
            [
              -78.338176,
              38.627312
            ],
            [
              -78.335182,
              38.628751
            ]
          ]
        ]
      }
    },
    {
      "type": "Feature",
      "id": "us-cd:118:51:11",
      "properties": {
        "boundary_id": "us-cd:118:51:11",
        "boundary_type": "congressional_district",
        "name": "Congressional District 11",
        "stateFips": "51",
        "congress": 118,
        "district": "11",
        "bbox": [
          -77.496821,
          38.666534,
          -77.135391,
          39.0577948715365
        ]
      },
      "geometry": {
        "type": "Polygon",
        "coordinates": [
          [
            [
              -77.495633,
              38.888363
            ],
            [
              -77.328281093199,
              39.0577948715365
            ],
            [
              -77.246003,
              39.024909
            ],
            [
              -77.255703,
              39.002409
            ],
            [
              -77.234803,
              38.97631
            ],
            [
              -77.1796039928508,
              38.9684120710482
            ],
            [
              -77.21023,
              38.931487
            ],
            [
              -77.196244,
              38.923473
            ],
            [
              -77.217375,
              38.910129
            ],
            [
              -77.222129,
              38.820355
            ],
            [
              -77.211811,
              38.803494
            ],
            [
              -77.218782,
              38.792764
            ],
            [
              -77.186133,
              38.795167
            ],
            [
              -77.179994,
              38.781804
            ],
            [
              -77.176186,
              38.790869
            ],
            [
              -77.135391,
              38.79651
            ],
            [
              -77.136072,
              38.784071
            ],
            [
              -77.149507,
              38.775307
            ],
            [
              -77.14335,
              38.767203
            ],
            [
              -77.16465,
              38.754485
            ],
            [
              -77.173915,
              38.721975
            ],
            [
              -77.190454,
              38.720398
            ],
            [
              -77.180037,
              38.707509
            ],
            [
              -77.192964,
              38.709382
            ],
            [
              -77.239495,
              38.666534
            ],
            [
              -77.30206,
              38.707622
            ],
            [
              -77.324705,
              38.701544
            ],
            [
              -77.322446,
              38.712458
            ],
            [
              -77.359123,
              38.723761
            ],
            [
              -77.346311,
              38.738468
            ],
            [
              -77.333585,
              38.730998
            ],
            [
              -77.326386,
              38.745296
            ],
            [
              -77.309864,
              38.740852
            ],
            [
              -77.317244,
              38.75129
            ],
            [
              -77.301418,
              38.753232
            ],
            [
              -77.313756,
              38.766888
            ],
            [
              -77.297257,
              38.776346
            ],
            [
              -77.32666,
              38.78823
            ],
            [
              -77.35851,
              38.786438
            ],
            [
              -77.393382,
              38.841255
            ],
            [
              -77.40595,
              38.834335
            ],
            [
              -77.398014,
              38.811794
            ],
            [
              -77.413313,
              38.819853
            ],
            [
              -77.421431,
              38.802139
            ],
            [
              -77.455714,
              38.811654
            ],
            [
              -77.464862,
              38.820419
            ],
            [
              -77.457456,
              38.825667
            ],
            [
              -77.46352,
              38.842374
            ],
            [
              -77.475023,
              38.846075
            ],
            [
              -77.47947,
              38.861224
            ],
            [
              -77.464215,
              38.868722
            ],
            [
              -77.496821,
              38.887154
            ],
            [
              -77.495633,
              38.888363
            ]
          ]
        ]
      }
    }
  ]
}
