{
  "type": "FeatureCollection",
  "features": [
    {
      "type": "Feature",
      "id": "us-county:31:001",
      "properties": {
        "boundary_id": "us-county:31:001",
        "boundary_type": "county",
        "name": "Adams County",
        "stateFips": "31",
        "countyFips": "001",
        "bbox": [
          -98.72441199995198,
          40.35034699998283,
          -98.278089999681,
          40.698890999781604
        ]
      },
      "geometry": {
        "type": "Polygon",
        "coordinates": [
          [
            [
              -98.27829200024567,
              40.61126699981716
            ],
            [
              -98.27810300009978,
              40.69829099988363
            ],
            [
              -98.72441199995198,
              40.698890999781604
            ],
            [
              -98.72394800034479,
              40.3503910002677
            ],
            [
              -98.278089999681,
              40.35034699998283
            ],
            [
              -98.27830099956819,
              40.610315000316724
            ],
            [
              -98.27829200024567,
              40.61126699981716
            ]
          ]
        ]
      }
    },
    {
      "type": "Feature",
      "id": "us-county:31:003",
      "properties": {
        "boundary_id": "us-county:31:003",
        "boundary_type": "county",
        "name": "Antelope County",
        "stateFips": "31",
        "countyFips": "003",
        "bbox": [
          -98.30023500036715,
          41.91495399996944,
          -97.83328800007472,
          42.437683999834036
        ]
      },
      "geometry": {
        "type": "Polygon",
        "coordinates": [
          [
            [
              -97.94968100014748,
              41.91585800008852
            ],
            [
              -97.83328800007472,
              41.9162859997899
            ],
            [
              -97.83443100027256,
              42.437683999834036
            ],
            [
              -98.30023500036715,
              42.43691300006435
            ],
            [
              -98.29560200037476,
              41.91495399996944
            ],
            [
              -97.95074300015446,
              41.91586900027139
            ],
            [
              -97.94968100014748,
              41.91585800008852
            ]
          ]
        ]
      }
    },
    {
      "type": "Feature",
      "id": "us-county:31:005",
      "properties": {
        "boundary_id": "us-county:31:005",
        "boundary_type": "county",
        "name": "Arthur County",
        "stateFips": "31",
        "countyFips": "005",
        "bbox": [
          -101.9855889997118,
          41.39501199981356,
          -101.40646600031073,
          41.74319999976743
        ]
      },
      "geometry": {
        "type": "Polygon",
        "coordinates": [
          [
            [
              -101.9855889997118,
              41.57820500021622
            ],
            [
              -101.98456699988779,
              41.39501199981356
            ],
            [
              -101.40725999963081,
              41.39541599977745
            ],
            [
              -101.40646600031073,
              41.74319999976743
            ],
            [
              -101.98552299958956,
              41.74228999967707
            ],
            [
              -101.98548099975677,
              41.578462999712805
            ],
            [
              -101.9855889997118,
              41.57820500021622
            ]
          ]
        ]
      }
    },
    {
      "type": "Feature",
      "id": "us-county:31:007",
      "properties": {
        "boundary_id": "us-county:31:007",
        "boundary_type": "county",
        "name": "Banner County",
        "stateFips": "31",
        "countyFips": "007",
        "bbox": [
          -104.05287900041223,
          41.393214000105225,
          -103.37039099980606,
          41.69921000006403
        ]
      },
      "geometry": {
        "type": "Polygon",
        "coordinates": [
          [
            [
              -104.05287900041223,
              41.622329000204445
            ],
            [
              -104.05228699986021,
              41.393214000105225
            ],
            [
              -103.37043699983681,
              41.394514000099164
            ],
            [
              -103.37039099980606,
              41.69921000006403
            ],
            [
              -104.05268799971822,
              41.69782300014451
            ],
            [
              -104.0528409998791,
              41.62245700031434
            ],
            [
              -104.05287900041223,
              41.622329000204445
            ]
          ]
        ]
      }
    },
    {
      "type": "Feature",
      "id": "us-county:31:009",
      "properties": {
        "boundary_id": "us-county:31:009",
        "boundary_type": "county",
        "name": "Blaine County",
        "stateFips": "31",
        "countyFips": "009",
        "bbox": [
          -100.26812500003321,
          41.73985599986301,
          -99.68683400023724,
          42.086146999865996
        ]
      },
      "geometry": {
        "type": "Polygon",
        "coordinates": [
          [
            [
              -100.26812500003321,
              42.072190000305014
            ],
            [
              -100.26547399976455,
              41.73985599986301
            ],
            [
              -99.68683400023724,
              41.74032600021358
            ],
            [
              -99.6869589999107,
              42.08607499971791
            ],
            [
              -100.26762200006796,
              42.086146999865996
            ],
            [
              -100.26786700029034,
              42.077607000035854
            ],
            [
              -100.26812500003321,
              42.072190000305014
            ]
          ]
        ]
      }
    },
    {
      "type": "Feature",
      "id": "us-county:31:011",
      "properties": {
        "boundary_id": "us-county:31:011",
        "boundary_type": "county",
        "name": "Boone County",
        "stateFips": "31",
        "countyFips": "011",
        "bbox": [
          -98.29560200037476,
          41.48072699966963,
          -97.82984599996074,
          41.9162859997899
        ]
      },
      "geometry": {
        "type": "Polygon",
        "coordinates": [
          [
            [
              -98.00313499960073,
              41.51060300009472
            ],
            [
              -97.88665600021257,
              41.51129800032834
            ],
            [
              -97.88549200009832,
              41.52586799997949
            ],
            [
              -97.82984599996074,
              41.52617400020649
            ],
            [
              -97.83328800007472,
              41.9162859997899
            ],
            [
              -98.29560200037476,
              41.91495399996944
            ],
            [
              -98.29134400030107,
              41.48072699966963
            ],
            [
              -98.09952299979312,
              41.48077700007826
            ],
            [
              -98.09979700032781,
              41.4953890000202
            ],
            [
              -98.0414599997386,
              41.495987999989985
            ],
            [
              -98.04132800039244,
              41.510533999737945
            ],
            [
              -98.01265699967857,
              41.5105850003012
            ],
            [
              -98.00313499960073,
              41.51060300009472
            ]
          ]
        ]
      }
    },
    {
      "type": "Feature",
      "id": "us-county:31:013",
      "properties": {
        "boundary_id": "us-county:31:013",
        "boundary_type": "county",
        "name": "Box Butte County",
        "stateFips": "31",
        "countyFips": "013",
        "bbox": [
          -103.444435000019,
          42.003536999852955,
          -102.69783500025487,
          42.43993399976284
        ]
      },
      "geometry": {
        "type": "Polygon",
        "coordinates": [
          [
            [
              -103.444435000019,
              42.140928000165616
            ],
            [
              -103.44410799978083,
              42.09070800025896
            ],
            [
              -103.40159099969152,
              42.09041099972594
            ],
            [
              -103.40152200009456,
              42.003536999852955
            ],
            [
              -102.69783500025487,
              42.00484300019199
            ],
            [
              -102.70238299985847,
              42.09274700012737
            ],
            [
              -102.7422689997706,
              42.09238799993975
            ],
            [
              -102.74943099983292,
              42.43993399976284
            ],
            [
              -103.44427799966014,
              42.43727500012546
            ],
            [
              -103.4444149999275,
              42.141741000024275
            ],
            [
              -103.444435000019,
              42.140928000165616
            ]
          ]
        ]
      }
    },
    {
      "type": "Feature",
      "id": "us-county:31:015",
      "properties": {
        "boundary_id": "us-county:31:015",
        "boundary_type": "county",
        "name": "Boyd County",
        "stateFips": "31",
        "countyFips": "015",
        "bbox": [
          -99.25703899974762,
          42.76120699991279,
          -98.30514899966865,
          42.99855899984257
        ]
      },
      "geometry": {
        "type": "Polygon",
        "coordinates": [
          [
            [
              -98.54561400008542,
              42.78045599972454
            ],
            [
              -98.46567200038183,
              42.7662060001695
            ],
            [
              -98.41602500001723,
              42.775673999855066
            ],
            [
              -98.30514899966865,
              42.76120699991279
            ],
            [
              -98.3097709997904,
              42.88260499990675
            ],
            [
              -98.4207400000254,
              42.93192399981169
            ],
            [
              -98.44527599979091,
              42.92991399997563
            ],
            [
              -98.46735600017975,
              42.9475560001641
            ],
            [
              -98.49855000021742,
              42.99855899984257
            ],
            [
              -99.25445500032441,
              42.998073999992336
            ],
            [
              -99.25703899974762,
              42.804295999970776
            ],
            [
              -99.15380300021057,
              42.84188400019337
            ],
            [
              -99.05675999971695,
              42.862595000278546
            ],
            [
              -98.99416300030254,
              42.8943620000359
            ],
            [
              -98.96697999956801,
              42.896724000020974
            ],
            [
              -98.88186400027192,
              42.8414450000505
            ],
            [
              -98.8429650000237,
              42.8464940003117
            ],
            [
              -98.81128200026447,
              42.82774599994719
            ],
            [
              -98.76322300033664,
              42.82789900002979
            ],
            [
              -98.71004799964435,
              42.80347999978075
            ],
            [
              -98.65683500021551,
              42.809021000289206
            ],
            [
              -98.58376000012315,
              42.77973599979841
            ],
            [
              -98.5459239997068,
              42.780547999774804
            ],
            [
              -98.54561400008542,
              42.78045599972454
            ]
          ]
        ]
      }
    },
    {
      "type": "Feature",
      "id": "us-county:31:017",
      "properties": {
        "boundary_id": "us-county:31:017",
        "boundary_type": "county",
        "name": "Brown County",
        "stateFips": "31",
        "countyFips": "017",
        "bbox": [
          -100.19857499989551,
          42.085847999947674,
          -99.66237899976427,
          42.84610199980891
        ]
      },
      "geometry": {
        "type": "Polygon",
        "coordinates": [
          [
            [
              -99.66267900023824,
              42.17309400023069
            ],
            [
              -99.66375200011586,
              42.434608999753046
            ],
            [
              -99.67600499993002,
              42.43445000028724
            ],
            [
              -99.67768399970505,
              42.73090299989659
            ],
            [
              -99.71119699975038,
              42.72710799984766
            ],
            [
              -99.80087200031734,
              42.73936700002887
            ],
            [
              -99.8372619996888,
              42.75410800011
            ],
            [
              -99.85261900040646,
              42.751362999816905
            ],
            [
              -99.86371399995414,
              42.76929899988929
            ],
            [
              -99.96885599994528,
              42.77247400028102
            ],
            [
              -100.00780899972186,
              42.78856600001288
            ],
            [
              -100.05592100025146,
              42.78543799971187
            ],
            [
              -100.13397800031568,
              42.807819000148996
            ],
            [
              -100.1453630002916,
              42.830214999837466
            ],
            [
              -100.16133600005408,
              42.82756700020092
            ],
            [
              -100.19847799981113,
              42.84610199980891
            ],
            [
              -100.19857499989551,
              42.78102099982455
            ],
            [
              -100.18326999995472,
              42.78100500003382
            ],
            [
              -100.18316700002255,
              42.43343000014936
            ],
            [
              -100.16753900004159,
              42.43328099991872
            ],
            [
              -100.16760500016382,
              42.085847999947674
            ],
            [
              -99.66237899976427,
              42.08600900023266
            ],
            [
              -99.6626769996901,
              42.16593600014336
            ],
            [
              -99.66267900023824,
              42.17309400023069
            ]
          ]
        ]
      }
    },
    {
      "type": "Feature",
      "id": "us-county:31:019",
      "properties": {
        "boundary_id": "us-county:31:019",
        "boundary_type": "county",
        "name": "Buffalo County",
        "stateFips": "31",
        "countyFips": "019",
        "bbox": [
          -99.42655100043618,
          40.652607999882306,
          -98.72197499994355,
          41.04667399968629
        ]
      },
      "geometry": {
        "type": "Polygon",
        "coordinates": [
          [
            [
              -99.42598599964833,
              41.046470999928005
            ],
            [
              -99.42655100043618,
              40.699769999660994
            ],
            [
              -99.4164140002401,
              40.69973800002532
            ],
            [
              -99.41320700030273,
              40.66816500031474
            ],
            [
              -98.90853400009715,
              40.652607999882306
            ],
            [
              -98.72438699983762,
              40.68977200002757
            ],
            [
              -98.72197499994355,
              41.04667399968629
            ],
            [
              -99.41815400011448,
              41.046487000181976
            ],
            [
              -99.42598599964833,
              41.046470999928005
            ]
          ]
        ]
      }
    },
    {
      "type": "Feature",
      "id": "us-county:31:021",
      "properties": {
        "boundary_id": "us-county:31:021",
        "boundary_type": "county",
        "name": "Burt County",
        "stateFips": "31",
        "countyFips": "021",
        "bbox": [
          -96.55517200002743,
          41.682756000011885,
          -96.06572099992196,
          42.04723500020428
        ]
      },
      "geometry": {
        "type": "Polygon",
        "coordinates": [
          [
            [
              -96.23109500018744,
              41.9946630002973
            ],
            [
              -96.24235100029192,
              42.00410600012211
            ],
            [
              -96.22282300043754,
              42.0238170001678
            ],
            [
              -96.23503400041889,
              42.04013699977297
            ],
            [
              -96.22697699985584,
              42.03735300023254
            ],
            [
              -96.27316700003783,
              42.04723500020428
            ],
            [
              -96.30938900007813,
              42.04669199999684
            ],
            [
              -96.30964500017117,
              42.01518699973646
            ],
            [
              -96.55486599970567,
              42.01587500022418
            ],
            [
              -96.55517200002743,
              41.742018000072214
            ],
            [
              -96.44421700003612,
              41.74177499968246
            ],
            [
              -96.44478500029871,
              41.68363299975897
            ],
            [
              -96.12300499982672,
              41.682756000011885
            ],
            [
              -96.11346100000756,
              41.697569000099726
            ],
            [
              -96.07590900017168,
              41.70116500013256
            ],
            [
              -96.07586499979074,
              41.714784999838656
            ],
            [
              -96.10635400019682,
              41.73804599975463
            ],
            [
              -96.08089000031862,
              41.75752600014354
            ],
            [
              -96.06572099992196,
              41.798252999970224
            ],
            [
              -96.106565000084,
              41.819613000228266
            ],
            [
              -96.11054799979807,
              41.84919899970627
            ],
            [
              -96.14190800041543,
              41.868998999816796
            ],
            [
              -96.16206700028157,
              41.903046999843596
            ],
            [
              -96.13674300014546,
              41.92082600003354
            ],
            [
              -96.14458300007522,
              41.941544000297434
            ],
            [
              -96.12950499991516,
              41.97167299976022
            ],
            [
              -96.18721899999022,
              41.97794600021162
            ],
            [
              -96.18400200000713,
              42.0030629997442
            ],
            [
              -96.19455599995474,
              42.00866200022639
            ],
            [
              -96.23092500030812,
              41.99463099990752
            ],
            [
              -96.23109500018744,
              41.9946630002973
            ]
          ]
        ]
      }
    },
    {
      "type": "Feature",
      "id": "us-county:31:023",
      "properties": {
        "boundary_id": "us-county:31:023",
        "boundary_type": "county",
        "name": "Butler County",
        "stateFips": "31",
        "countyFips": "023",
        "bbox": [
          -97.36818299976396,
          41.04609100003546,
          -96.90591000037013,
          41.4564359998192
        ]
      },
      "geometry": {
        "type": "Polygon",
        "coordinates": [
          [
            [
              -96.90847299987693,
              41.22040200009231
            ],
            [
              -96.90591000037013,
              41.4564359998192
            ],
            [
              -96.96470300017063,
              41.44180100013536
            ],
            [
              -97.0157299996612,
              41.41385199997719
            ],
            [
              -97.0568309997412,
              41.41253099999844
            ],
            [
              -97.10643399972486,
              41.38788900004577
            ],
            [
              -97.1756130001418,
              41.37708299978733
            ],
            [
              -97.19926799965029,
              41.385839999892696
            ],
            [
              -97.25417300017128,
              41.38429399990244
            ],
            [
              -97.28776099966134,
              41.400637999670934
            ],
            [
              -97.34087100005631,
              41.39108899973174
            ],
            [
              -97.36818299976396,
              41.397627999749055
            ],
            [
              -97.36811800036494,
              41.04694699989228
            ],
            [
              -96.90850700021211,
              41.04609100003546
            ],
            [
              -96.90847600024998,
              41.21978499974065
            ],
            [
              -96.90847299987693,
              41.22040200009231
            ]
          ]
        ]
      }
    },
    {
      "type": "Feature",
      "id": "us-county:31:025",
      "properties": {
        "boundary_id": "us-county:31:025",
        "boundary_type": "county",
        "name": "Cass County",
        "stateFips": "31",
        "countyFips": "025",
        "bbox": [
          -96.46386100024145,
          40.78378299993583,
          -95.80947400043672,
          41.06535600016876
        ]
      },
      "geometry": {
        "type": "Polygon",
        "coordinates": [
          [
            [
              -95.94976800006526,
              40.78407700030773
            ],
            [
              -95.83411999980709,
              40.78378299993583
            ],
            [
              -95.84534199957639,
              40.811323999846636
            ],
            [
              -95.83718600017744,
              40.83534700012046
            ],
            [
              -95.84859000041993,
              40.86106099968966
            ],
            [
              -95.80947400043672,
              40.891227999796406
            ],
            [
              -95.83974299983646,
              40.93278000006764
            ],
            [
              -95.82979200031153,
              40.97734399972968
            ],
            [
              -95.86669499969398,
              41.00073400011669
            ],
            [
              -95.8600699999321,
              41.03701100017318
            ],
            [
              -95.88921500029888,
              41.058443000321205
            ],
            [
              -95.9610009997052,
              41.060770999834624
            ],
            [
              -95.98733699961957,
              41.05271700026852
            ],
            [
              -96.05625599974552,
              41.06535600016876
            ],
            [
              -96.10336999984223,
              41.05194499993943
            ],
            [
              -96.14469299968007,
              41.01759800032034
            ],
            [
              -96.21442500029097,
              40.994473000089755
            ],
            [
              -96.24760100005238,
              41.01777600026672
            ],
            [
              -96.29672100016228,
              41.02651699986555
            ],
            [
              -96.31919099964016,
              41.04499799989455
            ],
            [
              -96.34902700029315,
              41.0449500000673
            ],
            [
              -96.34947099980886,
              41.0152109997799
            ],
            [
              -96.46386100024145,
              41.01606900014584
            ],
            [
              -96.46376400015708,
              40.783959999829776
            ],
            [
              -95.9575429996977,
              40.78411699983668
            ],
            [
              -95.94976800006526,
              40.78407700030773
            ]
          ]
        ]
      }
    },
    {
      "type": "Feature",
      "id": "us-county:31:027",
      "properties": {
        "boundary_id": "us-county:31:027",
        "boundary_type": "county",
        "name": "Cedar County",
        "stateFips": "31",
        "countyFips": "027",
        "bbox": [
          -97.48529800008507,
          42.35134700021276,
          -97.01511600026619,
          42.8683910000163
        ]
      },
      "geometry": {
        "type": "Polygon",
        "coordinates": [
          [
            [
              -97.01511600026619,
              42.698796999973744
            ],
            [
              -97.0158490003852,
              42.76133799968509
            ],
            [
              -97.06559200011095,
              42.772189000277955
            ],
            [
              -97.13133100006371,
              42.77192900020709
            ],
            [
              -97.15076299965861,
              42.795565999836725
            ],
            [
              -97.21012600026981,
              42.80929600011821
            ],
            [
              -97.2180459996672,
              42.84511299986855
            ],
            [
              -97.2319289997509,
              42.85133499994168
            ],
            [
              -97.28985899973604,
              42.855499000229564
            ],
            [
              -97.30667699977053,
              42.86760400026366
            ],
            [
              -97.35956899970729,
              42.854816000227
            ],
            [
              -97.40740900025033,
              42.8683910000163
            ],
            [
              -97.44227899985542,
              42.846224000252164
            ],
            [
              -97.4849209996182,
              42.85036800014521
            ],
            [
              -97.48529800008507,
              42.43857800005423
            ],
            [
              -97.36759000028535,
              42.43877500028251
            ],
            [
              -97.36772400017965,
              42.35186099977746
            ],
            [
              -97.01778900027617,
              42.35134700021276
            ],
            [
              -97.01513700018259,
              42.69557900026054
            ],
            [
              -97.01511600026619,
              42.698796999973744
            ]
          ]
        ]
      }
    },
    {
      "type": "Feature",
      "id": "us-county:31:029",
      "properties": {
        "boundary_id": "us-county:31:029",
        "boundary_type": "county",
        "name": "Chase County",
        "stateFips": "31",
        "countyFips": "029",
        "bbox": [
          -102.05158600030572,
          40.34921299982171,
          -101.34278799972445,
          40.698093000134364
        ]
      },
      "geometry": {
        "type": "Polygon",
        "coordinates": [
          [
            [
              -101.4560919998606,
              40.35019800015864
            ],
            [
              -101.34278799972445,
              40.35044400033927
            ],
            [
              -101.34536500037325,
              40.698093000134364
            ],
            [
              -102.05145700043431,
              40.69753899994487
            ],
            [
              -102.05158600030572,
              40.34921299982171
            ],
            [
              -101.45662800033612,
              40.35019399999804
            ],
            [
              -101.4560919998606,
              40.35019800015864
            ]
          ]
        ]
      }
    },
    {
      "type": "Feature",
      "id": "us-county:31:031",
      "properties": {
        "boundary_id": "us-county:31:031",
        "boundary_type": "county",
        "name": "Cherry County",
        "stateFips": "31",
        "countyFips": "031",
        "bbox": [
          -102.08496100025879,
          42.085847999947674,
          -100.16753900004159,
          42.99935600004935
        ]
      },
      "geometry": {
        "type": "Polygon",
        "coordinates": [
          [
            [
              -100.9068589997426,
              42.99801000026937
            ],
            [
              -102.08254599999168,
              42.99935600004935
            ],
            [
              -102.08496100025879,
              42.785508999725025
            ],
            [
              -102.06690499959191,
              42.78549000007306
            ],
            [
              -102.06668899968186,
              42.44346299986781
            ],
            [
              -102.03816900037735,
              42.44330699998547
            ],
            [
              -102.04027999997253,
              42.09674399990815
            ],
            [
              -100.16760500016382,
              42.085847999947674
            ],
            [
              -100.16753900004159,
              42.43328099991872
            ],
            [
              -100.18316700002255,
              42.43343000014936
            ],
            [
              -100.18326999995472,
              42.78100500003382
            ],
            [
              -100.19857499989551,
              42.78102099982455
            ],
            [
              -100.19841300041212,
              42.99871500007933
            ],
            [
              -100.90683100015352,
              42.99801000026937
            ],
            [
              -100.9068589997426,
              42.99801000026937
            ]
          ]
        ]
      }
    },
    {
      "type": "Feature",
      "id": "us-county:31:033",
      "properties": {
        "boundary_id": "us-county:31:033",
        "boundary_type": "county",
        "name": "Cheyenne County",
        "stateFips": "31",
        "countyFips": "033",
        "bbox": [
          -103.38249200018255,
          41.00217700031389,
          -102.60938599972643,
          41.438808999827025
        ]
      },
      "geometry": {
        "type": "Polygon",
        "coordinates": [
          [
            [
              -102.96366900011527,
              41.00218600002994
            ],
            [
              -102.62103299964316,
              41.00259699998989
            ],
            [
              -102.62087199998469,
              41.0480000001426
            ],
            [
              -102.61021299955677,
              41.04820699971537
            ],
            [
              -102.60938599972643,
              41.395115000136265
            ],
            [
              -102.63674099999008,
              41.39522099976142
            ],
            [
              -102.63652500008001,
              41.438808999827025
            ],
            [
              -103.36900499993398,
              41.43776600023436
            ],
            [
              -103.37043699983681,
              41.394514000099164
            ],
            [
              -103.37768099991492,
              41.39366900002788
            ],
            [
              -103.37568999997033,
              41.047693999699064
            ],
            [
              -103.38249100035765,
              41.04767000009558
            ],
            [
              -103.38249200018255,
              41.002251999943915
            ],
            [
              -102.96570199989264,
              41.00217700031389
            ],
            [
              -102.96366900011527,
              41.00218600002994
            ]
          ]
        ]
      }
    },
    {
      "type": "Feature",
      "id": "us-county:31:035",
      "properties": {
        "boundary_id": "us-county:31:035",
        "boundary_type": "county",
        "name": "Clay County",
        "stateFips": "31",
        "countyFips": "035",
        "bbox": [
          -98.27810300009978,
          40.35034699998283,
          -97.82411400015143,
          40.69853700007317
        ]
      },
      "geometry": {
        "type": "Polygon",
        "coordinates": [
          [
            [
              -97.9381299995919,
              40.350473000192906
            ],
            [
              -97.82411400015143,
              40.35054099987163
            ],
            [
              -97.82478000032327,
              40.69853700007317
            ],
            [
              -98.27810300009978,
              40.69829099988363
            ],
            [
              -98.278089999681,
              40.35034699998283
            ],
            [
              -97.93894700027482,
              40.350480999796225
            ],
            [
              -97.9381299995919,
              40.350473000192906
            ]
          ]
        ]
      }
    },
    {
      "type": "Feature",
      "id": "us-county:31:037",
      "properties": {
        "boundary_id": "us-county:31:037",
        "boundary_type": "county",
        "name": "Colfax County",
        "stateFips": "31",
        "countyFips": "037",
        "bbox": [
          -97.25351899969496,
          41.37708299978733,
          -96.90591000037013,
          41.74308500016224
        ]
      },
      "geometry": {
        "type": "Polygon",
        "coordinates": [
          [
            [
              -97.02094400033498,
              41.41327400014846
            ],
            [
              -96.96470300017063,
              41.44180100013536
            ],
            [
              -96.90591000037013,
              41.4564359998192
            ],
            [
              -96.90592200006569,
              41.742762999769866
            ],
            [
              -97.25242499990094,
              41.74308500016224
            ],
            [
              -97.25351899969496,
              41.384211999777165
            ],
            [
              -97.19926799965029,
              41.385839999892696
            ],
            [
              -97.1756130001418,
              41.37708299978733
            ],
            [
              -97.10643399972486,
              41.38788900004577
            ],
            [
              -97.0568309997412,
              41.41253099999844
            ],
            [
              -97.02310400033396,
              41.41303499974434
            ],
            [
              -97.02094400033498,
              41.41327400014846
            ]
          ]
        ]
      }
    },
    {
      "type": "Feature",
      "id": "us-county:31:039",
      "properties": {
        "boundary_id": "us-county:31:039",
        "boundary_type": "county",
        "name": "Cuming County",
        "stateFips": "31",
        "countyFips": "039",
        "bbox": [
          -97.019910999742,
          41.742018000072214,
          -96.55517200002743,
          42.09057700013463
        ]
      },
      "geometry": {
        "type": "Polygon",
        "coordinates": [
          [
            [
              -96.55524999984524,
              41.82892099989478
            ],
            [
              -96.55551099996116,
              42.0899569997385
            ],
            [
              -97.01935900027127,
              42.09057700013463
            ],
            [
              -97.019910999742,
              41.742980000080586
            ],
            [
              -96.55517200002743,
              41.742018000072214
            ],
            [
              -96.55524399999744,
              41.82757600020828
            ],
            [
              -96.55524999984524,
              41.82892099989478
            ]
          ]
        ]
      }
    },
    {
      "type": "Feature",
      "id": "us-county:31:041",
      "properties": {
        "boundary_id": "us-county:31:041",
        "boundary_type": "county",
        "name": "Custer County",
        "stateFips": "31",
        "countyFips": "041",
        "bbox": [
          -100.25127900040964,
          41.04641599999917,
          -99.20326100042926,
          41.74061300009512
        ]
      },
      "geometry": {
        "type": "Polygon",
        "coordinates": [
          [
            [
              -99.43481599961505,
              41.04645299972233
            ],
            [
              -99.20756399981047,
              41.04700300002038
            ],
            [
              -99.20326100042926,
              41.39413999979969
            ],
            [
              -99.21246499959149,
              41.39423499966339
            ],
            [
              -99.21201600005291,
              41.74061300009512
            ],
            [
              -100.25122400015805,
              41.73981699974923
            ],
            [
              -100.25127900040964,
              41.39575400012658
            ],
            [
              -100.236105999815,
              41.39332399976378
            ],
            [
              -100.23815500038421,
              41.0465360002158
            ],
            [
              -99.45341399970694,
              41.04641599999917
            ],
            [
              -99.43481599961505,
              41.04645299972233
            ]
          ]
        ]
      }
    },
    {
      "type": "Feature",
      "id": "us-county:31:043",
      "properties": {
        "boundary_id": "us-county:31:043",
        "boundary_type": "county",
        "name": "Dakota County",
        "stateFips": "31",
        "countyFips": "043",
        "bbox": [
          -96.72666100041688,
          42.2764939998825,
          -96.35639500021979,
          42.52465199998889
        ]
      },
      "geometry": {
        "type": "Polygon",
        "coordinates": [
          [
            [
              -96.41346099966636,
              42.40811400018367
            ],
            [
              -96.38070500002951,
              42.44639299988408
            ],
            [
              -96.39612399977311,
              42.484361000294236
            ],
            [
              -96.44548300025762,
              42.49062999995488
            ],
            [
              -96.47877600019491,
              42.47970199979088
            ],
            [
              -96.50131900036601,
              42.48274900022567
            ],
            [
              -96.52877800038674,
              42.51326700022759
            ],
            [
              -96.54878900011488,
              42.52054699987012
            ],
            [
              -96.60347000032986,
              42.50446000030298
            ],
            [
              -96.63149199969197,
              42.52431800003887
            ],
            [
              -96.72223099991575,
              42.52465199998889
            ],
            [
              -96.72666100041688,
              42.27800499976451
            ],
            [
              -96.35639500021979,
              42.2764939998825
            ],
            [
              -96.37178999967396,
              42.31417200000058
            ],
            [
              -96.41634399973861,
              42.34811500000493
            ],
            [
              -96.40843600003679,
              42.376091999994706
            ],
            [
              -96.41360899980437,
              42.40789399979413
            ],
            [
              -96.41346099966636,
              42.40811400018367
            ]
          ]
        ]
      }
    },
    {
      "type": "Feature",
      "id": "us-county:31:045",
      "properties": {
        "boundary_id": "us-county:31:045",
        "boundary_type": "county",
        "name": "Dawes County",
        "stateFips": "31",
        "countyFips": "045",
        "bbox": [
          -103.50509999993837,
          42.437267000047825,
          -102.77297900010961,
          43.00076999979408
        ]
      },
      "geometry": {
        "type": "Polygon",
        "coordinates": [
          [
            [
              -102.77314899998893,
              42.525638000299
            ],
            [
              -102.77336900009695,
              42.78526500021171
            ],
            [
              -102.79265900029995,
              42.78516500023061
            ],
            [
              -102.79211100012886,
              42.99997999972384
            ],
            [
              -103.50509999993837,
              43.00076999979408
            ],
            [
              -103.50308600042757,
              42.78491300030019
            ],
            [
              -103.48033499984402,
              42.7849080003095
            ],
            [
              -103.480010000154,
              42.437267000047825
            ],
            [
              -102.7733659997239,
              42.43992199982374
            ],
            [
              -102.77297900010961,
              42.52253700029006
            ],
            [
              -102.77314899998893,
              42.525638000299
            ]
          ]
        ]
      }
    },
    {
      "type": "Feature",
      "id": "us-county:31:047",
      "properties": {
        "boundary_id": "us-county:31:047",
        "boundary_type": "county",
        "name": "Dawson County",
        "stateFips": "31",
        "countyFips": "047",
        "bbox": [
          -100.22455500015774,
          40.67082499971523,
          -99.4164140002401,
          41.046596999875035
        ]
      },
      "geometry": {
        "type": "Polygon",
        "coordinates": [
          [
            [
              -100.22455500015774,
              40.92435800024686
            ],
            [
              -100.22331099967757,
              40.700254000278036
            ],
            [
              -99.69926899962626,
              40.69996900032771
            ],
            [
              -99.58346499973247,
              40.67719399979857
            ],
            [
              -99.4464140000263,
              40.67805199969832
            ],
            [
              -99.4173160004135,
              40.67082499971523
            ],
            [
              -99.4164140002401,
              40.69973800002532
            ],
            [
              -99.42655100043618,
              40.699769999660994
            ],
            [
              -99.42598599964833,
              41.046470999928005
            ],
            [
              -100.22423499959228,
              41.046596999875035
            ],
            [
              -100.2243550001412,
              40.92527200025282
            ],
            [
              -100.22455500015774,
              40.92435800024686
            ]
          ]
        ]
      }
    },
    {
      "type": "Feature",
      "id": "us-county:31:049",
      "properties": {
        "boundary_id": "us-county:31:049",
        "boundary_type": "county",
        "name": "Deuel County",
        "stateFips": "31",
        "countyFips": "049",
        "bbox": [
          -102.62103299964316,
          41.0023589997564,
          -102.05171699982698,
          41.22161400000527
        ]
      },
      "geometry": {
        "type": "Polygon",
        "coordinates": [
          [
            [
              -102.25983900016047,
              41.00239799976524
            ],
            [
              -102.05171699982698,
              41.0023589997564
            ],
            [
              -102.05559900015703,
              41.22154699996495
            ],
            [
              -102.61041299957331,
              41.22161400000527
            ],
            [
              -102.61021299955677,
              41.04820699971537
            ],
            [
              -102.62087199998469,
              41.0480000001426
            ],
            [
              -102.62103299964316,
              41.00259699998989
            ],
            [
              -102.26586300004783,
              41.00241499984876
            ],
            [
              -102.25983900016047,
              41.00239799976524
            ]
          ]
        ]
      }
    },
    {
      "type": "Feature",
      "id": "us-county:31:051",
      "properties": {
        "boundary_id": "us-county:31:051",
        "boundary_type": "county",
        "name": "Dixon County",
        "stateFips": "31",
        "countyFips": "051",
        "bbox": [
          -97.01772999982663,
          42.264104000014385,
          -96.63149199969197,
          42.76133799968509
        ]
      },
      "geometry": {
        "type": "Polygon",
        "coordinates": [
          [
            [
              -96.78094699972335,
              42.66354700029809
            ],
            [
              -96.8012250003135,
              42.67025800015957
            ],
            [
              -96.80621300013311,
              42.70415400006874
            ],
            [
              -96.90679699957661,
              42.73379999982058
            ],
            [
              -96.93758899993139,
              42.71959700004264
            ],
            [
              -96.9615759997009,
              42.719841000174746
            ],
            [
              -96.96888000005346,
              42.75427799969139
            ],
            [
              -97.0158490003852,
              42.76133799968509
            ],
            [
              -97.01772999982663,
              42.264453000061394
            ],
            [
              -96.72618799969055,
              42.264104000014385
            ],
            [
              -96.72223099991575,
              42.52465199998889
            ],
            [
              -96.63149199969197,
              42.52431800003887
            ],
            [
              -96.633322999803,
              42.54020999981039
            ],
            [
              -96.64358499967256,
              42.55760699980114
            ],
            [
              -96.68405899993876,
              42.57646199997986
            ],
            [
              -96.70982400011583,
              42.60510000015564
            ],
            [
              -96.70948699983192,
              42.6219310003214
            ],
            [
              -96.68766699973409,
              42.65312700025695
            ],
            [
              -96.72802700019749,
              42.66687999976873
            ],
            [
              -96.7767820004344,
              42.66271599986339
            ],
            [
              -96.78094699972335,
              42.66354700029809
            ]
          ]
        ]
      }
    },
    {
      "type": "Feature",
      "id": "us-county:31:053",
      "properties": {
        "boundary_id": "us-county:31:053",
        "boundary_type": "county",
        "name": "Dodge County",
        "stateFips": "31",
        "countyFips": "053",
        "bbox": [
          -96.90592200006569,
          41.39313600008752,
          -96.32892299978027,
          41.742762999769866
        ]
      },
      "geometry": {
        "type": "Polygon",
        "coordinates": [
          [
            [
              -96.42521100041357,
              41.48034200027845
            ],
            [
              -96.42521999973609,
              41.494865000026394
            ],
            [
              -96.43479200004265,
              41.49492799977474
            ],
            [
              -96.43445999978164,
              41.52393099976461
            ],
            [
              -96.4438980001939,
              41.52393299992736
            ],
            [
              -96.44421700003612,
              41.74177499968246
            ],
            [
              -96.90592200006569,
              41.742762999769866
            ],
            [
              -96.90586199979124,
              41.45338899998133
            ],
            [
              -96.81520299993342,
              41.43958500024363
            ],
            [
              -96.74668700021363,
              41.44974999984699
            ],
            [
              -96.6945810000993,
              41.42572000008278
            ],
            [
              -96.6398999998843,
              41.43622700030995
            ],
            [
              -96.56903599984454,
              41.43328400015955
            ],
            [
              -96.49592999979006,
              41.39403100023898
            ],
            [
              -96.32901200036706,
              41.39313600008752
            ],
            [
              -96.32892299978027,
              41.43662099976412
            ],
            [
              -96.36733599978172,
              41.43669800002932
            ],
            [
              -96.36720000023757,
              41.45095299971583
            ],
            [
              -96.38647799984669,
              41.451253000007654
            ],
            [
              -96.38642000012038,
              41.46574899998436
            ],
            [
              -96.40562199956153,
              41.465820999831806
            ],
            [
              -96.40593600027918,
              41.48045999972834
            ],
            [
              -96.42515299978893,
              41.48033699986925
            ],
            [
              -96.42521100041357,
              41.48034200027845
            ]
          ]
        ]
      }
    },
    {
      "type": "Feature",
      "id": "us-county:31:055",
      "properties": {
        "boundary_id": "us-county:31:055",
        "boundary_type": "county",
        "name": "Douglas County",
        "stateFips": "31",
        "countyFips": "055",
        "bbox": [
          -96.47072000035507,
          41.18999900028903,
          -95.87114100008863,
          41.39323900001336
        ]
      },
      "geometry": {
        "type": "Polygon",
        "coordinates": [
          [
            [
              -96.05187499964818,
              41.19069800009235
            ],
            [
              -95.92367800019818,
              41.19098400031011
            ],
            [
              -95.92718300006136,
              41.20897100023452
            ],
            [
              -95.91062899961751,
              41.234578999898254
            ],
            [
              -95.92230400002167,
              41.26301999980445
            ],
            [
              -95.914090999823,
              41.27242799989608
            ],
            [
              -95.92864599992635,
              41.28133200018008
            ],
            [
              -95.92764199964567,
              41.2984399999916
            ],
            [
              -95.90589900043906,
              41.3010379998699
            ],
            [
              -95.91258100010236,
              41.27952700008588
            ],
            [
              -95.90283999974139,
              41.27437399969438
            ],
            [
              -95.87748100034351,
              41.28458300008689
            ],
            [
              -95.87114100008863,
              41.29669000019619
            ],
            [
              -95.88555399990176,
              41.31809699970877
            ],
            [
              -95.9251850004441,
              41.32135499996576
            ],
            [
              -95.95529400001026,
              41.34189599996613
            ],
            [
              -95.95427100036135,
              41.353508000217175
            ],
            [
              -95.92968100016915,
              41.36705799971541
            ],
            [
              -95.93869000023602,
              41.393194999979954
            ],
            [
              -96.47072000035507,
              41.39323900001336
            ],
            [
              -96.42143899968839,
              41.36416499985929
            ],
            [
              -96.407436999779,
              41.336622999922945
            ],
            [
              -96.40760800038154,
              41.314613999758826
            ],
            [
              -96.36056600025485,
              41.28041100021496
            ],
            [
              -96.34966199960455,
              41.26216400030151
            ],
            [
              -96.36547399970854,
              41.235542999940755
            ],
            [
              -96.3615489997208,
              41.21949999973639
            ],
            [
              -96.32739899981594,
              41.18999900028903
            ],
            [
              -96.0522760004045,
              41.190698999899105
            ],
            [
              -96.05187499964818,
              41.19069800009235
            ]
          ]
        ]
      }
    },
    {
      "type": "Feature",
      "id": "us-county:31:057",
      "properties": {
        "boundary_id": "us-county:31:057",
        "boundary_type": "county",
        "name": "Dundy County",
        "stateFips": "31",
        "countyFips": "057",
        "bbox": [
          -102.05174399959115,
          40.00269699976987,
          -101.32335299975648,
          40.35055300029109
        ]
      },
      "geometry": {
        "type": "Polygon",
        "coordinates": [
          [
            [
              -101.32533399965531,
              40.220135999748
            ],
            [
              -101.32335299975648,
              40.35055300029109
            ],
            [
              -102.05158600030572,
              40.34921299982171
            ],
            [
              -102.05174399959115,
              40.00307800029882
            ],
            [
              -101.32403599964678,
              40.00269699976987
            ],
            [
              -101.32529500019557,
              40.21527800008902
            ],
            [
              -101.32533399965531,
              40.220135999748
            ]
          ]
        ]
      }
    },
    {
      "type": "Feature",
      "id": "us-county:31:059",
      "properties": {
        "boundary_id": "us-county:31:059",
        "boundary_type": "county",
        "name": "Fillmore County",
        "stateFips": "31",
        "countyFips": "059",
        "bbox": [
          -97.82478000032327,
          40.35039199979149,
          -97.36840100022216,
          40.698625000280316
        ]
      },
      "geometry": {
        "type": "Polygon",
        "coordinates": [
          [
            [
              -97.59622399976406,
              40.35052499999367
            ],
            [
              -97.36868800027734,
              40.35039199979149
            ],
            [
              -97.36840100022216,
              40.698625000280316
            ],
            [
              -97.82478000032327,
              40.69853700007317
            ],
            [
              -97.82411400015143,
              40.35054099987163
            ],
            [
              -97.59624999970332,
              40.35052499999367
            ],
            [
              -97.59622399976406,
              40.35052499999367
            ]
          ]
        ]
      }
    },
    {
      "type": "Feature",
      "id": "us-county:31:061",
      "properties": {
        "boundary_id": "us-county:31:061",
        "boundary_type": "county",
        "name": "Franklin County",
        "stateFips": "31",
        "countyFips": "061",
        "bbox": [
          -99.17940299963287,
          40.00197500019605,
          -98.72603200017579,
          40.35068099983994
        ]
      },
      "geometry": {
        "type": "Polygon",
        "coordinates": [
          [
            [
              -98.72603800002358,
              40.089356999861636
            ],
            [
              -98.72682700021907,
              40.35039799967244
            ],
            [
              -99.17940299963287,
              40.35068099983994
            ],
            [
              -99.17913400001935,
              40.00197500019605
            ],
            [
              -98.72647599969149,
              40.00234799978737
            ],
            [
              -98.72603200017579,
              40.08817799980305
            ],
            [
              -98.72603800002358,
              40.089356999861636
            ]
          ]
        ]
      }
    },
    {
      "type": "Feature",
      "id": "us-county:31:063",
      "properties": {
        "boundary_id": "us-county:31:063",
        "boundary_type": "county",
        "name": "Frontier County",
        "stateFips": "31",
        "countyFips": "063",
        "bbox": [
          -100.77783299991411,
          40.34944700024269,
          -99.98119300032332,
          40.70032599990047
        ]
      },
      "geometry": {
        "type": "Polygon",
        "coordinates": [
          [
            [
              -100.43669100016743,
              40.70032599990047
            ],
            [
              -100.77783299991411,
              40.70013499982336
            ],
            [
              -100.77736099991101,
              40.34944700024269
            ],
            [
              -100.0952020000911,
              40.351070000074685
            ],
            [
              -100.09509499996098,
              40.43865599998245
            ],
            [
              -99.98119300032332,
              40.4382909998206
            ],
            [
              -99.98174300014423,
              40.7000030000776
            ],
            [
              -100.43535600034896,
              40.700323999684976
            ],
            [
              -100.43669100016743,
              40.70032599990047
            ]
          ]
        ]
      }
    },
    {
      "type": "Feature",
      "id": "us-county:31:065",
      "properties": {
        "boundary_id": "us-county:31:065",
        "boundary_type": "county",
        "name": "Furnas County",
        "stateFips": "31",
        "countyFips": "065",
        "bbox": [
          -100.1978069996164,
          40.001663000179335,
          -99.62825399997377,
          40.35119600030319
        ]
      },
      "geometry": {
        "type": "Polygon",
        "coordinates": [
          [
            [
              -99.62982499979378,
              40.175864000027566
            ],
            [
              -99.63054100019436,
              40.35119600030319
            ],
            [
              -100.1978069996164,
              40.35002700009722
            ],
            [
              -100.19359899977142,
              40.001663000179335
            ],
            [
              -99.62825399997377,
              40.00184699972647
            ],
            [
              -99.62998399980243,
              40.166551999981465
            ],
            [
              -99.62982499979378,
              40.175864000027566
            ]
          ]
        ]
      }
    },
    {
      "type": "Feature",
      "id": "us-county:31:067",
      "properties": {
        "boundary_id": "us-county:31:067",
        "boundary_type": "county",
        "name": "Gage County",
        "stateFips": "31",
        "countyFips": "067",
        "bbox": [
          -96.91640700041633,
          40.0010230000768,
          -96.4636319999126,
          40.52362499977095
        ]
      },
      "geometry": {
        "type": "Polygon",
        "coordinates": [
          [
            [
              -96.91366400008616,
              40.436483999950156
            ],
            [
              -96.91640700041633,
              40.00151099976054
            ],
            [
              -96.46371200027855,
              40.0010230000768
            ],
            [
              -96.4636319999126,
              40.52301299969141
            ],
            [
              -96.91263700023927,
              40.52362499977095
            ],
            [
              -96.91365400004041,
              40.43689399982182
            ],
            [
              -96.91366400008616,
              40.436483999950156
            ]
          ]
        ]
      }
    },
    {
      "type": "Feature",
      "id": "us-county:31:069",
      "properties": {
        "boundary_id": "us-county:31:069",
        "boundary_type": "county",
        "name": "Garden County",
        "stateFips": "31",
        "countyFips": "069",
        "bbox": [
          -102.67925300005652,
          41.22154699996495,
          -101.98456699988779,
          42.00919500009145
        ]
      },
      "geometry": {
        "type": "Polygon",
        "coordinates": [
          [
            [
              -102.67925300005652,
              41.84379100010492
            ],
            [
              -102.67698599992744,
              41.78696400009019
            ],
            [
              -102.6643110003389,
              41.74319000007219
            ],
            [
              -102.63580299983165,
              41.742834000122116
            ],
            [
              -102.63674099999008,
              41.39522099976142
            ],
            [
              -102.60938599972643,
              41.395115000136265
            ],
            [
              -102.61041299957331,
              41.22161400000527
            ],
            [
              -102.05553499968461,
              41.22154699996495
            ],
            [
              -102.05525600002535,
              41.39516199968623
            ],
            [
              -101.98456699988779,
              41.39501199981356
            ],
            [
              -101.98552299958956,
              41.74228999967707
            ],
            [
              -102.06776400010763,
              41.74207499982366
            ],
            [
              -102.06665000022211,
              42.00919500009145
            ],
            [
              -102.67758199977908,
              42.00528200016977
            ],
            [
              -102.67921899972133,
              41.84500299995236
            ],
            [
              -102.67925300005652,
              41.84379100010492
            ]
          ]
        ]
      }
    },
    {
      "type": "Feature",
      "id": "us-county:31:071",
      "properties": {
        "boundary_id": "us-county:31:071",
        "boundary_type": "county",
        "name": "Garfield County",
        "stateFips": "31",
        "countyFips": "071",
        "bbox": [
          -99.22273300020714,
          41.74036899967029,
          -98.75913299959414,
          42.08851799970977
        ]
      },
      "geometry": {
        "type": "Polygon",
        "coordinates": [
          [
            [
              -99.0483089998669,
              41.74048199996034
            ],
            [
              -98.75913299959414,
              41.74038200004593
            ],
            [
              -98.76115500039917,
              42.08851799970977
            ],
            [
              -99.22273300020714,
              42.08791600021584
            ],
            [
              -99.2218300002088,
              41.74079200017988
            ],
            [
              -99.05421999977636,
              41.74036899967029
            ],
            [
              -99.0483089998669,
              41.74048199996034
            ]
          ]
        ]
      }
    },
    {
      "type": "Feature",
      "id": "us-county:31:073",
      "properties": {
        "boundary_id": "us-county:31:073",
        "boundary_type": "county",
        "name": "Gosper County",
        "stateFips": "31",
        "countyFips": "073",
        "bbox": [
          -100.09509499996098,
          40.35119999971975,
          -99.64220900002746,
          40.7000030000776
        ]
      },
      "geometry": {
        "type": "Polygon",
        "coordinates": [
          [
            [
              -99.98139300033986,
              40.62500600013174
            ],
            [
              -99.98119300032332,
              40.4382909998206
            ],
            [
              -100.09509499996098,
              40.43865599998245
            ],
            [
              -100.09490800036323,
              40.35130400021383
            ],
            [
              -99.64220900002746,
              40.35119999971975
            ],
            [
              -99.64346199983018,
              40.684910999862126
            ],
            [
              -99.69926899962626,
              40.69996900032771
            ],
            [
              -99.98174300014423,
              40.7000030000776
            ],
            [
              -99.98140099983746,
              40.62692200004201
            ],
            [
              -99.98139300033986,
              40.62500600013174
            ]
          ]
        ]
      }
    },
    {
      "type": "Feature",
      "id": "us-county:31:075",
      "properties": {
        "boundary_id": "us-county:31:075",
        "boundary_type": "county",
        "name": "Grant County",
        "stateFips": "31",
        "countyFips": "075",
        "bbox": [
          -102.06776400010763,
          41.74207499982366,
          -101.42591999964695,
          42.09622699995698
        ]
      },
      "geometry": {
        "type": "Polygon",
        "coordinates": [
          [
            [
              -101.64019300008938,
              41.742441999821814
            ],
            [
              -101.42591999964695,
              41.743058999832435
            ],
            [
              -101.42655700040481,
              42.092193999978655
            ],
            [
              -102.0064279999935,
              42.09622699995698
            ],
            [
              -102.00856200005322,
              42.00890099967499
            ],
            [
              -102.06665000022211,
              42.00919500009145
            ],
            [
              -102.06776400010763,
              41.74207499982366
            ],
            [
              -101.65904999974903,
              41.7425230003297
            ],
            [
              -101.64019300008938,
              41.742441999821814
            ]
          ]
        ]
      }
    },
    {
      "type": "Feature",
      "id": "us-county:31:077",
      "properties": {
        "boundary_id": "us-county:31:077",
        "boundary_type": "county",
        "name": "Greeley County",
        "stateFips": "31",
        "countyFips": "077",
        "bbox": [
          -98.75222499997503,
          41.3938939999755,
          -98.29094300044308,
          41.74121000024712
        ]
      },
      "geometry": {
        "type": "Polygon",
        "coordinates": [
          [
            [
              -98.75222499997503,
              41.7403719999119
            ],
            [
              -98.75155799997825,
              41.394084000283115
            ],
            [
              -98.29141899974583,
              41.3938939999755
            ],
            [
              -98.29094300044308,
              41.74121000024712
            ],
            [
              -98.75036000042714,
              41.74036999975084
            ],
            [
              -98.75222499997503,
              41.7403719999119
            ]
          ]
        ]
      }
    },
    {
      "type": "Feature",
      "id": "us-county:31:079",
      "properties": {
        "boundary_id": "us-county:31:079",
        "boundary_type": "county",
        "name": "Hall County",
        "stateFips": "31",
        "countyFips": "079",
        "bbox": [
          -98.72197499994355,
          40.698283999936976,
          -98.28235899962533,
          41.04667399968629
        ]
      },
      "geometry": {
        "type": "Polygon",
        "coordinates": [
          [
            [
              -98.3779280003833,
              41.046116000193884
            ],
            [
              -98.72197499994355,
              41.04667399968629
            ],
            [
              -98.72143000014552,
              40.69890299996963
            ],
            [
              -98.28285099971991,
              40.698283999936976
            ],
            [
              -98.28235899962533,
              41.04635500017209
            ],
            [
              -98.37695900026273,
              41.04611200027755
            ],
            [
              -98.3779280003833,
              41.046116000193884
            ]
          ]
        ]
      }
    },
    {
      "type": "Feature",
      "id": "us-county:31:081",
      "properties": {
        "boundary_id": "us-county:31:081",
        "boundary_type": "county",
        "name": "Hamilton County",
        "stateFips": "31",
        "countyFips": "081",
        "bbox": [
          -98.28285099971991,
          40.698283999936976,
          -97.82572299960627,
          41.17343900029318
        ]
      },
      "geometry": {
        "type": "Polygon",
        "coordinates": [
          [
            [
              -97.82614199990591,
              40.95943199971449
            ],
            [
              -97.82825599987416,
              41.17343900029318
            ],
            [
              -97.88574999984118,
              41.114647999849765
            ],
            [
              -98.01054799973323,
              41.07276100019385
            ],
            [
              -98.08895700014996,
              41.009659000330885
            ],
            [
              -98.14626799981889,
              40.98428300024126
            ],
            [
              -98.16977699973751,
              40.9547660000847
            ],
            [
              -98.21547099962694,
              40.9305209997344
            ],
            [
              -98.2751260003162,
              40.87957900027836
            ],
            [
              -98.28257799990845,
              40.86867699979515
            ],
            [
              -98.28285099971991,
              40.698283999936976
            ],
            [
              -97.82572299960627,
              40.698554999769016
            ],
            [
              -97.82614399955574,
              40.95765299983701
            ],
            [
              -97.82614199990591,
              40.95943199971449
            ]
          ]
        ]
      }
    },
    {
      "type": "Feature",
      "id": "us-county:31:083",
      "properties": {
        "boundary_id": "us-county:31:083",
        "boundary_type": "county",
        "name": "Harlan County",
        "stateFips": "31",
        "countyFips": "083",
        "bbox": [
          -99.63044300028506,
          40.00181200000788,
          -99.17913400001935,
          40.351171999691005
        ]
      },
      "geometry": {
        "type": "Polygon",
        "coordinates": [
          [
            [
              -99.29184599960351,
              40.00193999985493
            ],
            [
              -99.17913400001935,
              40.00201300007419
            ],
            [
              -99.17940299963287,
              40.35068099983994
            ],
            [
              -99.63044300028506,
              40.351171999691005
            ],
            [
              -99.62825399997377,
              40.00184699972647
            ],
            [
              -99.30980099998804,
              40.00181200000788
            ],
            [
              -99.29184599960351,
              40.00193999985493
            ]
          ]
        ]
      }
    },
    {
      "type": "Feature",
      "id": "us-county:31:085",
      "properties": {
        "boundary_id": "us-county:31:085",
        "boundary_type": "county",
        "name": "Hayes County",
        "stateFips": "31",
        "countyFips": "085",
        "bbox": [
          -101.34536500037325,
          40.34946599967361,
          -100.77737599997961,
          40.70013499982336
        ]
      },
      "geometry": {
        "type": "Polygon",
        "coordinates": [
          [
            [
              -101.0064930002304,
              40.699826999782644
            ],
            [
              -101.34536500037325,
              40.698093000134364
            ],
            [
              -101.34278799972445,
              40.35044400033927
            ],
            [
              -100.77737599997961,
              40.34946599967361
            ],
            [
              -100.77783299991411,
              40.70013499982336
            ],
            [
              -101.00042900016007,
              40.69994200033374
            ],
            [
              -101.0064930002304,
              40.699826999782644
            ]
          ]
        ]
      }
    },
    {
      "type": "Feature",
      "id": "us-county:31:087",
      "properties": {
        "boundary_id": "us-county:31:087",
        "boundary_type": "county",
        "name": "Hitchcock County",
        "stateFips": "31",
        "countyFips": "087",
        "bbox": [
          -101.32403599964678,
          40.00230199994055,
          -100.75843499975608,
          40.35055300029109
        ]
      },
      "geometry": {
        "type": "Polygon",
        "coordinates": [
          [
            [
              -100.87178200044828,
              40.349397000057095
            ],
            [
              -101.32335299975648,
              40.35055300029109
            ],
            [
              -101.32403599964678,
              40.00269699976987
            ],
            [
              -100.75882999976628,
              40.00230199994055
            ],
            [
              -100.75843499975608,
              40.34950699986876
            ],
            [
              -100.87082199965022,
              40.34940400024962
            ],
            [
              -100.87178200044828,
              40.349397000057095
            ]
          ]
        ]
      }
    },
    {
      "type": "Feature",
      "id": "us-county:31:089",
      "properties": {
        "boundary_id": "us-county:31:089",
        "boundary_type": "county",
        "name": "Holt County",
        "stateFips": "31",
        "countyFips": "089",
        "bbox": [
          -99.25703899974762,
          42.08799500014618,
          -98.30059199984422,
          42.896724000020974
        ]
      },
      "geometry": {
        "type": "Polygon",
        "coordinates": [
          [
            [
              -98.65026599963178,
              42.08859400030725
            ],
            [
              -98.30059199984422,
              42.08885299990522
            ],
            [
              -98.30514899966865,
              42.76120699991279
            ],
            [
              -98.41602500001723,
              42.775673999855066
            ],
            [
              -98.46567200038183,
              42.7662060001695
            ],
            [
              -98.58376000012315,
              42.77973599979841
            ],
            [
              -98.65683500021551,
              42.809021000289206
            ],
            [
              -98.71004799964435,
              42.80347999978075
            ],
            [
              -98.76322300033664,
              42.82789900002979
            ],
            [
              -98.81128200026447,
              42.82774599994719
            ],
            [
              -98.8429650000237,
              42.8464940003117
            ],
            [
              -98.88844100035325,
              42.843479999684135
            ],
            [
              -98.96697999956801,
              42.896724000020974
            ],
            [
              -98.99416300030254,
              42.8943620000359
            ],
            [
              -99.05675999971695,
              42.862595000278546
            ],
            [
              -99.15380300021057,
              42.84188400019337
            ],
            [
              -99.25703899974762,
              42.804295999970776
            ],
            [
              -99.25684600030208,
              42.78265499994433
            ],
            [
              -99.24580299973462,
              42.78249900015673
            ],
            [
              -99.2445909999398,
              42.43463899981967
            ],
            [
              -99.23406399975637,
              42.43452399981775
            ],
            [
              -99.2346289996459,
              42.08799500014618
            ],
            [
              -98.65287599989257,
              42.08861099983199
            ],
            [
              -98.65026599963178,
              42.08859400030725
            ]
          ]
        ]
      }
    },
    {
      "type": "Feature",
      "id": "us-county:31:091",
      "properties": {
        "boundary_id": "us-county:31:091",
        "boundary_type": "county",
        "name": "Hooker County",
        "stateFips": "31",
        "countyFips": "091",
        "bbox": [
          -101.42655700040481,
          41.74040399979915,
          -100.84245899980625,
          42.092193999978655
        ]
      },
      "geometry": {
        "type": "Polygon",
        "coordinates": [
          [
            [
              -101.4265010003283,
              42.03147899970115
            ],
            [
              -101.42591999964695,
              41.743058999832435
            ],
            [
              -100.84245899980625,
              41.74040399979915
            ],
            [
              -100.8461290004242,
              42.0881660001057
            ],
            [
              -101.42655700040481,
              42.092193999978655
            ],
            [
              -101.42649600030545,
              42.032097999995095
            ],
            [
              -101.4265010003283,
              42.03147899970115
            ]
          ]
        ]
      }
    },
    {
      "type": "Feature",
      "id": "us-county:31:093",
      "properties": {
        "boundary_id": "us-county:31:093",
        "boundary_type": "county",
        "name": "Howard County",
        "stateFips": "31",
        "countyFips": "093",
        "bbox": [
          -98.74852599994308,
          41.046362999974924,
          -98.28658400008705,
          41.39417800016616
        ]
      },
      "geometry": {
        "type": "Polygon",
        "coordinates": [
          [
            [
              -98.55297600016428,
              41.3941040002123
            ],
            [
              -98.74432999979368,
              41.39417800016616
            ],
            [
              -98.74852599994308,
              41.046640000000714
            ],
            [
              -98.28716800024314,
              41.046362999974924
            ],
            [
              -98.28658400008705,
              41.393898000243055
            ],
            [
              -98.55294199982909,
              41.39412700032535
            ],
            [
              -98.55297600016428,
              41.3941040002123
            ]
          ]
        ]
      }
    },
    {
      "type": "Feature",
      "id": "us-county:31:095",
      "properties": {
        "boundary_id": "us-county:31:095",
        "boundary_type": "county",
        "name": "Jefferson County",
        "stateFips": "31",
        "countyFips": "095",
        "bbox": [
          -97.36919899974019,
          40.001346000118154,
          -96.91605500006382,
          40.35039199979149
        ]
      },
      "geometry": {
        "type": "Polygon",
        "coordinates": [
          [
            [
              -97.02946700015504,
              40.00134699997957
            ],
            [
              -96.91640700041633,
              40.00151099976054
            ],
            [
              -96.91605500006382,
              40.34972700032305
            ],
            [
              -97.36868800027734,
              40.35039199979149
            ],
            [
              -97.36919899974019,
              40.00196600014934
            ],
            [
              -97.02976300043105,
              40.001346000118154
            ],
            [
              -97.02946700015504,
              40.00134699997957
            ]
          ]
        ]
      }
    },
    {
      "type": "Feature",
      "id": "us-county:31:097",
      "properties": {
        "boundary_id": "us-county:31:097",
        "boundary_type": "county",
        "name": "Johnson County",
        "stateFips": "31",
        "countyFips": "097",
        "bbox": [
          -96.46366700007269,
          40.26195399973233,
          -96.06673600007328,
          40.52314799966711
        ]
      },
      "geometry": {
        "type": "Polygon",
        "coordinates": [
          [
            [
              -96.23619500016008,
              40.26195399973233
            ],
            [
              -96.06673600007328,
              40.26203799975862
            ],
            [
              -96.06701200025779,
              40.52314799966711
            ],
            [
              -96.4636319999126,
              40.52301299969141
            ],
            [
              -96.46366700007269,
              40.26217300021891
            ],
            [
              -96.24087599983307,
              40.26195999993352
            ],
            [
              -96.23619500016008,
              40.26195399973233
            ]
          ]
        ]
      }
    },
    {
      "type": "Feature",
      "id": "us-county:31:099",
      "properties": {
        "boundary_id": "us-county:31:099",
        "boundary_type": "county",
        "name": "Kearney County",
        "stateFips": "31",
        "countyFips": "099",
        "bbox": [
          -99.17940299963287,
          40.3503910002677,
          -98.72394800034479,
          40.68977200002757
        ]
      },
      "geometry": {
        "type": "Polygon",
        "coordinates": [
          [
            [
              -98.91399800011784,
              40.65333800025405
            ],
            [
              -99.17924799982217,
              40.660541000328266
            ],
            [
              -99.17940299963287,
              40.35068099983994
            ],
            [
              -98.72394800034479,
              40.3503910002677
            ],
            [
              -98.72438699983762,
              40.68977200002757
            ],
            [
              -98.91386400022354,
              40.65334299988834
            ],
            [
              -98.91399800011784,
              40.65333800025405
            ]
          ]
        ]
      }
    },
    {
      "type": "Feature",
      "id": "us-county:31:101",
      "properties": {
        "boundary_id": "us-county:31:101",
        "boundary_type": "county",
        "name": "Keith County",
        "stateFips": "31",
        "countyFips": "101",
        "bbox": [
          -102.05545699986679,
          41.00387400029187,
          -101.24997499971543,
          41.39516199968623
        ]
      },
      "geometry": {
        "type": "Polygon",
        "coordinates": [
          [
            [
              -102.05545699986679,
              41.29966699997935
            ],
            [
              -102.05176100020792,
              41.00387400029187
            ],
            [
              -101.24997499971543,
              41.00394999996606
            ],
            [
              -101.2501620002115,
              41.047384999985695
            ],
            [
              -101.27038100035207,
              41.047391999703684
            ],
            [
              -101.26969500008873,
              41.39493399993169
            ],
            [
              -102.05525600002535,
              41.39516199968623
            ],
            [
              -102.05544799964598,
              41.30283700009679
            ],
            [
              -102.05545699986679,
              41.29966699997935
            ]
          ]
        ]
      }
    },
    {
      "type": "Feature",
      "id": "us-county:31:103",
      "properties": {
        "boundary_id": "us-county:31:103",
        "boundary_type": "county",
        "name": "Keya Paha County",
        "stateFips": "31",
        "countyFips": "103",
        "bbox": [
          -100.19851200014632,
          42.71762600007611,
          -99.25445500032441,
          42.99871500007933
        ]
      },
      "geometry": {
        "type": "Polygon",
        "coordinates": [
          [
            [
              -100.19851200014632,
              42.96437700006494
            ],
            [
              -100.19847799981113,
              42.84610199980891
            ],
            [
              -100.16133600005408,
              42.82756700020092
            ],
            [
              -100.1453630002916,
              42.830214999837466
            ],
            [
              -100.13402900036931,
              42.8206500001925
            ],
            [
              -100.1347540000924,
              42.80816300026667
            ],
            [
              -100.05592100025146,
              42.78543799971187
            ],
            [
              -100.00780899972186,
              42.78856600001288
            ],
            [
              -99.96885599994528,
              42.77247400028102
            ],
            [
              -99.86216200040069,
              42.76900199975795
            ],
            [
              -99.85261900040646,
              42.751362999816905
            ],
            [
              -99.7768629999082,
              42.73489400001457
            ],
            [
              -99.70858499983979,
              42.72705500022062
            ],
            [
              -99.65986099956501,
              42.73510599983071
            ],
            [
              -99.62057399987758,
              42.72298300013564
            ],
            [
              -99.53749100035886,
              42.71762600007611
            ],
            [
              -99.47624599958303,
              42.7353960002168
            ],
            [
              -99.46249999976668,
              42.751625999818316
            ],
            [
              -99.4370569998049,
              42.75361500013796
            ],
            [
              -99.41522199963845,
              42.772098000014644
            ],
            [
              -99.37797100010145,
              42.78221400013835
            ],
            [
              -99.3379029997161,
              42.779972999855076
            ],
            [
              -99.25703899974762,
              42.804295999970776
            ],
            [
              -99.25445500032441,
              42.998073999992336
            ],
            [
              -100.19841300041212,
              42.99871500007933
            ],
            [
              -100.19849799990261,
              42.96737499970149
            ],
            [
              -100.19851200014632,
              42.96437700006494
            ]
          ]
        ]
      }
    },
    {
      "type": "Feature",
      "id": "us-county:31:105",
      "properties": {
        "boundary_id": "us-county:31:105",
        "boundary_type": "county",
        "name": "Kimball County",
        "stateFips": "31",
        "countyFips": "105",
        "bbox": [
          -104.0532490003081,
          41.001405999738765,
          -103.37568999997033,
          41.39463300008015
        ]
      },
      "geometry": {
        "type": "Polygon",
        "coordinates": [
          [
            [
              -103.53488600036265,
              41.00142100011825
            ],
            [
              -103.38249200018255,
              41.002251999943915
            ],
            [
              -103.38249100035765,
              41.04767000009558
            ],
            [
              -103.37568999997033,
              41.047693999699064
            ],
            [
              -103.37761999981554,
              41.39463300008015
            ],
            [
              -104.05228699986021,
              41.393214000105225
            ],
            [
              -104.0532490003081,
              41.001405999738765
            ],
            [
              -103.53495999998249,
              41.00142100011825
            ],
            [
              -103.53488600036265,
              41.00142100011825
            ]
          ]
        ]
      }
    },
    {
      "type": "Feature",
      "id": "us-county:31:107",
      "properties": {
        "boundary_id": "us-county:31:107",
        "boundary_type": "county",
        "name": "Knox County",
        "stateFips": "31",
        "countyFips": "107",
        "bbox": [
          -98.3097709997904,
          42.43693000007555,
          -97.4849209996182,
          42.88260499990675
        ]
      },
      "geometry": {
        "type": "Polygon",
        "coordinates": [
          [
            [
              -97.720192000351,
              42.43796400008085
            ],
            [
              -97.48529800008507,
              42.43857800005423
            ],
            [
              -97.4849209996182,
              42.85036800014521
            ],
            [
              -97.50484699985584,
              42.85847699976964
            ],
            [
              -97.56192800026933,
              42.847552000266475
            ],
            [
              -97.61181099973716,
              42.85836700030282
            ],
            [
              -97.68647699974102,
              42.84221200007214
            ],
            [
              -97.77438099957311,
              42.84974000028145
            ],
            [
              -97.84539299975087,
              42.86771999972328
            ],
            [
              -97.87553099962933,
              42.858656000195246
            ],
            [
              -97.88864700015715,
              42.81717700030931
            ],
            [
              -97.93674600026795,
              42.7756829997297
            ],
            [
              -98.01725600023413,
              42.76232899994983
            ],
            [
              -98.05668400038684,
              42.770675999755625
            ],
            [
              -98.14710899989294,
              42.83963100021773
            ],
            [
              -98.18981099993019,
              42.841642999982
            ],
            [
              -98.2518099998431,
              42.87282399977381
            ],
            [
              -98.3097709997904,
              42.88260499990675
            ],
            [
              -98.3054559998153,
              42.43693000007555
            ],
            [
              -97.72298900020954,
              42.4379619999178
            ],
            [
              -97.720192000351,
              42.43796400008085
            ]
          ]
        ]
      }
    },
    {
      "type": "Feature",
      "id": "us-county:31:109",
      "properties": {
        "boundary_id": "us-county:31:109",
        "boundary_type": "county",
        "name": "Lancaster County",
        "stateFips": "31",
        "countyFips": "109",
        "bbox": [
          -96.91263700023927,
          40.52301299969141,
          -96.4636319999126,
          41.046116000193884
        ]
      },
      "geometry": {
        "type": "Polygon",
        "coordinates": [
          [
            [
              -96.46383799977691,
              40.696963999661705
            ],
            [
              -96.46386899973906,
              41.04508300018024
            ],
            [
              -96.91094000002258,
              41.046116000193884
            ],
            [
              -96.91263700023927,
              40.52362499977095
            ],
            [
              -96.4636319999126,
              40.52301299969141
            ],
            [
              -96.46383799977691,
              40.694570000189465
            ],
            [
              -96.46383799977691,
              40.696963999661705
            ]
          ]
        ]
      }
    },
    {
      "type": "Feature",
      "id": "us-county:31:111",
      "properties": {
        "boundary_id": "us-county:31:111",
        "boundary_type": "county",
        "name": "Lincoln County",
        "stateFips": "31",
        "countyFips": "111",
        "bbox": [
          -101.27038100035207,
          40.69780200028103,
          -100.22331099967757,
          41.39493399993169
        ]
      },
      "geometry": {
        "type": "Polygon",
        "coordinates": [
          [
            [
              -100.90553700034292,
              40.70022099974402
            ],
            [
              -100.22331099967757,
              40.700254000278036
            ],
            [
              -100.22423499959228,
              41.046596999875035
            ],
            [
              -100.23815500038421,
              41.0465360002158
            ],
            [
              -100.236105999815,
              41.39332399976378
            ],
            [
              -101.26969500008873,
              41.39493399993169
            ],
            [
              -101.27038100035207,
              41.047391999703684
            ],
            [
              -101.2501620002115,
              41.047384999985695
            ],
            [
              -101.24796299985445,
              40.69780200028103
            ],
            [
              -100.94474500038763,
              40.700175000148725
            ],
            [
              -100.90553700034292,
              40.70022099974402
            ]
          ]
        ]
      }
    },
    {
      "type": "Feature",
      "id": "us-county:31:113",
      "properties": {
        "boundary_id": "us-county:31:113",
        "boundary_type": "county",
        "name": "Logan County",
        "stateFips": "31",
        "countyFips": "113",
        "bbox": [
          -100.71393599994302,
          41.3932979998123,
          -100.25109799976136,
          41.73982100010573
        ]
      },
      "geometry": {
        "type": "Polygon",
        "coordinates": [
          [
            [
              -100.71393599994302,
              41.469269999706604
            ],
            [
              -100.71324300000697,
              41.39351100017134
            ],
            [
              -100.25109799976136,
              41.3932979998123
            ],
            [
              -100.25122400015805,
              41.73981699974923
            ],
            [
              -100.71140699987308,
              41.73982100010573
            ],
            [
              -100.71392099987439,
              41.46976200030614
            ],
            [
              -100.71393599994302,
              41.469269999706604
            ]
          ]
        ]
      }
    },
    {
      "type": "Feature",
      "id": "us-county:31:115",
      "properties": {
        "boundary_id": "us-county:31:115",
        "boundary_type": "county",
        "name": "Loup County",
        "stateFips": "31",
        "countyFips": "115",
        "bbox": [
          -99.6869589999107,
          41.74032600021358,
          -99.2218300002088,
          42.08791600021584
        ]
      },
      "geometry": {
        "type": "Polygon",
        "coordinates": [
          [
            [
              -99.37971099997584,
              41.7415070001584
            ],
            [
              -99.2218300002088,
              41.74079200017988
            ],
            [
              -99.22273300020714,
              42.08791600021584
            ],
            [
              -99.6869589999107,
              42.08607499971791
            ],
            [
              -99.68683400023724,
              41.74032600021358
            ],
            [
              -99.38112100013738,
              41.74149700019955
            ],
            [
              -99.37971099997584,
              41.7415070001584
            ]
          ]
        ]
      }
    },
    {
      "type": "Feature",
      "id": "us-county:31:117",
      "properties": {
        "boundary_id": "us-county:31:117",
        "boundary_type": "county",
        "name": "McPherson County",
        "stateFips": "31",
        "countyFips": "117",
        "bbox": [
          -101.40725999963081,
          41.39351100017134,
          -100.71140900042124,
          41.74319999976743
        ]
      },
      "geometry": {
        "type": "Polygon",
        "coordinates": [
          [
            [
              -101.40696599990294,
              41.630193000331595
            ],
            [
              -101.40725999963081,
              41.39541599977745
            ],
            [
              -100.71324300000697,
              41.39351100017134
            ],
            [
              -100.71140900042124,
              41.73975899991435
            ],
            [
              -101.40646600031073,
              41.74319999976743
            ],
            [
              -101.40695800040533,
              41.63092000028431
            ],
            [
              -101.40696599990294,
              41.630193000331595
            ]
          ]
        ]
      }
    },
    {
      "type": "Feature",
      "id": "us-county:31:119",
      "properties": {
        "boundary_id": "us-county:31:119",
        "boundary_type": "county",
        "name": "Madison County",
        "stateFips": "31",
        "countyFips": "119",
        "bbox": [
          -97.83453599985454,
          41.74223400016805,
          -97.36806999978604,
          42.09092200014465
        ]
      },
      "geometry": {
        "type": "Polygon",
        "coordinates": [
          [
            [
              -97.36817100006839,
              41.91700400026117
            ],
            [
              -97.3684039996969,
              42.09092200014465
            ],
            [
              -97.83453599985454,
              42.089750000275046
            ],
            [
              -97.83224199996127,
              41.74223400016805
            ],
            [
              -97.36806999978604,
              41.74320700002233
            ],
            [
              -97.36816000019775,
              41.91681500021664
            ],
            [
              -97.36817100006839,
              41.91700400026117
            ]
          ]
        ]
      }
    },
    {
      "type": "Feature",
      "id": "us-county:31:121",
      "properties": {
        "boundary_id": "us-county:31:121",
        "boundary_type": "county",
        "name": "Merrick County",
        "stateFips": "31",
        "countyFips": "121",
        "bbox": [
          -98.28658400008705,
          40.86867699979515,
          -97.59820499966288,
          41.39506799987841
        ]
      },
      "geometry": {
        "type": "Polygon",
        "coordinates": [
          [
            [
              -97.74756099996006,
              41.248493999671126
            ],
            [
              -97.6585540001131,
              41.304862000174985
            ],
            [
              -97.59820499966288,
              41.31724699999995
            ],
            [
              -97.59846099975593,
              41.39506799987841
            ],
            [
              -97.70376500012878,
              41.39487600032168
            ],
            [
              -97.70549699960726,
              41.30913400010222
            ],
            [
              -97.89826799996919,
              41.30822400024934
            ],
            [
              -97.89794300027918,
              41.29362999975157
            ],
            [
              -98.05313699979257,
              41.2931229999054
            ],
            [
              -98.05313299959461,
              41.2785319998981
            ],
            [
              -98.10166000022589,
              41.278654000099266
            ],
            [
              -98.10227000032125,
              41.26402699986666
            ],
            [
              -98.27540800034852,
              41.26434099980266
            ],
            [
              -98.27389199988177,
              41.39385500004934
            ],
            [
              -98.28658400008705,
              41.393898000243055
            ],
            [
              -98.28257799990845,
              40.86867699979515
            ],
            [
              -98.21547099962694,
              40.9305209997344
            ],
            [
              -98.16977699973751,
              40.9547660000847
            ],
            [
              -98.14626799981889,
              40.98428300024126
            ],
            [
              -98.08895700014996,
              41.009659000330885
            ],
            [
              -98.01054799973323,
              41.07276100019385
            ],
            [
              -97.88574999984118,
              41.114647999849765
            ],
            [
              -97.74798399955935,
              41.24827699986676
            ],
            [
              -97.74756099996006,
              41.248493999671126
            ]
          ]
        ]
      }
    },
    {
      "type": "Feature",
      "id": "us-county:31:123",
      "properties": {
        "boundary_id": "us-county:31:123",
        "boundary_type": "county",
        "name": "Morrill County",
        "stateFips": "31",
        "countyFips": "123",
        "bbox": [
          -103.36900499993398,
          41.43776600023436,
          -102.63580299983165,
          42.00528200016977
        ]
      },
      "geometry": {
        "type": "Polygon",
        "coordinates": [
          [
            [
              -102.9448600001362,
              41.43849399977776
            ],
            [
              -102.63652500008001,
              41.438808999827025
            ],
            [
              -102.63580299983165,
              41.742834000122116
            ],
            [
              -102.6643110003389,
              41.74319000007219
            ],
            [
              -102.67698599992744,
              41.78696400009019
            ],
            [
              -102.67758199977908,
              42.00528200016977
            ],
            [
              -103.36333699969877,
              42.00292999969895
            ],
            [
              -103.36900499993398,
              41.43776600023436
            ],
            [
              -102.94969200032025,
              41.438549000024786
            ],
            [
              -102.9448600001362,
              41.43849399977776
            ]
          ]
        ]
      }
    },
    {
      "type": "Feature",
      "id": "us-county:31:125",
      "properties": {
        "boundary_id": "us-county:31:125",
        "boundary_type": "county",
        "name": "Nance County",
        "stateFips": "31",
        "countyFips": "125",
        "bbox": [
          -98.29141899974583,
          41.264040999702445,
          -97.70362700003652,
          41.52679600005343
        ]
      },
      "geometry": {
        "type": "Polygon",
        "coordinates": [
          [
            [
              -97.70388099958141,
              41.42093900023622
            ],
            [
              -97.70362700003652,
              41.52679600005343
            ],
            [
              -97.88549200009832,
              41.52586799997949
            ],
            [
              -97.88533899993746,
              41.511427000232054
            ],
            [
              -98.04132800039244,
              41.510533999737945
            ],
            [
              -98.0414599997386,
              41.495987999989985
            ],
            [
              -98.09979700032781,
              41.4953890000202
            ],
            [
              -98.09952299979312,
              41.48077700007826
            ],
            [
              -98.29134400030107,
              41.48072699966963
            ],
            [
              -98.29141899974583,
              41.3938939999755
            ],
            [
              -98.27389199988177,
              41.39385500004934
            ],
            [
              -98.27540800034852,
              41.26434099980266
            ],
            [
              -98.10154600042307,
              41.264040999702445
            ],
            [
              -98.10166000022589,
              41.278654000099266
            ],
            [
              -98.05313299959461,
              41.2785319998981
            ],
            [
              -98.05313699979257,
              41.2931229999054
            ],
            [
              -97.89794300027918,
              41.29362999975157
            ],
            [
              -97.89826799996919,
              41.30822400024934
            ],
            [
              -97.70549699960726,
              41.30913400010222
            ],
            [
              -97.7038799997565,
              41.42050999978687
            ],
            [
              -97.70388099958141,
              41.42093900023622
            ]
          ]
        ]
      }
    },
    {
      "type": "Feature",
      "id": "us-county:31:127",
      "properties": {
        "boundary_id": "us-county:31:127",
        "boundary_type": "county",
        "name": "Nemaha County",
        "stateFips": "31",
        "countyFips": "127",
        "bbox": [
          -96.06701200025779,
          40.26190399986298,
          -95.55247300001777,
          40.56262799984738
        ]
      },
      "geometry": {
        "type": "Polygon",
        "coordinates": [
          [
            [
              -95.63908999971197,
              40.36376400030202
            ],
            [
              -95.66060199983822,
              40.412408999822034
            ],
            [
              -95.65796700036141,
              40.44145900024462
            ],
            [
              -95.69636500029424,
              40.47589700006378
            ],
            [
              -95.69996899989161,
              40.50527499999936
            ],
            [
              -95.65567400029303,
              40.523557000113954
            ],
            [
              -95.65341600038477,
              40.54189900013806
            ],
            [
              -95.67177599992695,
              40.56262799984738
            ],
            [
              -95.69414699967061,
              40.55694200025518
            ],
            [
              -95.69549499990785,
              40.53202099975563
            ],
            [
              -95.70859100034419,
              40.521551000024616
            ],
            [
              -96.06701200025779,
              40.52314799966711
            ],
            [
              -96.06673600007328,
              40.26203799975862
            ],
            [
              -95.55247300001777,
              40.26190399986298
            ],
            [
              -95.55873200008178,
              40.29577399999552
            ],
            [
              -95.61043899998792,
              40.31397000007456
            ],
            [
              -95.65732799995374,
              40.31085600004829
            ],
            [
              -95.65372900037922,
              40.322582000255075
            ],
            [
              -95.62318200024684,
              40.338367000337634
            ],
            [
              -95.63827299992738,
              40.36265199979786
            ],
            [
              -95.63908999971197,
              40.36376400030202
            ]
          ]
        ]
      }
    },
    {
      "type": "Feature",
      "id": "us-county:31:129",
      "properties": {
        "boundary_id": "us-county:31:129",
        "boundary_type": "county",
        "name": "Nuckolls County",
        "stateFips": "31",
        "countyFips": "129",
        "bbox": [
          -98.27401699955524,
          40.002046999838655,
          -97.82081599997747,
          40.35054500001171
        ]
      },
      "geometry": {
        "type": "Polygon",
        "coordinates": [
          [
            [
              -98.27369900043624,
              40.11840300012889
            ],
            [
              -98.27401699955524,
              40.00266199979887
            ],
            [
              -97.82149499966981,
              40.002046999838655
            ],
            [
              -97.82081599997747,
              40.35054500001171
            ],
            [
              -98.27357100038972,
              40.3503589997522
            ],
            [
              -98.27374200009395,
              40.122402999761775
            ],
            [
              -98.27369900043624,
              40.11840300012889
            ]
          ]
        ]
      }
    },
    {
      "type": "Feature",
      "id": "us-county:31:131",
      "properties": {
        "boundary_id": "us-county:31:131",
        "boundary_type": "county",
        "name": "Otoe County",
        "stateFips": "31",
        "countyFips": "131",
        "bbox": [
          -96.46376400015708,
          40.52291400003714,
          -95.70997399984321,
          40.783959999829776
        ]
      },
      "geometry": {
        "type": "Polygon",
        "coordinates": [
          [
            [
              -95.89713300004644,
              40.52292500008181
            ],
            [
              -95.70997399984321,
              40.52379800004349
            ],
            [
              -95.76691999963919,
              40.531562999931275
            ],
            [
              -95.76383300025074,
              40.55387300015211
            ],
            [
              -95.77470400039076,
              40.573574000170495
            ],
            [
              -95.74968499985317,
              40.60684199997195
            ],
            [
              -95.76892599965237,
              40.62126400032692
            ],
            [
              -95.78382200023756,
              40.65497400015884
            ],
            [
              -95.84231600028733,
              40.67717099989065
            ],
            [
              -95.85445600012355,
              40.70416399970158
            ],
            [
              -95.88534899986234,
              40.721093000136406
            ],
            [
              -95.88152900035489,
              40.75061100031151
            ],
            [
              -95.83411999980709,
              40.78378299993583
            ],
            [
              -96.46376400015708,
              40.783959999829776
            ],
            [
              -96.4636319999126,
              40.52301299969141
            ],
            [
              -95.89764799970723,
              40.52291400003714
            ],
            [
              -95.89713300004644,
              40.52292500008181
            ]
          ]
        ]
      }
    },
    {
      "type": "Feature",
      "id": "us-county:31:133",
      "properties": {
        "boundary_id": "us-county:31:133",
        "boundary_type": "county",
        "name": "Pawnee County",
        "stateFips": "31",
        "countyFips": "133",
        "bbox": [
          -96.46371200027855,
          40.00065100000006,
          -96.0101760000667,
          40.26217300021891
        ]
      },
      "geometry": {
        "type": "Polygon",
        "coordinates": [
          [
            [
              -96.01030800031117,
              40.15286300034268
            ],
            [
              -96.0101760000667,
              40.261482000289085
            ],
            [
              -96.46366700007269,
              40.26217300021891
            ],
            [
              -96.46371200027855,
              40.0010230000768
            ],
            [
              -96.01067999985686,
              40.00065100000006
            ],
            [
              -96.01038100010611,
              40.14561299973539
            ],
            [
              -96.01030800031117,
              40.15286300034268
            ]
          ]
        ]
      }
    },
    {
      "type": "Feature",
      "id": "us-county:31:135",
      "properties": {
        "boundary_id": "us-county:31:135",
        "boundary_type": "county",
        "name": "Perkins County",
        "stateFips": "31",
        "countyFips": "135",
        "bbox": [
          -102.05176100020792,
          40.69753899994487,
          -101.24796299985445,
          41.00394999996606
        ]
      },
      "geometry": {
        "type": "Polygon",
        "coordinates": [
          [
            [
              -101.4955800002878,
              40.69861600010192
            ],
            [
              -101.24796299985445,
              40.69780200028103
            ],
            [
              -101.24997499971543,
              41.00394999996606
            ],
            [
              -102.05176100020792,
              41.00387400029187
            ],
            [
              -102.05145700043431,
              40.69753899994487
            ],
            [
              -101.4955939996332,
              40.698606000129324
            ],
            [
              -101.4955800002878,
              40.69861600010192
            ]
          ]
        ]
      }
    },
    {
      "type": "Feature",
      "id": "us-county:31:137",
      "properties": {
        "boundary_id": "us-county:31:137",
        "boundary_type": "county",
        "name": "Phelps County",
        "stateFips": "31",
        "countyFips": "137",
        "bbox": [
          -99.64346199983018,
          40.35068099983994,
          -99.17940299963287,
          40.684910999862126
        ]
      },
      "geometry": {
        "type": "Polygon",
        "coordinates": [
          [
            [
              -99.17948700019677,
              40.52501200004414
            ],
            [
              -99.18041699995928,
              40.661007000048826
            ],
            [
              -99.2423449997271,
              40.658888999876105
            ],
            [
              -99.33222799980821,
              40.67146200020866
            ],
            [
              -99.37603600023337,
              40.664262000178695
            ],
            [
              -99.4464140000263,
              40.67805199969832
            ],
            [
              -99.64346199983018,
              40.684910999862126
            ],
            [
              -99.64220900002746,
              40.35119999971975
            ],
            [
              -99.17940299963287,
              40.35068099983994
            ],
            [
              -99.17948499964864,
              40.524669000225174
            ],
            [
              -99.17948700019677,
              40.52501200004414
            ]
          ]
        ]
      }
    },
    {
      "type": "Feature",
      "id": "us-county:31:139",
      "properties": {
        "boundary_id": "us-county:31:139",
        "boundary_type": "county",
        "name": "Pierce County",
        "stateFips": "31",
        "countyFips": "139",
        "bbox": [
          -97.83453599985454,
          42.089750000275046,
          -97.36759000028535,
          42.43877500028251
        ]
      },
      "geometry": {
        "type": "Polygon",
        "coordinates": [
          [
            [
              -97.48483000027993,
              42.09067600020776
            ],
            [
              -97.3684039996969,
              42.09092200014465
            ],
            [
              -97.36759000028535,
              42.43877500028251
            ],
            [
              -97.83443100027256,
              42.437683999834036
            ],
            [
              -97.83453599985454,
              42.089750000275046
            ],
            [
              -97.48512800020576,
              42.09065700002392
            ],
            [
              -97.48483000027993,
              42.09067600020776
            ]
          ]
        ]
      }
    },
    {
      "type": "Feature",
      "id": "us-county:31:141",
      "properties": {
        "boundary_id": "us-county:31:141",
        "boundary_type": "county",
        "name": "Platte County",
        "stateFips": "31",
        "countyFips": "141",
        "bbox": [
          -97.83049299986602,
          41.333118999811546,
          -97.25242499990094,
          41.74308500016224
        ]
      },
      "geometry": {
        "type": "Polygon",
        "coordinates": [
          [
            [
              -97.42596100031145,
              41.377541000312966
            ],
            [
              -97.36818299976396,
              41.397627999749055
            ],
            [
              -97.34087100005631,
              41.39108899973174
            ],
            [
              -97.30428999999081,
              41.40101200031516
            ],
            [
              -97.25351899969496,
              41.384211999777165
            ],
            [
              -97.25242499990094,
              41.74308500016224
            ],
            [
              -97.83049299986602,
              41.74223799970369
            ],
            [
              -97.82984599996074,
              41.52617400020649
            ],
            [
              -97.70362700003652,
              41.52679600005343
            ],
            [
              -97.70376500012878,
              41.39487600032168
            ],
            [
              -97.59846099975593,
              41.39506799987841
            ],
            [
              -97.5982530002418,
              41.333118999811546
            ],
            [
              -97.52241200025303,
              41.361933999706785
            ],
            [
              -97.42716399988542,
              41.37663599969383
            ],
            [
              -97.42596100031145,
              41.377541000312966
            ]
          ]
        ]
      }
    },
    {
      "type": "Feature",
      "id": "us-county:31:143",
      "properties": {
        "boundary_id": "us-county:31:143",
        "boundary_type": "county",
        "name": "Polk County",
        "stateFips": "31",
        "countyFips": "143",
        "bbox": [
          -97.82827000011785,
          41.0465699999551,
          -97.36811800036494,
          41.396415999876844
        ]
      },
      "geometry": {
        "type": "Polygon",
        "coordinates": [
          [
            [
              -97.57902300031324,
              41.04669099986123
            ],
            [
              -97.36811800036494,
              41.04694699989228
            ],
            [
              -97.368186000137,
              41.396415999876844
            ],
            [
              -97.45014899992242,
              41.36877999999527
            ],
            [
              -97.52241200025303,
              41.361933999706785
            ],
            [
              -97.57059500002943,
              41.33728199980416
            ],
            [
              -97.59769800039801,
              41.33345700013535
            ],
            [
              -97.60436300034286,
              41.31385100008764
            ],
            [
              -97.6585540001131,
              41.304862000174985
            ],
            [
              -97.76599900021836,
              41.23489000010794
            ],
            [
              -97.80052900006483,
              41.193314000020045
            ],
            [
              -97.82827000011785,
              41.175490000092616
            ],
            [
              -97.82794500042785,
              41.0465699999551
            ],
            [
              -97.57969500033289,
              41.0466899998909
            ],
            [
              -97.57902300031324,
              41.04669099986123
            ]
          ]
        ]
      }
    },
    {
      "type": "Feature",
      "id": "us-county:31:145",
      "properties": {
        "boundary_id": "us-county:31:145",
        "boundary_type": "county",
        "name": "Red Willow County",
        "stateFips": "31",
        "countyFips": "145",
        "bbox": [
          -100.75882999976628,
          40.001663000179335,
          -100.19359899977142,
          40.35002700009722
        ]
      },
      "geometry": {
        "type": "Polygon",
        "coordinates": [
          [
            [
              -100.31007100038521,
              40.34989100031932
            ],
            [
              -100.75843499975608,
              40.34950699986876
            ],
            [
              -100.75882999976628,
              40.00230199994055
            ],
            [
              -100.19359899977142,
              40.001663000179335
            ],
            [
              -100.1978069996164,
              40.35002700009722
            ],
            [
              -100.30987100036867,
              40.349893000066324
            ],
            [
              -100.31007100038521,
              40.34989100031932
            ]
          ]
        ]
      }
    },
    {
      "type": "Feature",
      "id": "us-county:31:147",
      "properties": {
        "boundary_id": "us-county:31:147",
        "boundary_type": "county",
        "name": "Richardson County",
        "stateFips": "31",
        "countyFips": "147",
        "bbox": [
          -96.01067999985686,
          39.999998000215854,
          -95.3082900002008,
          40.26190399986298
        ]
      },
      "geometry": {
        "type": "Polygon",
        "coordinates": [
          [
            [
              -95.67136800039626,
              40.000339000126644
            ],
            [
              -95.3082900002008,
              39.999998000215854
            ],
            [
              -95.34877699998748,
              40.02929700020018
            ],
            [
              -95.39152699970529,
              40.027057999777476
            ],
            [
              -95.41510599994412,
              40.04034099968896
            ],
            [
              -95.42133999989376,
              40.0607459997853
            ],
            [
              -95.39334699994565,
              40.119211999883326
            ],
            [
              -95.42740899998697,
              40.134607999960615
            ],
            [
              -95.43634799973363,
              40.15871999979878
            ],
            [
              -95.47791999999181,
              40.18384400005264
            ],
            [
              -95.4823189996325,
              40.20066700007847
            ],
            [
              -95.46971799966381,
              40.22790799968974
            ],
            [
              -95.48481699974029,
              40.24746900024795
            ],
            [
              -95.55247300001777,
              40.26190399986298
            ],
            [
              -96.0101760000667,
              40.261482000289085
            ],
            [
              -96.01067999985686,
              40.00065100000006
            ],
            [
              -95.67179400036862,
              40.00033400005752
            ],
            [
              -95.67136800039626,
              40.000339000126644
            ]
          ]
        ]
      }
    },
    {
      "type": "Feature",
      "id": "us-county:31:149",
      "properties": {
        "boundary_id": "us-county:31:149",
        "boundary_type": "county",
        "name": "Rock County",
        "stateFips": "31",
        "countyFips": "149",
        "bbox": [
          -99.67768399970505,
          42.08600900023266,
          -99.23406399975637,
          42.804295999970776
        ]
      },
      "geometry": {
        "type": "Polygon",
        "coordinates": [
          [
            [
              -99.46755200005875,
              42.08663699990703
            ],
            [
              -99.2346289996459,
              42.08799500014618
            ],
            [
              -99.23406399975637,
              42.43452399981775
            ],
            [
              -99.2445909999398,
              42.43463899981967
            ],
            [
              -99.24580299973462,
              42.78249900015673
            ],
            [
              -99.25684600030208,
              42.78265499994433
            ],
            [
              -99.25703899974762,
              42.804295999970776
            ],
            [
              -99.3379029997161,
              42.779972999855076
            ],
            [
              -99.37797100010145,
              42.78221400013835
            ],
            [
              -99.41522199963845,
              42.772098000014644
            ],
            [
              -99.4370569998049,
              42.75361500013796
            ],
            [
              -99.46249999976668,
              42.751625999818316
            ],
            [
              -99.47624599958303,
              42.7353960002168
            ],
            [
              -99.53749100035886,
              42.71762600007611
            ],
            [
              -99.67768399970505,
              42.73090299989659
            ],
            [
              -99.67600499993002,
              42.43445000028724
            ],
            [
              -99.66375200011586,
              42.434608999753046
            ],
            [
              -99.66237899976427,
              42.08600900023266
            ],
            [
              -99.5003780000158,
              42.08652200012164
            ],
            [
              -99.46755200005875,
              42.08663699990703
            ]
          ]
        ]
      }
    },
    {
      "type": "Feature",
      "id": "us-county:31:151",
      "properties": {
        "boundary_id": "us-county:31:151",
        "boundary_type": "county",
        "name": "Saline County",
        "stateFips": "31",
        "countyFips": "151",
        "bbox": [
          -97.36868800027734,
          40.34971799972729,
          -96.91325900003021,
          40.698625000280316
        ]
      },
      "geometry": {
        "type": "Polygon",
        "coordinates": [
          [
            [
              -96.91391799963107,
              40.610728000010646
            ],
            [
              -96.91349300038195,
              40.697948000268056
            ],
            [
              -97.36840100022216,
              40.698625000280316
            ],
            [
              -97.36868800027734,
              40.35039199979149
            ],
            [
              -96.91325900003021,
              40.34971799972729
            ],
            [
              -96.91360999965949,
              40.60210799993917
            ],
            [
              -96.91391799963107,
              40.610728000010646
            ]
          ]
        ]
      }
    },
    {
      "type": "Feature",
      "id": "us-county:31:153",
      "properties": {
        "boundary_id": "us-county:31:153",
        "boundary_type": "county",
        "name": "Sarpy County",
        "stateFips": "31",
        "countyFips": "153",
        "bbox": [
          -96.33814899958213,
          40.99562899985351,
          -95.84335099963181,
          41.19098400031011
        ]
      },
      "geometry": {
        "type": "Polygon",
        "coordinates": [
          [
            [
              -96.00519099972179,
              41.06062400027051
            ],
            [
              -95.98733699961957,
              41.05271700026852
            ],
            [
              -95.95972000031342,
              41.06081599969075
            ],
            [
              -95.87948700035669,
              41.053299000276894
            ],
            [
              -95.88147800030127,
              41.065358999905854
            ],
            [
              -95.86242699957457,
              41.089686999754754
            ],
            [
              -95.88254000030825,
              41.15588099975895
            ],
            [
              -95.87111000012649,
              41.16763499996292
            ],
            [
              -95.84545100025466,
              41.16742299974878
            ],
            [
              -95.84335099963181,
              41.17967699969865
            ],
            [
              -95.92367800019818,
              41.19098400031011
            ],
            [
              -96.32739899981594,
              41.18999900028903
            ],
            [
              -96.31098300036268,
              41.11533799970558
            ],
            [
              -96.33674199979363,
              41.095309999843565
            ],
            [
              -96.33814899958213,
              41.07799800014534
            ],
            [
              -96.30197199974768,
              41.02939899997162
            ],
            [
              -96.24760100005238,
              41.01777600026672
            ],
            [
              -96.22325100005972,
              40.99562899985351
            ],
            [
              -96.14469299968007,
              41.01759800032034
            ],
            [
              -96.10019200021719,
              41.05324800011883
            ],
            [
              -96.05625599974552,
              41.06535600016876
            ],
            [
              -96.00775800032486,
              41.06068499973783
            ],
            [
              -96.00519099972179,
              41.06062400027051
            ]
          ]
        ]
      }
    },
    {
      "type": "Feature",
      "id": "us-county:31:155",
      "properties": {
        "boundary_id": "us-county:31:155",
        "boundary_type": "county",
        "name": "Saunders County",
        "stateFips": "31",
        "countyFips": "155",
        "bbox": [
          -96.90850700021211,
          41.0152109997799,
          -96.31098300036268,
          41.45338899998133
        ]
      },
      "geometry": {
        "type": "Polygon",
        "coordinates": [
          [
            [
              -96.48402000010759,
              41.39330300019257
            ],
            [
              -96.56903599984454,
              41.43328400015955
            ],
            [
              -96.6398999998843,
              41.43622700030995
            ],
            [
              -96.6945810000993,
              41.42572000008278
            ],
            [
              -96.74668700021363,
              41.44974999984699
            ],
            [
              -96.81520299993342,
              41.43958500024363
            ],
            [
              -96.90586199979124,
              41.45338899998133
            ],
            [
              -96.90850700021211,
              41.04609100003546
            ],
            [
              -96.46386899973906,
              41.04508300018024
            ],
            [
              -96.46386100024145,
              41.01606900014584
            ],
            [
              -96.34947099980886,
              41.0152109997799
            ],
            [
              -96.34902700029315,
              41.0449500000673
            ],
            [
              -96.31919099964016,
              41.04499799989455
            ],
            [
              -96.33934100018378,
              41.08968999973574
            ],
            [
              -96.31098300036268,
              41.11533799970558
            ],
            [
              -96.32426700022165,
              41.184999000215825
            ],
            [
              -96.35430800001576,
              41.20746699996232
            ],
            [
              -96.36555800027246,
              41.234135999983614
            ],
            [
              -96.35059800011317,
              41.26519199971077
            ],
            [
              -96.37559300036129,
              41.29660499974125
            ],
            [
              -96.40804000020167,
              41.31521399989764
            ],
            [
              -96.407436999779,
              41.336622999922945
            ],
            [
              -96.42143899968839,
              41.36416499985929
            ],
            [
              -96.48326600007219,
              41.39330699982257
            ],
            [
              -96.48402000010759,
              41.39330300019257
            ]
          ]
        ]
      }
    },
    {
      "type": "Feature",
      "id": "us-county:31:157",
      "properties": {
        "boundary_id": "us-county:31:157",
        "boundary_type": "county",
        "name": "Scotts Bluff County",
        "stateFips": "31",
        "countyFips": "157",
        "bbox": [
          -104.05268799971822,
          41.69782300014451,
          -103.3626200003716,
          42.00292999969895
        ]
      },
      "geometry": {
        "type": "Polygon",
        "coordinates": [
          [
            [
              -103.59922600002454,
              41.698621999833826
            ],
            [
              -103.37039099980606,
              41.69921000006403
            ],
            [
              -103.37039199963097,
              41.74347299975966
            ],
            [
              -103.3626200003716,
              41.743548000121436
            ],
            [
              -103.36333699969877,
              42.00292999969895
            ],
            [
              -104.05264500006052,
              42.001730000116694
            ],
            [
              -104.05268799971822,
              41.69782300014451
            ],
            [
              -103.59933200032975,
              41.69859999985774
            ],
            [
              -103.59922600002454,
              41.698621999833826
            ]
          ]
        ]
      }
    },
    {
      "type": "Feature",
      "id": "us-county:31:159",
      "properties": {
        "boundary_id": "us-county:31:159",
        "boundary_type": "county",
        "name": "Seward County",
        "stateFips": "31",
        "countyFips": "159",
        "bbox": [
          -97.36840100022216,
          40.69797499970813,
          -96.91075099987668,
          41.04694699989228
        ]
      },
      "geometry": {
        "type": "Polygon",
        "coordinates": [
          [
            [
              -96.91075099987668,
              40.78494399985084
            ],
            [
              -96.91094000002258,
              41.046116000193884
            ],
            [
              -97.36811800036494,
              41.04694699989228
            ],
            [
              -97.36840100022216,
              40.698625000280316
            ],
            [
              -96.91111599974967,
              40.69797499970813
            ],
            [
              -96.91077500016613,
              40.779773000167225
            ],
            [
              -96.91075099987668,
              40.78494399985084
            ]
          ]
        ]
      }
    },
    {
      "type": "Feature",
      "id": "us-county:31:161",
      "properties": {
        "boundary_id": "us-county:31:161",
        "boundary_type": "county",
        "name": "Sheridan County",
        "stateFips": "31",
        "countyFips": "161",
        "bbox": [
          -102.79265900029995,
          42.00484300019199,
          -102.0064279999935,
          42.99997999972384
        ]
      },
      "geometry": {
        "type": "Polygon",
        "coordinates": [
          [
            [
              -102.06662699975756,
              42.626286000030966
            ],
            [
              -102.06690499959191,
              42.78549000007306
            ],
            [
              -102.08496100025879,
              42.785508999725025
            ],
            [
              -102.08254599999168,
              42.99935600004935
            ],
            [
              -102.79211100012886,
              42.99997999972384
            ],
            [
              -102.79265900029995,
              42.78516500023061
            ],
            [
              -102.77336900009695,
              42.78526500021171
            ],
            [
              -102.7733659997239,
              42.43992199982374
            ],
            [
              -102.74943099983292,
              42.43993399976284
            ],
            [
              -102.7422689997706,
              42.09238799993975
            ],
            [
              -102.70238299985847,
              42.09274700012737
            ],
            [
              -102.69783500025487,
              42.00484300019199
            ],
            [
              -102.00856200005322,
              42.00890099967499
            ],
            [
              -102.0064279999935,
              42.09622699995698
            ],
            [
              -102.04027999997253,
              42.09674399990815
            ],
            [
              -102.03816900037735,
              42.44330699998547
            ],
            [
              -102.06668899968186,
              42.44346299986781
            ],
            [
              -102.06663199978044,
              42.62622099971975
            ],
            [
              -102.06662699975756,
              42.626286000030966
            ]
          ]
        ]
      }
    },
    {
      "type": "Feature",
      "id": "us-county:31:163",
      "properties": {
        "boundary_id": "us-county:31:163",
        "boundary_type": "county",
        "name": "Sherman County",
        "stateFips": "31",
        "countyFips": "163",
        "bbox": [
          -99.20756399981047,
          41.046640000000714,
          -98.74432999979368,
          41.39417800016616
        ]
      },
      "geometry": {
        "type": "Polygon",
        "coordinates": [
          [
            [
              -98.74819000038242,
              41.19188700019356
            ],
            [
              -98.74432999979368,
              41.39417800016616
            ],
            [
              -99.20326100042926,
              41.39413999979969
            ],
            [
              -99.20756399981047,
              41.04700300002038
            ],
            [
              -98.74852599994308,
              41.046640000000714
            ],
            [
              -98.74819700005511,
              41.19182199970612
            ],
            [
              -98.74819000038242,
              41.19188700019356
            ]
          ]
        ]
      }
    },
    {
      "type": "Feature",
      "id": "us-county:31:165",
      "properties": {
        "boundary_id": "us-county:31:165",
        "boundary_type": "county",
        "name": "Sioux County",
        "stateFips": "31",
        "countyFips": "165",
        "bbox": [
          -104.05315200022372,
          42.001730000116694,
          -103.40152200009456,
          43.00076999979408
        ]
      },
      "geometry": {
        "type": "Polygon",
        "coordinates": [
          [
            [
              -104.05315200022372,
              42.99996799986567
            ],
            [
              -104.05264500006052,
              42.001730000116694
            ],
            [
              -103.40152200009456,
              42.003536999852955
            ],
            [
              -103.40159099969152,
              42.09041099972594
            ],
            [
              -103.44410799978083,
              42.09070800025896
            ],
            [
              -103.44427799966014,
              42.43727500012546
            ],
            [
              -103.480010000154,
              42.437267000047825
            ],
            [
              -103.48033499984402,
              42.7849080003095
            ],
            [
              -103.50308600042757,
              42.78491300030019
            ],
            [
              -103.50509999993837,
              43.00076999979408
            ],
            [
              -104.05302800037515,
              43.00058499977365
            ],
            [
              -104.05315200022372,
              42.99996799986567
            ]
          ]
        ]
      }
    },
    {
      "type": "Feature",
      "id": "us-county:31:167",
      "properties": {
        "boundary_id": "us-county:31:167",
        "boundary_type": "county",
        "name": "Stanton County",
        "stateFips": "31",
        "countyFips": "167",
        "bbox": [
          -97.3684039996969,
          41.742980000080586,
          -97.01935900027127,
          42.09092200014465
        ]
      },
      "geometry": {
        "type": "Polygon",
        "coordinates": [
          [
            [
              -97.01976199977908,
              41.91701300024934
            ],
            [
              -97.01935900027127,
              42.09057700013463
            ],
            [
              -97.3684039996969,
              42.09092200014465
            ],
            [
              -97.36806999978604,
              41.74320700002233
            ],
            [
              -97.019910999742,
              41.742980000080586
            ],
            [
              -97.01975599993128,
              41.9146620003126
            ],
            [
              -97.01976199977908,
              41.91701300024934
            ]
          ]
        ]
      }
    },
    {
      "type": "Feature",
      "id": "us-county:31:169",
      "properties": {
        "boundary_id": "us-county:31:169",
        "boundary_type": "county",
        "name": "Thayer County",
        "stateFips": "31",
        "countyFips": "169",
        "bbox": [
          -97.82149499966981,
          40.00196600014934,
          -97.36868800027734,
          40.35054500001171
        ]
      },
      "geometry": {
        "type": "Polygon",
        "coordinates": [
          [
            [
              -97.36911800044766,
              40.08904700011307
            ],
            [
              -97.36868800027734,
              40.35039199979149
            ],
            [
              -97.82081599997747,
              40.35054500001171
            ],
            [
              -97.82149499966981,
              40.002046999838655
            ],
            [
              -97.36919899974019,
              40.00196600014934
            ],
            [
              -97.36911900027255,
              40.08748799967625
            ],
            [
              -97.36911800044766,
              40.08904700011307
            ]
          ]
        ]
      }
    },
    {
      "type": "Feature",
      "id": "us-county:31:171",
      "properties": {
        "boundary_id": "us-county:31:171",
        "boundary_type": "county",
        "name": "Thomas County",
        "stateFips": "31",
        "countyFips": "171",
        "bbox": [
          -100.8461290004242,
          41.73985599986301,
          -100.26547399976455,
          42.0881660001057
        ]
      },
      "geometry": {
        "type": "Polygon",
        "coordinates": [
          [
            [
              -100.8461290004242,
              42.0881660001057
            ],
            [
              -100.84245899980625,
              41.74040399979915
            ],
            [
              -100.26547399976455,
              41.73985599986301
            ],
            [
              -100.26762200006796,
              42.086146999865996
            ],
            [
              -100.83082699995815,
              42.08813600006426
            ],
            [
              -100.8461290004242,
              42.0881660001057
            ]
          ]
        ]
      }
    },
    {
      "type": "Feature",
      "id": "us-county:31:173",
      "properties": {
        "boundary_id": "us-county:31:173",
        "boundary_type": "county",
        "name": "Thurston County",
        "stateFips": "31",
        "countyFips": "173",
        "bbox": [
          -96.82366999967698,
          42.01518699973646,
          -96.26945899978506,
          42.27800499976451
        ]
      },
      "geometry": {
        "type": "Polygon",
        "coordinates": [
          [
            [
              -96.82317000008479,
              42.235780999945625
            ],
            [
              -96.82366999967698,
              42.09041099972594
            ],
            [
              -96.55551099996116,
              42.0899569997385
            ],
            [
              -96.55465399999356,
              42.01584400027405
            ],
            [
              -96.30964500017117,
              42.01518699973646
            ],
            [
              -96.30938900007813,
              42.04669199999684
            ],
            [
              -96.27312000018216,
              42.04715800014891
            ],
            [
              -96.27947899980528,
              42.070879999950186
            ],
            [
              -96.26945899978506,
              42.114215999909376
            ],
            [
              -96.30975800014907,
              42.13210100017599
            ],
            [
              -96.34968800044213,
              42.17070200004794
            ],
            [
              -96.34737399955905,
              42.193075000292204
            ],
            [
              -96.35966999992921,
              42.21121300026382
            ],
            [
              -96.32276099980065,
              42.23256399973924
            ],
            [
              -96.33131200010813,
              42.25940799975865
            ],
            [
              -96.35625999960229,
              42.2764480000564
            ],
            [
              -96.72666100041688,
              42.27800499976451
            ],
            [
              -96.72618799969055,
              42.264104000014385
            ],
            [
              -96.82249700024023,
              42.26429200001305
            ],
            [
              -96.82293499990814,
              42.23996300004756
            ],
            [
              -96.82317000008479,
              42.235780999945625
            ]
          ]
        ]
      }
    },
    {
      "type": "Feature",
      "id": "us-county:31:175",
      "properties": {
        "boundary_id": "us-county:31:175",
        "boundary_type": "county",
        "name": "Valley County",
        "stateFips": "31",
        "countyFips": "175",
        "bbox": [
          -99.21246499959149,
          41.394084000283115,
          -98.75155799997825,
          41.74061300009512
        ]
      },
      "geometry": {
        "type": "Polygon",
        "coordinates": [
          [
            [
              -99.09728500003676,
              41.74043799982951
            ],
            [
              -99.21201600005291,
              41.74061300009512
            ],
            [
              -99.21246499959149,
              41.39423499966339
            ],
            [
              -98.75155799997825,
              41.394084000283115
            ],
            [
              -98.75222499997503,
              41.7403719999119
            ],
            [
              -99.08817100038792,
              41.74058299979619
            ],
            [
              -99.09728500003676,
              41.74043799982951
            ]
          ]
        ]
      }
    },
    {
      "type": "Feature",
      "id": "us-county:31:177",
      "properties": {
        "boundary_id": "us-county:31:177",
        "boundary_type": "county",
        "name": "Washington County",
        "stateFips": "31",
        "countyFips": "177",
        "bbox": [
          -96.44478500029871,
          41.390752000176214,
          -95.91998900021198,
          41.68363299975897
        ]
      },
      "geometry": {
        "type": "Polygon",
        "coordinates": [
          [
            [
              -96.0965040000559,
              41.54518599972546
            ],
            [
              -96.08138999991081,
              41.577900000161826
            ],
            [
              -96.11679500016653,
              41.608073000001426
            ],
            [
              -96.09522100011597,
              41.65011400012904
            ],
            [
              -96.12257800002945,
              41.68305900022563
            ],
            [
              -96.44478500029871,
              41.68363299975897
            ],
            [
              -96.4438980001939,
              41.52393299992736
            ],
            [
              -96.43445999978164,
              41.52393099976461
            ],
            [
              -96.43479200004265,
              41.49492799977474
            ],
            [
              -96.42521999973609,
              41.494865000026394
            ],
            [
              -96.42521100041357,
              41.48034200027845
            ],
            [
              -96.40593600027918,
              41.48045999972834
            ],
            [
              -96.40562199956153,
              41.465820999831806
            ],
            [
              -96.38642000012038,
              41.46574899998436
            ],
            [
              -96.38647799984669,
              41.451253000007654
            ],
            [
              -96.36720000023757,
              41.45095299971583
            ],
            [
              -96.36733599978172,
              41.43669800002932
            ],
            [
              -96.32892299978027,
              41.43662099976412
            ],
            [
              -96.32901200036706,
              41.39313600008752
            ],
            [
              -95.93779100043564,
              41.390752000176214
            ],
            [
              -95.93277799960333,
              41.43081499977326
            ],
            [
              -95.91998900021198,
              41.452603999811274
            ],
            [
              -95.93634000026624,
              41.46530399985403
            ],
            [
              -95.966688000207,
              41.463425000227055
            ],
            [
              -96.01358499967041,
              41.478468999693554
            ],
            [
              -96.01954300033385,
              41.491591999726126
            ],
            [
              -95.99328000021441,
              41.51231400029589
            ],
            [
              -95.99996600007567,
              41.539479999972905
            ],
            [
              -96.0234900000629,
              41.543438000068114
            ],
            [
              -96.03487699968865,
              41.511703999699115
            ],
            [
              -96.04468599982167,
              41.50689300017595
            ],
            [
              -96.08403100013375,
              41.52687500024719
            ],
            [
              -96.09575800041641,
              41.543269000074304
            ],
            [
              -96.0965040000559,
              41.54518599972546
            ]
          ]
        ]
      }
    },
    {
      "type": "Feature",
      "id": "us-county:31:179",
      "properties": {
        "boundary_id": "us-county:31:179",
        "boundary_type": "county",
        "name": "Wayne County",
        "stateFips": "31",
        "countyFips": "179",
        "bbox": [
          -97.3684039996969,
          42.09041099972594,
          -96.82249700024023,
          42.35186099977746
        ]
      },
      "geometry": {
        "type": "Polygon",
        "coordinates": [
          [
            [
              -97.36792199964805,
              42.26743399976981
            ],
            [
              -97.3684039996969,
              42.09092200014465
            ],
            [
              -96.82366999967698,
              42.09041099972594
            ],
            [
              -96.82249700024023,
              42.26429200001305
            ],
            [
              -97.01772999982663,
              42.264453000061394
            ],
            [
              -97.01778900027617,
              42.35134700021276
            ],
            [
              -97.36772400017965,
              42.35186099977746
            ],
            [
              -97.36791999999822,
              42.269581999802625
            ],
            [
              -97.36792199964805,
              42.26743399976981
            ]
          ]
        ]
      }
    },
    {
      "type": "Feature",
      "id": "us-county:31:181",
      "properties": {
        "boundary_id": "us-county:31:181",
        "boundary_type": "county",
        "name": "Webster County",
        "stateFips": "31",
        "countyFips": "181",
        "bbox": [
          -98.72682700021907,
          40.0024000000556,
          -98.27357100038972,
          40.35039799967244
        ]
      },
      "geometry": {
        "type": "Polygon",
        "coordinates": [
          [
            [
              -98.49964700038451,
              40.00248800020758
            ],
            [
              -98.27383699963019,
              40.0028949997791
            ],
            [
              -98.27357100038972,
              40.3503589997522
            ],
            [
              -98.72682700021907,
              40.35039799967244
            ],
            [
              -98.72637299975932,
              40.0024000000556
            ],
            [
              -98.49982899995938,
              40.00249099974155
            ],
            [
              -98.49964700038451,
              40.00248800020758
            ]
          ]
        ]
      }
    },
    {
      "type": "Feature",
      "id": "us-county:31:183",
      "properties": {
        "boundary_id": "us-county:31:183",
        "boundary_type": "county",
        "name": "Wheeler County",
        "stateFips": "31",
        "countyFips": "183",
        "bbox": [
          -98.76118299998826,
          41.74038200004593,
          -98.29543800034321,
          42.08887299993059
        ]
      },
      "geometry": {
        "type": "Polygon",
        "coordinates": [
          [
            [
              -98.76118299998826,
              42.07117199999162
            ],
            [
              -98.75913299959414,
              41.74038200004593
            ],
            [
              -98.29575999966018,
              41.74117800009122
            ],
            [
              -98.29543800034321,
              42.08887299993059
            ],
            [
              -98.76115500039917,
              42.08851799970977
            ],
            [
              -98.7611639997217,
              42.072458000224636
            ],
            [
              -98.76118299998826,
              42.07117199999162
            ]
          ]
        ]
      }
    },
    {
      "type": "Feature",
      "id": "us-county:31:185",
      "properties": {
        "boundary_id": "us-county:31:185",
        "boundary_type": "county",
        "name": "York County",
        "stateFips": "31",
        "countyFips": "185",
        "bbox": [
          -97.82628699967087,
          40.698554999769016,
          -97.36811800036494,
          41.04694699989228
        ]
      },
      "geometry": {
        "type": "Polygon",
        "coordinates": [
          [
            [
              -97.36843100035938,
              40.785660999835436
            ],
            [
              -97.36811800036494,
              41.04694699989228
            ],
            [
              -97.82628699967087,
              41.04658100032531
            ],
            [
              -97.82572299960627,
              40.698554999769016
            ],
            [
              -97.36840100022216,
              40.698625000280316
            ],
            [
              -97.36843100035938,
              40.78558400011327
            ],
            [
              -97.36843100035938,
              40.785660999835436
            ]
          ]
        ]
      }
    },
    {
      "type": "Feature",
      "id": "us-state:31",
      "properties": {
        "boundary_id": "us-state:31",
        "boundary_type": "state",
        "name": "Nebraska",
        "stateFips": "31",
        "bbox": [
          -104.0532490003081,
          39.999998000215854,
          -95.3082900002008,
          42.99996799986567
        ]
      },
      "geometry": {
        "type": "Polygon",
        "coordinates": [
          [
            [
              -95.93779100043564,
              41.390752000176214
            ],
            [
              -95.93277799960333,
              41.43081499977326
            ],
            [
              -95.91998900021198,
              41.452603999811274
            ],
            [
              -95.93634000026624,
              41.46530399985403
            ],
            [
              -95.966688000207,
              41.463425000227055
            ],
            [
              -96.01358499967041,
              41.478468999693554
            ],
            [
              -96.01954300033385,
              41.491591999726126
            ],
            [
              -95.99328000021441,
              41.51231400029589
            ],
            [
              -95.99996600007567,
              41.539479999972905
            ],
            [
              -96.0234900000629,
              41.543438000068114
            ],
            [
              -96.04061299969592,
              41.50689300017595
            ],
            [
              -96.09443699994335,
              41.53946299998343
            ],
            [
              -96.08138999991081,
              41.577900000161826
            ],
            [
              -96.10945499982896,
              41.59677500010568
            ],
            [
              -96.11827700029806,
              41.614967000040316
            ],
            [
              -96.09522100011597,
              41.65011400012904
            ],
            [
              -96.12260399996873,
              41.68303999985784
            ],
            [
              -96.11346100000756,
              41.697569000099726
            ],
            [
              -96.07322500029105,
              41.704062000014815
            ],
            [
              -96.10638000013608,
              41.73776200015972
            ],
            [
              -96.08089000031862,
              41.75752600014354
            ],
            [
              -96.06532699973664,
              41.79717300003344
            ],
            [
              -96.106565000084,
              41.819613000228266
            ],
            [
              -96.11054799979807,
              41.84919899970627
            ],
            [
              -96.14190800041543,
              41.868998999816796
            ],
            [
              -96.16175599993694,
              41.901820000082054
            ],
            [
              -96.13674300014546,
              41.92082600003354
            ],
            [
              -96.14458300007522,
              41.941544000297434
            ],
            [
              -96.13035500021003,
              41.97286299977435
            ],
            [
              -96.18721899999022,
              41.97794600021162
            ],
            [
              -96.18400200000713,
              42.0030629997442
            ],
            [
              -96.19455599995474,
              42.00866200022639
            ],
            [
              -96.21522500035712,
              42.00670099993537
            ],
            [
              -96.2271719998495,
              41.994331999682174
            ],
            [
              -96.24071299962644,
              41.99935100004657
            ],
            [
              -96.22190100017265,
              42.029557999690304
            ],
            [
              -96.23025300028849,
              42.03943299967788
            ],
            [
              -96.25835599984144,
              42.038337999827824
            ],
            [
              -96.27439300007636,
              42.04924399971367
            ],
            [
              -96.27947899980528,
              42.070879999950186
            ],
            [
              -96.26945899978506,
              42.114215999909376
            ],
            [
              -96.30975800014907,
              42.13210100017599
            ],
            [
              -96.34860200014572,
              42.16802700022328
            ],
            [
              -96.34737399955905,
              42.193075000292204
            ],
            [
              -96.35986999994576,
              42.21055300028263
            ],
            [
              -96.32372300024853,
              42.22988700001354
            ],
            [
              -96.32889699984102,
              42.25472300025433
            ],
            [
              -96.36575099971799,
              42.2858139997787
            ],
            [
              -96.37530700013103,
              42.318338999962776
            ],
            [
              -96.4177859996872,
              42.35144899995698
            ],
            [
              -96.40843600003679,
              42.376091999994706
            ],
            [
              -96.41518600037047,
              42.404203000051936
            ],
            [
              -96.38070500002951,
              42.44639299988408
            ],
            [
              -96.38600300036887,
              42.474495999752996
            ],
            [
              -96.40196199988763,
              42.486439999867926
            ],
            [
              -96.44548300025762,
              42.49062999995488
            ],
            [
              -96.47877600019491,
              42.47970199979088
            ],
            [
              -96.50131900036601,
              42.48274900022567
            ],
            [
              -96.52877800038674,
              42.51326700022759
            ],
            [
              -96.54878900011488,
              42.52054699987012
            ],
            [
              -96.61148799963654,
              42.506086000275225
            ],
            [
              -96.62818099999755,
              42.51696400007993
            ],
            [
              -96.64358499967256,
              42.55760699980114
            ],
            [
              -96.68405899993876,
              42.57646199997986
            ],
            [
              -96.70982400011583,
              42.60510000015564
            ],
            [
              -96.70948699983192,
              42.6219310003214
            ],
            [
              -96.68778999975774,
              42.645993000027445
            ],
            [
              -96.69126799985675,
              42.65619799982613
            ],
            [
              -96.72802700019749,
              42.66687999976873
            ],
            [
              -96.79323499969757,
              42.66602099974344
            ],
            [
              -96.8021769998173,
              42.67223499993819
            ],
            [
              -96.80621300013311,
              42.70415400006874
            ],
            [
              -96.90679699957661,
              42.73379999982058
            ],
            [
              -96.93758899993139,
              42.71959700004264
            ],
            [
              -96.9615759997009,
              42.719841000174746
            ],
            [
              -96.96123000009449,
              42.74062300021933
            ],
            [
              -96.9791200001817,
              42.76009000001935
            ],
            [
              -97.13025700036115,
              42.77154099973539
            ],
            [
              -97.15076299965861,
              42.795565999836725
            ],
            [
              -97.21012600026981,
              42.80929600011821
            ],
            [
              -97.21882499981697,
              42.84584800016451
            ],
            [
              -97.28985899973604,
              42.855499000229564
            ],
            [
              -97.30667699977053,
              42.86760400026366
            ],
            [
              -97.35956899970729,
              42.854816000227
            ],
            [
              -97.41084700016637,
              42.86798399999658
            ],
            [
              -97.44490500000971,
              42.84593200007434
            ],
            [
              -97.50484699985584,
              42.85847699976964
            ],
            [
              -97.55789399960332,
              42.84753200013281
            ],
            [
              -97.61181099973716,
              42.85836700030282
            ],
            [
              -97.68647699974102,
              42.84221200007214
            ],
            [
              -97.77438099957311,
              42.84974000028145
            ],
            [
              -97.84539299975087,
              42.86771999972328
            ],
            [
              -97.87553099962933,
              42.858656000195246
            ],
            [
              -97.88864700015715,
              42.81717700030931
            ],
            [
              -97.9348270002934,
              42.776877999892974
            ],
            [
              -98.01307199978028,
              42.76221900017211
            ],
            [
              -98.05668400038684,
              42.770675999755625
            ],
            [
              -98.14710899989294,
              42.83963100021773
            ],
            [
              -98.18981099993019,
              42.841642999982
            ],
            [
              -98.2518099998431,
              42.87282399977381
            ],
            [
              -98.32586400010177,
              42.88650000025549
            ],
            [
              -98.4207400000254,
              42.93192399981169
            ],
            [
              -98.44414500018695,
              42.92924200016799
            ],
            [
              -98.46735600017975,
              42.9475560001641
            ],
            [
              -98.49855000021742,
              42.99855899984257
            ],
            [
              -104.05315200022372,
              42.99996799986567
            ],
            [
              -104.0532490003081,
              41.001405999738765
            ],
            [
              -102.05171699982698,
              41.0023589997564
            ],
            [
              -102.05174399959115,
              40.00307800029882
            ],
            [
              -95.3082900002008,
              39.999998000215854
            ],
            [
              -95.34877699998748,
              40.02929700020018
            ],
            [
              -95.39152699970529,
              40.027057999777476
            ],
            [
              -95.41510599994412,
              40.04034099968896
            ],
            [
              -95.42133999989376,
              40.0607459997853
            ],
            [
              -95.39334699994565,
              40.119211999883326
            ],
            [
              -95.42740899998697,
              40.134607999960615
            ],
            [
              -95.43634799973363,
              40.15871999979878
            ],
            [
              -95.479192999886,
              40.1856520000733
            ],
            [
              -95.4823189996325,
              40.20066700007847
            ],
            [
              -95.46971799966381,
              40.22790799968974
            ],
            [
              -95.47869400011871,
              40.24366099999388
            ],
            [
              -95.55247300001777,
              40.26190399986298
            ],
            [
              -95.55162000024816,
              40.28866599972103
            ],
            [
              -95.56215699957902,
              40.29735899986191
            ],
            [
              -95.61043899998792,
              40.31397000007456
            ],
            [
              -95.65732799995374,
              40.31085600004829
            ],
            [
              -95.65372900037922,
              40.322582000255075
            ],
            [
              -95.62268400030446,
              40.34232300026568
            ],
            [
              -95.66060199983822,
              40.412408999822034
            ],
            [
              -95.65657499974324,
              40.438701000296014
            ],
            [
              -95.69465100035907,
              40.47145199981882
            ],
            [
              -95.69996899989161,
              40.50527499999936
            ],
            [
              -95.66168099956366,
              40.517311999757126
            ],
            [
              -95.65584800037031,
              40.546608999840025
            ],
            [
              -95.67871500040653,
              40.5625609999768
            ],
            [
              -95.69414699967061,
              40.55694200025518
            ],
            [
              -95.69549499990785,
              40.53202099975563
            ],
            [
              -95.70859100034419,
              40.521551000024616
            ],
            [
              -95.76285699955918,
              40.52837100026322
            ],
            [
              -95.77470400039076,
              40.573574000170495
            ],
            [
              -95.74968499985317,
              40.60684199997195
            ],
            [
              -95.76892599965237,
              40.62126400032692
            ],
            [
              -95.78382200023756,
              40.65497400015884
            ],
            [
              -95.84231600028733,
              40.67717099989065
            ],
            [
              -95.85445600012355,
              40.70416399970158
            ],
            [
              -95.88534899986234,
              40.721093000136406
            ],
            [
              -95.88152900035489,
              40.75061100031151
            ],
            [
              -95.83488100041352,
              40.7802099999428
            ],
            [
              -95.84534199957639,
              40.811323999846636
            ],
            [
              -95.83718600017744,
              40.83534700012046
            ],
            [
              -95.84778500033089,
              40.864327999892865
            ],
            [
              -95.81593299961897,
              40.879845999708685
            ],
            [
              -95.80937900000218,
              40.89327900024909
            ],
            [
              -95.83974299983646,
              40.93278000006764
            ],
            [
              -95.82979200031153,
              40.97734399972968
            ],
            [
              -95.86695099978701,
              41.0010849998842
            ],
            [
              -95.85965400000548,
              41.0356949998882
            ],
            [
              -95.88234199994154,
              41.0594189997622
            ],
            [
              -95.86242699957457,
              41.089686999754754
            ],
            [
              -95.88254000030825,
              41.15588099975895
            ],
            [
              -95.87111000012649,
              41.16763499996292
            ],
            [
              -95.84695699977733,
              41.166603999808295
            ],
            [
              -95.8421880002408,
              41.17742100023218
            ],
            [
              -95.86379699955312,
              41.1882450002408
            ],
            [
              -95.9161189995775,
              41.185279000300845
            ],
            [
              -95.9279749997316,
              41.20006900011093
            ],
            [
              -95.91062899961751,
              41.234578999898254
            ],
            [
              -95.92230400002167,
              41.26301999980445
            ],
            [
              -95.914090999823,
              41.27242799989608
            ],
            [
              -95.92864599992635,
              41.28133200018008
            ],
            [
              -95.92764199964567,
              41.2984399999916
            ],
            [
              -95.90589900043906,
              41.3010379998699
            ],
            [
              -95.91258100010236,
              41.27952700008588
            ],
            [
              -95.90283999974139,
              41.27437399969438
            ],
            [
              -95.87605100009048,
              41.285739000298506
            ],
            [
              -95.87187099983461,
              41.301812999922305
            ],
            [
              -95.88555399990176,
              41.31809699970877
            ],
            [
              -95.9251850004441,
              41.32135499996576
            ],
            [
              -95.95529400001026,
              41.34189599996613
            ],
            [
              -95.95427100036135,
              41.353508000217175
            ],
            [
              -95.92968100016915,
              41.36705799971541
            ],
            [
              -95.93741800016674,
              41.38951600029398
            ],
            [
              -95.93779100043564,
              41.390752000176214
            ]
          ]
        ]
      }
    }
  ]
}
