{
  "type": "FeatureCollection",
  "features": [
    {
      "type": "Feature",
      "id": "us-cd:119:17:01",
      "properties": {
        "boundary_id": "us-cd:119:17:01",
        "boundary_type": "congressional_district",
        "name": "1",
        "stateFips": "17",
        "congress": 119,
        "district": "01",
        "bbox": [
          -88.2522190003911,
          41.14681200029611,
          -87.55532100034485,
          41.86024999994852
        ]
      },
      "geometry": {
        "type": "Polygon",
        "coordinates": [
          [
            [
              -88.2522190003911,
              41.46275299996375
            ],
            [
              -88.2441440002847,
              41.201565999910564
            ],
            [
              -87.99124799977854,
              41.205330999728865
            ],
            [
              -87.9368579998167,
              41.15778500002132
            ],
            [
              -87.89253499973073,
              41.14681200029611
            ],
            [
              -87.85764599985906,
              41.16261200006987
            ],
            [
              -87.86047600022788,
              41.14801600033493
            ],
            [
              -87.83484900014305,
              41.14815500030478
            ],
            [
              -87.83803000014115,
              41.206805999667125
            ],
            [
              -87.81872599969445,
              41.20694799999
            ],
            [
              -87.81906899982611,
              41.22156700018588
            ],
            [
              -87.79951800040553,
              41.22168600002252
            ],
            [
              -87.79943499966653,
              41.20708899977251
            ],
            [
              -87.78010699982869,
              41.20725599982172
            ],
            [
              -87.78166199975517,
              41.29586299986386
            ],
            [
              -87.84253500008704,
              41.29510100033706
            ],
            [
              -87.84107700024494,
              41.30741099972226
            ],
            [
              -87.82362300017581,
              41.31099899980712
            ],
            [
              -87.82433000035556,
              41.353469999685856
            ],
            [
              -87.7857730004141,
              41.353990000311384
            ],
            [
              -87.79040800005633,
              41.528040999984114
            ],
            [
              -87.74279099999437,
              41.527962999888175
            ],
            [
              -87.74164100012382,
              41.57596399996669
            ],
            [
              -87.72921699970715,
              41.58645099977763
            ],
            [
              -87.7065859996725,
              41.58621199998967
            ],
            [
              -87.6994959995802,
              41.60884999970111
            ],
            [
              -87.68514300004155,
              41.619855000032004
            ],
            [
              -87.6560229997891,
              41.62625900028749
            ],
            [
              -87.66674199959317,
              41.63369600008038
            ],
            [
              -87.66148199978696,
              41.64839399998599
            ],
            [
              -87.68067999992844,
              41.64818499987157
            ],
            [
              -87.68020700010042,
              41.66270299986817
            ],
            [
              -87.66060800010094,
              41.65510700032146
            ],
            [
              -87.62174599966264,
              41.66173399966756
            ],
            [
              -87.62288399983761,
              41.715737999885164
            ],
            [
              -87.59631699994455,
              41.707610000283395
            ],
            [
              -87.58512699996231,
              41.722338999692006
            ],
            [
              -87.56451100016169,
              41.70810299983075
            ],
            [
              -87.55532100034485,
              41.75187899976797
            ],
            [
              -87.56623299959443,
              41.75172799975209
            ],
            [
              -87.56650600030422,
              41.7659900001973
            ],
            [
              -87.58632899971138,
              41.76612099987494
            ],
            [
              -87.58702099982251,
              41.79956600026742
            ],
            [
              -87.6038969995833,
              41.80956500004325
            ],
            [
              -87.60406399998789,
              41.81684599987474
            ],
            [
              -87.58337799986705,
              41.81707800004562
            ],
            [
              -87.59747400038609,
              41.83878000023123
            ],
            [
              -87.60720900000095,
              41.83962400000515
            ],
            [
              -87.60429999998942,
              41.85271399997235
            ],
            [
              -87.62247299993388,
              41.86024999994852
            ],
            [
              -87.6302960001452,
              41.82366199967789
            ],
            [
              -87.61376299961775,
              41.818484000310995
            ],
            [
              -87.61562200021616,
              41.78023899985548
            ],
            [
              -87.64617400037142,
              41.779729000224414
            ],
            [
              -87.64423199993234,
              41.75799400019559
            ],
            [
              -87.68668200007448,
              41.75747799970466
            ],
            [
              -87.68813599971864,
              41.764617999793735
            ],
            [
              -87.72219100008728,
              41.75683800025115
            ],
            [
              -87.72385800016674,
              41.73482500013323
            ],
            [
              -87.70212400028264,
              41.735202999764695
            ],
            [
              -87.70183399985441,
              41.72073199973633
            ],
            [
              -87.69173199981842,
              41.713565999963656
            ],
            [
              -87.68184300021777,
              41.71367199967518
            ],
            [
              -87.6825140004125,
              41.73552499985609
            ],
            [
              -87.66974799968905,
              41.73190699989149
            ],
            [
              -87.67115399965263,
              41.699342999945465
            ],
            [
              -87.68127099975723,
              41.695422000106056
            ],
            [
              -87.68636300023226,
              41.67720499999075
            ],
            [
              -87.70990099956488,
              41.67683700002518
            ],
            [
              -87.71057900033063,
              41.69141500006494
            ],
            [
              -87.73972999964688,
              41.690890999817775
            ],
            [
              -87.71973900001022,
              41.67667300023054
            ],
            [
              -87.71862299957657,
              41.647496000248694
            ],
            [
              -87.73808199983398,
              41.64716300017571
            ],
            [
              -87.73775799996888,
              41.6383729999596
            ],
            [
              -87.75700100031621,
              41.632186000168794
            ],
            [
              -87.75556400039049,
              41.59027300023235
            ],
            [
              -87.77475400013608,
              41.57923399971571
            ],
            [
              -87.7759590002582,
              41.55881199999585
            ],
            [
              -87.85618499964392,
              41.5576059998563
            ],
            [
              -87.85179900042202,
              41.57222899991997
            ],
            [
              -87.87122000014628,
              41.571871999932995
            ],
            [
              -87.89104900029953,
              41.586160000132246
            ],
            [
              -87.89144699978448,
              41.60067100013688
            ],
            [
              -87.91048099989443,
              41.600442999896124
            ],
            [
              -87.91269199994703,
              41.66574399967482
            ],
            [
              -87.98089800004546,
              41.67154900020161
            ],
            [
              -87.99674199993649,
              41.65656399990636
            ],
            [
              -88.02835400044891,
              41.66353400010225
            ],
            [
              -88.02768800027705,
              41.641505999862105
            ],
            [
              -88.06034699982953,
              41.63694600015567
            ],
            [
              -88.06648700006785,
              41.59694900005136
            ],
            [
              -88.04064900009585,
              41.59740700013677
            ],
            [
              -88.05295299996361,
              41.584675999729924
            ],
            [
              -88.0257900002189,
              41.58329999992297
            ],
            [
              -88.01899100037973,
              41.38044000018863
            ],
            [
              -88.13489599965753,
              41.37824700022771
            ],
            [
              -88.13835299984015,
              41.4647000000103
            ],
            [
              -88.1769089999567,
              41.46406499970925
            ],
            [
              -88.17829499982876,
              41.48171399972581
            ],
            [
              -88.214300999959,
              41.46344699968719
            ],
            [
              -88.24046699999408,
              41.462953000281146
            ],
            [
              -88.2522190003911,
              41.46275299996375
            ]
          ]
        ]
      }
    },
    {
      "type": "Feature",
      "id": "us-cd:119:17:02",
      "properties": {
        "boundary_id": "us-cd:119:17:02",
        "boundary_type": "congressional_district",
        "name": "2",
        "stateFips": "17",
        "congress": 119,
        "district": "02",
        "bbox": [
          -88.67144999998906,
          40.02074000030904,
          -87.52366100015183,
          41.81707800004562
        ]
      },
      "geometry": {
        "type": "Polygon",
        "coordinates": [
          [
            [
              -88.67144999998906,
              40.89767000033056
            ],
            [
              -88.671198000094,
              40.87340900009732
            ],
            [
              -88.64050100017376,
              40.87364100014936
            ],
            [
              -88.64245000028555,
              40.84449000001856
            ],
            [
              -88.58522099973405,
              40.850313000123485
            ],
            [
              -88.57450199993,
              40.61654999982182
            ],
            [
              -88.45947499963785,
              40.61734500005883
            ],
            [
              -88.4592599995527,
              40.53003900002316
            ],
            [
              -88.37066100013475,
              40.52975699968633
            ],
            [
              -88.37064600006613,
              40.4649830001504
            ],
            [
              -88.3469880001846,
              40.464973000044864
            ],
            [
              -88.34698700035969,
              40.39841699989663
            ],
            [
              -88.4599569996867,
              40.39884999978479
            ],
            [
              -88.46026899985624,
              40.31099100031278
            ],
            [
              -88.23290999992155,
              40.311569999802046
            ],
            [
              -88.23248499977409,
              40.282320999893386
            ],
            [
              -88.17439199958234,
              40.28275999968294
            ],
            [
              -88.17452700019984,
              40.27538700033632
            ],
            [
              -88.16929300033291,
              40.28275399995634
            ],
            [
              -88.11706400019496,
              40.275716999904496
            ],
            [
              -88.11716799995202,
              40.283183999800094
            ],
            [
              -88.0785640001549,
              40.28339699972012
            ],
            [
              -88.07888700019508,
              40.31251599977999
            ],
            [
              -87.92999200003038,
              40.313376000216536
            ],
            [
              -87.92876000014408,
              40.22561899967871
            ],
            [
              -87.94210299955428,
              40.22548199968771
            ],
            [
              -87.939632000109,
              40.08361600019752
            ],
            [
              -87.80648299992605,
              40.08591300001716
            ],
            [
              -87.8062129995893,
              40.041618000076994
            ],
            [
              -87.7868999998201,
              40.04183000003089
            ],
            [
              -87.78662000033592,
              40.02727000028463
            ],
            [
              -87.67621099996757,
              40.027921000254906
            ],
            [
              -87.67614700039346,
              40.042607999916065
            ],
            [
              -87.65874000018,
              40.04284999984513
            ],
            [
              -87.65706800007766,
              40.02805299992559
            ],
            [
              -87.6238400004377,
              40.02074000030904
            ],
            [
              -87.61486999983056,
              40.057970000151755
            ],
            [
              -87.53217099955312,
              40.05880200011886
            ],
            [
              -87.52366100015183,
              41.75990699999969
            ],
            [
              -87.55754599974283,
              41.76285300017987
            ],
            [
              -87.57682400025027,
              41.78544199983579
            ],
            [
              -87.58337799986705,
              41.81707800004562
            ],
            [
              -87.60406399998789,
              41.81684599987474
            ],
            [
              -87.58702099982251,
              41.79956600026742
            ],
            [
              -87.58632899971138,
              41.76612099987494
            ],
            [
              -87.56650600030422,
              41.7659900001973
            ],
            [
              -87.56623299959443,
              41.75172799975209
            ],
            [
              -87.55532100034485,
              41.75187899976797
            ],
            [
              -87.56451100016169,
              41.70810299983075
            ],
            [
              -87.58512699996231,
              41.722338999692006
            ],
            [
              -87.59631699994455,
              41.707610000283395
            ],
            [
              -87.62288399983761,
              41.715737999885164
            ],
            [
              -87.62174599966264,
              41.66173399966756
            ],
            [
              -87.66060800010094,
              41.65510700032146
            ],
            [
              -87.68020700010042,
              41.66270299986817
            ],
            [
              -87.68067999992844,
              41.64818499987157
            ],
            [
              -87.66148199978696,
              41.64839399998599
            ],
            [
              -87.66674199959317,
              41.63369600008038
            ],
            [
              -87.6560229997891,
              41.62625900028749
            ],
            [
              -87.68514300004155,
              41.619855000032004
            ],
            [
              -87.6994959995802,
              41.60884999970111
            ],
            [
              -87.7065859996725,
              41.58621199998967
            ],
            [
              -87.72921699970715,
              41.58645099977763
            ],
            [
              -87.74164100012382,
              41.57596399996669
            ],
            [
              -87.74279099999437,
              41.527962999888175
            ],
            [
              -87.79040800005633,
              41.528040999984114
            ],
            [
              -87.7857730004141,
              41.353990000311384
            ],
            [
              -87.82433000035556,
              41.353469999685856
            ],
            [
              -87.82362300017581,
              41.31099899980712
            ],
            [
              -87.84107700024494,
              41.30741099972226
            ],
            [
              -87.84253500008704,
              41.29510100033706
            ],
            [
              -87.78166199975517,
              41.29586299986386
            ],
            [
              -87.78010699982869,
              41.20725599982172
            ],
            [
              -87.79943499966653,
              41.20708899977251
            ],
            [
              -87.79951800040553,
              41.22168600002252
            ],
            [
              -87.81906899982611,
              41.22156700018588
            ],
            [
              -87.81872599969445,
              41.20694799999
            ],
            [
              -87.83803000014115,
              41.206805999667125
            ],
            [
              -87.83484900014305,
              41.14815500030478
            ],
            [
              -87.86047600022788,
              41.14801600033493
            ],
            [
              -87.85764599985906,
              41.16261200006987
            ],
            [
              -87.89253499973073,
              41.14681200029611
            ],
            [
              -87.9368579998167,
              41.15778500002132
            ],
            [
              -87.99124799977854,
              41.205330999728865
            ],
            [
              -88.2441440002847,
              41.201565999910564
            ],
            [
              -88.24088899976846,
              41.11438300016972
            ],
            [
              -88.58460999981378,
              41.1083099996618
            ],
            [
              -88.58592899973871,
              40.94485300029273
            ],
            [
              -88.60529400028477,
              40.93584399981566
            ],
            [
              -88.58804000023221,
              40.935990000067925
            ],
            [
              -88.60464599965627,
              40.93226099966633
            ],
            [
              -88.6050699999788,
              40.91773000025557
            ],
            [
              -88.63564999972316,
              40.892059999710895
            ],
            [
              -88.66777299969843,
              40.9059460000338
            ],
            [
              -88.6714399999433,
              40.898579999916386
            ],
            [
              -88.67144999998906,
              40.89767000033056
            ]
          ]
        ]
      }
    },
    {
      "type": "Feature",
      "id": "us-cd:119:17:03",
      "properties": {
        "boundary_id": "us-cd:119:17:03",
        "boundary_type": "congressional_district",
        "name": "3",
        "stateFips": "17",
        "congress": 119,
        "district": "03",
        "bbox": [
          -88.26354599974238,
          41.81358300013454,
          -87.68396300003377,
          42.05942299996686
        ]
      },
      "geometry": {
        "type": "Polygon",
        "coordinates": [
          [
            [
              -88.26354599974238,
              42.058979999847
            ],
            [
              -88.2627869996841,
              41.81563199990104
            ],
            [
              -88.16593999990738,
              41.83035699967252
            ],
            [
              -88.15125699975752,
              41.81358300013454
            ],
            [
              -88.11377900043979,
              41.81473000009128
            ],
            [
              -88.1018680000341,
              41.835279999824834
            ],
            [
              -88.10304100036916,
              41.865339999703046
            ],
            [
              -88.0345699999569,
              41.884156000079585
            ],
            [
              -88.03811900020102,
              41.904271999699105
            ],
            [
              -87.99343600026495,
              41.89970699998281
            ],
            [
              -87.96678999983087,
              41.93007899992383
            ],
            [
              -87.92028800037765,
              41.931299999847546
            ],
            [
              -87.91490100034983,
              41.948168000207914
            ],
            [
              -87.84958800036942,
              41.937285999707555
            ],
            [
              -87.83196500024592,
              41.910378000138124
            ],
            [
              -87.76701799996339,
              41.918979999963234
            ],
            [
              -87.75285799987026,
              41.91532599967585
            ],
            [
              -87.74580700013601,
              41.89500399978671
            ],
            [
              -87.68684299973297,
              41.89574299987074
            ],
            [
              -87.68396300003377,
              41.93221600009754
            ],
            [
              -87.68825799991738,
              41.94673100022834
            ],
            [
              -87.6980310000654,
              41.94668299991828
            ],
            [
              -87.7047479998888,
              41.97577500010401
            ],
            [
              -87.7392800002834,
              41.971766999821384
            ],
            [
              -87.72276299964949,
              41.95552300015209
            ],
            [
              -87.72490000008223,
              41.94458600011988
            ],
            [
              -87.73931899974315,
              41.9462209999298
            ],
            [
              -87.75141300044695,
              41.96432800007309
            ],
            [
              -87.7826619998379,
              41.96470300017207
            ],
            [
              -87.79064599970769,
              41.952845999720765
            ],
            [
              -87.82000799980946,
              41.94759700000463
            ],
            [
              -87.88715299972579,
              41.95828200003698
            ],
            [
              -87.90208199992293,
              41.951035999734145
            ],
            [
              -87.92002200023887,
              41.96352499993139
            ],
            [
              -87.9204759998003,
              41.993886000035936
            ],
            [
              -87.93896699976206,
              41.993515000035764
            ],
            [
              -87.92906700029076,
              42.004964000124836
            ],
            [
              -87.89013100023259,
              42.002319999774414
            ],
            [
              -87.9004829996155,
              42.02371700025612
            ],
            [
              -87.94048300022878,
              42.022716000154375
            ],
            [
              -87.94069699959073,
              42.03738900026304
            ],
            [
              -87.9669839999996,
              42.038140999795786
            ],
            [
              -87.95992499986944,
              42.02463900000807
            ],
            [
              -87.97920300037688,
              42.01527699979075
            ],
            [
              -87.96900500008141,
              41.97163200020876
            ],
            [
              -87.9788329995827,
              41.963752999953996
            ],
            [
              -87.96911899988424,
              41.9611680002664
            ],
            [
              -87.96915400004434,
              41.949552000267744
            ],
            [
              -87.98869199994445,
              41.949200999753515
            ],
            [
              -87.9886740004011,
              41.94252600003507
            ],
            [
              -88.00332499986558,
              41.94900000023904
            ],
            [
              -88.03202300034363,
              41.93148500000456
            ],
            [
              -88.05200700030757,
              41.934275000054356
            ],
            [
              -88.05213000033125,
              41.92098899988645
            ],
            [
              -88.09113699963618,
              41.92451300030246
            ],
            [
              -88.0961510002934,
              41.9024880002166
            ],
            [
              -88.08197899960639,
              41.9029630002456
            ],
            [
              -88.08222899985167,
              41.888881000187126
            ],
            [
              -88.11186100029015,
              41.88802699982997
            ],
            [
              -88.12158199966132,
              41.892626999870664
            ],
            [
              -88.12055599963934,
              41.90430599974411
            ],
            [
              -88.15050799974497,
              41.907881000021675
            ],
            [
              -88.15054000043035,
              41.91737600005077
            ],
            [
              -88.18192799973848,
              41.914967999731715
            ],
            [
              -88.18421499995907,
              41.98759900026231
            ],
            [
              -88.14510099962568,
              41.98824200024111
            ],
            [
              -88.14480299969983,
              42.00543099979301
            ],
            [
              -88.17021399987459,
              42.015374000255385
            ],
            [
              -88.18800799970234,
              42.01490300030233
            ],
            [
              -88.19316499957638,
              42.005778999762455
            ],
            [
              -88.22489300043978,
              42.01504100032673
            ],
            [
              -88.22492699987663,
              42.04069300007477
            ],
            [
              -88.2515370003257,
              42.04649299991104
            ],
            [
              -88.25251499976879,
              42.05942299996686
            ],
            [
              -88.26327899977869,
              42.05906000022378
            ],
            [
              -88.26354599974238,
              42.058979999847
            ]
          ]
        ]
      }
    },
    {
      "type": "Feature",
      "id": "us-cd:119:17:04",
      "properties": {
        "boundary_id": "us-cd:119:17:04",
        "boundary_type": "congressional_district",
        "name": "4",
        "stateFips": "17",
        "congress": 119,
        "district": "04",
        "bbox": [
          -87.96722500002403,
          41.72701999978254,
          -87.6442219998866,
          41.948168000207914
        ]
      },
      "geometry": {
        "type": "Polygon",
        "coordinates": [
          [
            [
              -87.96722500002403,
              41.846238000295024
            ],
            [
              -87.94692200021784,
              41.811907999672634
            ],
            [
              -87.95650600021997,
              41.810428999881076
            ],
            [
              -87.95017699983578,
              41.80323899978866
            ],
            [
              -87.95633299996763,
              41.78948999986382
            ],
            [
              -87.94650399974311,
              41.78152399969771
            ],
            [
              -87.90841299995697,
              41.78082899972737
            ],
            [
              -87.91362900028057,
              41.81863600004686
            ],
            [
              -87.90095899981657,
              41.820694000334676
            ],
            [
              -87.88943200044878,
              41.819671999700994
            ],
            [
              -87.88878899984311,
              41.804646000245604
            ],
            [
              -87.87888400034893,
              41.799403000003814
            ],
            [
              -87.85931600031161,
              41.80161200032848
            ],
            [
              -87.85859999991102,
              41.78361399967552
            ],
            [
              -87.8310560003998,
              41.78513100019056
            ],
            [
              -87.80584900043955,
              41.7723869999623
            ],
            [
              -87.80209400033111,
              41.79784700001195
            ],
            [
              -87.76253800013185,
              41.80005800004007
            ],
            [
              -87.77206600005749,
              41.79254199992566
            ],
            [
              -87.77135300002996,
              41.77420499971517
            ],
            [
              -87.74216500000549,
              41.77478000030099
            ],
            [
              -87.74159900029103,
              41.75648899973228
            ],
            [
              -87.79974400036134,
              41.74813400017987
            ],
            [
              -87.7991019995806,
              41.73349999995324
            ],
            [
              -87.76322799969485,
              41.73413899996145
            ],
            [
              -87.7605489998371,
              41.72701999978254
            ],
            [
              -87.72385800016674,
              41.73482500013323
            ],
            [
              -87.72219100008728,
              41.75683800025115
            ],
            [
              -87.69302900000204,
              41.76454000014449
            ],
            [
              -87.70794300013058,
              41.77706300031169
            ],
            [
              -87.69095900041476,
              41.77915300031902
            ],
            [
              -87.67964100038598,
              41.80116799969094
            ],
            [
              -87.64541600013806,
              41.804313000087085
            ],
            [
              -87.65084300034884,
              41.84549800005339
            ],
            [
              -87.6442219998866,
              41.85995599992608
            ],
            [
              -87.73919800026765,
              41.845473000194204
            ],
            [
              -87.73993200021157,
              41.865959999858106
            ],
            [
              -87.80419900007851,
              41.86498000019884
            ],
            [
              -87.8080789998604,
              41.850291000187305
            ],
            [
              -87.86854799996121,
              41.84436499967543
            ],
            [
              -87.8680530003919,
              41.8325929997372
            ],
            [
              -87.91895199983597,
              41.83314899984551
            ],
            [
              -87.92060600039495,
              41.88270099976055
            ],
            [
              -87.90326600012867,
              41.892665999992005
            ],
            [
              -87.84045700010383,
              41.888530999952366
            ],
            [
              -87.82451100010552,
              41.9085619999549
            ],
            [
              -87.84958800036942,
              41.937285999707555
            ],
            [
              -87.91490100034983,
              41.948168000207914
            ],
            [
              -87.92042300009685,
              41.90684300027629
            ],
            [
              -87.93987200030851,
              41.90626499995955
            ],
            [
              -87.93855500003339,
              41.86153999986712
            ],
            [
              -87.96327300027211,
              41.84634200022179
            ],
            [
              -87.96722500002403,
              41.846238000295024
            ]
          ]
        ]
      }
    },
    {
      "type": "Feature",
      "id": "us-cd:119:17:05",
      "properties": {
        "boundary_id": "us-cd:119:17:05",
        "boundary_type": "congressional_district",
        "name": "5",
        "stateFips": "17",
        "congress": 119,
        "district": "05",
        "bbox": [
          -88.23844900028531,
          41.89167199968732,
          -87.61568999998823,
          42.2198169999864
        ]
      },
      "geometry": {
        "type": "Polygon",
        "coordinates": [
          [
            [
              -88.23844900028531,
              42.15424900013547
            ],
            [
              -88.23825699976638,
              42.092348000099456
            ],
            [
              -88.19465299955573,
              42.0973239999167
            ],
            [
              -88.18974599992693,
              42.08942599970076
            ],
            [
              -88.18132500021412,
              42.10998099989977
            ],
            [
              -88.1215520004224,
              42.11059899988311
            ],
            [
              -88.13137499990083,
              42.09072599982234
            ],
            [
              -88.12171700027884,
              42.08865599988516
            ],
            [
              -88.11954100038633,
              42.06709600027787
            ],
            [
              -88.06251699987426,
              42.067068999877904
            ],
            [
              -88.0779239999223,
              42.08499499969163
            ],
            [
              -88.06269500014949,
              42.08691500013878
            ],
            [
              -88.05343800038551,
              42.1018089997781
            ],
            [
              -88.01931799971956,
              42.10837699998394
            ],
            [
              -88.01422699996775,
              42.13396099997726
            ],
            [
              -88.06298700022755,
              42.1371749996827
            ],
            [
              -88.06282700039397,
              42.1538549996805
            ],
            [
              -88.00446600041361,
              42.153645000247934
            ],
            [
              -88.0070640000805,
              42.057945000058986
            ],
            [
              -87.88998100044478,
              42.049779000120125
            ],
            [
              -87.85931299993855,
              41.991462999859436
            ],
            [
              -87.83661800032979,
              41.986364999676326
            ],
            [
              -87.83665799961445,
              41.97023200009678
            ],
            [
              -87.85484099960462,
              41.96613799995606
            ],
            [
              -87.86961699964091,
              41.973133000173995
            ],
            [
              -87.874263999877,
              41.99558000014288
            ],
            [
              -87.92906700029076,
              42.004964000124836
            ],
            [
              -87.93896699976206,
              41.993515000035764
            ],
            [
              -87.9204759998003,
              41.993886000035936
            ],
            [
              -87.91573499985287,
              41.95874800017225
            ],
            [
              -87.90208199992293,
              41.951035999734145
            ],
            [
              -87.88715299972579,
              41.95828200003698
            ],
            [
              -87.82000799980946,
              41.94759700000463
            ],
            [
              -87.79064599970769,
              41.952845999720765
            ],
            [
              -87.7826619998379,
              41.96470300017207
            ],
            [
              -87.75141300044695,
              41.96432800007309
            ],
            [
              -87.73931899974315,
              41.9462209999298
            ],
            [
              -87.72490000008223,
              41.94458600011988
            ],
            [
              -87.72276299964949,
              41.95552300015209
            ],
            [
              -87.7392800002834,
              41.971766999821384
            ],
            [
              -87.7047479998888,
              41.97577500010401
            ],
            [
              -87.6980310000654,
              41.94668299991828
            ],
            [
              -87.68825799991738,
              41.94673100022834
            ],
            [
              -87.68396300003377,
              41.93221600009754
            ],
            [
              -87.68722100002475,
              41.91032100028268
            ],
            [
              -87.64809400017089,
              41.903636999700595
            ],
            [
              -87.64113499959984,
              41.91466100027714
            ],
            [
              -87.62806900019906,
              41.89167199968732
            ],
            [
              -87.61568999998823,
              41.89587700006317
            ],
            [
              -87.64107799969842,
              41.9548459999944
            ],
            [
              -87.65680600013684,
              41.951086999836924
            ],
            [
              -87.66619900034325,
              41.96892299995876
            ],
            [
              -87.68896500009713,
              41.97041199968816
            ],
            [
              -87.67504400037859,
              41.99075800006846
            ],
            [
              -87.7529099997488,
              41.9973030000631
            ],
            [
              -87.76161900024,
              42.01188099994067
            ],
            [
              -87.77692199963265,
              42.01545700018458
            ],
            [
              -87.79712599970465,
              42.00000499982938
            ],
            [
              -87.8419330003876,
              42.01086700020652
            ],
            [
              -87.8601470003399,
              42.02618599999693
            ],
            [
              -87.86000900024764,
              42.039338000051444
            ],
            [
              -87.8307619997736,
              42.040216999866445
            ],
            [
              -87.84050700033252,
              42.043629000295354
            ],
            [
              -87.83993999989487,
              42.06578899982431
            ],
            [
              -87.85718100042698,
              42.07414099968972
            ],
            [
              -87.86523600044188,
              42.06589700019845
            ],
            [
              -87.89181800040355,
              42.066017999985675
            ],
            [
              -87.90292700019494,
              42.07976500030388
            ],
            [
              -87.93606500032153,
              42.08075099974662
            ],
            [
              -87.98042299966929,
              42.11261899969002
            ],
            [
              -87.98548099980913,
              42.14602300017838
            ],
            [
              -87.97809899963879,
              42.15214200006714
            ],
            [
              -87.98482600040624,
              42.16818199990179
            ],
            [
              -87.99368200031223,
              42.16817999980525
            ],
            [
              -87.98965199984418,
              42.182721000276665
            ],
            [
              -88.00454599988123,
              42.18279299980588
            ],
            [
              -88.00435000006266,
              42.19725900008684
            ],
            [
              -88.0579089999962,
              42.19737599974314
            ],
            [
              -88.057986999814,
              42.21887499967733
            ],
            [
              -88.06678300034386,
              42.2198169999864
            ],
            [
              -88.17016700001892,
              42.212864999999546
            ],
            [
              -88.19937799960964,
              42.202965999748706
            ],
            [
              -88.19958400037228,
              42.15425999975806
            ],
            [
              -88.23836899991937,
              42.154252999877386
            ],
            [
              -88.23844900028531,
              42.15424900013547
            ]
          ]
        ]
      }
    },
    {
      "type": "Feature",
      "id": "us-cd:119:17:06",
      "properties": {
        "boundary_id": "us-cd:119:17:06",
        "boundary_type": "congressional_district",
        "name": "6",
        "stateFips": "17",
        "congress": 119,
        "district": "06",
        "bbox": [
          -88.11916899994235,
          41.5576059998563,
          -87.67108000003277,
          41.931299999847546
        ]
      },
      "geometry": {
        "type": "Polygon",
        "coordinates": [
          [
            [
              -88.11916899994235,
              41.80584800008502
            ],
            [
              -88.08687299971471,
              41.77690099994639
            ],
            [
              -88.07631700011729,
              41.786271000210476
            ],
            [
              -88.06419900002234,
              41.773235000134406
            ],
            [
              -88.03944800017169,
              41.77942600013061
            ],
            [
              -88.04541000013478,
              41.77206699967638
            ],
            [
              -88.03152500040126,
              41.76557100030695
            ],
            [
              -88.02726599960434,
              41.750848000106664
            ],
            [
              -88.01270700020136,
              41.751151999727476
            ],
            [
              -88.01184600003583,
              41.72923200033054
            ],
            [
              -87.91461000009669,
              41.72388800027062
            ],
            [
              -87.91048099989443,
              41.600442999896124
            ],
            [
              -87.89144699978448,
              41.60067100013688
            ],
            [
              -87.89104900029953,
              41.586160000132246
            ],
            [
              -87.87122000014628,
              41.571871999932995
            ],
            [
              -87.85179900042202,
              41.57222899991997
            ],
            [
              -87.85618499964392,
              41.5576059998563
            ],
            [
              -87.7759590002582,
              41.55881199999585
            ],
            [
              -87.77475400013608,
              41.57923399971571
            ],
            [
              -87.75556400039049,
              41.59027300023235
            ],
            [
              -87.75700100031621,
              41.632186000168794
            ],
            [
              -87.73775799996888,
              41.6383729999596
            ],
            [
              -87.73808199983398,
              41.64716300017571
            ],
            [
              -87.71862299957657,
              41.647496000248694
            ],
            [
              -87.71973900001022,
              41.67667300023054
            ],
            [
              -87.73972999964688,
              41.690890999817775
            ],
            [
              -87.71057900033063,
              41.69141500006494
            ],
            [
              -87.70990099956488,
              41.67683700002518
            ],
            [
              -87.68636300023226,
              41.67720499999075
            ],
            [
              -87.68127099975723,
              41.695422000106056
            ],
            [
              -87.67108000003277,
              41.69962699967924
            ],
            [
              -87.67309000024393,
              41.73564999979386
            ],
            [
              -87.6825140004125,
              41.73552499985609
            ],
            [
              -87.68184300021777,
              41.71367199967518
            ],
            [
              -87.70183399985441,
              41.72073199973633
            ],
            [
              -87.70212400028264,
              41.735202999764695
            ],
            [
              -87.75098900012442,
              41.72718099975739
            ],
            [
              -87.7991019995806,
              41.73349999995324
            ],
            [
              -87.79487500036738,
              41.75178099998452
            ],
            [
              -87.74159900029103,
              41.75648899973228
            ],
            [
              -87.74216500000549,
              41.77478000030099
            ],
            [
              -87.77135300002996,
              41.77420499971517
            ],
            [
              -87.77206600005749,
              41.79254199992566
            ],
            [
              -87.76253800013185,
              41.80005800004007
            ],
            [
              -87.80209400033111,
              41.79784700001195
            ],
            [
              -87.80584900043955,
              41.7723869999623
            ],
            [
              -87.8310560003998,
              41.78513100019056
            ],
            [
              -87.85859999991102,
              41.78361399967552
            ],
            [
              -87.85931600031161,
              41.80161200032848
            ],
            [
              -87.87888400034893,
              41.799403000003814
            ],
            [
              -87.88878899984311,
              41.804646000245604
            ],
            [
              -87.88943200044878,
              41.819671999700994
            ],
            [
              -87.90074399973143,
              41.820709999665986
            ],
            [
              -87.91362900028057,
              41.81863600004686
            ],
            [
              -87.90841299995697,
              41.78082899972737
            ],
            [
              -87.95619900007333,
              41.78859299969168
            ],
            [
              -87.95017699983578,
              41.80323899978866
            ],
            [
              -87.95650600021997,
              41.810428999881076
            ],
            [
              -87.94692200021784,
              41.811907999672634
            ],
            [
              -87.96722500002403,
              41.846238000295024
            ],
            [
              -87.93855500003339,
              41.86153999986712
            ],
            [
              -87.93987200030851,
              41.90626499995955
            ],
            [
              -87.92042300009685,
              41.90684300027629
            ],
            [
              -87.92028800037765,
              41.931299999847546
            ],
            [
              -87.96678999983087,
              41.93007899992383
            ],
            [
              -87.99343600026495,
              41.89970699998281
            ],
            [
              -88.03811900020102,
              41.904271999699105
            ],
            [
              -88.0345699999569,
              41.884156000079585
            ],
            [
              -88.10304100036916,
              41.865339999703046
            ],
            [
              -88.10199199988267,
              41.83479299990349
            ],
            [
              -88.11908199990371,
              41.805998999949
            ],
            [
              -88.11916899994235,
              41.80584800008502
            ]
          ]
        ]
      }
    },
    {
      "type": "Feature",
      "id": "us-cd:119:17:07",
      "properties": {
        "boundary_id": "us-cd:119:17:07",
        "boundary_type": "congressional_district",
        "name": "7",
        "stateFips": "17",
        "congress": 119,
        "district": "07",
        "bbox": [
          -87.92061800009053,
          41.75747799970466,
          -87.59850899973057,
          41.9180690000757
        ]
      },
      "geometry": {
        "type": "Polygon",
        "coordinates": [
          [
            [
              -87.92061800009053,
              41.881599999972316
            ],
            [
              -87.91895199983597,
              41.83314899984551
            ],
            [
              -87.8680530003919,
              41.8325929997372
            ],
            [
              -87.86854799996121,
              41.84436499967543
            ],
            [
              -87.8080789998604,
              41.850291000187305
            ],
            [
              -87.80419900007851,
              41.86498000019884
            ],
            [
              -87.73993200021157,
              41.865959999858106
            ],
            [
              -87.73919800026765,
              41.845473000194204
            ],
            [
              -87.6442219998866,
              41.85995599992608
            ],
            [
              -87.65084300034884,
              41.84549800005339
            ],
            [
              -87.64541600013806,
              41.804313000087085
            ],
            [
              -87.67964100038598,
              41.80116799969094
            ],
            [
              -87.69095900041476,
              41.77915300031902
            ],
            [
              -87.70794300013058,
              41.77706300031169
            ],
            [
              -87.69320599955405,
              41.77182399981026
            ],
            [
              -87.68668200007448,
              41.75747799970466
            ],
            [
              -87.64423199993234,
              41.75799400019559
            ],
            [
              -87.64617400037142,
              41.779729000224414
            ],
            [
              -87.61562200021616,
              41.78023899985548
            ],
            [
              -87.61376299961775,
              41.818484000310995
            ],
            [
              -87.6302960001452,
              41.82366199967789
            ],
            [
              -87.63057499980445,
              41.83461299976704
            ],
            [
              -87.62332999990143,
              41.83470299989854
            ],
            [
              -87.62247299993388,
              41.86024999994852
            ],
            [
              -87.60429999998942,
              41.85271399997235
            ],
            [
              -87.6052549998663,
              41.86981799990374
            ],
            [
              -87.61625700042588,
              41.868899999683535
            ],
            [
              -87.60535100012575,
              41.874432999837
            ],
            [
              -87.61609900024214,
              41.882260999797474
            ],
            [
              -87.59850899973057,
              41.89219199998927
            ],
            [
              -87.62806900019906,
              41.89167199968732
            ],
            [
              -87.64113499959984,
              41.91466100027714
            ],
            [
              -87.64809400017089,
              41.903636999700595
            ],
            [
              -87.68722100002475,
              41.91032100028268
            ],
            [
              -87.68684299973297,
              41.89574299987074
            ],
            [
              -87.74580700013601,
              41.89500399978671
            ],
            [
              -87.75285799987026,
              41.91532599967585
            ],
            [
              -87.80148400023576,
              41.9180690000757
            ],
            [
              -87.80582599997501,
              41.91070600018203
            ],
            [
              -87.82544400024108,
              41.91220300013215
            ],
            [
              -87.84045700010383,
              41.888530999952366
            ],
            [
              -87.90326600012867,
              41.892665999992005
            ],
            [
              -87.92061399989255,
              41.88210999989467
            ],
            [
              -87.92061800009053,
              41.881599999972316
            ]
          ]
        ]
      }
    },
    {
      "type": "Feature",
      "id": "us-cd:119:17:08",
      "properties": {
        "boundary_id": "us-cd:119:17:08",
        "boundary_type": "congressional_district",
        "name": "8",
        "stateFips": "17",
        "congress": 119,
        "district": "08",
        "bbox": [
          -88.47215599997249,
          41.861915000220186,
          -87.83661800032979,
          42.15424900013547
        ]
      },
      "geometry": {
        "type": "Polygon",
        "coordinates": [
          [
            [
              -88.47215599997249,
              42.13259899975663
            ],
            [
              -88.47175500011448,
              42.0669530003259
            ],
            [
              -88.37607599975165,
              42.066918000022746
            ],
            [
              -88.37634500026348,
              41.91420099968479
            ],
            [
              -88.29260700044358,
              41.91833100018693
            ],
            [
              -88.28716799963891,
              41.89883700008843
            ],
            [
              -88.30292100019167,
              41.898248000302296
            ],
            [
              -88.30945100041733,
              41.861915000220186
            ],
            [
              -88.26255200040576,
              41.8711540003208
            ],
            [
              -88.26279599990494,
              42.059211999861624
            ],
            [
              -88.25251499976879,
              42.05942299996686
            ],
            [
              -88.2515370003257,
              42.04649299991104
            ],
            [
              -88.22492699987663,
              42.04069300007477
            ],
            [
              -88.22489300043978,
              42.01504100032673
            ],
            [
              -88.19316499957638,
              42.005778999762455
            ],
            [
              -88.18800799970234,
              42.01490300030233
            ],
            [
              -88.17021399987459,
              42.015374000255385
            ],
            [
              -88.14480299969983,
              42.00543099979301
            ],
            [
              -88.14510099962568,
              41.98824200024111
            ],
            [
              -88.18421499995907,
              41.98759900026231
            ],
            [
              -88.18192799973848,
              41.914967999731715
            ],
            [
              -88.15054000043035,
              41.91737600005077
            ],
            [
              -88.15050799974497,
              41.907881000021675
            ],
            [
              -88.12055599963934,
              41.90430599974411
            ],
            [
              -88.12158199966132,
              41.892626999870664
            ],
            [
              -88.11186100029015,
              41.88802699982997
            ],
            [
              -88.08222899985167,
              41.888881000187126
            ],
            [
              -88.08197899960639,
              41.9029630002456
            ],
            [
              -88.0961510002934,
              41.9024880002166
            ],
            [
              -88.09113699963618,
              41.92451300030246
            ],
            [
              -88.05213000033125,
              41.92098899988645
            ],
            [
              -88.05200700030757,
              41.934275000054356
            ],
            [
              -88.03202300034363,
              41.93148500000456
            ],
            [
              -88.00332499986558,
              41.94900000023904
            ],
            [
              -87.9886740004011,
              41.94252600003507
            ],
            [
              -87.98869199994445,
              41.949200999753515
            ],
            [
              -87.96915400004434,
              41.949552000267744
            ],
            [
              -87.96911899988424,
              41.9611680002664
            ],
            [
              -87.9788329995827,
              41.963752999953996
            ],
            [
              -87.96900500008141,
              41.97163200020876
            ],
            [
              -87.97920300037688,
              42.01527699979075
            ],
            [
              -87.95992499986944,
              42.02463900000807
            ],
            [
              -87.9669839999996,
              42.038140999795786
            ],
            [
              -87.94069699959073,
              42.03738900026304
            ],
            [
              -87.94048300022878,
              42.022716000154375
            ],
            [
              -87.9004829996155,
              42.02371700025612
            ],
            [
              -87.89997200015267,
              42.00917799999315
            ],
            [
              -87.89001499988164,
              42.00332599972803
            ],
            [
              -87.89597000017203,
              42.0000340000918
            ],
            [
              -87.86756399977203,
              41.99048700010073
            ],
            [
              -87.86961699964091,
              41.973133000173995
            ],
            [
              -87.83665799961445,
              41.97023200009678
            ],
            [
              -87.83661800032979,
              41.986364999676326
            ],
            [
              -87.85931299993855,
              41.991462999859436
            ],
            [
              -87.88998100044478,
              42.049779000120125
            ],
            [
              -88.0070640000805,
              42.057945000058986
            ],
            [
              -88.00446600041361,
              42.153645000247934
            ],
            [
              -88.06282700039397,
              42.1538549996805
            ],
            [
              -88.06298700022755,
              42.1371749996827
            ],
            [
              -88.01422699996775,
              42.13396099997726
            ],
            [
              -88.01931799971956,
              42.10837699998394
            ],
            [
              -88.05343800038551,
              42.1018089997781
            ],
            [
              -88.06269500014949,
              42.08691500013878
            ],
            [
              -88.0779239999223,
              42.08499499969163
            ],
            [
              -88.06251699987426,
              42.067068999877904
            ],
            [
              -88.12167600027095,
              42.06710900031817
            ],
            [
              -88.12171700027884,
              42.08865599988516
            ],
            [
              -88.13137499990083,
              42.09153999992321
            ],
            [
              -88.1215520004224,
              42.11059899988311
            ],
            [
              -88.18132500021412,
              42.10998099989977
            ],
            [
              -88.18974599992693,
              42.08942599970076
            ],
            [
              -88.19465299955573,
              42.0973239999167
            ],
            [
              -88.23825699976638,
              42.092348000099456
            ],
            [
              -88.23844900028531,
              42.15424900013547
            ],
            [
              -88.43248699979532,
              42.15382300020519
            ],
            [
              -88.44665500028437,
              42.14063600017474
            ],
            [
              -88.43268000013916,
              42.13751200033069
            ],
            [
              -88.43268099996408,
              42.122061999822755
            ],
            [
              -88.45772800009075,
              42.1302830002624
            ],
            [
              -88.45709299988103,
              42.121162999841275
            ],
            [
              -88.4668429995645,
              42.12123100030359
            ],
            [
              -88.47198500026826,
              42.132594000034516
            ],
            [
              -88.47215599997249,
              42.13259899975663
            ]
          ]
        ]
      }
    },
    {
      "type": "Feature",
      "id": "us-cd:119:17:09",
      "properties": {
        "boundary_id": "us-cd:119:17:09",
        "boundary_type": "congressional_district",
        "name": "9",
        "stateFips": "17",
        "congress": 119,
        "district": "09",
        "bbox": [
          -88.35505400007017,
          41.951086999836924,
          -87.63146500028229,
          42.2845859997449
        ]
      },
      "geometry": {
        "type": "Polygon",
        "coordinates": [
          [
            [
              -88.35505400007017,
              42.24075199980531
            ],
            [
              -88.35441600038571,
              42.15400000005545
            ],
            [
              -88.19958400037228,
              42.15425999975806
            ],
            [
              -88.19493100028838,
              42.207140999892886
            ],
            [
              -88.057986999814,
              42.21887499967733
            ],
            [
              -88.0579089999962,
              42.19737599974314
            ],
            [
              -88.00435000006266,
              42.19725900008684
            ],
            [
              -88.00454599988123,
              42.18279299980588
            ],
            [
              -87.98965199984418,
              42.182721000276665
            ],
            [
              -87.99368200031223,
              42.16817999980525
            ],
            [
              -87.98482600040624,
              42.16818199990179
            ],
            [
              -87.97807600007256,
              42.152030000133465
            ],
            [
              -87.98548099980913,
              42.14602300017838
            ],
            [
              -87.98042299966929,
              42.11261899969002
            ],
            [
              -87.93606500032153,
              42.08075099974662
            ],
            [
              -87.90292700019494,
              42.07976500030388
            ],
            [
              -87.89181800040355,
              42.066017999985675
            ],
            [
              -87.86523600044188,
              42.06589700019845
            ],
            [
              -87.85718100042698,
              42.07414099968972
            ],
            [
              -87.83993999989487,
              42.06578899982431
            ],
            [
              -87.84050700033252,
              42.043629000295354
            ],
            [
              -87.8307619997736,
              42.040216999866445
            ],
            [
              -87.86000900024764,
              42.039338000051444
            ],
            [
              -87.8601470003399,
              42.02618599999693
            ],
            [
              -87.8419330003876,
              42.01086700020652
            ],
            [
              -87.79712599970465,
              42.00000499982938
            ],
            [
              -87.77692199963265,
              42.01545700018458
            ],
            [
              -87.76161900024,
              42.01188099994067
            ],
            [
              -87.7529099997488,
              41.9973030000631
            ],
            [
              -87.67504400037859,
              41.99075800006846
            ],
            [
              -87.68896500009713,
              41.97041199968816
            ],
            [
              -87.66619900034325,
              41.96892299995876
            ],
            [
              -87.65680600013684,
              41.951086999836924
            ],
            [
              -87.63146500028229,
              41.9629239999639
            ],
            [
              -87.65037100034573,
              41.97959699999241
            ],
            [
              -87.67934299956185,
              42.0772049996733
            ],
            [
              -87.77124599989983,
              42.07970300003789
            ],
            [
              -87.77027400030454,
              42.12335499987373
            ],
            [
              -87.7976520001344,
              42.12350000014477
            ],
            [
              -87.80427600007141,
              42.11352699981292
            ],
            [
              -87.84032099966137,
              42.11653999997187
            ],
            [
              -87.82939799964282,
              42.10930099989401
            ],
            [
              -87.83436000042153,
              42.10563900000927
            ],
            [
              -87.93678199964872,
              42.11340799981532
            ],
            [
              -87.94647399960589,
              42.13879600017094
            ],
            [
              -87.95859300042405,
              42.138903000314684
            ],
            [
              -87.95904699998546,
              42.150262000184945
            ],
            [
              -87.96895099965474,
              42.15358899997078
            ],
            [
              -87.96536700014885,
              42.196118999776985
            ],
            [
              -88.00427100041993,
              42.21537699997799
            ],
            [
              -88.00426499967384,
              42.24069600018485
            ],
            [
              -88.04508600026968,
              42.24087099983132
            ],
            [
              -88.02823899992288,
              42.24836799986529
            ],
            [
              -88.03368000037736,
              42.26912899989408
            ],
            [
              -88.05291399960556,
              42.259024999744355
            ],
            [
              -88.08353799973085,
              42.266300999931104
            ],
            [
              -88.14680899971304,
              42.256789999858356
            ],
            [
              -88.18024700031361,
              42.26456699999154
            ],
            [
              -88.19854999995438,
              42.2845859997449
            ],
            [
              -88.19824500035585,
              42.24155900026528
            ],
            [
              -88.3549929999708,
              42.24075300003559
            ],
            [
              -88.35505400007017,
              42.24075199980531
            ]
          ]
        ]
      }
    },
    {
      "type": "Feature",
      "id": "us-cd:119:17:10",
      "properties": {
        "boundary_id": "us-cd:119:17:10",
        "boundary_type": "congressional_district",
        "name": "10",
        "stateFips": "17",
        "congress": 119,
        "district": "10",
        "bbox": [
          -88.47228599966883,
          42.07970300003789,
          -87.6910189997909,
          42.49461799990527
        ]
      },
      "geometry": {
        "type": "Polygon",
        "coordinates": [
          [
            [
              -88.4722420001862,
              42.38153199998145
            ],
            [
              -88.47228599966883,
              42.37047899996562
            ],
            [
              -88.37149700018594,
              42.36922599975303
            ],
            [
              -88.36710699986776,
              42.353434999750846
            ],
            [
              -88.35543700038481,
              42.3663060002399
            ],
            [
              -88.34568699980301,
              42.32770599978134
            ],
            [
              -88.32625000018523,
              42.3290420002773
            ],
            [
              -88.31249699979787,
              42.364077000300604
            ],
            [
              -88.29666600032563,
              42.35694200019819
            ],
            [
              -88.30238300006633,
              42.37138599995852
            ],
            [
              -88.26802099955106,
              42.36809199982702
            ],
            [
              -88.26729699965287,
              42.357228000077065
            ],
            [
              -88.25366499963931,
              42.35388399969056
            ],
            [
              -88.26081800037915,
              42.34409499979611
            ],
            [
              -88.22484200038613,
              42.33602599979396
            ],
            [
              -88.1984880000301,
              42.34315299989787
            ],
            [
              -88.1984539996949,
              42.357962000289604
            ],
            [
              -88.16919799989836,
              42.357781999992696
            ],
            [
              -88.16554800027022,
              42.32889500015751
            ],
            [
              -88.12071100034835,
              42.328449000221795
            ],
            [
              -88.12055499981444,
              42.30652299971385
            ],
            [
              -88.10658999971497,
              42.304697000112114
            ],
            [
              -88.11068499958203,
              42.280830000226416
            ],
            [
              -88.1016420000783,
              42.26259299993511
            ],
            [
              -88.05291399960556,
              42.259024999744355
            ],
            [
              -88.03368000037736,
              42.26912899989408
            ],
            [
              -88.02823899992288,
              42.24836799986529
            ],
            [
              -88.04508600026968,
              42.24087099983132
            ],
            [
              -88.00426499967384,
              42.24069600018485
            ],
            [
              -88.00427100041993,
              42.21537699997799
            ],
            [
              -87.96536700014885,
              42.196118999776985
            ],
            [
              -87.96895099965474,
              42.15358899997078
            ],
            [
              -87.95904699998546,
              42.150262000184945
            ],
            [
              -87.95859300042405,
              42.138903000314684
            ],
            [
              -87.94647399960589,
              42.13879600017094
            ],
            [
              -87.93678199964872,
              42.11340799981532
            ],
            [
              -87.83436000042153,
              42.10563900000927
            ],
            [
              -87.82939799964282,
              42.10930099989401
            ],
            [
              -87.84032099966137,
              42.11653999997187
            ],
            [
              -87.80427600007141,
              42.11352699981292
            ],
            [
              -87.7976520001344,
              42.12350000014477
            ],
            [
              -87.77027400030454,
              42.12335499987373
            ],
            [
              -87.77124599989983,
              42.07970300003789
            ],
            [
              -87.6910189997909,
              42.082665000225006
            ],
            [
              -87.72615200006004,
              42.10921599996351
            ],
            [
              -87.78626100031072,
              42.18792499981017
            ],
            [
              -87.82829700017611,
              42.26939800005924
            ],
            [
              -87.83142399974751,
              42.33052599973545
            ],
            [
              -87.8241219999431,
              42.35975899978939
            ],
            [
              -87.8133019998567,
              42.36064200021791
            ],
            [
              -87.82360300008432,
              42.36320199992615
            ],
            [
              -87.81062999967165,
              42.36228500030481
            ],
            [
              -87.80168400025228,
              42.39056399975865
            ],
            [
              -87.80056100014593,
              42.49191999993365
            ],
            [
              -88.4716220000451,
              42.49461799990527
            ],
            [
              -88.47221100022406,
              42.38524699983659
            ],
            [
              -88.4722420001862,
              42.38153199998145
            ]
          ]
        ]
      }
    },
    {
      "type": "Feature",
      "id": "us-cd:119:17:11",
      "properties": {
        "boundary_id": "us-cd:119:17:11",
        "boundary_type": "congressional_district",
        "name": "11",
        "stateFips": "17",
        "congress": 119,
        "district": "11",
        "bbox": [
          -88.88557699994331,
          41.6310629999852,
          -87.91269199994703,
          42.37138599995852
        ]
      },
      "geometry": {
        "type": "Polygon",
        "coordinates": [
          [
            [
              -88.88557699994331,
              42.27005600017923
            ],
            [
              -88.86252400013429,
              42.267529999803735
            ],
            [
              -88.86151499983075,
              42.15304600002969
            ],
            [
              -88.82241899993903,
              42.153390999711384
            ],
            [
              -88.82189599988229,
              42.066151000119525
            ],
            [
              -88.68386199981185,
              42.06647399985623
            ],
            [
              -88.68129900030506,
              42.037961999670664
            ],
            [
              -88.65354800020629,
              42.04002299986605
            ],
            [
              -88.65376300029143,
              42.0319399996781
            ],
            [
              -88.63189999963758,
              42.0289500000396
            ],
            [
              -88.64040400008939,
              42.003094999899325
            ],
            [
              -88.6135459999432,
              42.00316200010935
            ],
            [
              -88.6112720001414,
              42.017819000217116
            ],
            [
              -88.60156000009273,
              42.017924999900025
            ],
            [
              -88.60256600002322,
              41.806847000227414
            ],
            [
              -88.37610699971378,
              41.80988799967262
            ],
            [
              -88.37568800031245,
              41.74439500005613
            ],
            [
              -88.32777099977652,
              41.74453699975395
            ],
            [
              -88.31361999990423,
              41.760341999686275
            ],
            [
              -88.29428799986844,
              41.75325900016978
            ],
            [
              -88.26211999968731,
              41.76044599974764
            ],
            [
              -88.26195200035615,
              41.72465199990345
            ],
            [
              -88.14819399976021,
              41.726116999821315
            ],
            [
              -88.14481100009577,
              41.6310629999852
            ],
            [
              -88.12400799979909,
              41.631689999732295
            ],
            [
              -88.12481000041338,
              41.65229100025259
            ],
            [
              -88.05527199997124,
              41.65544499990075
            ],
            [
              -88.0285569999402,
              41.669915000044185
            ],
            [
              -88.00465200018645,
              41.65650800019788
            ],
            [
              -87.99009799990802,
              41.656782000033736
            ],
            [
              -87.994638000014,
              41.66396599969877
            ],
            [
              -87.98059699974657,
              41.66440499986762
            ],
            [
              -87.98089800004546,
              41.67154900020161
            ],
            [
              -87.91269199994703,
              41.66574399967482
            ],
            [
              -87.91461000009669,
              41.72388800027062
            ],
            [
              -88.01184600003583,
              41.72923200033054
            ],
            [
              -88.01270700020136,
              41.751151999727476
            ],
            [
              -88.02726599960434,
              41.750848000106664
            ],
            [
              -88.03152500040126,
              41.76557100030695
            ],
            [
              -88.04541000013478,
              41.77206699967638
            ],
            [
              -88.03944800017169,
              41.77942600013061
            ],
            [
              -88.06419900002234,
              41.773235000134406
            ],
            [
              -88.07631700011729,
              41.786271000210476
            ],
            [
              -88.08687299971471,
              41.77690099994639
            ],
            [
              -88.11929699998886,
              41.805624999692725
            ],
            [
              -88.11377900043979,
              41.81473000009128
            ],
            [
              -88.15125699975752,
              41.81358300013454
            ],
            [
              -88.16593999990738,
              41.83035699967252
            ],
            [
              -88.2627869996841,
              41.81563199990104
            ],
            [
              -88.26255200040576,
              41.8711540003208
            ],
            [
              -88.30992500007025,
              41.862900000243926
            ],
            [
              -88.30292100019167,
              41.898248000302296
            ],
            [
              -88.28716799963891,
              41.89883700008843
            ],
            [
              -88.29260700044358,
              41.91833100018693
            ],
            [
              -88.37634500026348,
              41.91420099968479
            ],
            [
              -88.37607599975165,
              42.066918000022746
            ],
            [
              -88.47175500011448,
              42.0669530003259
            ],
            [
              -88.47215599997249,
              42.13259899975663
            ],
            [
              -88.4668429995645,
              42.12123100030359
            ],
            [
              -88.45709299988103,
              42.121162999841275
            ],
            [
              -88.45772800009075,
              42.1302830002624
            ],
            [
              -88.43268099996408,
              42.122061999822755
            ],
            [
              -88.43268000013916,
              42.13751200033069
            ],
            [
              -88.44665500028437,
              42.14063600017474
            ],
            [
              -88.43248699979532,
              42.15382300020519
            ],
            [
              -88.35441600038571,
              42.15400000005545
            ],
            [
              -88.35505400007017,
              42.24075199980531
            ],
            [
              -88.19824500035585,
              42.24155900026528
            ],
            [
              -88.19854999995438,
              42.2845859997449
            ],
            [
              -88.18080800000517,
              42.26487899979586
            ],
            [
              -88.15230000039624,
              42.257659000294204
            ],
            [
              -88.1016420000783,
              42.26259299993511
            ],
            [
              -88.11068499958203,
              42.280830000226416
            ],
            [
              -88.10658999971497,
              42.304697000112114
            ],
            [
              -88.12055499981444,
              42.30652299971385
            ],
            [
              -88.12071100034835,
              42.328449000221795
            ],
            [
              -88.16554800027022,
              42.32889500015751
            ],
            [
              -88.16919799989836,
              42.357781999992696
            ],
            [
              -88.1984539996949,
              42.357962000289604
            ],
            [
              -88.1984880000301,
              42.34315299989787
            ],
            [
              -88.22484200038613,
              42.33602599979396
            ],
            [
              -88.26081800037915,
              42.34409499979611
            ],
            [
              -88.25366499963931,
              42.35388399969056
            ],
            [
              -88.26729699965287,
              42.357228000077065
            ],
            [
              -88.26802099955106,
              42.36809199982702
            ],
            [
              -88.30238300006633,
              42.37138599995852
            ],
            [
              -88.29666600032563,
              42.35694200019819
            ],
            [
              -88.31249699979787,
              42.364077000300604
            ],
            [
              -88.32625000018523,
              42.3290420002773
            ],
            [
              -88.34568699980301,
              42.32770599978134
            ],
            [
              -88.35543700038481,
              42.3663060002399
            ],
            [
              -88.36710699986776,
              42.353434999750846
            ],
            [
              -88.37149700018594,
              42.36922599975303
            ],
            [
              -88.47228599966883,
              42.37047899996562
            ],
            [
              -88.51621299991966,
              42.365643999944496
            ],
            [
              -88.51126000026011,
              42.327471999961794
            ],
            [
              -88.82207300033262,
              42.327892000260114
            ],
            [
              -88.82202300010391,
              42.306667999922034
            ],
            [
              -88.84654999964859,
              42.30576000018988
            ],
            [
              -88.8463889999901,
              42.29127799997315
            ],
            [
              -88.86711299974576,
              42.291091000155916
            ],
            [
              -88.86107700016284,
              42.281258999703724
            ],
            [
              -88.88544399987394,
              42.270077999672615
            ],
            [
              -88.88557699994331,
              42.27005600017923
            ]
          ]
        ]
      }
    },
    {
      "type": "Feature",
      "id": "us-cd:119:17:12",
      "properties": {
        "boundary_id": "us-cd:119:17:12",
        "boundary_type": "congressional_district",
        "name": "12",
        "stateFips": "17",
        "congress": 119,
        "district": "12",
        "bbox": [
          -90.37270999992651,
          36.973517999998464,
          -87.49550900019507,
          39.685972999959795
        ]
      },
      "geometry": {
        "type": "Polygon",
        "coordinates": [
          [
            [
              -90.37270999992651,
              38.290957999778435
            ],
            [
              -90.35341399987571,
              38.213213000172956
            ],
            [
              -90.32721799970342,
              38.18431099975085
            ],
            [
              -90.27484299997558,
              38.15755900012971
            ],
            [
              -90.23794700026582,
              38.108197000188795
            ],
            [
              -90.17604000041439,
              38.070659999714216
            ],
            [
              -90.15827300035085,
              38.0749500000018
            ],
            [
              -90.13078800039084,
              38.06234099988757
            ],
            [
              -90.11423999979478,
              38.02906099983131
            ],
            [
              -90.08826000043086,
              38.015772000324496
            ],
            [
              -90.05726899988446,
              38.014361999967015
            ],
            [
              -90.00010999965318,
              37.964563000162215
            ],
            [
              -89.94068699966581,
              37.970874000096764
            ],
            [
              -89.93588499961902,
              37.95958099990406
            ],
            [
              -89.92459699972747,
              37.9598489996542
            ],
            [
              -89.93126699969523,
              37.948277000155926
            ],
            [
              -89.9746540001709,
              37.927074000140934
            ],
            [
              -89.95114400042736,
              37.88209699980296
            ],
            [
              -89.90237699959658,
              37.86973999965719
            ],
            [
              -89.84263800014006,
              37.90519699980449
            ],
            [
              -89.79932900038048,
              37.88151599994908
            ],
            [
              -89.7975419997521,
              37.86212799972085
            ],
            [
              -89.7863259998306,
              37.851688999662386
            ],
            [
              -89.739875000431,
              37.84692100014757
            ],
            [
              -89.66964400005283,
              37.7999219998894
            ],
            [
              -89.66037999971783,
              37.78629600007876
            ],
            [
              -89.66335200037686,
              37.75005199988221
            ],
            [
              -89.61727799964751,
              37.74971999985789
            ],
            [
              -89.58331600006363,
              37.71326100009821
            ],
            [
              -89.51425499964748,
              37.68992300016626
            ],
            [
              -89.51771799967787,
              37.64121700021081
            ],
            [
              -89.47593200005775,
              37.59299800008204
            ],
            [
              -89.48606199968283,
              37.58085300001158
            ],
            [
              -89.51980800025497,
              37.58274699990158
            ],
            [
              -89.5170509996811,
              37.53727799983065
            ],
            [
              -89.47552500035196,
              37.471387999994434
            ],
            [
              -89.43976899956867,
              37.437199999787794
            ],
            [
              -89.42054200001319,
              37.388006999928656
            ],
            [
              -89.43283599983519,
              37.34705600025408
            ],
            [
              -89.48900500002954,
              37.33336799968264
            ],
            [
              -89.51075999983004,
              37.31274399971753
            ],
            [
              -89.5183400003671,
              37.28549699964708
            ],
            [
              -89.48991499970055,
              37.25131500007723
            ],
            [
              -89.4588269999681,
              37.248661000141134
            ],
            [
              -89.46749999957598,
              37.2218439998232
            ],
            [
              -89.4618620003763,
              37.19951699996574
            ],
            [
              -89.42558000006154,
              37.13823500027053
            ],
            [
              -89.3787100003623,
              37.09458599985757
            ],
            [
              -89.38543399985839,
              37.055130000086
            ],
            [
              -89.3766320003791,
              37.0384819998725
            ],
            [
              -89.27862800016084,
              36.9886699999575
            ],
            [
              -89.26352700043454,
              37.00004999994209
            ],
            [
              -89.26000300030479,
              37.023287999841
            ],
            [
              -89.30475200036311,
              37.04756499972909
            ],
            [
              -89.30828999983825,
              37.06837099970559
            ],
            [
              -89.25993499963441,
              37.06406999982971
            ],
            [
              -89.25493000009632,
              37.0720140003566
            ],
            [
              -89.23405300017978,
              37.03727699998387
            ],
            [
              -89.20079299985446,
              37.01616399965249
            ],
            [
              -89.18549100028672,
              36.973517999998464
            ],
            [
              -89.13609300034246,
              36.980381000334376
            ],
            [
              -89.1793500002235,
              37.02180700020964
            ],
            [
              -89.1738250001034,
              37.06630799965761
            ],
            [
              -89.14606999980667,
              37.0910040002428
            ],
            [
              -89.14817700010221,
              37.09841700020535
            ],
            [
              -89.10949999961181,
              37.12309299982706
            ],
            [
              -89.07612800003182,
              37.175009000274585
            ],
            [
              -89.02946500002182,
              37.21130300000695
            ],
            [
              -88.97000799969929,
              37.23000400025024
            ],
            [
              -88.91618000015221,
              37.223991000153575
            ],
            [
              -88.80363000005144,
              37.188158999842294
            ],
            [
              -88.73301899973168,
              37.14414199969151
            ],
            [
              -88.69260800011298,
              37.14110499966903
            ],
            [
              -88.6155250001922,
              37.115366000283615
            ],
            [
              -88.56650999966429,
              37.07537400018243
            ],
            [
              -88.51668599974768,
              37.065383999671944
            ],
            [
              -88.46195799967703,
              37.073556999943726
            ],
            [
              -88.44561400019379,
              37.093332000067555
            ],
            [
              -88.4246569999113,
              37.15229100011472
            ],
            [
              -88.4480379997834,
              37.203642000108594
            ],
            [
              -88.51141000004796,
              37.26147699991525
            ],
            [
              -88.50394199966387,
              37.26478699973204
            ],
            [
              -88.51590300029827,
              37.28409099980686
            ],
            [
              -88.46940799961945,
              37.397411000094394
            ],
            [
              -88.40922899994688,
              37.42531500025125
            ],
            [
              -88.36446499981993,
              37.4017359998214
            ],
            [
              -88.32363300025176,
              37.43399200023605
            ],
            [
              -88.28163099982326,
              37.45272899970614
            ],
            [
              -88.0854569997054,
              37.47156399971773
            ],
            [
              -88.06543000008375,
              37.48875999997833
            ],
            [
              -88.06953699964636,
              37.526088000174866
            ],
            [
              -88.13648900011717,
              37.577306999968194
            ],
            [
              -88.16026800037254,
              37.65712000025747
            ],
            [
              -88.12152200028518,
              37.710242999686514
            ],
            [
              -88.05933300040145,
              37.742967000042775
            ],
            [
              -88.02801999963975,
              37.79919700018252
            ],
            [
              -88.03762299990846,
              37.80986399976148
            ],
            [
              -88.06892200042644,
              37.800982999966976
            ],
            [
              -88.09003899964418,
              37.8167709997651
            ],
            [
              -88.08193199975074,
              37.83068200003111
            ],
            [
              -88.04383099991884,
              37.82152499990767
            ],
            [
              -88.02592099974014,
              37.83269400000938
            ],
            [
              -88.06503599989843,
              37.8531720001088
            ],
            [
              -88.09789199999273,
              37.901517000038645
            ],
            [
              -88.08623699968007,
              37.90571300023906
            ],
            [
              -88.02111700004352,
              37.888057000115296
            ],
            [
              -88.01345100019103,
              37.8939509996945
            ],
            [
              -88.02251299996135,
              37.914756000173014
            ],
            [
              -88.0694680000494,
              37.9257039997425
            ],
            [
              -88.05712700037171,
              37.9341509997822
            ],
            [
              -88.03406500034183,
              37.92615900016623
            ],
            [
              -88.03679299970509,
              37.956792999681376
            ],
            [
              -88.01292899995921,
              37.96654399999248
            ],
            [
              -88.02583100022677,
              38.0072449996756
            ],
            [
              -88.00793100009382,
              38.0308449999835
            ],
            [
              -88.03413200028898,
              38.032044999998064
            ],
            [
              -88.04213200005232,
              38.046344999739674
            ],
            [
              -87.9787349996734,
              38.05981500009691
            ],
            [
              -87.95666400040373,
              38.0862020000116
            ],
            [
              -87.96067700025502,
              38.100190999749636
            ],
            [
              -88.01014299997135,
              38.08438100034298
            ],
            [
              -88.01591599978853,
              38.09981799991449
            ],
            [
              -87.97529900030553,
              38.1100529997793
            ],
            [
              -87.96639300017081,
              38.13250600024418
            ],
            [
              -87.94547199987335,
              38.12661600016865
            ],
            [
              -87.91092399958524,
              38.162557000121964
            ],
            [
              -87.92172000028049,
              38.17380999993012
            ],
            [
              -87.93429899960954,
              38.156459000129004
            ],
            [
              -87.9371619995903,
              38.172189000345995
            ],
            [
              -87.97749399956629,
              38.1997829996643
            ],
            [
              -87.98807799965113,
              38.25671700013679
            ],
            [
              -87.96022500034341,
              38.23711800028617
            ],
            [
              -87.95761000005976,
              38.250046000005725
            ],
            [
              -87.94302999984207,
              38.25778999980438
            ],
            [
              -87.95212500012266,
              38.27376300022571
            ],
            [
              -87.9348440003059,
              38.2951450001888
            ],
            [
              -87.9095360000633,
              38.29606100008213
            ],
            [
              -87.91946999986982,
              38.27454699972042
            ],
            [
              -87.91012000021941,
              38.26810799986917
            ],
            [
              -87.87053700025598,
              38.31221999982447
            ],
            [
              -87.86045299976334,
              38.305372000156225
            ],
            [
              -87.86177400023641,
              38.278637000332274
            ],
            [
              -87.8409840003585,
              38.28010499977197
            ],
            [
              -87.8227210000024,
              38.3469120001666
            ],
            [
              -87.80607500039537,
              38.363143000164996
            ],
            [
              -87.77999600039892,
              38.370842000136776
            ],
            [
              -87.74525399994205,
              38.408996000330085
            ],
            [
              -87.7410400002493,
              38.43557600014604
            ],
            [
              -87.73013399994919,
              38.44651800024578
            ],
            [
              -87.7559309999133,
              38.45587599968452
            ],
            [
              -87.75002800039977,
              38.471426999726155
            ],
            [
              -87.6931880000107,
              38.48803799970124
            ],
            [
              -87.6718979996423,
              38.5076110000819
            ],
            [
              -87.65817799976523,
              38.501668999748304
            ],
            [
              -87.64671900016945,
              38.50776700029584
            ],
            [
              -87.67007099972923,
              38.54523700003278
            ],
            [
              -87.65070400043167,
              38.55623999979017
            ],
            [
              -87.6383929999929,
              38.59220000021367
            ],
            [
              -87.61195999999413,
              38.5892480000152
            ],
            [
              -87.62734799977561,
              38.60543999971078
            ],
            [
              -87.61558500040624,
              38.625047000214806
            ],
            [
              -87.62011999959104,
              38.63948900017422
            ],
            [
              -87.59367800026976,
              38.667402000154084
            ],
            [
              -87.53123099974486,
              38.684036000032265
            ],
            [
              -87.4960409995743,
              38.73998099995147
            ],
            [
              -87.50404600025882,
              38.74850700001072
            ],
            [
              -87.49690599993781,
              38.766817999976354
            ],
            [
              -87.51486100032234,
              38.77050300006303
            ],
            [
              -87.49550900019507,
              38.784625999801925
            ],
            [
              -87.52734199974212,
              38.81812099979532
            ],
            [
              -87.52672900017203,
              38.85036199992974
            ],
            [
              -87.55339399997436,
              38.86240999967548
            ],
            [
              -87.53491899990614,
              38.87887399996166
            ],
            [
              -87.54408899963148,
              38.89509299987245
            ],
            [
              -87.53595499997385,
              38.88699300005314
            ],
            [
              -87.53369500041576,
              38.90095700022903
            ],
            [
              -87.51683100035052,
              38.90369700019966
            ],
            [
              -87.52764499969082,
              38.90768800010328
            ],
            [
              -87.52771500001103,
              38.91923200004383
            ],
            [
              -87.51882599959475,
              38.923204999765865
            ],
            [
              -87.52176499974351,
              38.94111700001496
            ],
            [
              -87.51218699958916,
              38.95441699994642
            ],
            [
              -87.52949599989331,
              38.97192499994399
            ],
            [
              -87.57831899990231,
              38.988786000209565
            ],
            [
              -87.56042700016525,
              38.99242499998493
            ],
            [
              -87.57911700031865,
              39.00160700030981
            ],
            [
              -87.56969599962481,
              39.01941300026767
            ],
            [
              -87.58037299959608,
              39.04070699976897
            ],
            [
              -87.57258799991789,
              39.057286000171565
            ],
            [
              -87.59637300002105,
              39.0796389998218
            ],
            [
              -87.62025799968329,
              39.0865720002938
            ],
            [
              -87.61568400014045,
              39.10331599966987
            ],
            [
              -87.65279599976027,
              39.10683900017025
            ],
            [
              -87.65208299973274,
              39.115542999684074
            ],
            [
              -87.63501899965097,
              39.12212400025677
            ],
            [
              -87.65874500020288,
              39.135996999811226
            ],
            [
              -87.6421749998655,
              39.15709699973404
            ],
            [
              -87.62771299964858,
              39.15490599984317
            ],
            [
              -87.64043400016618,
              39.1667270000757
            ],
            [
              -87.61961800034902,
              39.17097500007333
            ],
            [
              -87.6196030002804,
              39.1860319999688
            ],
            [
              -87.60629299958384,
              39.18513000010608
            ],
            [
              -87.57560099968649,
              39.21383699989065
            ],
            [
              -87.57931899998502,
              39.243551999719315
            ],
            [
              -87.57158600018538,
              39.25228699981886
            ],
            [
              -87.59348599975084,
              39.247451999678766
            ],
            [
              -87.6100500002404,
              39.2822320000375
            ],
            [
              -87.59794600038919,
              39.299479000257115
            ],
            [
              -87.62114700033625,
              39.30530600023359
            ],
            [
              -87.58485199960269,
              39.33732900019196
            ],
            [
              -87.55439999990486,
              39.3404880002099
            ],
            [
              -87.54401300036183,
              39.35290699975578
            ],
            [
              -87.53164599984655,
              39.34788799987565
            ],
            [
              -87.53163999999877,
              39.4771050002387
            ],
            [
              -87.68917199978635,
              39.47675600001255
            ],
            [
              -87.68897199976982,
              39.48739199976343
            ],
            [
              -87.96017900031265,
              39.48130899990464
            ],
            [
              -87.96634700014006,
              39.685972999959795
            ],
            [
              -88.06301300016682,
              39.68131099989095
            ],
            [
              -88.06351799978188,
              39.65265700005289
            ],
            [
              -88.13955100028956,
              39.652075000046125
            ],
            [
              -88.1399839999346,
              39.52079500027691
            ],
            [
              -88.12378500021632,
              39.52087499977523
            ],
            [
              -88.12379500026206,
              39.513437000217294
            ],
            [
              -88.16512999979548,
              39.49948699985182
            ],
            [
              -88.16320099977519,
              39.458216999857264
            ],
            [
              -88.17421500003033,
              39.43382199965994
            ],
            [
              -88.24815399976296,
              39.43376699970032
            ],
            [
              -88.24794700007374,
              39.48398600030607
            ],
            [
              -88.33355799983744,
              39.48435400000217
            ],
            [
              -88.34568199978014,
              39.46998999990966
            ],
            [
              -88.35952499968087,
              39.47363999967666
            ],
            [
              -88.35980599988827,
              39.43232900014623
            ],
            [
              -88.47035099980074,
              39.43262899985048
            ],
            [
              -88.47090599964453,
              39.21502899978893
            ],
            [
              -88.80532499972003,
              39.216263000151386
            ],
            [
              -88.806795000156,
              38.91158500011545
            ],
            [
              -88.6935310002028,
              38.91461699990758
            ],
            [
              -88.695164999772,
              38.82629899987675
            ],
            [
              -89.1381379998154,
              38.82420899983204
            ],
            [
              -89.13839300008352,
              38.73633099979149
            ],
            [
              -89.59732100034606,
              38.74323599991781
            ],
            [
              -89.59510299972246,
              38.65594800011977
            ],
            [
              -89.9858900001839,
              38.65820500028653
            ],
            [
              -90.00468599974417,
              38.64629400025871
            ],
            [
              -90.00453699978125,
              38.614511000016726
            ],
            [
              -89.99453500020269,
              38.614452000260414
            ],
            [
              -89.99096300039237,
              38.60346699998972
            ],
            [
              -89.90144400035933,
              38.58400699990096
            ],
            [
              -89.90176400002647,
              38.56999200009321
            ],
            [
              -89.92908400013003,
              38.570559999873545
            ],
            [
              -89.93509999962147,
              38.48887799996677
            ],
            [
              -90.0362560004238,
              38.48384500009319
            ],
            [
              -90.0360720003008,
              38.53489300034563
            ],
            [
              -90.10003100019617,
              38.5540599996643
            ],
            [
              -90.1386500000619,
              38.53041900019798
            ],
            [
              -90.1844109998985,
              38.52945100020365
            ],
            [
              -90.21903100015665,
              38.48499399981047
            ],
            [
              -90.26412300034663,
              38.52072799976771
            ],
            [
              -90.29108400042499,
              38.43088999980279
            ],
            [
              -90.34152099991168,
              38.38834299987913
            ],
            [
              -90.36436100018372,
              38.34751399987846
            ],
            [
              -90.37266600044389,
              38.293593999677796
            ],
            [
              -90.37270999992651,
              38.290957999778435
            ]
          ]
        ]
      }
    },
    {
      "type": "Feature",
      "id": "us-cd:119:17:13",
      "properties": {
        "boundary_id": "us-cd:119:17:13",
        "boundary_type": "congressional_district",
        "name": "13",
        "stateFips": "17",
        "congress": 119,
        "district": "13",
        "bbox": [
          -90.26405600039948,
          38.48384500009319,
          -88.12388800014847,
          40.171298999908956
        ]
      },
      "geometry": {
        "type": "Polygon",
        "coordinates": [
          [
            [
              -90.26405600039948,
              38.5210250002864
            ],
            [
              -90.21903100015665,
              38.48499399981047
            ],
            [
              -90.1844109998985,
              38.52945100020365
            ],
            [
              -90.1386500000619,
              38.53041900019798
            ],
            [
              -90.10003100019617,
              38.5540599996643
            ],
            [
              -90.0360720003008,
              38.53489300034563
            ],
            [
              -90.0362560004238,
              38.48384500009319
            ],
            [
              -89.93509999962147,
              38.48887799996677
            ],
            [
              -89.92908400013003,
              38.570559999873545
            ],
            [
              -89.90176400002647,
              38.56999200009321
            ],
            [
              -89.90144400035933,
              38.58400699990096
            ],
            [
              -89.99213699965402,
              38.60392499990162
            ],
            [
              -89.99453500020269,
              38.614452000260414
            ],
            [
              -90.00453699978125,
              38.614511000016726
            ],
            [
              -90.00727000006567,
              38.633380999822755
            ],
            [
              -90.00468599974417,
              38.64629400025871
            ],
            [
              -89.98292500009589,
              38.65849700002859
            ],
            [
              -89.98483599967453,
              38.67044700003359
            ],
            [
              -89.97329400023808,
              38.67410200029653
            ],
            [
              -89.97649799980239,
              38.68395299971127
            ],
            [
              -89.95670499963414,
              38.71524799984421
            ],
            [
              -89.95657999996068,
              38.744986000205316
            ],
            [
              -89.92870699966316,
              38.741530999721576
            ],
            [
              -89.92751599978476,
              38.89493699981401
            ],
            [
              -89.94606899967077,
              38.89833799969353
            ],
            [
              -89.94629399980168,
              38.91906599975805
            ],
            [
              -89.94601199976937,
              38.93569300025024
            ],
            [
              -89.92722100023197,
              38.94195799972984
            ],
            [
              -89.92698000020754,
              38.99876599993275
            ],
            [
              -89.69855500006787,
              38.99897899968003
            ],
            [
              -89.7016609997229,
              39.5233160000441
            ],
            [
              -89.5335259995839,
              39.52459200011569
            ],
            [
              -89.53502799980694,
              39.64113800014862
            ],
            [
              -89.47847299982324,
              39.640841999997235
            ],
            [
              -89.47892300008502,
              39.68396400029954
            ],
            [
              -89.42505100015703,
              39.683695999753326
            ],
            [
              -89.42517099980763,
              39.7620220001151
            ],
            [
              -89.39733400039346,
              39.74209100004705
            ],
            [
              -89.37391800036123,
              39.75864599993127
            ],
            [
              -89.36260500035534,
              39.75579900002882
            ],
            [
              -89.35413600006366,
              39.77209299978178
            ],
            [
              -89.32849999975802,
              39.76360300026679
            ],
            [
              -89.26096599967926,
              39.80509300025348
            ],
            [
              -89.24688500012715,
              39.82606199985129
            ],
            [
              -89.23394600004967,
              39.8128520000811
            ],
            [
              -89.18819000023595,
              39.81752399990381
            ],
            [
              -89.15146299968227,
              39.80124999965681
            ],
            [
              -89.10587699974786,
              39.80166899982777
            ],
            [
              -89.10391000009274,
              39.81618299973225
            ],
            [
              -89.08276799986231,
              39.81651599973936
            ],
            [
              -89.07574300006735,
              39.83277299976511
            ],
            [
              -89.04926900006072,
              39.838785999740125
            ],
            [
              -89.04336599964886,
              39.86172899986179
            ],
            [
              -88.98470799956758,
              39.908141999996694
            ],
            [
              -88.95526199980023,
              39.90842599999858
            ],
            [
              -88.9550280003468,
              39.891280000162254
            ],
            [
              -88.9615459999786,
              39.876436000051825
            ],
            [
              -88.99194900017095,
              39.87588999991701
            ],
            [
              -88.98930999959784,
              39.850660999780196
            ],
            [
              -88.97752200011412,
              39.846994000095364
            ],
            [
              -88.97702499999666,
              39.831311999786756
            ],
            [
              -88.94549700004814,
              39.824333000318745
            ],
            [
              -88.87885799957179,
              39.85187300028243
            ],
            [
              -88.87866500012625,
              39.86291299966955
            ],
            [
              -88.85117400031847,
              39.866353999688315
            ],
            [
              -88.84124100033688,
              39.85716500015731
            ],
            [
              -88.61300100014515,
              39.85030099973557
            ],
            [
              -88.61287800012151,
              39.87905999993076
            ],
            [
              -88.4061049998502,
              39.87923500027721
            ],
            [
              -88.4068029998091,
              39.967387999805304
            ],
            [
              -88.35403300007106,
              39.96735100029999
            ],
            [
              -88.34961599998873,
              40.01106800016811
            ],
            [
              -88.2378850002207,
              40.010443000213364
            ],
            [
              -88.23829600012442,
              40.05438199974419
            ],
            [
              -88.12388800014847,
              40.05498799980521
            ],
            [
              -88.12493699973666,
              40.14218999978488
            ],
            [
              -88.18365199971936,
              40.14204999987781
            ],
            [
              -88.20097799974197,
              40.15287399977683
            ],
            [
              -88.20121100026878,
              40.171075000097396
            ],
            [
              -88.2961220003525,
              40.171298999908956
            ],
            [
              -88.30108099985983,
              40.15360900031477
            ],
            [
              -88.31490299984416,
              40.160222000199134
            ],
            [
              -88.31482699967617,
              40.14209799991768
            ],
            [
              -88.46312299961617,
              40.14222399968934
            ],
            [
              -88.46301999968401,
              40.05503000015435
            ],
            [
              -88.74516399959079,
              40.055191000221726
            ],
            [
              -88.74543499975245,
              39.96756800007161
            ],
            [
              -89.1438749996476,
              39.96136799998129
            ],
            [
              -89.14345100022337,
              39.917646999735
            ],
            [
              -89.36711199995106,
              39.917587000000964
            ],
            [
              -89.36763800038085,
              39.87405000003033
            ],
            [
              -89.4830389998685,
              39.87503900032269
            ],
            [
              -89.48249499989537,
              39.78823599974258
            ],
            [
              -89.59893499982378,
              39.78743299984688
            ],
            [
              -89.5932480002203,
              39.83154400028551
            ],
            [
              -89.66383500025063,
              39.82673599977996
            ],
            [
              -89.66430899990355,
              39.873553000207174
            ],
            [
              -89.70852099966143,
              39.87314699971826
            ],
            [
              -89.71992599972883,
              39.74707799987586
            ],
            [
              -89.70583599995591,
              39.742619999749145
            ],
            [
              -89.70514399984478,
              39.69830099967619
            ],
            [
              -89.81532700025733,
              39.69793299973801
            ],
            [
              -89.81314700016685,
              39.52283800033455
            ],
            [
              -90.15378199975034,
              39.52031499996613
            ],
            [
              -90.14598399965337,
              38.99930299998349
            ],
            [
              -90.1180140001698,
              38.99902699974104
            ],
            [
              -90.11759099967217,
              38.95702300005795
            ],
            [
              -90.12633899962313,
              38.9303129998341
            ],
            [
              -90.14958999979889,
              38.92510400033992
            ],
            [
              -90.15718200003154,
              38.93708600030066
            ],
            [
              -90.19232000032353,
              38.93673300033318
            ],
            [
              -90.19615300024978,
              38.908690999804804
            ],
            [
              -90.19266299955689,
              38.88648799970514
            ],
            [
              -90.11332699975071,
              38.849305999950545
            ],
            [
              -90.10910700021017,
              38.83744800021516
            ],
            [
              -90.11942400033132,
              38.80181100025056
            ],
            [
              -90.16636400035075,
              38.77267500014474
            ],
            [
              -90.20990999993678,
              38.726049999684776
            ],
            [
              -90.20920199993213,
              38.70277900027336
            ],
            [
              -90.18260200042711,
              38.66537899992272
            ],
            [
              -90.17881100033365,
              38.6291570001461
            ],
            [
              -90.19180300011459,
              38.598980000254635
            ],
            [
              -90.2242039999242,
              38.57507999985804
            ],
            [
              -90.263339000174,
              38.52230899978539
            ],
            [
              -90.26405600039948,
              38.5210250002864
            ]
          ]
        ]
      }
    },
    {
      "type": "Feature",
      "id": "us-cd:119:17:14",
      "properties": {
        "boundary_id": "us-cd:119:17:14",
        "boundary_type": "congressional_district",
        "name": "14",
        "stateFips": "17",
        "congress": 119,
        "district": "14",
        "bbox": [
          -89.3936570001028,
          41.19141699984336,
          -88.01899100037973,
          42.06647399985623
        ]
      },
      "geometry": {
        "type": "Polygon",
        "coordinates": [
          [
            [
              -89.3936570001028,
              41.494931000017544
            ],
            [
              -89.39346299993404,
              41.26470400020818
            ],
            [
              -89.34838400016284,
              41.26101800000659
            ],
            [
              -89.3502529999087,
              41.2525540003333
            ],
            [
              -89.34334500028957,
              41.25535600018327
            ],
            [
              -89.3457339997191,
              41.247344000156836
            ],
            [
              -89.31183800025745,
              41.21212900025658
            ],
            [
              -89.30884899988,
              41.19141699984336
            ],
            [
              -89.16262000005254,
              41.19231200022997
            ],
            [
              -89.16278200043426,
              41.22137899989479
            ],
            [
              -89.05595800029504,
              41.221931999764834
            ],
            [
              -89.04873599995824,
              41.22666299970389
            ],
            [
              -89.04854199978948,
              41.280029999758064
            ],
            [
              -88.93307799965432,
              41.2800340002741
            ],
            [
              -88.93287000014018,
              41.25812499991806
            ],
            [
              -88.91342500012648,
              41.25824799988966
            ],
            [
              -88.91356900006653,
              41.28016099999062
            ],
            [
              -88.81701299964463,
              41.28116800031138
            ],
            [
              -88.81732300016434,
              41.3286330000166
            ],
            [
              -88.80803000041534,
              41.340459999698815
            ],
            [
              -88.6501400004275,
              41.313333999986824
            ],
            [
              -88.6259090002605,
              41.29986200023924
            ],
            [
              -88.5909120004338,
              41.303033999879
            ],
            [
              -88.59596100035283,
              41.45712900005412
            ],
            [
              -88.214300999959,
              41.46344699968719
            ],
            [
              -88.17829499982876,
              41.48171399972581
            ],
            [
              -88.1769089999567,
              41.46406499970925
            ],
            [
              -88.13835299984015,
              41.4647000000103
            ],
            [
              -88.13489599965753,
              41.37824700022771
            ],
            [
              -88.01899100037973,
              41.38044000018863
            ],
            [
              -88.0257900002189,
              41.58329999992297
            ],
            [
              -88.05295299996361,
              41.584675999729924
            ],
            [
              -88.04064900009585,
              41.59740700013677
            ],
            [
              -88.06648700006785,
              41.59694900005136
            ],
            [
              -88.06034699982953,
              41.63694600015567
            ],
            [
              -88.02768800027705,
              41.641505999862105
            ],
            [
              -88.0285569999402,
              41.669915000044185
            ],
            [
              -88.05527199997124,
              41.65544499990075
            ],
            [
              -88.12481000041338,
              41.65229100025259
            ],
            [
              -88.12400799979909,
              41.631689999732295
            ],
            [
              -88.14481100009577,
              41.6310629999852
            ],
            [
              -88.14819399976021,
              41.726116999821315
            ],
            [
              -88.26195200035615,
              41.72465199990345
            ],
            [
              -88.26211999968731,
              41.76044599974764
            ],
            [
              -88.29428799986844,
              41.75325900016978
            ],
            [
              -88.31361999990423,
              41.760341999686275
            ],
            [
              -88.32777099977652,
              41.74453699975395
            ],
            [
              -88.37568800031245,
              41.74439500005613
            ],
            [
              -88.37610699971378,
              41.80988799967262
            ],
            [
              -88.60256600002322,
              41.806847000227414
            ],
            [
              -88.60156000009273,
              42.017924999900025
            ],
            [
              -88.6112720001414,
              42.017819000217116
            ],
            [
              -88.6135459999432,
              42.00316200010935
            ],
            [
              -88.64040400008939,
              42.003094999899325
            ],
            [
              -88.63189999963758,
              42.0289500000396
            ],
            [
              -88.65376300029143,
              42.0319399996781
            ],
            [
              -88.65354800020629,
              42.04002299986605
            ],
            [
              -88.68129900030506,
              42.037961999670664
            ],
            [
              -88.68386199981185,
              42.06647399985623
            ],
            [
              -88.71560099964756,
              42.06643399968276
            ],
            [
              -88.71472799978648,
              41.98004500027747
            ],
            [
              -88.94188300040501,
              41.97887999998629
            ],
            [
              -88.93867899994238,
              41.62831600012539
            ],
            [
              -89.1671500001128,
              41.62865700000823
            ],
            [
              -89.16654199966725,
              41.495831999818044
            ],
            [
              -89.39319699979526,
              41.494926000061334
            ],
            [
              -89.3936570001028,
              41.494931000017544
            ]
          ]
        ]
      }
    },
    {
      "type": "Feature",
      "id": "us-cd:119:17:15",
      "properties": {
        "boundary_id": "us-cd:119:17:15",
        "boundary_type": "congressional_district",
        "name": "15",
        "stateFips": "17",
        "congress": 119,
        "district": "15",
        "bbox": [
          -91.51297400037653,
          38.65594800011977,
          -87.53163999999877,
          41.33336100021374
        ]
      },
      "geometry": {
        "type": "Polygon",
        "coordinates": [
          [
            [
              -91.51297400037653,
              40.18106200033786
            ],
            [
              -91.5108389995936,
              40.1261369996846
            ],
            [
              -91.48960600002492,
              40.05743499970961
            ],
            [
              -91.494878000425,
              40.03645300024424
            ],
            [
              -91.41935999957815,
              39.927716999863385
            ],
            [
              -91.4208779996947,
              39.91486500030311
            ],
            [
              -91.44351299992731,
              39.89358300025232
            ],
            [
              -91.44668499970456,
              39.871641999667986
            ],
            [
              -91.43215800008863,
              39.84030800006439
            ],
            [
              -91.37648799966158,
              39.81003300008811
            ],
            [
              -91.36344400000212,
              39.79280399981454
            ],
            [
              -91.36841799957804,
              39.72973799969096
            ],
            [
              -91.27614000021964,
              39.6657590000874
            ],
            [
              -91.22931700037607,
              39.6208530001609
            ],
            [
              -91.18193600031567,
              39.60267699988896
            ],
            [
              -91.15362799982498,
              39.548248000208176
            ],
            [
              -91.1003070004411,
              39.53869500023708
            ],
            [
              -91.03826999999501,
              39.44843500021758
            ],
            [
              -90.94076600026727,
              39.40398399972629
            ],
            [
              -90.92874500025674,
              39.38754399976157
            ],
            [
              -90.79346100018915,
              39.309497999991265
            ],
            [
              -90.75159900040106,
              39.26543200021695
            ],
            [
              -90.72996000005318,
              39.25589400015616
            ],
            [
              -90.70790200030397,
              39.150860000143794
            ],
            [
              -90.68108599999057,
              39.10059000033339
            ],
            [
              -90.71358499970948,
              39.05556699979671
            ],
            [
              -90.71158000041952,
              39.04679799980104
            ],
            [
              -90.67819299987259,
              38.99185100026831
            ],
            [
              -90.66301799962814,
              38.926283000328965
            ],
            [
              -90.62335600002199,
              38.88714900007878
            ],
            [
              -90.57757599991882,
              38.868383999961985
            ],
            [
              -90.54891699979885,
              38.872936999751836
            ],
            [
              -90.50745099984586,
              38.902766999964946
            ],
            [
              -90.47212199975814,
              38.958837999663494
            ],
            [
              -90.4512790001768,
              38.9677310001205
            ],
            [
              -90.3958160003373,
              38.96003699965134
            ],
            [
              -90.3094540000129,
              38.924120000049435
            ],
            [
              -90.25024799976053,
              38.91934400021936
            ],
            [
              -90.19519599982478,
              38.886746000186065
            ],
            [
              -90.19232000032353,
              38.93673300033318
            ],
            [
              -90.15718200003154,
              38.93708600030066
            ],
            [
              -90.14958999979889,
              38.92510400033992
            ],
            [
              -90.12633899962313,
              38.9303129998341
            ],
            [
              -90.1180140001698,
              38.99902699974104
            ],
            [
              -90.14598399965337,
              38.99930299998349
            ],
            [
              -90.15378199975034,
              39.52031499996613
            ],
            [
              -89.81314700016685,
              39.52283800033455
            ],
            [
              -89.81532700025733,
              39.69793299973801
            ],
            [
              -89.70514399984478,
              39.69830099967619
            ],
            [
              -89.70583599995591,
              39.742619999749145
            ],
            [
              -89.71992599972883,
              39.74707799987586
            ],
            [
              -89.70852099966143,
              39.87314699971826
            ],
            [
              -89.66430899990355,
              39.873553000207174
            ],
            [
              -89.66383500025063,
              39.82673599977996
            ],
            [
              -89.5932480002203,
              39.83154400028551
            ],
            [
              -89.59893499982378,
              39.78743299984688
            ],
            [
              -89.48249499989537,
              39.78823599974258
            ],
            [
              -89.4830389998685,
              39.87503900032269
            ],
            [
              -89.36763800038085,
              39.87405000003033
            ],
            [
              -89.36711199995106,
              39.917587000000964
            ],
            [
              -89.14345100022337,
              39.917646999735
            ],
            [
              -89.1438749996476,
              39.96136799998129
            ],
            [
              -88.74543499975245,
              39.96756800007161
            ],
            [
              -88.74516399959079,
              40.055191000221726
            ],
            [
              -88.46301999968401,
              40.05503000015435
            ],
            [
              -88.46312299961617,
              40.14222399968934
            ],
            [
              -88.31482699967617,
              40.14209799991768
            ],
            [
              -88.31490299984416,
              40.160222000199134
            ],
            [
              -88.30108099985983,
              40.15360900031477
            ],
            [
              -88.2961220003525,
              40.171298999908956
            ],
            [
              -88.20121100026878,
              40.171075000097396
            ],
            [
              -88.20097799974197,
              40.15287399977683
            ],
            [
              -88.18365199971936,
              40.14204999987781
            ],
            [
              -88.12493699973666,
              40.14218999978488
            ],
            [
              -88.12388800014847,
              40.05498799980521
            ],
            [
              -88.23829600012442,
              40.05438199974419
            ],
            [
              -88.2378850002207,
              40.010443000213364
            ],
            [
              -88.34961599998873,
              40.01106800016811
            ],
            [
              -88.35403300007106,
              39.96735100029999
            ],
            [
              -88.4068029998091,
              39.967387999805304
            ],
            [
              -88.4061049998502,
              39.87923500027721
            ],
            [
              -88.61287800012151,
              39.87905999993076
            ],
            [
              -88.61300100014515,
              39.85030099973557
            ],
            [
              -88.84124100033688,
              39.85716500015731
            ],
            [
              -88.85117400031847,
              39.866353999688315
            ],
            [
              -88.87866500012625,
              39.86291299966955
            ],
            [
              -88.87885799957179,
              39.85187300028243
            ],
            [
              -88.94549700004814,
              39.824333000318745
            ],
            [
              -88.97702499999666,
              39.831311999786756
            ],
            [
              -88.97752200011412,
              39.846994000095364
            ],
            [
              -88.98930999959784,
              39.850660999780196
            ],
            [
              -88.99194900017095,
              39.87588999991701
            ],
            [
              -88.9615459999786,
              39.876436000051825
            ],
            [
              -88.9550280003468,
              39.891280000162254
            ],
            [
              -88.95526199980023,
              39.90842599999858
            ],
            [
              -88.98470799956758,
              39.908141999996694
            ],
            [
              -89.04336599964886,
              39.86172899986179
            ],
            [
              -89.04926900006072,
              39.838785999740125
            ],
            [
              -89.07574300006735,
              39.83277299976511
            ],
            [
              -89.08276799986231,
              39.81651599973936
            ],
            [
              -89.10391000009274,
              39.81618299973225
            ],
            [
              -89.10587699974786,
              39.80166899982777
            ],
            [
              -89.15146299968227,
              39.80124999965681
            ],
            [
              -89.18819000023595,
              39.81752399990381
            ],
            [
              -89.23394600004967,
              39.8128520000811
            ],
            [
              -89.24688500012715,
              39.82606199985129
            ],
            [
              -89.26096599967926,
              39.80509300025348
            ],
            [
              -89.32849999975802,
              39.76360300026679
            ],
            [
              -89.35413600006366,
              39.77209299978178
            ],
            [
              -89.36260500035534,
              39.75579900002882
            ],
            [
              -89.37391800036123,
              39.75864599993127
            ],
            [
              -89.39733400039346,
              39.74209100004705
            ],
            [
              -89.42517099980763,
              39.7620220001151
            ],
            [
              -89.42505100015703,
              39.683695999753326
            ],
            [
              -89.47892300008502,
              39.68396400029954
            ],
            [
              -89.47847299982324,
              39.640841999997235
            ],
            [
              -89.53502799980694,
              39.64113800014862
            ],
            [
              -89.5335259995839,
              39.52459200011569
            ],
            [
              -89.7016609997229,
              39.5233160000441
            ],
            [
              -89.69855500006787,
              38.99897899968003
            ],
            [
              -89.92698000020754,
              38.99876599993275
            ],
            [
              -89.92722100023197,
              38.94195799972984
            ],
            [
              -89.94601199976937,
              38.93569300025024
            ],
            [
              -89.94629399980168,
              38.91906599975805
            ],
            [
              -89.94606899967077,
              38.89833799969353
            ],
            [
              -89.92751599978476,
              38.89493699981401
            ],
            [
              -89.92870699966316,
              38.741530999721576
            ],
            [
              -89.95657999996068,
              38.744986000205316
            ],
            [
              -89.96007800015117,
              38.703882000349076
            ],
            [
              -89.97649799980239,
              38.68395299971127
            ],
            [
              -89.97329400023808,
              38.67410200029653
            ],
            [
              -89.98483599967453,
              38.67044700003359
            ],
            [
              -89.98317799981587,
              38.65818900017977
            ],
            [
              -89.59510299972246,
              38.65594800011977
            ],
            [
              -89.59732100034606,
              38.74323599991781
            ],
            [
              -89.13839300008352,
              38.73633099979149
            ],
            [
              -89.1381379998154,
              38.82420899983204
            ],
            [
              -88.695164999772,
              38.82629899987675
            ],
            [
              -88.6935310002028,
              38.91461699990758
            ],
            [
              -88.806795000156,
              38.91158500011545
            ],
            [
              -88.80532499972003,
              39.216263000151386
            ],
            [
              -88.47090599964453,
              39.21502899978893
            ],
            [
              -88.47035099980074,
              39.43262899985048
            ],
            [
              -88.35980599988827,
              39.43232900014623
            ],
            [
              -88.35952499968087,
              39.47363999967666
            ],
            [
              -88.34568199978014,
              39.46998999990966
            ],
            [
              -88.33355799983744,
              39.48435400000217
            ],
            [
              -88.24794700007374,
              39.48398600030607
            ],
            [
              -88.24815399976296,
              39.43376699970032
            ],
            [
              -88.17421500003033,
              39.43382199965994
            ],
            [
              -88.16320099977519,
              39.458216999857264
            ],
            [
              -88.16512999979548,
              39.49948699985182
            ],
            [
              -88.12379500026206,
              39.513437000217294
            ],
            [
              -88.12378500021632,
              39.52087499977523
            ],
            [
              -88.1399839999346,
              39.52079500027691
            ],
            [
              -88.13955100028956,
              39.652075000046125
            ],
            [
              -88.06351799978188,
              39.65265700005289
            ],
            [
              -88.06301300016682,
              39.68131099989095
            ],
            [
              -87.96634700014006,
              39.685972999959795
            ],
            [
              -87.96017900031265,
              39.48130899990464
            ],
            [
              -87.68897199976982,
              39.48739199976343
            ],
            [
              -87.68917199978635,
              39.47675600001255
            ],
            [
              -87.53163999999877,
              39.4771050002387
            ],
            [
              -87.53217099955312,
              40.05880200011886
            ],
            [
              -87.61486999983056,
              40.057970000151755
            ],
            [
              -87.6238400004377,
              40.02074000030904
            ],
            [
              -87.65706800007766,
              40.02805299992559
            ],
            [
              -87.65874000018,
              40.04284999984513
            ],
            [
              -87.67614700039346,
              40.042607999916065
            ],
            [
              -87.67621099996757,
              40.027921000254906
            ],
            [
              -87.78662000033592,
              40.02727000028463
            ],
            [
              -87.7868999998201,
              40.04183000003089
            ],
            [
              -87.8062129995893,
              40.041618000076994
            ],
            [
              -87.80648299992605,
              40.08591300001716
            ],
            [
              -87.939632000109,
              40.08361600019752
            ],
            [
              -87.94210299955428,
              40.22548199968771
            ],
            [
              -87.92876000014408,
              40.22561899967871
            ],
            [
              -87.92999200003038,
              40.313376000216536
            ],
            [
              -88.07888700019508,
              40.31251599977999
            ],
            [
              -88.0785640001549,
              40.28339699972012
            ],
            [
              -88.11716799995202,
              40.283183999800094
            ],
            [
              -88.11706400019496,
              40.275716999904496
            ],
            [
              -88.126789999589,
              40.28299500009092
            ],
            [
              -88.16929300033291,
              40.28275399995634
            ],
            [
              -88.17452700019984,
              40.27538700033632
            ],
            [
              -88.17439199958234,
              40.28275999968294
            ],
            [
              -88.23248499977409,
              40.282320999893386
            ],
            [
              -88.23290999992155,
              40.311569999802046
            ],
            [
              -88.46026899985624,
              40.31099100031278
            ],
            [
              -88.46041799981916,
              40.28193499972912
            ],
            [
              -88.48089999972547,
              40.28121599994019
            ],
            [
              -89.26265000037549,
              40.280919000227115
            ],
            [
              -89.26373999997156,
              40.32534400010433
            ],
            [
              -89.71492700003853,
              40.319218000071714
            ],
            [
              -89.71710399975593,
              40.43565500017081
            ],
            [
              -89.92467999956817,
              40.43592100012004
            ],
            [
              -89.90558199988409,
              40.45150600010142
            ],
            [
              -90.61774999971107,
              40.45587699986475
            ],
            [
              -90.6182810001637,
              40.447516999933306
            ],
            [
              -90.7047999999486,
              40.44803500022255
            ],
            [
              -90.72767700003057,
              40.477235999894496
            ],
            [
              -90.72410400039531,
              40.48543799996594
            ],
            [
              -90.67467899978857,
              40.482840999864536
            ],
            [
              -90.67396400011123,
              40.54318800003185
            ],
            [
              -90.54283400036024,
              40.54233900011407
            ],
            [
              -90.54292999972141,
              40.52872699992753
            ],
            [
              -90.52372699955703,
              40.52823399997094
            ],
            [
              -90.5226679999231,
              40.54178300014704
            ],
            [
              -90.44688300001086,
              40.539838999666735
            ],
            [
              -90.44175999957369,
              40.88905999975121
            ],
            [
              -90.6715349996004,
              40.89246099979708
            ],
            [
              -90.66857500043356,
              41.32762200020661
            ],
            [
              -91.07207000009554,
              41.33336100021374
            ],
            [
              -91.07484100001479,
              41.30557800033002
            ],
            [
              -91.11365700042232,
              41.24140100022516
            ],
            [
              -91.04155700029833,
              41.16616200025672
            ],
            [
              -90.9949629998853,
              41.160630000311265
            ],
            [
              -90.94662500029821,
              41.09662800021577
            ],
            [
              -90.94225300042172,
              41.034702000298104
            ],
            [
              -90.96256000042585,
              40.92583100015228
            ],
            [
              -91.0095360004303,
              40.90056500018016
            ],
            [
              -91.09299300004281,
              40.82107900029624
            ],
            [
              -91.0917030004302,
              40.77970800032544
            ],
            [
              -91.1104239996474,
              40.74552799991186
            ],
            [
              -91.11194000011415,
              40.697018000009614
            ],
            [
              -91.12392799961442,
              40.66915199966745
            ],
            [
              -91.18698000021182,
              40.637296999917375
            ],
            [
              -91.25307399999181,
              40.63796200011664
            ],
            [
              -91.33971900017343,
              40.613487999877435
            ],
            [
              -91.4052410003912,
              40.55464100032546
            ],
            [
              -91.40412499995753,
              40.53912699977687
            ],
            [
              -91.38453099998092,
              40.53094799987357
            ],
            [
              -91.364210999558,
              40.50004300023655
            ],
            [
              -91.3817690002825,
              40.44255500013798
            ],
            [
              -91.37292099987413,
              40.39910800026481
            ],
            [
              -91.38420100026804,
              40.386429999965436
            ],
            [
              -91.41505100034915,
              40.381747000061495
            ],
            [
              -91.44158599955684,
              40.365372000029815
            ],
            [
              -91.46396999971927,
              40.339596999864995
            ],
            [
              -91.49272699974853,
              40.27821700024542
            ],
            [
              -91.49052400009185,
              40.2594979999636
            ],
            [
              -91.50582800020774,
              40.238838999666285
            ],
            [
              -91.50447699959744,
              40.198261999928846
            ],
            [
              -91.51283299991123,
              40.18184100000596
            ],
            [
              -91.51297400037653,
              40.18106200033786
            ]
          ]
        ]
      }
    },
    {
      "type": "Feature",
      "id": "us-cd:119:17:16",
      "properties": {
        "boundary_id": "us-cd:119:17:16",
        "boundary_type": "congressional_district",
        "name": "16",
        "stateFips": "17",
        "congress": 119,
        "district": "16",
        "bbox": [
          -90.65671000005864,
          40.28193499972912,
          -88.24088899976846,
          42.508481000028475
        ]
      },
      "geometry": {
        "type": "Polygon",
        "coordinates": [
          [
            [
              -90.65671000005864,
              42.48883500030992
            ],
            [
              -90.65111999964124,
              42.475188999721354
            ],
            [
              -90.62432799961728,
              42.45890399975577
            ],
            [
              -90.5652479997616,
              42.43874200033119
            ],
            [
              -90.5550179996791,
              42.416138000071726
            ],
            [
              -90.4720070001304,
              42.37995699978076
            ],
            [
              -90.4165350000701,
              42.3251089999697
            ],
            [
              -90.43103900011981,
              42.28245199992678
            ],
            [
              -90.41932600008083,
              42.254467000142114
            ],
            [
              -90.37512900039157,
              42.214811000080516
            ],
            [
              -90.317395000225,
              42.19364499985729
            ],
            [
              -89.91977200011445,
              42.19688100012639
            ],
            [
              -89.92395900004303,
              42.37141000018512
            ],
            [
              -89.51499699998733,
              42.37434699974593
            ],
            [
              -89.51427200026423,
              42.331019000197294
            ],
            [
              -89.39766499993124,
              42.33202200004055
            ],
            [
              -89.39743399995255,
              42.2887220002258
            ],
            [
              -89.14849000009666,
              42.27793999989731
            ],
            [
              -89.14526700026578,
              42.288081000076026
            ],
            [
              -89.11607000002046,
              42.28832799999907
            ],
            [
              -89.11618999967105,
              42.31538500011744
            ],
            [
              -89.07112900034151,
              42.32472799989328
            ],
            [
              -89.05785299998014,
              42.31057199988855
            ],
            [
              -89.05800699996591,
              42.32498299998014
            ],
            [
              -89.02842200028141,
              42.32552199993734
            ],
            [
              -89.0421570002271,
              42.30980600021919
            ],
            [
              -89.01989199989035,
              42.3071209996855
            ],
            [
              -89.00704999989722,
              42.32587399980226
            ],
            [
              -88.97974499986229,
              42.326255000243954
            ],
            [
              -88.97961599999086,
              42.34081899987068
            ],
            [
              -88.96442999987575,
              42.34357899995069
            ],
            [
              -88.96681400018072,
              42.308498000096286
            ],
            [
              -89.02460500024868,
              42.29649399980869
            ],
            [
              -89.01437799964091,
              42.28717599993109
            ],
            [
              -89.01926000005368,
              42.27474699985912
            ],
            [
              -88.97990999971873,
              42.282464000070554
            ],
            [
              -88.99412099986549,
              42.25317400018466
            ],
            [
              -89.00887299961232,
              42.25300100016055
            ],
            [
              -88.99965900040435,
              42.244484000051415
            ],
            [
              -88.99894999967647,
              42.20780499994136
            ],
            [
              -89.01868799959314,
              42.20153400009694
            ],
            [
              -89.01864699958524,
              42.2091420003204
            ],
            [
              -89.03341699977375,
              42.20928200006803
            ],
            [
              -89.04374099956759,
              42.20149200024463
            ],
            [
              -89.05213200004148,
              42.216885000262536
            ],
            [
              -89.08199700010849,
              42.20889400013876
            ],
            [
              -89.09056900033234,
              42.18080600024573
            ],
            [
              -89.1252749999059,
              42.18891899988887
            ],
            [
              -89.09188200040951,
              42.20766199997945
            ],
            [
              -89.11096500002493,
              42.23763499972121
            ],
            [
              -89.13984199970481,
              42.20849599972791
            ],
            [
              -89.1729999999229,
              42.20424099985235
            ],
            [
              -89.68848599964385,
              42.19911200026489
            ],
            [
              -89.68536599974514,
              41.93033999971882
            ],
            [
              -89.6289070000209,
              41.93004399977796
            ],
            [
              -89.63149399981714,
              41.58494900008528
            ],
            [
              -90.18553599965466,
              41.58457399981782
            ],
            [
              -90.17932799964429,
              41.57236700001313
            ],
            [
              -90.19532399987129,
              41.540686000083355
            ],
            [
              -90.31951000001814,
              41.509705000181846
            ],
            [
              -90.31945599959148,
              41.46192499978791
            ],
            [
              -90.33331399956081,
              41.44160499993769
            ],
            [
              -90.3482319998873,
              41.44115699976425
            ],
            [
              -90.34826899969724,
              41.45500300004346
            ],
            [
              -90.40128899968053,
              41.455983000117016
            ],
            [
              -90.41522299981786,
              41.44961499968858
            ],
            [
              -90.41646899994785,
              41.43692199973034
            ],
            [
              -90.43218099959441,
              41.43472499970006
            ],
            [
              -90.43765200018613,
              41.15146299993365
            ],
            [
              -90.09631100024782,
              41.14988000013178
            ],
            [
              -90.09511799982128,
              41.23531199977725
            ],
            [
              -89.97329800043605,
              41.234539999791416
            ],
            [
              -89.97277899967895,
              41.32192999980144
            ],
            [
              -89.85661900013304,
              41.32096700025811
            ],
            [
              -89.86815200024694,
              41.149492999713736
            ],
            [
              -89.98455899966508,
              41.14939399979043
            ],
            [
              -89.98533299979198,
              40.80007399996033
            ],
            [
              -89.82416700026978,
              40.79345399994768
            ],
            [
              -89.82404900026901,
              40.76609700015647
            ],
            [
              -89.81368899959185,
              40.76203099998835
            ],
            [
              -89.82075600011792,
              40.73339600028293
            ],
            [
              -89.79485899969637,
              40.72534700000659
            ],
            [
              -89.79471599958126,
              40.71096799978772
            ],
            [
              -89.69587799985996,
              40.71100099976343
            ],
            [
              -89.70057199995173,
              40.69912099983066
            ],
            [
              -89.65469200028947,
              40.70090899987934
            ],
            [
              -89.64641399979347,
              40.68664100006626
            ],
            [
              -89.64174700036418,
              40.71807000019833
            ],
            [
              -89.65626800013233,
              40.72873899968421
            ],
            [
              -89.64933200002581,
              40.74850900004316
            ],
            [
              -89.67107400030585,
              40.754493999988064
            ],
            [
              -89.6697679999014,
              40.775127000160346
            ],
            [
              -89.63428800020094,
              40.76009199980239
            ],
            [
              -89.62462999968065,
              40.76914799978137
            ],
            [
              -89.631138000165,
              40.77630500013163
            ],
            [
              -89.613867000394,
              40.77978300018957
            ],
            [
              -89.61590600001914,
              40.77150100019376
            ],
            [
              -89.60261299993932,
              40.77264000025652
            ],
            [
              -89.56828599958413,
              40.74623000013251
            ],
            [
              -89.5723660002809,
              40.76060100018343
            ],
            [
              -89.55659500018479,
              40.760243999962086
            ],
            [
              -89.54641399960775,
              40.72299399988679
            ],
            [
              -89.55310100019226,
              40.70308600030673
            ],
            [
              -89.61309699956674,
              40.665732999978715
            ],
            [
              -89.61237400039177,
              40.646457000136444
            ],
            [
              -89.65999700030152,
              40.59765600023205
            ],
            [
              -89.65431900002055,
              40.57420700032841
            ],
            [
              -89.66430899990355,
              40.56240400015992
            ],
            [
              -89.64564200021472,
              40.552974999995065
            ],
            [
              -89.64430999987098,
              40.48007499979772
            ],
            [
              -89.47142799993678,
              40.48168600004824
            ],
            [
              -89.4684310000617,
              40.44144100031426
            ],
            [
              -89.45150800044523,
              40.418985999812136
            ],
            [
              -89.4275130002798,
              40.4212620000278
            ],
            [
              -89.42948099975986,
              40.412607000146494
            ],
            [
              -89.3988730004264,
              40.41739999995977
            ],
            [
              -89.39905199962823,
              40.42529999984323
            ],
            [
              -89.3209729998227,
              40.41937600025986
            ],
            [
              -89.30843600032644,
              40.42684600027756
            ],
            [
              -89.22265899998304,
              40.4278320000783
            ],
            [
              -89.21770299995045,
              40.42065999968959
            ],
            [
              -89.21846799985653,
              40.45697799974953
            ],
            [
              -89.16437699964541,
              40.45592000025219
            ],
            [
              -89.0657139998263,
              40.48274899966167
            ],
            [
              -89.0588360003444,
              40.487670000256344
            ],
            [
              -89.05831099973953,
              40.52880100016886
            ],
            [
              -89.04124099980997,
              40.51442500006332
            ],
            [
              -89.0286259995976,
              40.517010000090224
            ],
            [
              -89.02883300018513,
              40.502224000325725
            ],
            [
              -89.011046999855,
              40.50244799977549
            ],
            [
              -89.0020849996438,
              40.531870000111745
            ],
            [
              -88.96320200018742,
              40.531992999838344
            ],
            [
              -88.96205800016467,
              40.523043999704846
            ],
            [
              -88.94391299980933,
              40.53481200025005
            ],
            [
              -88.9419339995603,
              40.51038999982903
            ],
            [
              -88.95309799960329,
              40.50522799996524
            ],
            [
              -88.93364199971894,
              40.49984299981413
            ],
            [
              -88.93358499981753,
              40.488467000105096
            ],
            [
              -88.9025280000472,
              40.48811799994575
            ],
            [
              -88.9022180004258,
              40.47405699970726
            ],
            [
              -88.94313100018483,
              40.480725999834426
            ],
            [
              -88.9637019997796,
              40.45150500002706
            ],
            [
              -89.03944400003415,
              40.45492399993567
            ],
            [
              -89.03470899993451,
              40.28273100019999
            ],
            [
              -88.46041799981916,
              40.28193499972912
            ],
            [
              -88.4599569996867,
              40.39884999978479
            ],
            [
              -88.34698700035969,
              40.39841699989663
            ],
            [
              -88.3469880001846,
              40.464973000044864
            ],
            [
              -88.37064600006613,
              40.4649830001504
            ],
            [
              -88.37066100013475,
              40.52975699968633
            ],
            [
              -88.4592599995527,
              40.53003900002316
            ],
            [
              -88.45947499963785,
              40.61734500005883
            ],
            [
              -88.57450199993,
              40.61654999982182
            ],
            [
              -88.58522099973405,
              40.850313000123485
            ],
            [
              -88.64245000028555,
              40.84449000001856
            ],
            [
              -88.64050100017376,
              40.87364100014936
            ],
            [
              -88.671198000094,
              40.87340900009732
            ],
            [
              -88.6714099998061,
              40.89919999972406
            ],
            [
              -88.66777299969843,
              40.9059460000338
            ],
            [
              -88.63564999972316,
              40.892059999710895
            ],
            [
              -88.6050699999788,
              40.91773000025557
            ],
            [
              -88.60464599965627,
              40.93226099966633
            ],
            [
              -88.58804000023221,
              40.935990000067925
            ],
            [
              -88.60529400028477,
              40.93584399981566
            ],
            [
              -88.58592899973871,
              40.94485300029273
            ],
            [
              -88.58460999981378,
              41.1083099996618
            ],
            [
              -88.24088899976846,
              41.11438300016972
            ],
            [
              -88.25223100008667,
              41.46306600002617
            ],
            [
              -88.59596100035283,
              41.45712900005412
            ],
            [
              -88.5909120004338,
              41.303033999879
            ],
            [
              -88.6259090002605,
              41.29986200023924
            ],
            [
              -88.6501400004275,
              41.313333999986824
            ],
            [
              -88.81134899960738,
              41.33991600032874
            ],
            [
              -88.81701299964463,
              41.28116800031138
            ],
            [
              -88.91356900006653,
              41.28016099999062
            ],
            [
              -88.91342500012648,
              41.25824799988966
            ],
            [
              -88.93287000014018,
              41.25812499991806
            ],
            [
              -88.93307799965432,
              41.2800340002741
            ],
            [
              -89.04854199978948,
              41.280029999758064
            ],
            [
              -89.05079999969774,
              41.22479800015899
            ],
            [
              -89.16278200043426,
              41.22137899989479
            ],
            [
              -89.16262000005254,
              41.19231200022997
            ],
            [
              -89.30884899988,
              41.19141699984336
            ],
            [
              -89.31183800025745,
              41.21212900025658
            ],
            [
              -89.3457339997191,
              41.247344000156836
            ],
            [
              -89.34334500028957,
              41.25535600018327
            ],
            [
              -89.3502529999087,
              41.2525540003333
            ],
            [
              -89.34838400016284,
              41.26101800000659
            ],
            [
              -89.39346299993404,
              41.26470400020818
            ],
            [
              -89.3936570001028,
              41.494931000017544
            ],
            [
              -89.16654199966725,
              41.495831999818044
            ],
            [
              -89.1671500001128,
              41.62865700000823
            ],
            [
              -88.93867899994238,
              41.62831600012539
            ],
            [
              -88.94188300040501,
              41.97887999998629
            ],
            [
              -88.71472799978648,
              41.98004500027747
            ],
            [
              -88.71560099964756,
              42.06643399968276
            ],
            [
              -88.82189599988229,
              42.066151000119525
            ],
            [
              -88.82241899993903,
              42.153390999711384
            ],
            [
              -88.86151499983075,
              42.15304600002969
            ],
            [
              -88.86252400013429,
              42.267529999803735
            ],
            [
              -88.88571000001271,
              42.27000099975034
            ],
            [
              -88.86107700016284,
              42.281258999703724
            ],
            [
              -88.86711299974576,
              42.291091000155916
            ],
            [
              -88.8463889999901,
              42.29127799997315
            ],
            [
              -88.84654999964859,
              42.30576000018988
            ],
            [
              -88.82202300010391,
              42.306667999922034
            ],
            [
              -88.82207300033262,
              42.327892000260114
            ],
            [
              -88.51126000026011,
              42.327471999961794
            ],
            [
              -88.51621299991966,
              42.365643999944496
            ],
            [
              -88.4722970004378,
              42.36471299988605
            ],
            [
              -88.4716220000451,
              42.49461799990527
            ],
            [
              -90.64284299986848,
              42.508481000028475
            ],
            [
              -90.65653699980628,
              42.49028799974428
            ],
            [
              -90.65671000005864,
              42.48883500030992
            ]
          ]
        ]
      }
    },
    {
      "type": "Feature",
      "id": "us-cd:119:17:17",
      "properties": {
        "boundary_id": "us-cd:119:17:17",
        "boundary_type": "congressional_district",
        "name": "17",
        "stateFips": "17",
        "congress": 119,
        "district": "17",
        "bbox": [
          -91.07206500007266,
          40.280919000227115,
          -88.9022180004258,
          42.37434699974593
        ]
      },
      "geometry": {
        "type": "Polygon",
        "coordinates": [
          [
            [
              -91.07206500007266,
              41.333407999869834
            ],
            [
              -90.66857500043356,
              41.32762200020661
            ],
            [
              -90.6715349996004,
              40.89246099979708
            ],
            [
              -90.44175999957369,
              40.88905999975121
            ],
            [
              -90.44688300001086,
              40.539838999666735
            ],
            [
              -90.5226679999231,
              40.54178300014704
            ],
            [
              -90.52372699955703,
              40.52823399997094
            ],
            [
              -90.54292999972141,
              40.52872699992753
            ],
            [
              -90.54283400036024,
              40.54233900011407
            ],
            [
              -90.67396400011123,
              40.54318800003185
            ],
            [
              -90.67467899978857,
              40.482840999864536
            ],
            [
              -90.72410400039531,
              40.48543799996594
            ],
            [
              -90.72767700003057,
              40.477235999894496
            ],
            [
              -90.7047999999486,
              40.44803500022255
            ],
            [
              -90.6182810001637,
              40.447516999933306
            ],
            [
              -90.61774999971107,
              40.45587699986475
            ],
            [
              -89.90558199988409,
              40.45150600010142
            ],
            [
              -89.92467999956817,
              40.43592100012004
            ],
            [
              -89.71710399975593,
              40.43565500017081
            ],
            [
              -89.71492700003853,
              40.319218000071714
            ],
            [
              -89.26373999997156,
              40.32534400010433
            ],
            [
              -89.26265000037549,
              40.280919000227115
            ],
            [
              -89.03471099958432,
              40.28279699992675
            ],
            [
              -89.03944400003415,
              40.45492399993567
            ],
            [
              -88.9637019997796,
              40.45150500002706
            ],
            [
              -88.94313100018483,
              40.480725999834426
            ],
            [
              -88.9022180004258,
              40.47405699970726
            ],
            [
              -88.9025280000472,
              40.48811799994575
            ],
            [
              -88.93358499981753,
              40.488467000105096
            ],
            [
              -88.93364199971894,
              40.49984299981413
            ],
            [
              -88.95309799960329,
              40.50522799996524
            ],
            [
              -88.9419339995603,
              40.51038999982903
            ],
            [
              -88.94391299980933,
              40.53481200025005
            ],
            [
              -88.96205800016467,
              40.523043999704846
            ],
            [
              -88.96320200018742,
              40.531992999838344
            ],
            [
              -89.0020849996438,
              40.531870000111745
            ],
            [
              -89.011046999855,
              40.50244799977549
            ],
            [
              -89.02883300018513,
              40.502224000325725
            ],
            [
              -89.0286259995976,
              40.517010000090224
            ],
            [
              -89.04124099980997,
              40.51442500006332
            ],
            [
              -89.05831099973953,
              40.52880100016886
            ],
            [
              -89.0588360003444,
              40.487670000256344
            ],
            [
              -89.0657139998263,
              40.48274899966167
            ],
            [
              -89.16437699964541,
              40.45592000025219
            ],
            [
              -89.21846799985653,
              40.45697799974953
            ],
            [
              -89.21770299995045,
              40.42065999968959
            ],
            [
              -89.22265899998304,
              40.4278320000783
            ],
            [
              -89.30843600032644,
              40.42684600027756
            ],
            [
              -89.3209729998227,
              40.41937600025986
            ],
            [
              -89.39905199962823,
              40.42529999984323
            ],
            [
              -89.3988730004264,
              40.41739999995977
            ],
            [
              -89.42972099995936,
              40.412653000076304
            ],
            [
              -89.4275130002798,
              40.4212620000278
            ],
            [
              -89.45150800044523,
              40.418985999812136
            ],
            [
              -89.4684310000617,
              40.44144100031426
            ],
            [
              -89.47142799993678,
              40.48168600004824
            ],
            [
              -89.64430999987098,
              40.48007499979772
            ],
            [
              -89.64564200021472,
              40.552974999995065
            ],
            [
              -89.66430899990355,
              40.56240400015992
            ],
            [
              -89.65431900002055,
              40.57420700032841
            ],
            [
              -89.65999700030152,
              40.59765600023205
            ],
            [
              -89.61237400039177,
              40.646457000136444
            ],
            [
              -89.61309699956674,
              40.665732999978715
            ],
            [
              -89.55310100019226,
              40.70308600030673
            ],
            [
              -89.54641399960775,
              40.72299399988679
            ],
            [
              -89.55659500018479,
              40.760243999962086
            ],
            [
              -89.5723660002809,
              40.76060100018343
            ],
            [
              -89.56828599958413,
              40.74623000013251
            ],
            [
              -89.60261299993932,
              40.77264000025652
            ],
            [
              -89.61590600001914,
              40.77150100019376
            ],
            [
              -89.613867000394,
              40.77978300018957
            ],
            [
              -89.631138000165,
              40.77630500013163
            ],
            [
              -89.62462999968065,
              40.76914799978137
            ],
            [
              -89.63428800020094,
              40.76009199980239
            ],
            [
              -89.6697679999014,
              40.775127000160346
            ],
            [
              -89.67107400030585,
              40.754493999988064
            ],
            [
              -89.64933200002581,
              40.74850900004316
            ],
            [
              -89.65626800013233,
              40.72873899968421
            ],
            [
              -89.64174700036418,
              40.71807000019833
            ],
            [
              -89.64641399979347,
              40.68664100006626
            ],
            [
              -89.65469200028947,
              40.70090899987934
            ],
            [
              -89.70057199995173,
              40.69912099983066
            ],
            [
              -89.69587799985996,
              40.71100099976343
            ],
            [
              -89.79471599958126,
              40.71096799978772
            ],
            [
              -89.79485899969637,
              40.72534700000659
            ],
            [
              -89.82075600011792,
              40.73339600028293
            ],
            [
              -89.81368899959185,
              40.76203099998835
            ],
            [
              -89.82404900026901,
              40.76609700015647
            ],
            [
              -89.82416700026978,
              40.79345399994768
            ],
            [
              -89.98533299979198,
              40.80007399996033
            ],
            [
              -89.98455899966508,
              41.14939399979043
            ],
            [
              -89.86815200024694,
              41.149492999713736
            ],
            [
              -89.85661900013304,
              41.32096700025811
            ],
            [
              -89.97277899967895,
              41.32192999980144
            ],
            [
              -89.97329800043605,
              41.234539999791416
            ],
            [
              -90.09511799982128,
              41.23531199977725
            ],
            [
              -90.09631100024782,
              41.14988000013178
            ],
            [
              -90.43765200018613,
              41.15146299993365
            ],
            [
              -90.43218099959441,
              41.43472499970006
            ],
            [
              -90.41646899994785,
              41.43692199973034
            ],
            [
              -90.41522299981786,
              41.44961499968858
            ],
            [
              -90.40128899968053,
              41.455983000117016
            ],
            [
              -90.34826899969724,
              41.45500300004346
            ],
            [
              -90.3482319998873,
              41.44115699976425
            ],
            [
              -90.33331399956081,
              41.44160499993769
            ],
            [
              -90.31945599959148,
              41.46192499978791
            ],
            [
              -90.31951000001814,
              41.509705000181846
            ],
            [
              -90.19532399987129,
              41.540686000083355
            ],
            [
              -90.17932799964429,
              41.57236700001313
            ],
            [
              -90.18553599965466,
              41.58457399981782
            ],
            [
              -89.63149399981714,
              41.58494900008528
            ],
            [
              -89.6289070000209,
              41.93004399977796
            ],
            [
              -89.68536599974514,
              41.93033999971882
            ],
            [
              -89.68848599964385,
              42.19911200026489
            ],
            [
              -89.1729999999229,
              42.20424099985235
            ],
            [
              -89.13984199970481,
              42.20849599972791
            ],
            [
              -89.11096500002493,
              42.23763499972121
            ],
            [
              -89.09188200040951,
              42.20766199997945
            ],
            [
              -89.1252749999059,
              42.18891899988887
            ],
            [
              -89.09056900033234,
              42.18080600024573
            ],
            [
              -89.08199700010849,
              42.20889400013876
            ],
            [
              -89.05213200004148,
              42.216885000262536
            ],
            [
              -89.04374099956759,
              42.20149200024463
            ],
            [
              -89.03341699977375,
              42.20928200006803
            ],
            [
              -89.01864699958524,
              42.2091420003204
            ],
            [
              -89.01868799959314,
              42.20153400009694
            ],
            [
              -88.99894999967647,
              42.20780499994136
            ],
            [
              -88.99965900040435,
              42.244484000051415
            ],
            [
              -89.00887299961232,
              42.25300100016055
            ],
            [
              -88.99412099986549,
              42.25317400018466
            ],
            [
              -88.97990999971873,
              42.282464000070554
            ],
            [
              -89.01926000005368,
              42.27474699985912
            ],
            [
              -89.01437799964091,
              42.28717599993109
            ],
            [
              -89.02460500024868,
              42.29649399980869
            ],
            [
              -88.96681400018072,
              42.308498000096286
            ],
            [
              -88.96442999987575,
              42.34357899995069
            ],
            [
              -88.97961599999086,
              42.34081899987068
            ],
            [
              -88.97974499986229,
              42.326255000243954
            ],
            [
              -89.00704999989722,
              42.32587399980226
            ],
            [
              -89.01989199989035,
              42.3071209996855
            ],
            [
              -89.0421570002271,
              42.30980600021919
            ],
            [
              -89.02842200028141,
              42.32552199993734
            ],
            [
              -89.05800699996591,
              42.32498299998014
            ],
            [
              -89.05785299998014,
              42.31057199988855
            ],
            [
              -89.07112900034151,
              42.32472799989328
            ],
            [
              -89.11618999967105,
              42.31538500011744
            ],
            [
              -89.11607000002046,
              42.28832799999907
            ],
            [
              -89.14526700026578,
              42.288081000076026
            ],
            [
              -89.14849000009666,
              42.27793999989731
            ],
            [
              -89.39743399995255,
              42.2887220002258
            ],
            [
              -89.39766499993124,
              42.33202200004055
            ],
            [
              -89.51427200026423,
              42.331019000197294
            ],
            [
              -89.51499699998733,
              42.37434699974593
            ],
            [
              -89.92395900004303,
              42.37141000018512
            ],
            [
              -89.91977200011445,
              42.19688100012639
            ],
            [
              -90.317395000225,
              42.19364499985729
            ],
            [
              -90.21610700007649,
              42.156730000265725
            ],
            [
              -90.20140399983516,
              42.130936999754354
            ],
            [
              -90.16753299958954,
              42.12247500023209
            ],
            [
              -90.16448499966086,
              42.04210500005509
            ],
            [
              -90.14006100004835,
              42.00325199982218
            ],
            [
              -90.1641349998565,
              41.956177999978664
            ],
            [
              -90.15160000001005,
              41.93100200012452
            ],
            [
              -90.15358400028192,
              41.90661399979588
            ],
            [
              -90.18190100009515,
              41.84321600025381
            ],
            [
              -90.18197300006518,
              41.807069999714344
            ],
            [
              -90.27863300024413,
              41.76735800009197
            ],
            [
              -90.31087800041813,
              41.74232500009948
            ],
            [
              -90.31343500007716,
              41.69808200019769
            ],
            [
              -90.33452500042902,
              41.67955899970152
            ],
            [
              -90.34345199958182,
              41.646958999710144
            ],
            [
              -90.34322800017414,
              41.58783300022944
            ],
            [
              -90.4128250001675,
              41.565328999799206
            ],
            [
              -90.46143200026643,
              41.52353299977232
            ],
            [
              -90.5006329997401,
              41.51803300013439
            ],
            [
              -90.54093499957885,
              41.526133000295204
            ],
            [
              -90.59103700022813,
              41.51283200019315
            ],
            [
              -90.65583899984736,
              41.46213199981322
            ],
            [
              -90.74594600023445,
              41.4497300002153
            ],
            [
              -90.84655800016534,
              41.45514099982694
            ],
            [
              -90.93001599960277,
              41.421403999849666
            ],
            [
              -90.97981500030335,
              41.43432099967823
            ],
            [
              -91.02778700019253,
              41.42360299996514
            ],
            [
              -91.04764200028507,
              41.411310000286925
            ],
            [
              -91.07204900017913,
              41.33355099994963
            ],
            [
              -91.07206500007266,
              41.333407999869834
            ]
          ]
        ]
      }
    }
  ]
}
