{
  "type": "FeatureCollection",
  "features": [
    {
      "type": "Feature",
      "id": "us-county:21:001",
      "properties": {
        "boundary_id": "us-county:21:001",
        "boundary_type": "county",
        "name": "Adair County",
        "stateFips": "21",
        "countyFips": "001",
        "bbox": [
          -85.52688100038714,
          36.92506900025572,
          -85.04331600007676,
          37.30937899984365
        ]
      },
      "geometry": {
        "type": "Polygon",
        "coordinates": [
          [
            [
              -85.05338899980045,
              37.196563000163785
            ],
            [
              -85.05689799986156,
              37.25704099997622
            ],
            [
              -85.14743399969576,
              37.304430000183885
            ],
            [
              -85.18403700040088,
              37.30937899984365
            ],
            [
              -85.19930299998362,
              37.26774600003537
            ],
            [
              -85.27018799993975,
              37.26259899978614
            ],
            [
              -85.29438999979442,
              37.245595000189454
            ],
            [
              -85.31180000038091,
              37.24666200003628
            ],
            [
              -85.30782699981427,
              37.22733700002835
            ],
            [
              -85.3802580003744,
              37.16831400030129
            ],
            [
              -85.52688100038714,
              37.109450000314794
            ],
            [
              -85.50362900038645,
              37.00768000015073
            ],
            [
              -85.441755000147,
              36.954076000203294
            ],
            [
              -85.45183000041881,
              36.93813799974584
            ],
            [
              -85.2320260000085,
              36.92506900025572
            ],
            [
              -85.20583099966112,
              36.99686199968381
            ],
            [
              -85.1661859997734,
              37.03326499999248
            ],
            [
              -85.05122700015163,
              37.175639999893576
            ],
            [
              -85.04331600007676,
              37.18602799990678
            ],
            [
              -85.05333899957174,
              37.19651000020135
            ],
            [
              -85.05338899980045,
              37.196563000163785
            ]
          ]
        ]
      }
    },
    {
      "type": "Feature",
      "id": "us-county:21:003",
      "properties": {
        "boundary_id": "us-county:21:003",
        "boundary_type": "county",
        "name": "Allen County",
        "stateFips": "21",
        "countyFips": "003",
        "bbox": [
          -86.41897699985968,
          36.62918299978488,
          -85.94909399979154,
          36.93560699983852
        ]
      },
      "geometry": {
        "type": "Polygon",
        "coordinates": [
          [
            [
              -86.03730599959522,
              36.76017900013872
            ],
            [
              -86.05286599980414,
              36.77480600001262
            ],
            [
              -86.03452200015548,
              36.78089700010833
            ],
            [
              -86.05212099998955,
              36.79445099968304
            ],
            [
              -86.04674200035765,
              36.80733999993951
            ],
            [
              -86.07174699975323,
              36.80780300012433
            ],
            [
              -86.05571899973916,
              36.82958300023831
            ],
            [
              -86.07801599986297,
              36.85469999980876
            ],
            [
              -86.07021000026839,
              36.87724600026986
            ],
            [
              -86.07824400036691,
              36.891253000007694
            ],
            [
              -86.06660599977269,
              36.891083999961836
            ],
            [
              -86.0653100003123,
              36.89912800024379
            ],
            [
              -86.09796100036716,
              36.90043600010947
            ],
            [
              -86.1084459998195,
              36.885426999927674
            ],
            [
              -86.09753799986956,
              36.86818599990319
            ],
            [
              -86.1054330000509,
              36.86464000017676
            ],
            [
              -86.12477699978226,
              36.89544399997685
            ],
            [
              -86.14709300017265,
              36.8967960002864
            ],
            [
              -86.13454900010537,
              36.90299000013607
            ],
            [
              -86.14208699991133,
              36.91391900033549
            ],
            [
              -86.1359319996044,
              36.93204299972853
            ],
            [
              -86.1491250001251,
              36.92868500013523
            ],
            [
              -86.14904200028442,
              36.91131400035814
            ],
            [
              -86.16028999999298,
              36.90635499989002
            ],
            [
              -86.17641000006856,
              36.91440900004956
            ],
            [
              -86.161860999813,
              36.93109500008647
            ],
            [
              -86.17043999970956,
              36.93501800032991
            ],
            [
              -86.18902699993076,
              36.921677000042045
            ],
            [
              -86.2003080001496,
              36.93560699983852
            ],
            [
              -86.21015200044273,
              36.92762299997088
            ],
            [
              -86.20793100034439,
              36.90708600018765
            ],
            [
              -86.22630900032823,
              36.912633000334964
            ],
            [
              -86.24041099979672,
              36.89433200026828
            ],
            [
              -86.26689300019927,
              36.89317799985461
            ],
            [
              -86.26327399963498,
              36.87324399982115
            ],
            [
              -86.40576900016869,
              36.77618700027044
            ],
            [
              -86.41897699985968,
              36.67627400008741
            ],
            [
              -86.41137899977926,
              36.65092400009734
            ],
            [
              -85.97290099963601,
              36.62918299978488
            ],
            [
              -85.94909399979154,
              36.66105399980182
            ],
            [
              -85.98287600034871,
              36.74156299967315
            ],
            [
              -86.0023089997685,
              36.75871099964083
            ],
            [
              -86.03684600018599,
              36.76013999978479
            ],
            [
              -86.03730599959522,
              36.76017900013872
            ]
          ]
        ]
      }
    },
    {
      "type": "Feature",
      "id": "us-county:21:005",
      "properties": {
        "boundary_id": "us-county:21:005",
        "boundary_type": "county",
        "name": "Anderson County",
        "stateFips": "21",
        "countyFips": "005",
        "bbox": [
          -85.17004499963892,
          37.88580499972712,
          -84.79632700018043,
          38.129606999716366
        ]
      },
      "geometry": {
        "type": "Polygon",
        "coordinates": [
          [
            [
              -85.17004499963892,
              37.994645999703486
            ],
            [
              -85.1475140000617,
              37.891013000302095
            ],
            [
              -85.13756199981353,
              37.893763000094914
            ],
            [
              -85.14624600019039,
              37.90160500002187
            ],
            [
              -85.13158399995692,
              37.89978300010661
            ],
            [
              -85.12655199975633,
              37.917168999728325
            ],
            [
              -85.10619200004875,
              37.90924699966579
            ],
            [
              -85.10754299976075,
              37.89312300019669
            ],
            [
              -85.08844099987871,
              37.88764599992182
            ],
            [
              -85.08083199992764,
              37.89499800031492
            ],
            [
              -85.0779920004114,
              37.88580499972712
            ],
            [
              -85.04891499981669,
              37.89862499997369
            ],
            [
              -85.04295700005156,
              37.885927000000265
            ],
            [
              -85.00798299979108,
              37.89096899966334
            ],
            [
              -85.00110100011125,
              37.907096999987004
            ],
            [
              -84.98740100032565,
              37.90542199973834
            ],
            [
              -84.97932899969399,
              37.91490900002751
            ],
            [
              -84.97335099983736,
              37.93551100024447
            ],
            [
              -84.93777999990033,
              37.95282599974383
            ],
            [
              -84.88374800013875,
              37.93989299965468
            ],
            [
              -84.79632700018043,
              37.970087999936226
            ],
            [
              -84.81847199996828,
              37.97389899974256
            ],
            [
              -84.81618200027293,
              37.99849300000055
            ],
            [
              -84.83806400029506,
              38.008914000346785
            ],
            [
              -84.8307940002777,
              38.02942399991476
            ],
            [
              -84.84950899964711,
              38.04457000025563
            ],
            [
              -84.82567400021357,
              38.05588200005088
            ],
            [
              -84.84287300001456,
              38.069373999853575
            ],
            [
              -84.82741800028595,
              38.08294400015466
            ],
            [
              -84.83629799958307,
              38.09859299984854
            ],
            [
              -84.86107799974604,
              38.09060800001454
            ],
            [
              -84.86490800019754,
              38.11692599993827
            ],
            [
              -84.8718950003577,
              38.117356000005756
            ],
            [
              -84.88642899964633,
              38.097393000013355
            ],
            [
              -84.90779799965746,
              38.09366599980682
            ],
            [
              -85.0073290002131,
              38.129606999716366
            ],
            [
              -85.03965300002983,
              38.11931300019263
            ],
            [
              -85.05453799984605,
              38.08422299972474
            ],
            [
              -85.04778300038782,
              38.07234099999187
            ],
            [
              -85.08361600026569,
              38.040875999826625
            ],
            [
              -85.1208319996426,
              38.025758999978514
            ],
            [
              -85.13026500003198,
              37.99616500032105
            ],
            [
              -85.15051699978454,
              37.99960200020541
            ],
            [
              -85.15221499982616,
              37.9881300003474
            ],
            [
              -85.16365000003078,
              37.991301000032536
            ],
            [
              -85.16146699956727,
              38.00152200031356
            ],
            [
              -85.17004299998909,
              37.99469800025307
            ],
            [
              -85.17004499963892,
              37.994645999703486
            ]
          ]
        ]
      }
    },
    {
      "type": "Feature",
      "id": "us-county:21:007",
      "properties": {
        "boundary_id": "us-county:21:007",
        "boundary_type": "county",
        "name": "Ballard County",
        "stateFips": "21",
        "countyFips": "007",
        "bbox": [
          -89.18246699974915,
          36.915543999865285,
          -88.81595200036088,
          37.22815499999918
        ]
      },
      "geometry": {
        "type": "Polygon",
        "coordinates": [
          [
            [
              -89.18246699974915,
              37.03916399994319
            ],
            [
              -89.17017299992713,
              37.007067000023454
            ],
            [
              -89.10471699983158,
              36.97180599985711
            ],
            [
              -89.10086399981385,
              36.944015999836616
            ],
            [
              -89.08752700025143,
              36.939264000198825
            ],
            [
              -89.0805049999312,
              36.915543999865285
            ],
            [
              -89.06383599985962,
              36.923223999744984
            ],
            [
              -89.0709100000584,
              36.932128999715665
            ],
            [
              -89.05150000020481,
              36.93824299998648
            ],
            [
              -89.04893900034783,
              36.9253429997768
            ],
            [
              -89.0135950001915,
              36.930407000346754
            ],
            [
              -88.98979699966958,
              36.91932999979454
            ],
            [
              -88.92801600021484,
              36.94033900034748
            ],
            [
              -88.81595200036088,
              36.95409999968086
            ],
            [
              -88.93339300019692,
              37.22497300011312
            ],
            [
              -88.98594600019996,
              37.22815499999918
            ],
            [
              -89.04098499971694,
              37.203002000107915
            ],
            [
              -89.08671200011665,
              37.16545100021481
            ],
            [
              -89.10949999961181,
              37.12309299982706
            ],
            [
              -89.14869400031117,
              37.097831999800896
            ],
            [
              -89.18234999957329,
              37.0398030002543
            ],
            [
              -89.18246699974915,
              37.03916399994319
            ]
          ]
        ]
      }
    },
    {
      "type": "Feature",
      "id": "us-county:21:009",
      "properties": {
        "boundary_id": "us-county:21:009",
        "boundary_type": "county",
        "name": "Barren County",
        "stateFips": "21",
        "countyFips": "009",
        "bbox": [
          -86.17615099960247,
          36.722722000000935,
          -85.73925500004819,
          37.169813000281664
        ]
      },
      "geometry": {
        "type": "Polygon",
        "coordinates": [
          [
            [
              -85.82538700021883,
              36.810906000143824
            ],
            [
              -85.77228600004467,
              36.836339999739
            ],
            [
              -85.73925500004819,
              36.841476000137554
            ],
            [
              -85.7560899998011,
              37.1098350001017
            ],
            [
              -85.77177100038385,
              37.10973299987797
            ],
            [
              -85.77696199969478,
              37.138327999862256
            ],
            [
              -85.74422100012653,
              37.169813000281664
            ],
            [
              -85.9063359996778,
              37.14837700029634
            ],
            [
              -86.05644299963734,
              37.16720800026179
            ],
            [
              -86.07426699960229,
              37.05328500007275
            ],
            [
              -86.11351200035524,
              37.06107200025912
            ],
            [
              -86.16673999985271,
              36.93401500000132
            ],
            [
              -86.16055500030684,
              36.92423000026612
            ],
            [
              -86.17615099960247,
              36.91374000015768
            ],
            [
              -86.15317599961122,
              36.90829100014294
            ],
            [
              -86.15002399992548,
              36.927650999747264
            ],
            [
              -86.1359319996044,
              36.93204299972853
            ],
            [
              -86.14208699991133,
              36.91391900033549
            ],
            [
              -86.13454900010537,
              36.90299000013607
            ],
            [
              -86.14698199984456,
              36.8965600000662
            ],
            [
              -86.12477699978226,
              36.89544399997685
            ],
            [
              -86.10368399995566,
              36.86419199976241
            ],
            [
              -86.09753799986956,
              36.86818599990319
            ],
            [
              -86.1084459998195,
              36.885426999927674
            ],
            [
              -86.09796100036716,
              36.90043600010947
            ],
            [
              -86.0653100003123,
              36.89912800024379
            ],
            [
              -86.06660599977269,
              36.891083999961836
            ],
            [
              -86.07824400036691,
              36.891253000007694
            ],
            [
              -86.07021000026839,
              36.87724600026986
            ],
            [
              -86.07801599986297,
              36.85469999980876
            ],
            [
              -86.05571899973916,
              36.82958300023831
            ],
            [
              -86.07147200029192,
              36.807011999773394
            ],
            [
              -86.04698400020699,
              36.8076469998482
            ],
            [
              -86.05212099998955,
              36.79445099968304
            ],
            [
              -86.03452200015548,
              36.78089700010833
            ],
            [
              -86.05129300033428,
              36.77240900013347
            ],
            [
              -86.03759000017565,
              36.76011199977683
            ],
            [
              -86.0023089997685,
              36.75871099964083
            ],
            [
              -85.97691000018766,
              36.722722000000935
            ],
            [
              -85.83841300033494,
              36.803277000144334
            ],
            [
              -85.82538700021883,
              36.810906000143824
            ]
          ]
        ]
      }
    },
    {
      "type": "Feature",
      "id": "us-county:21:011",
      "properties": {
        "boundary_id": "us-county:21:011",
        "boundary_type": "county",
        "name": "Bath County",
        "stateFips": "21",
        "countyFips": "011",
        "bbox": [
          -83.9791770001959,
          37.992617999781004,
          -83.46344799990236,
          38.302408999975725
        ]
      },
      "geometry": {
        "type": "Polygon",
        "coordinates": [
          [
            [
              -83.71729000006455,
              38.003287999938266
            ],
            [
              -83.65960299975366,
              38.028301000040074
            ],
            [
              -83.63374800006322,
              38.02659899986915
            ],
            [
              -83.6101909995657,
              38.00711100009317
            ],
            [
              -83.60466200014598,
              38.01442499972309
            ],
            [
              -83.58085899960118,
              38.01156799993204
            ],
            [
              -83.57293900020379,
              38.022990000141924
            ],
            [
              -83.5749889996996,
              38.05888299974101
            ],
            [
              -83.50109400034789,
              38.04902499986181
            ],
            [
              -83.48047599999916,
              38.06914300002406
            ],
            [
              -83.46519399962457,
              38.066679000304084
            ],
            [
              -83.46344799990236,
              38.08043700032663
            ],
            [
              -83.50508299990976,
              38.0882150001185
            ],
            [
              -83.51394600038675,
              38.06965000010782
            ],
            [
              -83.5196170000967,
              38.0888899997221
            ],
            [
              -83.53441999989715,
              38.094692999741504
            ],
            [
              -83.5152589995656,
              38.10808899974029
            ],
            [
              -83.52005999978749,
              38.11608299968541
            ],
            [
              -83.55905699994501,
              38.115840999665444
            ],
            [
              -83.54875099969452,
              38.143074000200535
            ],
            [
              -83.55482700035874,
              38.13540500009432
            ],
            [
              -83.55834800011544,
              38.14591900005492
            ],
            [
              -83.58408700035324,
              38.14625600021591
            ],
            [
              -83.60623600033904,
              38.12436199992323
            ],
            [
              -83.62157499971671,
              38.14912000002929
            ],
            [
              -83.59066500025948,
              38.17009599998567
            ],
            [
              -83.60168500036241,
              38.179513999684296
            ],
            [
              -83.59712400034002,
              38.184788000073574
            ],
            [
              -83.61299099979729,
              38.18776499983067
            ],
            [
              -83.61070100010197,
              38.17721600035164
            ],
            [
              -83.62029599997474,
              38.17559300034659
            ],
            [
              -83.63555999990766,
              38.18747699993552
            ],
            [
              -83.6465459996754,
              38.17096299974737
            ],
            [
              -83.65864600022698,
              38.20104200005022
            ],
            [
              -83.67163499963486,
              38.19696099994128
            ],
            [
              -83.68307900006033,
              38.21437799966939
            ],
            [
              -83.6944120001577,
              38.20938500026728
            ],
            [
              -83.68934399997211,
              38.19760800002403
            ],
            [
              -83.69757300006431,
              38.198121999763124
            ],
            [
              -83.69560700023408,
              38.24361700003148
            ],
            [
              -83.68503900004276,
              38.255864000158184
            ],
            [
              -83.69008700013687,
              38.26175399990114
            ],
            [
              -83.70906799964506,
              38.24378400022904
            ],
            [
              -83.71729900028538,
              38.25229400025026
            ],
            [
              -83.70896499971289,
              38.26754299978842
            ],
            [
              -83.7362809996185,
              38.26324299986646
            ],
            [
              -83.72601999957385,
              38.29297999989473
            ],
            [
              -83.75542400040673,
              38.28447699971598
            ],
            [
              -83.76187000006847,
              38.29510900025545
            ],
            [
              -83.77544400035569,
              38.28568700027621
            ],
            [
              -83.78521199958253,
              38.294707999751395
            ],
            [
              -83.80232099987012,
              38.27916200027586
            ],
            [
              -83.81404399995485,
              38.28309399967782
            ],
            [
              -83.82124600020015,
              38.30027200016184
            ],
            [
              -83.84014800006564,
              38.302408999975725
            ],
            [
              -83.97792400039322,
              38.192118000255334
            ],
            [
              -83.9700380004327,
              38.18745099965853
            ],
            [
              -83.97911699992144,
              38.18787899972467
            ],
            [
              -83.97078900009505,
              38.179551000304684
            ],
            [
              -83.9791770001959,
              38.17510900010957
            ],
            [
              -83.96525300010434,
              38.1705420000645
            ],
            [
              -83.97588999989262,
              38.16732100033455
            ],
            [
              -83.97478000020506,
              38.15859300001782
            ],
            [
              -83.96184399960231,
              38.153876000204704
            ],
            [
              -83.95260299973184,
              38.164533999688246
            ],
            [
              -83.952416999959,
              38.15270299983124
            ],
            [
              -83.88135299990272,
              38.136516999910405
            ],
            [
              -83.8207990003114,
              38.0811099999446
            ],
            [
              -83.8016859996604,
              38.041702000103854
            ],
            [
              -83.75581400039407,
              38.00527500030229
            ],
            [
              -83.75698299963284,
              37.992617999781004
            ],
            [
              -83.73813799966877,
              38.01016899977046
            ],
            [
              -83.71802900003136,
              38.0033159996619
            ],
            [
              -83.71729000006455,
              38.003287999938266
            ]
          ]
        ]
      }
    },
    {
      "type": "Feature",
      "id": "us-county:21:013",
      "properties": {
        "boundary_id": "us-county:21:013",
        "boundary_type": "county",
        "name": "Bell County",
        "stateFips": "21",
        "countyFips": "013",
        "bbox": [
          -83.95631900038053,
          36.582596000286436,
          -83.45945900034053,
          36.955786000041854
        ]
      },
      "geometry": {
        "type": "Polygon",
        "coordinates": [
          [
            [
              -83.87982899993835,
              36.6905899996567
            ],
            [
              -83.87861499959541,
              36.680334999716116
            ],
            [
              -83.95631900038053,
              36.645433000175224
            ],
            [
              -83.92549699988854,
              36.60499500022986
            ],
            [
              -83.9307619997176,
              36.587691000239694
            ],
            [
              -83.69078900029375,
              36.582596000286436
            ],
            [
              -83.64770300011695,
              36.623082999979374
            ],
            [
              -83.57731600010317,
              36.64149599965045
            ],
            [
              -83.53014599992996,
              36.666049000250624
            ],
            [
              -83.46101599991684,
              36.664859999944525
            ],
            [
              -83.45945900034053,
              36.69738700015534
            ],
            [
              -83.48665399987229,
              36.71065599976641
            ],
            [
              -83.50089099995832,
              36.733254000087996
            ],
            [
              -83.48581399962315,
              36.78329299999666
            ],
            [
              -83.51172899958807,
              36.807362000058234
            ],
            [
              -83.48171000043358,
              36.849134000143366
            ],
            [
              -83.49390100032343,
              36.863690000011665
            ],
            [
              -83.48981300012906,
              36.895412999781335
            ],
            [
              -83.50436999988223,
              36.89852100001987
            ],
            [
              -83.49021800018502,
              36.91577700025704
            ],
            [
              -83.50966700039668,
              36.92349699977165
            ],
            [
              -83.50908300024058,
              36.93850900023573
            ],
            [
              -83.58952100023673,
              36.955786000041854
            ],
            [
              -83.58398799972072,
              36.94135499975077
            ],
            [
              -83.56614200001444,
              36.93152500009146
            ],
            [
              -83.5810939997778,
              36.90466700003236
            ],
            [
              -83.6126119996806,
              36.89755500026009
            ],
            [
              -83.62019700024054,
              36.8841909998988
            ],
            [
              -83.6348100000702,
              36.886674000215706
            ],
            [
              -83.64240700032572,
              36.86624599983039
            ],
            [
              -83.68258699996572,
              36.85487500035529
            ],
            [
              -83.68794300003141,
              36.835459999676594
            ],
            [
              -83.70902099978939,
              36.83487900010808
            ],
            [
              -83.74375999987323,
              36.7964530000144
            ],
            [
              -83.75226500014993,
              36.80531800035417
            ],
            [
              -83.7864510000398,
              36.80051900025929
            ],
            [
              -83.80922000016673,
              36.747991999648264
            ],
            [
              -83.8290359999012,
              36.74334000034649
            ],
            [
              -83.83317000012632,
              36.719656000117475
            ],
            [
              -83.85482399964448,
              36.70536599974093
            ],
            [
              -83.86862499971241,
              36.713208000102156
            ],
            [
              -83.87974799974751,
              36.69070099967189
            ],
            [
              -83.87982899993835,
              36.6905899996567
            ]
          ]
        ]
      }
    },
    {
      "type": "Feature",
      "id": "us-county:21:015",
      "properties": {
        "boundary_id": "us-county:21:015",
        "boundary_type": "county",
        "name": "Boone County",
        "stateFips": "21",
        "countyFips": "015",
        "bbox": [
          -84.89737099993147,
          38.77729299996301,
          -84.59793199996422,
          39.14773200026906
        ]
      },
      "geometry": {
        "type": "Polygon",
        "coordinates": [
          [
            [
              -84.63574699956582,
              39.07955800005714
            ],
            [
              -84.68723400026225,
              39.1015599998866
            ],
            [
              -84.7198960001878,
              39.13788999968318
            ],
            [
              -84.74996899976895,
              39.14773200026906
            ],
            [
              -84.78776800037535,
              39.11531299988185
            ],
            [
              -84.83243500041792,
              39.10048900028186
            ],
            [
              -84.89737099993147,
              39.057400000345616
            ],
            [
              -84.83004899956481,
              38.97256000034561
            ],
            [
              -84.83425200028522,
              38.958771000313554
            ],
            [
              -84.87783700022929,
              38.92035700011658
            ],
            [
              -84.87113899977416,
              38.90145499975332
            ],
            [
              -84.79315899970283,
              38.88741799986958
            ],
            [
              -84.78453499960042,
              38.875082000162834
            ],
            [
              -84.7950579995859,
              38.857276999785896
            ],
            [
              -84.77862299986606,
              38.85935999972778
            ],
            [
              -84.77778900036301,
              38.84724400008663
            ],
            [
              -84.76054299980804,
              38.847761000047925
            ],
            [
              -84.75073200002521,
              38.831007999904095
            ],
            [
              -84.66010699960425,
              38.77729299996301
            ],
            [
              -84.64358099964781,
              38.797995000223715
            ],
            [
              -84.61566399986766,
              38.80227699979413
            ],
            [
              -84.59793199996422,
              38.87943099990839
            ],
            [
              -84.6234929999268,
              39.07432999993628
            ],
            [
              -84.6355750000367,
              39.07943600024475
            ],
            [
              -84.63574699956582,
              39.07955800005714
            ]
          ]
        ]
      }
    },
    {
      "type": "Feature",
      "id": "us-county:21:017",
      "properties": {
        "boundary_id": "us-county:21:017",
        "boundary_type": "county",
        "name": "Bourbon County",
        "stateFips": "21",
        "countyFips": "017",
        "bbox": [
          -84.44266099955965,
          38.067028000204274,
          -83.96928100002424,
          38.371750000149625
        ]
      },
      "geometry": {
        "type": "Polygon",
        "coordinates": [
          [
            [
              -84.14640400031371,
              38.09980200024853
            ],
            [
              -84.08052700026869,
              38.1151179999779
            ],
            [
              -83.99017100035957,
              38.17506700024095
            ],
            [
              -83.96928100002424,
              38.20932999992715
            ],
            [
              -83.97901999983706,
              38.20784599995927
            ],
            [
              -83.97640200007869,
              38.219644000152165
            ],
            [
              -83.98802800007904,
              38.22017300032083
            ],
            [
              -83.99421799964773,
              38.20390299982278
            ],
            [
              -84.00458300034776,
              38.224110999790426
            ],
            [
              -84.02924600033488,
              38.214151999651094
            ],
            [
              -84.03287800041967,
              38.22356399996669
            ],
            [
              -84.06256299966333,
              38.23487599971742
            ],
            [
              -84.05314100004288,
              38.2394550002627
            ],
            [
              -84.05721400016864,
              38.256829000164295
            ],
            [
              -84.07926299969704,
              38.25660499993665
            ],
            [
              -84.07343399980333,
              38.26614999968817
            ],
            [
              -84.08552599995899,
              38.26654100020872
            ],
            [
              -84.07920300032089,
              38.27296999976235
            ],
            [
              -84.10348299999335,
              38.25898599971481
            ],
            [
              -84.10364700002488,
              38.269874000031635
            ],
            [
              -84.12018499967688,
              38.275515999768814
            ],
            [
              -84.1041969998458,
              38.28601100020309
            ],
            [
              -84.1299290004109,
              38.294607999916884
            ],
            [
              -84.12436900013071,
              38.307135999862915
            ],
            [
              -84.13262099978913,
              38.30454899977011
            ],
            [
              -84.16625299966012,
              38.35491299987969
            ],
            [
              -84.19404999978967,
              38.371750000149625
            ],
            [
              -84.28184400001689,
              38.31246100019008
            ],
            [
              -84.29657700039547,
              38.317724999899895
            ],
            [
              -84.29407199971668,
              38.30902700031309
            ],
            [
              -84.30880699974509,
              38.312365999702884
            ],
            [
              -84.30457399978575,
              38.30521400034298
            ],
            [
              -84.3191630002243,
              38.295961999709704
            ],
            [
              -84.34238799956245,
              38.29537300029186
            ],
            [
              -84.33408499985043,
              38.288647999800126
            ],
            [
              -84.34547599967411,
              38.28509899982278
            ],
            [
              -84.3598850001876,
              38.29603799967294
            ],
            [
              -84.37876199993872,
              38.27785199990319
            ],
            [
              -84.41498399997901,
              38.287548000191514
            ],
            [
              -84.44266099955965,
              38.28323600009964
            ],
            [
              -84.42254000022665,
              38.25664200017298
            ],
            [
              -84.41991800027031,
              38.21424499994351
            ],
            [
              -84.40111000011616,
              38.205278000254594
            ],
            [
              -84.37848099973132,
              38.21135699969624
            ],
            [
              -84.35862700036202,
              38.194824000342656
            ],
            [
              -84.35515000008793,
              38.17803600026626
            ],
            [
              -84.37378699963956,
              38.160448000274904
            ],
            [
              -84.36796000029399,
              38.1273430001368
            ],
            [
              -84.38093500035649,
              38.113490999930185
            ],
            [
              -84.36584899980049,
              38.10181299995518
            ],
            [
              -84.3298179995559,
              38.0850870003392
            ],
            [
              -84.31453199988168,
              38.093122999839906
            ],
            [
              -84.28646100011576,
              38.067028000204274
            ],
            [
              -84.14706999958725,
              38.09964300015247
            ],
            [
              -84.14640400031371,
              38.09980200024853
            ]
          ]
        ]
      }
    },
    {
      "type": "Feature",
      "id": "us-county:21:019",
      "properties": {
        "boundary_id": "us-county:21:019",
        "boundary_type": "county",
        "name": "Boyd County",
        "stateFips": "21",
        "countyFips": "019",
        "bbox": [
          -82.81770199991848,
          38.23696099990363,
          -82.57155099972314,
          38.50577899982325
        ]
      },
      "geometry": {
        "type": "Polygon",
        "coordinates": [
          [
            [
              -82.719667999563,
              38.467984000079795
            ],
            [
              -82.77028800024611,
              38.43292299976615
            ],
            [
              -82.77376200014717,
              38.41831300030884
            ],
            [
              -82.80965100010152,
              38.39437300000983
            ],
            [
              -82.81770199991848,
              38.376682000331485
            ],
            [
              -82.7717369998674,
              38.36258799974928
            ],
            [
              -82.78153299958164,
              38.345323000117645
            ],
            [
              -82.79420600041867,
              38.24377199999526
            ],
            [
              -82.73892099995608,
              38.23696099990363
            ],
            [
              -82.69947100006203,
              38.261913000000455
            ],
            [
              -82.62791999993402,
              38.26901799982178
            ],
            [
              -82.60995600022697,
              38.26406799995899
            ],
            [
              -82.60462500027563,
              38.247662000346864
            ],
            [
              -82.58405899980542,
              38.24626200006307
            ],
            [
              -82.57409800023473,
              38.27463500032269
            ],
            [
              -82.58303500033158,
              38.29680699999028
            ],
            [
              -82.57155099972314,
              38.31557900033733
            ],
            [
              -82.59812099998925,
              38.34593300029432
            ],
            [
              -82.59340900035413,
              38.42188000016797
            ],
            [
              -82.608008999765,
              38.467705000247264
            ],
            [
              -82.6654220004395,
              38.50577899982325
            ],
            [
              -82.71950400042978,
              38.46809800035112
            ],
            [
              -82.719667999563,
              38.467984000079795
            ]
          ]
        ]
      }
    },
    {
      "type": "Feature",
      "id": "us-county:21:021",
      "properties": {
        "boundary_id": "us-county:21:021",
        "boundary_type": "county",
        "name": "Boyle County",
        "stateFips": "21",
        "countyFips": "021",
        "bbox": [
          -85.03967399994623,
          37.532112999648625,
          -84.6520850000996,
          37.71724900027729
        ]
      },
      "geometry": {
        "type": "Polygon",
        "coordinates": [
          [
            [
              -84.75537099986538,
              37.59609599984019
            ],
            [
              -84.7441709998374,
              37.59735400012838
            ],
            [
              -84.74698600013758,
              37.58561200027971
            ],
            [
              -84.72374500000757,
              37.591296999960065
            ],
            [
              -84.6882850003986,
              37.61250499982898
            ],
            [
              -84.69637200020057,
              37.617282999811934
            ],
            [
              -84.69026399974929,
              37.62559500021599
            ],
            [
              -84.67411199988666,
              37.61580400013467
            ],
            [
              -84.6520850000996,
              37.62548100024291
            ],
            [
              -84.6667499998078,
              37.63429100030909
            ],
            [
              -84.65320800020596,
              37.641887000255856
            ],
            [
              -84.65567199997855,
              37.65398199973347
            ],
            [
              -84.67941400042399,
              37.64583600029548
            ],
            [
              -84.67247800031747,
              37.64060799985365
            ],
            [
              -84.67969300008325,
              37.63687999975649
            ],
            [
              -84.69439399977647,
              37.6419189999157
            ],
            [
              -84.68162499957829,
              37.65828499994956
            ],
            [
              -84.70521100038812,
              37.65985399982011
            ],
            [
              -84.68061699999797,
              37.67429700028583
            ],
            [
              -84.68280700013419,
              37.686585999903144
            ],
            [
              -84.69962599999359,
              37.6816239997278
            ],
            [
              -84.70002799967648,
              37.69740700019262
            ],
            [
              -84.74305399957883,
              37.69742500031375
            ],
            [
              -84.73840100039325,
              37.71316000017307
            ],
            [
              -84.79357399980451,
              37.71724900027729
            ],
            [
              -84.80786699996705,
              37.704613999726654
            ],
            [
              -85.0250209999336,
              37.67885400007875
            ],
            [
              -85.03967399994623,
              37.545232000230776
            ],
            [
              -85.013108999703,
              37.551265999943205
            ],
            [
              -85.00240699961738,
              37.54853099992729
            ],
            [
              -85.00218300020971,
              37.533628000332435
            ],
            [
              -84.8980999998525,
              37.532112999648625
            ],
            [
              -84.74731199965252,
              37.585532999760815
            ],
            [
              -84.75536300036777,
              37.59608300019519
            ],
            [
              -84.75537099986538,
              37.59609599984019
            ]
          ]
        ]
      }
    },
    {
      "type": "Feature",
      "id": "us-county:21:023",
      "properties": {
        "boundary_id": "us-county:21:023",
        "boundary_type": "county",
        "name": "Bracken County",
        "stateFips": "21",
        "countyFips": "023",
        "bbox": [
          -84.23596199980646,
          38.550485000198314,
          -83.9039010000967,
          38.82739300014045
        ]
      },
      "geometry": {
        "type": "Polygon",
        "coordinates": [
          [
            [
              -83.94590099997706,
              38.68671099993505
            ],
            [
              -83.9039010000967,
              38.76818200016395
            ],
            [
              -83.96236699965903,
              38.787521000045665
            ],
            [
              -84.07137500008669,
              38.77050099977515
            ],
            [
              -84.20587900017959,
              38.802685000143214
            ],
            [
              -84.23045900032602,
              38.82739300014045
            ],
            [
              -84.23596199980646,
              38.822360999893945
            ],
            [
              -84.20737300000671,
              38.59760199985779
            ],
            [
              -84.20105399966825,
              38.60385700004427
            ],
            [
              -84.19530500014051,
              38.58922699990226
            ],
            [
              -84.20557000038309,
              38.58635499965627
            ],
            [
              -84.20272599977059,
              38.565227000134946
            ],
            [
              -84.21768000008211,
              38.55998000023189
            ],
            [
              -84.2107299997319,
              38.550485000198314
            ],
            [
              -84.16809700018995,
              38.55900699970941
            ],
            [
              -84.14290899959796,
              38.55093399999973
            ],
            [
              -84.08301000030785,
              38.59808899971722
            ],
            [
              -84.0837459999016,
              38.608594000143384
            ],
            [
              -84.0582960002671,
              38.59137499990074
            ],
            [
              -84.05025200012285,
              38.60259200028265
            ],
            [
              -84.04441900003121,
              38.596151999749026
            ],
            [
              -84.05182100029306,
              38.59108199999682
            ],
            [
              -84.03290699983367,
              38.5961160001048
            ],
            [
              -84.03369500020429,
              38.582946999680715
            ],
            [
              -84.01969599976964,
              38.59482599965312
            ],
            [
              -84.01927999984302,
              38.58421999969436
            ],
            [
              -83.99641199998192,
              38.58351400030648
            ],
            [
              -83.94691699995327,
              38.684724999816495
            ],
            [
              -83.94590099997706,
              38.68671099993505
            ]
          ]
        ]
      }
    },
    {
      "type": "Feature",
      "id": "us-county:21:025",
      "properties": {
        "boundary_id": "us-county:21:025",
        "boundary_type": "county",
        "name": "Breathitt County",
        "stateFips": "21",
        "countyFips": "025",
        "bbox": [
          -83.5802269997645,
          37.330112000353296,
          -82.94854399978935,
          37.6999879997944
        ]
      },
      "geometry": {
        "type": "Polygon",
        "coordinates": [
          [
            [
              -83.4139989999045,
              37.3505070003242
            ],
            [
              -83.40398800010512,
              37.33833199977263
            ],
            [
              -83.38141700034491,
              37.338339999768706
            ],
            [
              -83.3611680000671,
              37.36606300019108
            ],
            [
              -83.34971000029626,
              37.36976399997804
            ],
            [
              -83.35748300027886,
              37.35791799980219
            ],
            [
              -83.33264100019159,
              37.379675000044514
            ],
            [
              -83.3040230000795,
              37.380407000269386
            ],
            [
              -83.21473500002514,
              37.44353800019929
            ],
            [
              -83.19564400001379,
              37.41223100018842
            ],
            [
              -83.1243480001539,
              37.404973000112406
            ],
            [
              -83.1347110003058,
              37.45718100034852
            ],
            [
              -83.09300699980312,
              37.49827399977603
            ],
            [
              -83.08882999992029,
              37.52270999975349
            ],
            [
              -83.07095999992457,
              37.51684600026757
            ],
            [
              -83.06501200020519,
              37.525649999748424
            ],
            [
              -83.04724099994367,
              37.52600599987752
            ],
            [
              -83.0312620003334,
              37.50634099994065
            ],
            [
              -82.9852339996348,
              37.50655399988746
            ],
            [
              -82.97334400004384,
              37.49781199976973
            ],
            [
              -82.94854399978935,
              37.503167000196264
            ],
            [
              -82.95048100020558,
              37.51253400019997
            ],
            [
              -83.00040800005435,
              37.5281810001967
            ],
            [
              -83.00107500005112,
              37.54610100008754
            ],
            [
              -83.01814199960762,
              37.5492589999427
            ],
            [
              -83.01213600016195,
              37.58369800035047
            ],
            [
              -83.05737399994179,
              37.59319399982131
            ],
            [
              -83.05784000009712,
              37.60574499964459
            ],
            [
              -83.0719769997257,
              37.609510999994114
            ],
            [
              -83.08879499976018,
              37.6323539998096
            ],
            [
              -83.09429800013896,
              37.62106099992711
            ],
            [
              -83.13279599963089,
              37.606123999747034
            ],
            [
              -83.15124099956188,
              37.631573000070155
            ],
            [
              -83.22202099993603,
              37.65024700005349
            ],
            [
              -83.2369440002854,
              37.667753000181804
            ],
            [
              -83.26799699985779,
              37.679894999906146
            ],
            [
              -83.34586499977611,
              37.676732000328144
            ],
            [
              -83.38826800006262,
              37.6999879997944
            ],
            [
              -83.41847399971316,
              37.69072899988614
            ],
            [
              -83.43362300001834,
              37.656540000126746
            ],
            [
              -83.45871600017577,
              37.63047600002123
            ],
            [
              -83.4945180000915,
              37.6191039996656
            ],
            [
              -83.49592200040526,
              37.64561700033646
            ],
            [
              -83.52230799965001,
              37.638516000094526
            ],
            [
              -83.5802269997645,
              37.495918999944664
            ],
            [
              -83.56491599997592,
              37.47099999991835
            ],
            [
              -83.5477010002814,
              37.46400100006885
            ],
            [
              -83.55505300031454,
              37.46036500027533
            ],
            [
              -83.54546699976426,
              37.44698300022666
            ],
            [
              -83.55456899971756,
              37.438394000250454
            ],
            [
              -83.53428099998,
              37.41740899979287
            ],
            [
              -83.54920099995631,
              37.39414200027923
            ],
            [
              -83.54175400038694,
              37.38327899969763
            ],
            [
              -83.5498339996179,
              37.37855099972012
            ],
            [
              -83.54524800037949,
              37.36188700024262
            ],
            [
              -83.53405900022216,
              37.352794999845244
            ],
            [
              -83.54762799958816,
              37.33441799967329
            ],
            [
              -83.53670000044507,
              37.330112000353296
            ],
            [
              -83.50413399988068,
              37.34184500026653
            ],
            [
              -83.4767209998907,
              37.377533999964996
            ],
            [
              -83.44818999981725,
              37.378361999899255
            ],
            [
              -83.41397200014032,
              37.3506010001594
            ],
            [
              -83.4139989999045,
              37.3505070003242
            ]
          ]
        ]
      }
    },
    {
      "type": "Feature",
      "id": "us-county:21:027",
      "properties": {
        "boundary_id": "us-county:21:027",
        "boundary_type": "county",
        "name": "Breckinridge County",
        "stateFips": "21",
        "countyFips": "027",
        "bbox": [
          -86.67787299996374,
          37.55863699968884,
          -86.15128500012408,
          38.04588200006895
        ]
      },
      "geometry": {
        "type": "Polygon",
        "coordinates": [
          [
            [
              -86.15177300002071,
              37.79926999975753
            ],
            [
              -86.24277699966001,
              37.87700199965327
            ],
            [
              -86.49871600007201,
              38.04588200006895
            ],
            [
              -86.52009000010598,
              38.040930000194464
            ],
            [
              -86.52517099981206,
              38.02849099984255
            ],
            [
              -86.52493700035865,
              37.96649499998569
            ],
            [
              -86.5073409999993,
              37.929504999756155
            ],
            [
              -86.53383599992235,
              37.91715099993982
            ],
            [
              -86.58868700001665,
              37.92108999973255
            ],
            [
              -86.60012600041924,
              37.90517099973628
            ],
            [
              -86.5994419998057,
              37.865271999983825
            ],
            [
              -86.62621200008836,
              37.846769000349
            ],
            [
              -86.66608799995475,
              37.83580299980065
            ],
            [
              -86.67787299996374,
              37.79284799995427
            ],
            [
              -86.62231600041292,
              37.655008000074055
            ],
            [
              -86.63893500025577,
              37.661876999671044
            ],
            [
              -86.64082099972005,
              37.61918599998231
            ],
            [
              -86.59939599977496,
              37.5659479999007
            ],
            [
              -86.56940799968429,
              37.58059200018099
            ],
            [
              -86.57502200039114,
              37.59964500017797
            ],
            [
              -86.53862299990054,
              37.58842199997907
            ],
            [
              -86.52299599974447,
              37.599505000047586
            ],
            [
              -86.54140999971332,
              37.59963499966906
            ],
            [
              -86.53594400004279,
              37.61462099994553
            ],
            [
              -86.50734299964914,
              37.62302800011395
            ],
            [
              -86.49553000005103,
              37.61268700002173
            ],
            [
              -86.50397599987822,
              37.601083999689536
            ],
            [
              -86.48182100004462,
              37.611228000056876
            ],
            [
              -86.4842830001674,
              37.602383000139746
            ],
            [
              -86.46979199963816,
              37.597469999826224
            ],
            [
              -86.48054999980026,
              37.59283700018972
            ],
            [
              -86.45473199991974,
              37.59149999982075
            ],
            [
              -86.46591500022929,
              37.58201200023258
            ],
            [
              -86.44501999987109,
              37.589731999925185
            ],
            [
              -86.44623000001609,
              37.574671999894285
            ],
            [
              -86.43203200028812,
              37.58469099980756
            ],
            [
              -86.43396299995824,
              37.57567799977967
            ],
            [
              -86.40814099987978,
              37.57710599969842
            ],
            [
              -86.40974400038513,
              37.56651399966988
            ],
            [
              -86.382805999873,
              37.57331200021396
            ],
            [
              -86.38791099986852,
              37.56701599974121
            ],
            [
              -86.37231600039782,
              37.55863699968884
            ],
            [
              -86.37657600012132,
              37.564128000332616
            ],
            [
              -86.36457400037735,
              37.57218199999526
            ],
            [
              -86.36519399962013,
              37.562073000202275
            ],
            [
              -86.34629000010484,
              37.56120199971957
            ],
            [
              -86.35269399993379,
              37.5869739998362
            ],
            [
              -86.34343299997184,
              37.58643599980201
            ],
            [
              -86.34273400018805,
              37.594847000034676
            ],
            [
              -86.32886600017294,
              37.59200599977372
            ],
            [
              -86.32677300012111,
              37.58211100025345
            ],
            [
              -86.31375700005074,
              37.58733099982967
            ],
            [
              -86.31039799977742,
              37.578676999783475
            ],
            [
              -86.30042899981082,
              37.595070000290434
            ],
            [
              -86.30068400007895,
              37.585029000288785
            ],
            [
              -86.27527000042947,
              37.59351900003447
            ],
            [
              -86.15128500012408,
              37.79887799964722
            ],
            [
              -86.15177300002071,
              37.79926999975753
            ]
          ]
        ]
      }
    },
    {
      "type": "Feature",
      "id": "us-county:21:029",
      "properties": {
        "boundary_id": "us-county:21:029",
        "boundary_type": "county",
        "name": "Bullitt County",
        "stateFips": "21",
        "countyFips": "029",
        "bbox": [
          -85.93832099956083,
          37.805878999828224,
          -85.4288300003132,
          38.11838299984409
        ]
      },
      "geometry": {
        "type": "Polygon",
        "coordinates": [
          [
            [
              -85.58542399994236,
              37.90639500028921
            ],
            [
              -85.52994600003426,
              37.94723100003909
            ],
            [
              -85.52391999959876,
              37.95755199972409
            ],
            [
              -85.53430100019231,
              37.96535599999318
            ],
            [
              -85.48920200032964,
              37.99065399973636
            ],
            [
              -85.5168820002833,
              38.01126700012227
            ],
            [
              -85.46923099988616,
              38.09622200016403
            ],
            [
              -85.43767600017345,
              38.10211100006719
            ],
            [
              -85.4288300003132,
              38.11838299984409
            ],
            [
              -85.55727000033578,
              38.073841000206755
            ],
            [
              -85.71257799965196,
              38.08731099971956
            ],
            [
              -85.88237200037283,
              38.04087900028044
            ],
            [
              -85.93832099956083,
              37.998756000124125
            ],
            [
              -85.90636599981504,
              37.9908589999116
            ],
            [
              -85.90333299995496,
              37.94052500021952
            ],
            [
              -85.85926599996202,
              37.94757700013851
            ],
            [
              -85.84756499961861,
              37.92305600034442
            ],
            [
              -85.82927299984853,
              37.91783200032671
            ],
            [
              -85.82746000017916,
              37.90063099975793
            ],
            [
              -85.81321700024534,
              37.889333999916396
            ],
            [
              -85.83544400004895,
              37.8926029996828
            ],
            [
              -85.84027600023299,
              37.88289899979458
            ],
            [
              -85.81733700022679,
              37.85826099966743
            ],
            [
              -85.80054500013156,
              37.85950499969585
            ],
            [
              -85.72423299996461,
              37.805878999828224
            ],
            [
              -85.68064800002054,
              37.81487800028271
            ],
            [
              -85.61743200028991,
              37.851822999799865
            ],
            [
              -85.61330899993544,
              37.87003399973244
            ],
            [
              -85.57632600018705,
              37.884900000072264
            ],
            [
              -85.5855450003162,
              37.90584400034213
            ],
            [
              -85.58542399994236,
              37.90639500028921
            ]
          ]
        ]
      }
    },
    {
      "type": "Feature",
      "id": "us-county:21:031",
      "properties": {
        "boundary_id": "us-county:21:031",
        "boundary_type": "county",
        "name": "Butler County",
        "stateFips": "21",
        "countyFips": "031",
        "bbox": [
          -86.94488900038006,
          36.999765999867485,
          -86.39916500032317,
          37.395123000095936
        ]
      },
      "geometry": {
        "type": "Polygon",
        "coordinates": [
          [
            [
              -86.62338199971956,
              37.18104899980029
            ],
            [
              -86.56331600002487,
              37.18727100021835
            ],
            [
              -86.55572999964001,
              37.17713299969481
            ],
            [
              -86.5282010001974,
              37.176590999782654
            ],
            [
              -86.49648999995078,
              37.19070799992877
            ],
            [
              -86.46519999965363,
              37.15207500013306
            ],
            [
              -86.44773200023911,
              37.151778000135295
            ],
            [
              -86.43883399960202,
              37.16664199968652
            ],
            [
              -86.40915100000822,
              37.15294499985693
            ],
            [
              -86.41091299962393,
              37.165963999763854
            ],
            [
              -86.39916500032317,
              37.1698959996869
            ],
            [
              -86.48715199999594,
              37.36250099994908
            ],
            [
              -86.61209499965292,
              37.395123000095936
            ],
            [
              -86.75953299980044,
              37.304098999858226
            ],
            [
              -86.77581299970959,
              37.32628500032103
            ],
            [
              -86.7983009996291,
              37.334693000255584
            ],
            [
              -86.81585199978261,
              37.32885900020972
            ],
            [
              -86.8188360001372,
              37.30528299998339
            ],
            [
              -86.80825000040252,
              37.291386000032546
            ],
            [
              -86.82563199960332,
              37.29457200032345
            ],
            [
              -86.85235199965724,
              37.25142999977511
            ],
            [
              -86.87072100031857,
              37.24755799981843
            ],
            [
              -86.88920800008236,
              37.21790399970118
            ],
            [
              -86.90420800042462,
              37.2116700000041
            ],
            [
              -86.90155999963069,
              37.1919600000217
            ],
            [
              -86.9082050003824,
              37.18948899989661
            ],
            [
              -86.89065500005381,
              37.18514700029905
            ],
            [
              -86.89825300013423,
              37.176395000254246
            ],
            [
              -86.92216499956068,
              37.180151000234744
            ],
            [
              -86.92388299969377,
              37.145308999819136
            ],
            [
              -86.93858799958494,
              37.13707700019206
            ],
            [
              -86.92364300039257,
              37.14285900020139
            ],
            [
              -86.91278200029831,
              37.13589599995676
            ],
            [
              -86.91598199966464,
              37.1258270000956
            ],
            [
              -86.90092199994623,
              37.13478600003622
            ],
            [
              -86.89730499993006,
              37.117180999679725
            ],
            [
              -86.88125400034978,
              37.11229499991534
            ],
            [
              -86.90580299963575,
              37.10728999970707
            ],
            [
              -86.89406700003057,
              37.08834900026846
            ],
            [
              -86.94488900038006,
              37.072564000181195
            ],
            [
              -86.8453500003268,
              37.05651300018036
            ],
            [
              -86.6744619998119,
              36.999765999867485
            ],
            [
              -86.61301600009293,
              37.154112000182764
            ],
            [
              -86.6232160000382,
              37.18061400009576
            ],
            [
              -86.62338199971956,
              37.18104899980029
            ]
          ]
        ]
      }
    },
    {
      "type": "Feature",
      "id": "us-county:21:033",
      "properties": {
        "boundary_id": "us-county:21:033",
        "boundary_type": "county",
        "name": "Caldwell County",
        "stateFips": "21",
        "countyFips": "033",
        "bbox": [
          -88.09538399983921,
          36.95071400009892,
          -87.68004899991669,
          37.37944499993023
        ]
      },
      "geometry": {
        "type": "Polygon",
        "coordinates": [
          [
            [
              -88.09538399983921,
              37.179736999803005
            ],
            [
              -88.04214200009805,
              37.17475600027781
            ],
            [
              -87.97518600032761,
              37.06750899988701
            ],
            [
              -87.87697000039725,
              36.960021000032356
            ],
            [
              -87.85808799972494,
              36.95071400009892
            ],
            [
              -87.76486800001015,
              36.974737000002165
            ],
            [
              -87.71091200041657,
              37.021607000093375
            ],
            [
              -87.68004899991669,
              37.150760999898665
            ],
            [
              -87.7052269995646,
              37.16105000008621
            ],
            [
              -87.69949300010546,
              37.16503700012462
            ],
            [
              -87.70795300017633,
              37.17763399989118
            ],
            [
              -87.71906600016568,
              37.17156299999402
            ],
            [
              -87.72980199968818,
              37.17831900026434
            ],
            [
              -87.73363600033764,
              37.1935359998941
            ],
            [
              -87.74669800043877,
              37.18817000005505
            ],
            [
              -87.74199500012617,
              37.20634999990273
            ],
            [
              -87.7746939998616,
              37.198127000019035
            ],
            [
              -87.77772199969883,
              37.206376000252575
            ],
            [
              -87.76043199966124,
              37.21550100019953
            ],
            [
              -87.78632499988483,
              37.220115000323354
            ],
            [
              -87.78795799962911,
              37.231745999866135
            ],
            [
              -87.8049949999467,
              37.2409179998977
            ],
            [
              -87.78589300006469,
              37.255685000335255
            ],
            [
              -87.79982200017915,
              37.260849000051444
            ],
            [
              -87.79324099989985,
              37.290849000289725
            ],
            [
              -87.80824899973972,
              37.29844099999584
            ],
            [
              -87.79580799960462,
              37.319119000316874
            ],
            [
              -87.82070699959327,
              37.31767699999036
            ],
            [
              -87.82010800026688,
              37.30036899967977
            ],
            [
              -87.85180299972166,
              37.31839500022727
            ],
            [
              -87.83643000000883,
              37.3285339998242
            ],
            [
              -87.83624900025886,
              37.34138199989744
            ],
            [
              -87.81482300034632,
              37.34260800009481
            ],
            [
              -87.81488799974534,
              37.35284299984736
            ],
            [
              -87.82821699981015,
              37.358903000092646
            ],
            [
              -87.81080100027418,
              37.36437499994369
            ],
            [
              -87.80104599966951,
              37.37944499993023
            ],
            [
              -88.05248299961032,
              37.237662999797216
            ],
            [
              -88.05322999997304,
              37.22888800024764
            ],
            [
              -88.08907399972156,
              37.22238799970915
            ],
            [
              -88.08046899988575,
              37.212133999925044
            ],
            [
              -88.09010999978929,
              37.20202099991948
            ],
            [
              -88.08281499965756,
              37.18537800004565
            ],
            [
              -88.09502700036215,
              37.17969699995576
            ],
            [
              -88.09538399983921,
              37.179736999803005
            ]
          ]
        ]
      }
    },
    {
      "type": "Feature",
      "id": "us-county:21:035",
      "properties": {
        "boundary_id": "us-county:21:035",
        "boundary_type": "county",
        "name": "Calloway County",
        "stateFips": "21",
        "countyFips": "035",
        "bbox": [
          -88.4890750002893,
          36.497057999768,
          -88.03254100037748,
          36.75032800027395
        ]
      },
      "geometry": {
        "type": "Polygon",
        "coordinates": [
          [
            [
              -88.05571700021018,
              36.63376700020232
            ],
            [
              -88.07904500037883,
              36.704600000120216
            ],
            [
              -88.1108310000702,
              36.74714999980368
            ],
            [
              -88.48569699974942,
              36.75032800027395
            ],
            [
              -88.4890750002893,
              36.501156999917036
            ],
            [
              -88.05329299972223,
              36.497057999768
            ],
            [
              -88.03906900005501,
              36.51078400024297
            ],
            [
              -88.03254100037748,
              36.53809500001666
            ],
            [
              -88.05575900004297,
              36.63270299973689
            ],
            [
              -88.05571700021018,
              36.63376700020232
            ]
          ]
        ]
      }
    },
    {
      "type": "Feature",
      "id": "us-county:21:037",
      "properties": {
        "boundary_id": "us-county:21:037",
        "boundary_type": "county",
        "name": "Campbell County",
        "stateFips": "21",
        "countyFips": "037",
        "bbox": [
          -84.50408500043562,
          38.806248999843675,
          -84.2320140002525,
          39.11993800017462
        ]
      },
      "geometry": {
        "type": "Polygon",
        "coordinates": [
          [
            [
              -84.50408500043562,
              39.09600599988752
            ],
            [
              -84.49318300033347,
              39.07135600031367
            ],
            [
              -84.49761200011137,
              39.05631099986552
            ],
            [
              -84.48522000038005,
              39.04101599986454
            ],
            [
              -84.48920499974396,
              39.02121900011838
            ],
            [
              -84.45061600001544,
              38.99641599976511
            ],
            [
              -84.46468300022214,
              38.96878800002789
            ],
            [
              -84.45413500012232,
              38.96576099999173
            ],
            [
              -84.44036800038958,
              38.98442099988287
            ],
            [
              -84.42679099972933,
              38.979302000140976
            ],
            [
              -84.44649699985892,
              38.95124300008965
            ],
            [
              -84.4635530004431,
              38.94753699984792
            ],
            [
              -84.43894499980925,
              38.905566000081926
            ],
            [
              -84.44943299963462,
              38.861286999710536
            ],
            [
              -84.4638420001481,
              38.85095199981106
            ],
            [
              -84.44991800005653,
              38.81874300009236
            ],
            [
              -84.42790299996501,
              38.82819600007849
            ],
            [
              -84.4208689999492,
              38.80820200024096
            ],
            [
              -84.40572499966689,
              38.806248999843675
            ],
            [
              -84.2320140002525,
              38.874826000144544
            ],
            [
              -84.23433999993286,
              38.893265000060666
            ],
            [
              -84.28877699975037,
              38.95564399966273
            ],
            [
              -84.30313699986004,
              39.00292799975276
            ],
            [
              -84.32124500040547,
              39.023057999848994
            ],
            [
              -84.36019900000694,
              39.041446000282086
            ],
            [
              -84.42638900004641,
              39.05313400010749
            ],
            [
              -84.4351599995636,
              39.10036199990123
            ],
            [
              -84.45253400016507,
              39.11923900009999
            ],
            [
              -84.47579700003641,
              39.11993800017462
            ],
            [
              -84.50311700013997,
              39.09647600015689
            ],
            [
              -84.50408500043562,
              39.09600599988752
            ]
          ]
        ]
      }
    },
    {
      "type": "Feature",
      "id": "us-county:21:039",
      "properties": {
        "boundary_id": "us-county:21:039",
        "boundary_type": "county",
        "name": "Carlisle County",
        "stateFips": "21",
        "countyFips": "039",
        "bbox": [
          -89.17822299991917,
          36.77276300028369,
          -88.81322900012219,
          36.95409999968086
        ]
      },
      "geometry": {
        "type": "Polygon",
        "coordinates": [
          [
            [
              -88.98951899983521,
              36.920495999700485
            ],
            [
              -89.01098400010581,
              36.92265499998316
            ],
            [
              -89.0135950001915,
              36.930407000346754
            ],
            [
              -89.04893900034783,
              36.9253429997768
            ],
            [
              -89.05150000020481,
              36.93824299998648
            ],
            [
              -89.0709100000584,
              36.932128999715665
            ],
            [
              -89.06383599985962,
              36.923223999744984
            ],
            [
              -89.08025300003611,
              36.915485999777374
            ],
            [
              -89.08752700025143,
              36.939264000198825
            ],
            [
              -89.10086399981385,
              36.944015999836616
            ],
            [
              -89.13193400000299,
              36.857596000148625
            ],
            [
              -89.1381090004014,
              36.847322999829345
            ],
            [
              -89.17615300033188,
              36.83761899966291
            ],
            [
              -89.17822299991917,
              36.808613999799654
            ],
            [
              -89.15713699976527,
              36.78956899982053
            ],
            [
              -89.12353099983352,
              36.78521700016834
            ],
            [
              -89.10415799978985,
              36.797285000026285
            ],
            [
              -89.06181499977781,
              36.78701799991292
            ],
            [
              -89.06726499955482,
              36.77276300028369
            ],
            [
              -88.81322900012219,
              36.773114999857086
            ],
            [
              -88.81595200036088,
              36.95409999968086
            ],
            [
              -88.92801600021484,
              36.94033900034748
            ],
            [
              -88.98949299989596,
              36.9205380000555
            ],
            [
              -88.98951899983521,
              36.920495999700485
            ]
          ]
        ]
      }
    },
    {
      "type": "Feature",
      "id": "us-county:21:041",
      "properties": {
        "boundary_id": "us-county:21:041",
        "boundary_type": "county",
        "name": "Carroll County",
        "stateFips": "21",
        "countyFips": "041",
        "bbox": [
          -85.3331099999425,
          38.58021600012034,
          -84.93453600015306,
          38.76132700000431
        ]
      },
      "geometry": {
        "type": "Polygon",
        "coordinates": [
          [
            [
              -85.07489199970587,
              38.596800999852675
            ],
            [
              -85.06677499976666,
              38.59418700008223
            ],
            [
              -85.05936699965704,
              38.61130200008927
            ],
            [
              -85.02472300000777,
              38.613759000073124
            ],
            [
              -85.01241699959186,
              38.62316099968795
            ],
            [
              -85.01578699973584,
              38.63213800013377
            ],
            [
              -84.99010899959741,
              38.63104200017104
            ],
            [
              -84.95732600019636,
              38.65367299992439
            ],
            [
              -84.93648799973958,
              38.65145499984858
            ],
            [
              -84.93453600015306,
              38.66212999998712
            ],
            [
              -84.96267100039138,
              38.679585999695064
            ],
            [
              -85.02311799985256,
              38.76132700000431
            ],
            [
              -85.173161000238,
              38.68800700032452
            ],
            [
              -85.21485899999456,
              38.69648799995963
            ],
            [
              -85.25881999968227,
              38.737818000241056
            ],
            [
              -85.3331099999425,
              38.73625799983356
            ],
            [
              -85.22897600042998,
              38.62703500020359
            ],
            [
              -85.21137500004778,
              38.58021600012034
            ],
            [
              -85.07518799998188,
              38.596764999831876
            ],
            [
              -85.07489199970587,
              38.596800999852675
            ]
          ]
        ]
      }
    },
    {
      "type": "Feature",
      "id": "us-county:21:043",
      "properties": {
        "boundary_id": "us-county:21:043",
        "boundary_type": "county",
        "name": "Carter County",
        "stateFips": "21",
        "countyFips": "043",
        "bbox": [
          -83.34134700030977,
          38.16831199992355,
          -82.77261200027664,
          38.503908999906656
        ]
      },
      "geometry": {
        "type": "Polygon",
        "coordinates": [
          [
            [
              -83.23868300033492,
              38.39756800017823
            ],
            [
              -83.23139200040116,
              38.384160000265375
            ],
            [
              -83.2395970002039,
              38.35565700023981
            ],
            [
              -83.23068000019853,
              38.339285999705865
            ],
            [
              -83.27634399995074,
              38.323911000276986
            ],
            [
              -83.31229099963144,
              38.333714000007745
            ],
            [
              -83.34134700030977,
              38.31952100023839
            ],
            [
              -83.3262349998145,
              38.29071500031464
            ],
            [
              -83.33490300029781,
              38.28663500024413
            ],
            [
              -83.30788699996789,
              38.252429999771685
            ],
            [
              -83.31271999997684,
              38.24383100000843
            ],
            [
              -83.2972359999359,
              38.21787700021422
            ],
            [
              -83.30121100015238,
              38.20981800014571
            ],
            [
              -83.28774099962223,
              38.21552200000513
            ],
            [
              -83.26633800017423,
              38.191503000205394
            ],
            [
              -83.23286600013678,
              38.19341000011531
            ],
            [
              -83.22090299985256,
              38.20968099977968
            ],
            [
              -83.21815000037498,
              38.23705300015094
            ],
            [
              -83.18585099977427,
              38.25255800008467
            ],
            [
              -83.17778099969074,
              38.26696299998358
            ],
            [
              -83.0839299999642,
              38.22292599991606
            ],
            [
              -83.05107200022009,
              38.179064999705204
            ],
            [
              -83.04027200022517,
              38.19944500020842
            ],
            [
              -83.0270579997881,
              38.195503000099606
            ],
            [
              -83.01146699961704,
              38.20575099991677
            ],
            [
              -83.00923100034838,
              38.193559999795426
            ],
            [
              -82.98964300021954,
              38.1901119998124
            ],
            [
              -82.9894299997842,
              38.179346000333794
            ],
            [
              -82.94483999973455,
              38.16831199992355
            ],
            [
              -82.89752099959843,
              38.18279599983146
            ],
            [
              -82.88376399991144,
              38.196027000160846
            ],
            [
              -82.85173700019563,
              38.19093400022729
            ],
            [
              -82.81403899987156,
              38.217317999735954
            ],
            [
              -82.82161299966253,
              38.23236000012848
            ],
            [
              -82.79463599969066,
              38.24061199978677
            ],
            [
              -82.77261200027664,
              38.363411999969976
            ],
            [
              -82.91271199973642,
              38.39894900028112
            ],
            [
              -82.97064799956934,
              38.39366599990965
            ],
            [
              -82.98779000036723,
              38.410891000232446
            ],
            [
              -83.00200599963854,
              38.41088699998151
            ],
            [
              -83.00135999955816,
              38.420154999883195
            ],
            [
              -83.05175099991241,
              38.465403999795456
            ],
            [
              -83.09684099955427,
              38.483170999698196
            ],
            [
              -83.15813300018579,
              38.503908999906656
            ],
            [
              -83.18068300002957,
              38.50099000028472
            ],
            [
              -83.18850500041599,
              38.49607100027725
            ],
            [
              -83.18680800019928,
              38.46855599992095
            ],
            [
              -83.1999609996387,
              38.453958999744145
            ],
            [
              -83.21399500023345,
              38.453615999935586
            ],
            [
              -83.20751400041159,
              38.44117699981349
            ],
            [
              -83.2372100004242,
              38.42647199968209
            ],
            [
              -83.23858500042563,
              38.397661999756075
            ],
            [
              -83.23868300033492,
              38.39756800017823
            ]
          ]
        ]
      }
    },
    {
      "type": "Feature",
      "id": "us-county:21:045",
      "properties": {
        "boundary_id": "us-county:21:045",
        "boundary_type": "county",
        "name": "Casey County",
        "stateFips": "21",
        "countyFips": "045",
        "bbox": [
          -85.16517399999513,
          37.10227100010413,
          -84.70612199988406,
          37.551265999943205
        ]
      },
      "geometry": {
        "type": "Polygon",
        "coordinates": [
          [
            [
              -85.0444869998637,
              37.41945400013977
            ],
            [
              -85.04480700042915,
              37.41203799965965
            ],
            [
              -85.07304800007438,
              37.41494600016094
            ],
            [
              -85.08424899992727,
              37.39896900024925
            ],
            [
              -85.13116200018253,
              37.384264999688604
            ],
            [
              -85.13235300006095,
              37.359977999904274
            ],
            [
              -85.16517399999513,
              37.310395999945314
            ],
            [
              -85.05689799986156,
              37.25704099997622
            ],
            [
              -85.05356500042585,
              37.19674599991004
            ],
            [
              -84.9544060003142,
              37.10227100010413
            ],
            [
              -84.91655700037738,
              37.107281000127884
            ],
            [
              -84.72071200014749,
              37.23832799996137
            ],
            [
              -84.72416500013213,
              37.28667500026604
            ],
            [
              -84.70612199988406,
              37.299835000300845
            ],
            [
              -84.7228260001157,
              37.36004300029921
            ],
            [
              -84.79610399969935,
              37.39055599975565
            ],
            [
              -84.85081599987649,
              37.42714299995632
            ],
            [
              -84.8601300004402,
              37.467350000083165
            ],
            [
              -84.85708599981115,
              37.5285189999185
            ],
            [
              -84.84743400003696,
              37.54834299978556
            ],
            [
              -84.8980999998525,
              37.532112999648625
            ],
            [
              -85.00218300020971,
              37.533628000332435
            ],
            [
              -85.00240699961738,
              37.54853099992729
            ],
            [
              -85.013108999703,
              37.551265999943205
            ],
            [
              -85.03967399994623,
              37.545232000230776
            ],
            [
              -85.04387199974546,
              37.43373999988514
            ],
            [
              -85.0444869998637,
              37.41945400013977
            ]
          ]
        ]
      }
    },
    {
      "type": "Feature",
      "id": "us-county:21:047",
      "properties": {
        "boundary_id": "us-county:21:047",
        "boundary_type": "county",
        "name": "Christian County",
        "stateFips": "21",
        "countyFips": "047",
        "bbox": [
          -87.73336799965071,
          36.63710799981052,
          -87.259598000128,
          37.15718599965052
        ]
      },
      "geometry": {
        "type": "Polygon",
        "coordinates": [
          [
            [
              -87.4363239998591,
              36.64084599972928
            ],
            [
              -87.33597999971681,
              36.64165900008571
            ],
            [
              -87.259598000128,
              37.07709300003888
            ],
            [
              -87.27870000001,
              37.07377299967736
            ],
            [
              -87.28490100034769,
              37.10838500022675
            ],
            [
              -87.31723699986,
              37.11236700034857
            ],
            [
              -87.32429299961711,
              37.13302699966619
            ],
            [
              -87.33442399996542,
              37.13219000002349
            ],
            [
              -87.32729799988809,
              37.140387999660256
            ],
            [
              -87.33374100007511,
              37.15718599965052
            ],
            [
              -87.36030499959512,
              37.15665999980918
            ],
            [
              -87.35620499970518,
              37.14323199984448
            ],
            [
              -87.37228499959777,
              37.13229999976137
            ],
            [
              -87.48875499966343,
              37.126288999808736
            ],
            [
              -87.5216090001079,
              37.10534400030374
            ],
            [
              -87.65008699976529,
              37.14709800010329
            ],
            [
              -87.68061700017925,
              37.149239000276204
            ],
            [
              -87.71091200041657,
              37.021607000093375
            ],
            [
              -87.73336799965071,
              37.002103000114985
            ],
            [
              -87.6597240003692,
              36.966396999810904
            ],
            [
              -87.67187099987811,
              36.878891999867356
            ],
            [
              -87.67377399995914,
              36.75555700022228
            ],
            [
              -87.69419200029138,
              36.63710799981052
            ],
            [
              -87.43674900000654,
              36.64084100025196
            ],
            [
              -87.4363239998591,
              36.64084599972928
            ]
          ]
        ]
      }
    },
    {
      "type": "Feature",
      "id": "us-county:21:049",
      "properties": {
        "boundary_id": "us-county:21:049",
        "boundary_type": "county",
        "name": "Clark County",
        "stateFips": "21",
        "countyFips": "049",
        "bbox": [
          -84.3490509998575,
          37.8218590000298,
          -83.96631000008844,
          38.1151179999779
        ]
      },
      "geometry": {
        "type": "Polygon",
        "coordinates": [
          [
            [
              -84.3224179998422,
              38.000896000050574
            ],
            [
              -84.32441999965744,
              37.96643400010494
            ],
            [
              -84.3116389997637,
              37.96309700002865
            ],
            [
              -84.32334500012999,
              37.95593799993992
            ],
            [
              -84.31074300033639,
              37.95246199992817
            ],
            [
              -84.3383770002593,
              37.939232000304834
            ],
            [
              -84.33013599957323,
              37.92316199981627
            ],
            [
              -84.34804699957684,
              37.91513799993315
            ],
            [
              -84.33870000029948,
              37.907387000160895
            ],
            [
              -84.3490509998575,
              37.898619999678374
            ],
            [
              -84.34305499955923,
              37.89347000000686
            ],
            [
              -84.27033099999446,
              37.9172810002821
            ],
            [
              -84.26209900042754,
              37.87626299988249
            ],
            [
              -84.23768499996245,
              37.887329000311645
            ],
            [
              -84.21723400001828,
              37.869767999951286
            ],
            [
              -84.18522900004378,
              37.879314999716335
            ],
            [
              -84.16506599997967,
              37.8612849998879
            ],
            [
              -84.12969900025713,
              37.8677060003336
            ],
            [
              -84.11024099982463,
              37.84997700014578
            ],
            [
              -84.0897079998647,
              37.8611599999331
            ],
            [
              -84.0770290000782,
              37.850845000175326
            ],
            [
              -84.0722980001765,
              37.8218590000298
            ],
            [
              -84.05744000012446,
              37.83542800022649
            ],
            [
              -84.05900799957142,
              37.847920000276666
            ],
            [
              -84.03955699970994,
              37.833720999668195
            ],
            [
              -84.01539300038843,
              37.84292199975124
            ],
            [
              -84.019608999731,
              37.83433300029425
            ],
            [
              -84.00436800026262,
              37.83397900029374
            ],
            [
              -84.00829599972512,
              37.85346699971336
            ],
            [
              -84.02737000001804,
              37.869454000349336
            ],
            [
              -84.0064500004438,
              37.86005100027008
            ],
            [
              -83.98576400032297,
              37.90293700019147
            ],
            [
              -83.99161800033102,
              37.918043000066284
            ],
            [
              -83.96631000008844,
              37.93076800002478
            ],
            [
              -84.08052700026869,
              38.1151179999779
            ],
            [
              -84.28646100011576,
              38.067028000204274
            ],
            [
              -84.28463099982969,
              38.040318999983995
            ],
            [
              -84.29275699998972,
              38.03350999970833
            ],
            [
              -84.28262900001445,
              38.01910300018111
            ],
            [
              -84.32197699980124,
              38.00109799995722
            ],
            [
              -84.3224179998422,
              38.000896000050574
            ]
          ]
        ]
      }
    },
    {
      "type": "Feature",
      "id": "us-county:21:051",
      "properties": {
        "boundary_id": "us-county:21:051",
        "boundary_type": "county",
        "name": "Clay County",
        "stateFips": "21",
        "countyFips": "051",
        "bbox": [
          -83.96957099955415,
          36.937403999951975,
          -83.50788599961606,
          37.35807500030061
        ]
      },
      "geometry": {
        "type": "Polygon",
        "coordinates": [
          [
            [
              -83.5111059999722,
              37.21102200017482
            ],
            [
              -83.52892200043958,
              37.23125899978021
            ],
            [
              -83.50788599961606,
              37.23587700009323
            ],
            [
              -83.51126300033106,
              37.25507299992534
            ],
            [
              -83.53280700024436,
              37.25643399985066
            ],
            [
              -83.5424139998127,
              37.26834199982834
            ],
            [
              -83.56612899959565,
              37.265363000324925
            ],
            [
              -83.57410499996786,
              37.288425999954185
            ],
            [
              -83.6093310001234,
              37.301278000267786
            ],
            [
              -83.65330299968178,
              37.35807500030061
            ],
            [
              -83.6681380001676,
              37.35523199998862
            ],
            [
              -83.67971499976413,
              37.33687799972515
            ],
            [
              -83.78497499975606,
              37.348716999858205
            ],
            [
              -83.78376100031143,
              37.334733000022695
            ],
            [
              -83.79206499984836,
              37.330184000309295
            ],
            [
              -83.8216930000889,
              37.33125499990038
            ],
            [
              -83.86319199965385,
              37.306570999733225
            ],
            [
              -83.8819799997165,
              37.3069319997434
            ],
            [
              -83.87683799991109,
              37.29465199966728
            ],
            [
              -83.90157399969313,
              37.25374000011715
            ],
            [
              -83.94054099971342,
              37.25878399990127
            ],
            [
              -83.94075999999653,
              37.20327599997879
            ],
            [
              -83.96957099955415,
              37.168875999750064
            ],
            [
              -83.9427850002763,
              37.14529500026362
            ],
            [
              -83.92540499982702,
              37.1117680001917
            ],
            [
              -83.88601100000947,
              37.11890100034629
            ],
            [
              -83.88328500029606,
              37.10929000033934
            ],
            [
              -83.86534199960708,
              37.10388400028081
            ],
            [
              -83.86781700014863,
              37.08312099965723
            ],
            [
              -83.88785600036418,
              37.07463599979958
            ],
            [
              -83.8847389999402,
              37.061881999680345
            ],
            [
              -83.85819899981132,
              37.05426999983084
            ],
            [
              -83.85648400005127,
              37.04247499982062
            ],
            [
              -83.8262979995939,
              37.04030300024505
            ],
            [
              -83.83172900000265,
              37.03122800030627
            ],
            [
              -83.82291400010453,
              37.02601300001785
            ],
            [
              -83.77447400041021,
              37.037352000213694
            ],
            [
              -83.77526899955518,
              37.01532600030183
            ],
            [
              -83.74392599955459,
              37.02677099985659
            ],
            [
              -83.73241400025539,
              37.01631900024095
            ],
            [
              -83.7344229997433,
              37.00414100023894
            ],
            [
              -83.66073000005797,
              36.97650899994485
            ],
            [
              -83.64142399996146,
              36.959606000069265
            ],
            [
              -83.61608300010691,
              36.96212700002191
            ],
            [
              -83.60777399964878,
              36.9525859998845
            ],
            [
              -83.59087500032176,
              36.95762700003531
            ],
            [
              -83.51337800012419,
              36.937403999951975
            ],
            [
              -83.52303699957108,
              36.99848700028232
            ],
            [
              -83.51153299976947,
              37.00836399986375
            ],
            [
              -83.54072099979396,
              37.03589900027469
            ],
            [
              -83.53677700043795,
              37.042092999933324
            ],
            [
              -83.54738499991392,
              37.04296799986546
            ],
            [
              -83.53843399957337,
              37.06763800029362
            ],
            [
              -83.55310099982971,
              37.079281000001906
            ],
            [
              -83.53528400043575,
              37.10309599971069
            ],
            [
              -83.55123700010674,
              37.119056000286115
            ],
            [
              -83.55130300022898,
              37.1675099999373
            ],
            [
              -83.50906499979891,
              37.208686999910725
            ],
            [
              -83.5111059999722,
              37.21102200017482
            ]
          ]
        ]
      }
    },
    {
      "type": "Feature",
      "id": "us-county:21:053",
      "properties": {
        "boundary_id": "us-county:21:053",
        "boundary_type": "county",
        "name": "Clinton County",
        "stateFips": "21",
        "countyFips": "053",
        "bbox": [
          -85.2960019996223,
          36.6154649998675,
          -84.97481100022762,
          36.887333999833075
        ]
      },
      "geometry": {
        "type": "Polygon",
        "coordinates": [
          [
            [
              -85.0098830003974,
              36.743740999695156
            ],
            [
              -85.00409899981123,
              36.75623699976201
            ],
            [
              -85.02637699966844,
              36.80691199970642
            ],
            [
              -85.05916699964051,
              36.83309700019511
            ],
            [
              -85.0643069997961,
              36.85874299997322
            ],
            [
              -85.11841100042602,
              36.8273339997947
            ],
            [
              -85.23226500038311,
              36.887333999833075
            ],
            [
              -85.21277799963829,
              36.85701499985011
            ],
            [
              -85.2464580000882,
              36.74395800008819
            ],
            [
              -85.2960019996223,
              36.625717999840276
            ],
            [
              -84.97481100022762,
              36.6154649998675
            ],
            [
              -84.99946400016898,
              36.62455500014628
            ],
            [
              -84.99819399974953,
              36.66340099969297
            ],
            [
              -85.00947800034143,
              36.66934399992184
            ],
            [
              -85.00126699979259,
              36.67673999983116
            ],
            [
              -85.02047599980475,
              36.694349999843475
            ],
            [
              -85.01036299989809,
              36.74272700000322
            ],
            [
              -85.0098830003974,
              36.743740999695156
            ]
          ]
        ]
      }
    },
    {
      "type": "Feature",
      "id": "us-county:21:055",
      "properties": {
        "boundary_id": "us-county:21:055",
        "boundary_type": "county",
        "name": "Crittenden County",
        "stateFips": "21",
        "countyFips": "055",
        "bbox": [
          -88.35849600018416,
          37.13134400013282,
          -87.80076500036043,
          37.5472099998027
        ]
      },
      "geometry": {
        "type": "Polygon",
        "coordinates": [
          [
            [
              -88.07485799955195,
              37.22734099985039
            ],
            [
              -88.05322999997304,
              37.22888800024764
            ],
            [
              -88.05248299961032,
              37.237662999797216
            ],
            [
              -87.80076500036043,
              37.38183299972443
            ],
            [
              -87.81029900013384,
              37.37638300008258
            ],
            [
              -87.81846100027889,
              37.38823300035342
            ],
            [
              -87.84303200020449,
              37.37450000033464
            ],
            [
              -87.8596829998344,
              37.38008599983923
            ],
            [
              -87.85973100041329,
              37.39242099991334
            ],
            [
              -87.84464599968221,
              37.394619000281274
            ],
            [
              -87.84703400018513,
              37.420751999668056
            ],
            [
              -87.8658210004229,
              37.417178000298236
            ],
            [
              -87.86126799989812,
              37.40971199989906
            ],
            [
              -87.86896100041311,
              37.40510299993155
            ],
            [
              -87.90228799978726,
              37.398249999852226
            ],
            [
              -87.91349299983811,
              37.41127199975948
            ],
            [
              -87.92999899970306,
              37.40916700001618
            ],
            [
              -87.94393700003835,
              37.464572000336254
            ],
            [
              -87.9321410001587,
              37.479485999942284
            ],
            [
              -87.982520999744,
              37.47396999971516
            ],
            [
              -87.966828000364,
              37.48887000030035
            ],
            [
              -87.9734609996235,
              37.50056700023354
            ],
            [
              -87.98174400014236,
              37.49372699980932
            ],
            [
              -87.99747800042854,
              37.5067139997556
            ],
            [
              -87.99992600030762,
              37.543342000165296
            ],
            [
              -88.01557199983195,
              37.5472099998027
            ],
            [
              -88.03072699998492,
              37.51659199977439
            ],
            [
              -88.0474889999429,
              37.51827199974814
            ],
            [
              -88.08299299993281,
              37.47239099965818
            ],
            [
              -88.28163099982326,
              37.45272899970614
            ],
            [
              -88.32363300025176,
              37.43399200023605
            ],
            [
              -88.35849600018416,
              37.4048029998439
            ],
            [
              -88.35562200033274,
              37.39718600006013
            ],
            [
              -88.31785000038883,
              37.3979269997917
            ],
            [
              -88.30794499999632,
              37.38678400033634
            ],
            [
              -88.31302400005256,
              37.38113699966579
            ],
            [
              -88.29885599956351,
              37.37969800030266
            ],
            [
              -88.30917299968466,
              37.36782400010096
            ],
            [
              -88.29395700033065,
              37.349464999843605
            ],
            [
              -88.2965220003856,
              37.33720600021583
            ],
            [
              -88.21897999998217,
              37.27314499995997
            ],
            [
              -88.1961430000832,
              37.21963399986476
            ],
            [
              -88.22033800026516,
              37.1830130003436
            ],
            [
              -88.18986800012566,
              37.16637000012294
            ],
            [
              -88.19703900040884,
              37.13134400013282
            ],
            [
              -88.16112699998993,
              37.13191300004676
            ],
            [
              -88.16364199981614,
              37.142939999844444
            ],
            [
              -88.14456400022355,
              37.15450099986863
            ],
            [
              -88.13291700030685,
              37.14517900026657
            ],
            [
              -88.12900499983955,
              37.16006499989874
            ],
            [
              -88.1237979997368,
              37.15352299964309
            ],
            [
              -88.10791399966278,
              37.16118099967544
            ],
            [
              -88.10183700007195,
              37.179512999812935
            ],
            [
              -88.08281499965756,
              37.18537800004565
            ],
            [
              -88.09010999978929,
              37.20202099991948
            ],
            [
              -88.08046899988575,
              37.212133999925044
            ],
            [
              -88.08996300037452,
              37.221280000306464
            ],
            [
              -88.07505900029172,
              37.227195999727016
            ],
            [
              -88.07485799955195,
              37.22734099985039
            ]
          ]
        ]
      }
    },
    {
      "type": "Feature",
      "id": "us-county:21:057",
      "properties": {
        "boundary_id": "us-county:21:057",
        "boundary_type": "county",
        "name": "Cumberland County",
        "stateFips": "21",
        "countyFips": "057",
        "bbox": [
          -85.6016240003839,
          36.61865499978838,
          -85.2154049996175,
          36.93813799974584
        ]
      },
      "geometry": {
        "type": "Polygon",
        "coordinates": [
          [
            [
              -85.6016240003839,
              36.872195999971204
            ],
            [
              -85.57468599987175,
              36.83824100027399
            ],
            [
              -85.58121600009741,
              36.822888999909786
            ],
            [
              -85.59621399989153,
              36.81803900023786
            ],
            [
              -85.58875100042864,
              36.77734900026214
            ],
            [
              -85.54251299966775,
              36.774813999922145
            ],
            [
              -85.51742899973117,
              36.731325999842156
            ],
            [
              -85.47102099998929,
              36.7332159997174
            ],
            [
              -85.49693199975623,
              36.69071800028306
            ],
            [
              -85.43644199973902,
              36.61865499978838
            ],
            [
              -85.2960019996223,
              36.625717999840276
            ],
            [
              -85.2464580000882,
              36.74395800008819
            ],
            [
              -85.2154049996175,
              36.8544669998434
            ],
            [
              -85.24168399963048,
              36.85583800006725
            ],
            [
              -85.24644300001958,
              36.876189999901676
            ],
            [
              -85.27494999980358,
              36.89790100003563
            ],
            [
              -85.2320260000085,
              36.92506900025572
            ],
            [
              -85.45183000041881,
              36.93813799974584
            ],
            [
              -85.47422000042906,
              36.89382299996042
            ],
            [
              -85.50737699992389,
              36.867508999839366
            ],
            [
              -85.56071900012246,
              36.850856999973715
            ],
            [
              -85.58030399987825,
              36.86886499975345
            ],
            [
              -85.60142299964411,
              36.872413000235234
            ],
            [
              -85.6016240003839,
              36.872195999971204
            ]
          ]
        ]
      }
    },
    {
      "type": "Feature",
      "id": "us-county:21:059",
      "properties": {
        "boundary_id": "us-county:21:059",
        "boundary_type": "county",
        "name": "Daviess County",
        "stateFips": "21",
        "countyFips": "059",
        "bbox": [
          -87.40854699982104,
          37.560803000086665,
          -86.81709999956242,
          37.930281000046485
        ]
      },
      "geometry": {
        "type": "Polygon",
        "coordinates": [
          [
            [
              -86.97780999987336,
              37.60659299983485
            ],
            [
              -86.94875999994115,
              37.63054799997882
            ],
            [
              -86.92069800039606,
              37.62431500005287
            ],
            [
              -86.8175139998392,
              37.673814000125354
            ],
            [
              -86.86655199993334,
              37.70885000024813
            ],
            [
              -86.82342899994663,
              37.73775400016438
            ],
            [
              -86.81709999956242,
              37.79158900028035
            ],
            [
              -86.85403499963024,
              37.84081100028357
            ],
            [
              -86.89387299986181,
              37.82867299972471
            ],
            [
              -86.91524699989581,
              37.83944599967347
            ],
            [
              -86.90405400043883,
              37.857195999923206
            ],
            [
              -86.90854400031611,
              37.86928200027565
            ],
            [
              -86.89354599962367,
              37.881689999973624
            ],
            [
              -86.90986999991374,
              37.8860729997709
            ],
            [
              -86.91331600022569,
              37.90297200019865
            ],
            [
              -86.93195100012747,
              37.90972699967865
            ],
            [
              -86.98401899970864,
              37.893463999799316
            ],
            [
              -86.98577200000184,
              37.9052559999797
            ],
            [
              -86.96988100025514,
              37.91843100006292
            ],
            [
              -86.97884599994107,
              37.930281000046485
            ],
            [
              -87.040668000302,
              37.90042200004983
            ],
            [
              -87.06541400012979,
              37.80761399972546
            ],
            [
              -87.11034099956501,
              37.78244800029571
            ],
            [
              -87.12936299997942,
              37.78599099999928
            ],
            [
              -87.1617040004129,
              37.8397639998726
            ],
            [
              -87.22026000038693,
              37.84897099976983
            ],
            [
              -87.30291399956023,
              37.897821000007745
            ],
            [
              -87.32340200021265,
              37.81923899982223
            ],
            [
              -87.30326000006495,
              37.811708999801304
            ],
            [
              -87.31048099967853,
              37.79900699992945
            ],
            [
              -87.29731700036845,
              37.78520599987149
            ],
            [
              -87.27160800026788,
              37.780120000310816
            ],
            [
              -87.32077000021059,
              37.742517999682065
            ],
            [
              -87.38726300019874,
              37.730016000081086
            ],
            [
              -87.40854699982104,
              37.683562999720564
            ],
            [
              -87.13882099958485,
              37.575628000341275
            ],
            [
              -87.09553199991679,
              37.566930000054235
            ],
            [
              -87.06490199994373,
              37.57258800017976
            ],
            [
              -87.03825999970759,
              37.560803000086665
            ],
            [
              -86.9779959996462,
              37.606433999957346
            ],
            [
              -86.97780999987336,
              37.60659299983485
            ]
          ]
        ]
      }
    },
    {
      "type": "Feature",
      "id": "us-county:21:061",
      "properties": {
        "boundary_id": "us-county:21:061",
        "boundary_type": "county",
        "name": "Edmonson County",
        "stateFips": "21",
        "countyFips": "061",
        "bbox": [
          -86.4691260003646,
          37.05328500007275,
          -86.04913300033532,
          37.34079399994794
        ]
      },
      "geometry": {
        "type": "Polygon",
        "coordinates": [
          [
            [
              -86.4691260003646,
              37.32109900003678
            ],
            [
              -86.39916500032317,
              37.1698959996869
            ],
            [
              -86.28175000042641,
              37.080597000255146
            ],
            [
              -86.21860699959241,
              37.10402900003275
            ],
            [
              -86.19224599956368,
              37.076695999678364
            ],
            [
              -86.07426699960229,
              37.05328500007275
            ],
            [
              -86.04913300033532,
              37.21528499991918
            ],
            [
              -86.15758900039393,
              37.335648999716426
            ],
            [
              -86.17486400036289,
              37.33201400019237
            ],
            [
              -86.18836099975888,
              37.34079399994794
            ],
            [
              -86.19548799966114,
              37.32768699985332
            ],
            [
              -86.46377199994875,
              37.32129799970573
            ],
            [
              -86.4691260003646,
              37.32109900003678
            ]
          ]
        ]
      }
    },
    {
      "type": "Feature",
      "id": "us-county:21:063",
      "properties": {
        "boundary_id": "us-county:21:063",
        "boundary_type": "county",
        "name": "Elliott County",
        "stateFips": "21",
        "countyFips": "063",
        "bbox": [
          -83.27084599959484,
          37.99672799986543,
          -82.88891099973975,
          38.26696299998358
        ]
      },
      "geometry": {
        "type": "Polygon",
        "coordinates": [
          [
            [
              -83.14174600014653,
              37.99724800026791
            ],
            [
              -83.08935399980194,
              38.01044500030402
            ],
            [
              -83.04787100013051,
              37.99672799986543
            ],
            [
              -83.01112100001063,
              38.010520000307935
            ],
            [
              -83.00223800034044,
              38.03460100012435
            ],
            [
              -82.98144799956422,
              38.04992100026139
            ],
            [
              -82.9560079999755,
              38.04960100011439
            ],
            [
              -82.92917900014162,
              38.089692999767884
            ],
            [
              -82.88891099973975,
              38.111882999905795
            ],
            [
              -82.90674999977333,
              38.133024999787146
            ],
            [
              -82.91504699963757,
              38.17270700007077
            ],
            [
              -82.97573099982353,
              38.171995000207716
            ],
            [
              -82.9894299997842,
              38.179346000333794
            ],
            [
              -82.98997299993243,
              38.19037099997359
            ],
            [
              -83.00923100034838,
              38.193559999795426
            ],
            [
              -83.01146699961704,
              38.20575099991677
            ],
            [
              -83.0270579997881,
              38.195503000099606
            ],
            [
              -83.04027200022517,
              38.19944500020842
            ],
            [
              -83.05107200022009,
              38.179064999705204
            ],
            [
              -83.0839299999642,
              38.22292599991606
            ],
            [
              -83.11950900029717,
              38.23330500010073
            ],
            [
              -83.15896199966595,
              38.26445700010868
            ],
            [
              -83.17778099969074,
              38.26696299998358
            ],
            [
              -83.18585099977427,
              38.25255800008467
            ],
            [
              -83.2032560003379,
              38.24998799973886
            ],
            [
              -83.21815000037498,
              38.23705300015094
            ],
            [
              -83.22090299985256,
              38.20968099977968
            ],
            [
              -83.23286600013678,
              38.19341000011531
            ],
            [
              -83.26422900022888,
              38.18809800020957
            ],
            [
              -83.19899400006628,
              38.16864300012292
            ],
            [
              -83.21766400012815,
              38.15941500002874
            ],
            [
              -83.22244199988552,
              38.13207200027347
            ],
            [
              -83.24792800040335,
              38.13015099974159
            ],
            [
              -83.26958100009658,
              38.10907800006962
            ],
            [
              -83.26116000038378,
              38.09889199996206
            ],
            [
              -83.27084599959484,
              38.06920200004989
            ],
            [
              -83.26769599955891,
              38.05901300028294
            ],
            [
              -83.22268100026012,
              38.04387200035041
            ],
            [
              -83.22333200036338,
              38.03001700001024
            ],
            [
              -83.20319600006346,
              38.014058000169285
            ],
            [
              -83.1740180000847,
              38.01705699996674
            ],
            [
              -83.15197600022903,
              38.01044500030402
            ],
            [
              -83.1424349998846,
              37.996750999977536
            ],
            [
              -83.14174600014653,
              37.99724800026791
            ]
          ]
        ]
      }
    },
    {
      "type": "Feature",
      "id": "us-county:21:065",
      "properties": {
        "boundary_id": "us-county:21:065",
        "boundary_type": "county",
        "name": "Estill County",
        "stateFips": "21",
        "countyFips": "065",
        "bbox": [
          -84.12694800042935,
          37.54285599991314,
          -83.72209999960897,
          37.853065999842336
        ]
      },
      "geometry": {
        "type": "Polygon",
        "coordinates": [
          [
            [
              -84.1219039996349,
              37.811256000297305
            ],
            [
              -84.11564100027124,
              37.80445400030411
            ],
            [
              -84.09661100035926,
              37.8159200002109
            ],
            [
              -84.07378600015583,
              37.80325000033087
            ],
            [
              -84.10912399956607,
              37.78167100026975
            ],
            [
              -84.08186100026224,
              37.76827799995273
            ],
            [
              -84.08963699971956,
              37.75766000031235
            ],
            [
              -84.08027500037362,
              37.745978000204005
            ],
            [
              -84.09668900017705,
              37.73508699969325
            ],
            [
              -84.09166399964916,
              37.724449999748366
            ],
            [
              -84.09920599965311,
              37.71897600000865
            ],
            [
              -84.0916600003495,
              37.68987899975476
            ],
            [
              -84.10075300008197,
              37.67857000008051
            ],
            [
              -84.08895300000437,
              37.66751599988586
            ],
            [
              -84.12694800042935,
              37.642420999977595
            ],
            [
              -84.09036399999081,
              37.5662269996765
            ],
            [
              -84.0450230002788,
              37.563572999647555
            ],
            [
              -83.9652439998835,
              37.581421000152034
            ],
            [
              -83.93984600012756,
              37.57317300000987
            ],
            [
              -83.90556999982599,
              37.54285599991314
            ],
            [
              -83.8580980004273,
              37.60920499991488
            ],
            [
              -83.86500000019863,
              37.61690500010799
            ],
            [
              -83.83245999957352,
              37.63625899987877
            ],
            [
              -83.80812299999965,
              37.63603499984397
            ],
            [
              -83.82231300023001,
              37.665443999695725
            ],
            [
              -83.7492840001684,
              37.715162000158486
            ],
            [
              -83.72209999960897,
              37.71642000004119
            ],
            [
              -83.7226510001531,
              37.728947000144444
            ],
            [
              -83.76896299963552,
              37.74109699968672
            ],
            [
              -83.77971900014781,
              37.76051400032916
            ],
            [
              -83.82106899974984,
              37.7455729996879
            ],
            [
              -83.83034700032852,
              37.765246999952055
            ],
            [
              -83.86546800000379,
              37.7521779999206
            ],
            [
              -83.90593499969896,
              37.759099999759
            ],
            [
              -83.9652089997234,
              37.802105000343374
            ],
            [
              -83.96745199956307,
              37.84763200033705
            ],
            [
              -83.98331800009373,
              37.843036999793085
            ],
            [
              -83.99159499986649,
              37.85015799980779
            ],
            [
              -84.00470800002125,
              37.833722000040815
            ],
            [
              -84.01703799982828,
              37.83282300010223
            ],
            [
              -84.01480800040743,
              37.842773000263136
            ],
            [
              -84.03934599982274,
              37.83367900032241
            ],
            [
              -84.05900799957142,
              37.847920000276666
            ],
            [
              -84.05744000012446,
              37.83542800022649
            ],
            [
              -84.0722980001765,
              37.8218590000298
            ],
            [
              -84.08033700029789,
              37.853065999842336
            ],
            [
              -84.09016499979919,
              37.835922000252744
            ],
            [
              -84.10371999981982,
              37.83956300004672
            ],
            [
              -84.12171600021223,
              37.813090000250455
            ],
            [
              -84.1219039996349,
              37.811256000297305
            ]
          ]
        ]
      }
    },
    {
      "type": "Feature",
      "id": "us-county:21:067",
      "properties": {
        "boundary_id": "us-county:21:067",
        "boundary_type": "county",
        "name": "Fayette County",
        "stateFips": "21",
        "countyFips": "067",
        "bbox": [
          -84.66013500009166,
          37.845511000200226,
          -84.28262900001445,
          38.21045399971428
        ]
      },
      "geometry": {
        "type": "Polygon",
        "coordinates": [
          [
            [
              -84.33999199956192,
              37.93179300024023
            ],
            [
              -84.33081199979084,
              37.936207000249674
            ],
            [
              -84.33843499998561,
              37.93902400009968
            ],
            [
              -84.33220799970866,
              37.946560999910886
            ],
            [
              -84.31074300033639,
              37.95246199992817
            ],
            [
              -84.32334500012999,
              37.95593799993992
            ],
            [
              -84.3116389997637,
              37.96309700002865
            ],
            [
              -84.32441999965744,
              37.96643400010494
            ],
            [
              -84.32250700042898,
              38.00085500000856
            ],
            [
              -84.28262900001445,
              38.01910300018111
            ],
            [
              -84.29275699998972,
              38.03350999970833
            ],
            [
              -84.28463099982969,
              38.040318999983995
            ],
            [
              -84.28435700019328,
              38.070018999758815
            ],
            [
              -84.31453199988168,
              38.093122999839906
            ],
            [
              -84.3298179995559,
              38.0850870003392
            ],
            [
              -84.38060899994325,
              38.11246899972366
            ],
            [
              -84.36740399972699,
              38.129849000043734
            ],
            [
              -84.3732279995978,
              38.162019999722695
            ],
            [
              -84.35511999995072,
              38.17824699991159
            ],
            [
              -84.35862700036202,
              38.194824000342656
            ],
            [
              -84.37637599998394,
              38.21045399971428
            ],
            [
              -84.6206009996337,
              38.12954500004062
            ],
            [
              -84.66013500009166,
              38.003745000158816
            ],
            [
              -84.59239500014858,
              37.98645299974621
            ],
            [
              -84.47962900013773,
              37.940218999804145
            ],
            [
              -84.47178699965984,
              37.920190999647595
            ],
            [
              -84.45270300021947,
              37.90898399994325
            ],
            [
              -84.43435000035001,
              37.86828500009876
            ],
            [
              -84.43572000032856,
              37.84720200011688
            ],
            [
              -84.4162850003606,
              37.872086000208405
            ],
            [
              -84.38952799959843,
              37.845511000200226
            ],
            [
              -84.36756100008581,
              37.855401999892166
            ],
            [
              -84.38352899982542,
              37.89724700028761
            ],
            [
              -84.3740140003186,
              37.90127800003662
            ],
            [
              -84.34114200033078,
              37.88197300012979
            ],
            [
              -84.33739300007012,
              37.892006999669675
            ],
            [
              -84.3490509998575,
              37.898619999678374
            ],
            [
              -84.33870000029948,
              37.907387000160895
            ],
            [
              -84.34808099991203,
              37.91502199974819
            ],
            [
              -84.3300639996032,
              37.92459200020489
            ],
            [
              -84.34000900017867,
              37.93175499981404
            ],
            [
              -84.33999199956192,
              37.93179300024023
            ]
          ]
        ]
      }
    },
    {
      "type": "Feature",
      "id": "us-county:21:069",
      "properties": {
        "boundary_id": "us-county:21:069",
        "boundary_type": "county",
        "name": "Fleming County",
        "stateFips": "21",
        "countyFips": "069",
        "bbox": [
          -83.98428200019141,
          38.17096299974737,
          -83.45272999992324,
          38.525381000152606
        ]
      },
      "geometry": {
        "type": "Polygon",
        "coordinates": [
          [
            [
              -83.54591299982812,
              38.4183049999247
            ],
            [
              -83.58269200026034,
              38.43244700023052
            ],
            [
              -83.57483200023907,
              38.44445599990114
            ],
            [
              -83.58958700035897,
              38.47407900034843
            ],
            [
              -83.58504600042806,
              38.48219399980017
            ],
            [
              -83.60325899965714,
              38.505465999951646
            ],
            [
              -83.63226000008389,
              38.507455999836495
            ],
            [
              -83.62637900031166,
              38.52001300026061
            ],
            [
              -83.64185199958364,
              38.525381000152606
            ],
            [
              -83.85928000008488,
              38.45634800034838
            ],
            [
              -83.93034800033915,
              38.49227799974928
            ],
            [
              -83.98428200019141,
              38.445493000014814
            ],
            [
              -83.9491000004168,
              38.422823999694586
            ],
            [
              -83.9213760000822,
              38.383308999841326
            ],
            [
              -83.9161310003446,
              38.36015199992372
            ],
            [
              -83.89083899999554,
              38.36353299975791
            ],
            [
              -83.89808800009651,
              38.34811200002155
            ],
            [
              -83.87302300042649,
              38.36212599977865
            ],
            [
              -83.86774199980557,
              38.34975899968153
            ],
            [
              -83.85719299988084,
              38.35108500013506
            ],
            [
              -83.85698100016873,
              38.333163999740115
            ],
            [
              -83.84024699979983,
              38.339191999667165
            ],
            [
              -83.84857100032657,
              38.323578000126375
            ],
            [
              -83.833513000258,
              38.314207000001836
            ],
            [
              -83.84812799973749,
              38.29642999970344
            ],
            [
              -83.82191300019693,
              38.3005510001218
            ],
            [
              -83.80232099987012,
              38.27916200027586
            ],
            [
              -83.78521199958253,
              38.294707999751395
            ],
            [
              -83.77544400035569,
              38.28568700027621
            ],
            [
              -83.76187000006847,
              38.29510900025545
            ],
            [
              -83.75542400040673,
              38.28447699971598
            ],
            [
              -83.72539299976005,
              38.29258399981652
            ],
            [
              -83.7362809996185,
              38.26324299986646
            ],
            [
              -83.70896499971289,
              38.26754299978842
            ],
            [
              -83.71729900028538,
              38.25229400025026
            ],
            [
              -83.70906799964506,
              38.24378400022904
            ],
            [
              -83.69008700013687,
              38.26175399990114
            ],
            [
              -83.68466699959878,
              38.25459200010933
            ],
            [
              -83.69560700023408,
              38.24361700003148
            ],
            [
              -83.70021199973907,
              38.201228000134265
            ],
            [
              -83.68934399997211,
              38.19760800002403
            ],
            [
              -83.6944120001577,
              38.20938500026728
            ],
            [
              -83.68459600035197,
              38.214631000281294
            ],
            [
              -83.67163499963486,
              38.19696099994128
            ],
            [
              -83.65917699978131,
              38.201521999730645
            ],
            [
              -83.6465459996754,
              38.17096299974737
            ],
            [
              -83.63301599976913,
              38.19262499973876
            ],
            [
              -83.6150820001993,
              38.19317199983815
            ],
            [
              -83.58702899997672,
              38.21817399984886
            ],
            [
              -83.56397000031988,
              38.21673100000621
            ],
            [
              -83.55374199988721,
              38.2397819997658
            ],
            [
              -83.52114199988597,
              38.25749399994632
            ],
            [
              -83.52229799960428,
              38.267240000119145
            ],
            [
              -83.50716000006807,
              38.269446999854985
            ],
            [
              -83.51428100012251,
              38.292054000108436
            ],
            [
              -83.48808599977514,
              38.32449599973232
            ],
            [
              -83.49939399975815,
              38.349135000225374
            ],
            [
              -83.45806400024762,
              38.36198599997381
            ],
            [
              -83.46502299992035,
              38.37183099991834
            ],
            [
              -83.45272999992324,
              38.38156600028824
            ],
            [
              -83.46659200009054,
              38.39890799989951
            ],
            [
              -83.54578999980446,
              38.41827100021793
            ],
            [
              -83.54591299982812,
              38.4183049999247
            ]
          ]
        ]
      }
    },
    {
      "type": "Feature",
      "id": "us-county:21:071",
      "properties": {
        "boundary_id": "us-county:21:071",
        "boundary_type": "county",
        "name": "Floyd County",
        "stateFips": "21",
        "countyFips": "071",
        "bbox": [
          -82.94602999978805,
          37.28532299994742,
          -82.56477199997545,
          37.75624899988147
        ]
      },
      "geometry": {
        "type": "Polygon",
        "coordinates": [
          [
            [
              -82.94602999978805,
              37.67890999967974
            ],
            [
              -82.90301300010654,
              37.640957000296446
            ],
            [
              -82.90214699991814,
              37.57693200017428
            ],
            [
              -82.88890499989195,
              37.56483500023464
            ],
            [
              -82.88986499979168,
              37.54381499987459
            ],
            [
              -82.87855500015885,
              37.53919800000637
            ],
            [
              -82.89257100031193,
              37.532266999965145
            ],
            [
              -82.90912099965949,
              37.49175400034644
            ],
            [
              -82.92784599997296,
              37.480933999865485
            ],
            [
              -82.83147299984918,
              37.466989999810295
            ],
            [
              -82.82539200006043,
              37.43866799990224
            ],
            [
              -82.83720899985646,
              37.42338299972024
            ],
            [
              -82.83087899964734,
              37.41216400007603
            ],
            [
              -82.8105220003128,
              37.41153099978345
            ],
            [
              -82.78723000012916,
              37.428739999760644
            ],
            [
              -82.76306699973424,
              37.42554900013893
            ],
            [
              -82.75151199987903,
              37.39968100009778
            ],
            [
              -82.75225400021887,
              37.37094699970915
            ],
            [
              -82.7643160002373,
              37.35237899973097
            ],
            [
              -82.75222200043181,
              37.337022000169206
            ],
            [
              -82.7532140001186,
              37.309132000014735
            ],
            [
              -82.72677000024919,
              37.30477200012125
            ],
            [
              -82.72758299983583,
              37.2899599998127
            ],
            [
              -82.7108049999843,
              37.28532299994742
            ],
            [
              -82.69371599978817,
              37.30610300035655
            ],
            [
              -82.67243800001366,
              37.30673099996346
            ],
            [
              -82.66325800024256,
              37.34252000009264
            ],
            [
              -82.64712200027347,
              37.353358000185715
            ],
            [
              -82.66627100001115,
              37.36992399986301
            ],
            [
              -82.61897399961634,
              37.38642899994034
            ],
            [
              -82.6218149998558,
              37.393811999735654
            ],
            [
              -82.60459900033638,
              37.41031699998274
            ],
            [
              -82.60185000015842,
              37.437308999652444
            ],
            [
              -82.5885910004138,
              37.44638600029495
            ],
            [
              -82.58455599992288,
              37.46708100019549
            ],
            [
              -82.59611300032624,
              37.500149000324555
            ],
            [
              -82.62409200003064,
              37.50566300006854
            ],
            [
              -82.59823499979206,
              37.64244600002232
            ],
            [
              -82.60606700022423,
              37.64955600032158
            ],
            [
              -82.60143000003384,
              37.65892099971214
            ],
            [
              -82.6152040003376,
              37.667961999715786
            ],
            [
              -82.58720999966627,
              37.68186000017076
            ],
            [
              -82.56717399982378,
              37.679973000097895
            ],
            [
              -82.56477199997545,
              37.688995000173726
            ],
            [
              -82.62151100008218,
              37.704692000217946
            ],
            [
              -82.6441470001397,
              37.724221999789556
            ],
            [
              -82.67333299961606,
              37.72542199992595
            ],
            [
              -82.72346899970218,
              37.749223000321656
            ],
            [
              -82.73906900009408,
              37.743849999999036
            ],
            [
              -82.7629579999543,
              37.75624899988147
            ],
            [
              -82.76710600042313,
              37.74180700015442
            ],
            [
              -82.78567500020269,
              37.74605800004383
            ],
            [
              -82.86781999956295,
              37.73082200007781
            ],
            [
              -82.9008480000847,
              37.70323499977565
            ],
            [
              -82.92716899993046,
              37.719359000014144
            ],
            [
              -82.93997300028872,
              37.717065000118076
            ],
            [
              -82.94593299970367,
              37.67952600032114
            ],
            [
              -82.94602999978805,
              37.67890999967974
            ]
          ]
        ]
      }
    },
    {
      "type": "Feature",
      "id": "us-county:21:073",
      "properties": {
        "boundary_id": "us-county:21:073",
        "boundary_type": "county",
        "name": "Franklin County",
        "stateFips": "21",
        "countyFips": "073",
        "bbox": [
          -85.02396999979727,
          38.09343699969031,
          -84.72516799968957,
          38.37483599972185
        ]
      },
      "geometry": {
        "type": "Polygon",
        "coordinates": [
          [
            [
              -84.73791799962117,
              38.30909099996596
            ],
            [
              -84.7405940000042,
              38.35241500022439
            ],
            [
              -84.7932280001981,
              38.33850500019369
            ],
            [
              -84.83862800035966,
              38.35695700022856
            ],
            [
              -84.88407899967655,
              38.3515270000569
            ],
            [
              -84.90625600014975,
              38.37483599972185
            ],
            [
              -84.99766700039316,
              38.33558600029618
            ],
            [
              -84.95695899977524,
              38.332271000028214
            ],
            [
              -84.99889799955623,
              38.27497900024334
            ],
            [
              -85.00931199976176,
              38.16878600030954
            ],
            [
              -85.00323099997298,
              38.16745799988223
            ],
            [
              -85.01035399967725,
              38.16492100021606
            ],
            [
              -85.00380400025843,
              38.16020000012444
            ],
            [
              -85.02396999979727,
              38.129321000157994
            ],
            [
              -84.96739300007225,
              38.11926799992408
            ],
            [
              -84.90226599986468,
              38.09343699969031
            ],
            [
              -84.86490800019754,
              38.11692599993827
            ],
            [
              -84.86480400044049,
              38.141373000316996
            ],
            [
              -84.72516799968957,
              38.195425999754
            ],
            [
              -84.73791699979625,
              38.309051999897854
            ],
            [
              -84.73791799962117,
              38.30909099996596
            ]
          ]
        ]
      }
    },
    {
      "type": "Feature",
      "id": "us-county:21:075",
      "properties": {
        "boundary_id": "us-county:21:075",
        "boundary_type": "county",
        "name": "Fulton County",
        "stateFips": "21",
        "countyFips": "075",
        "bbox": [
          -89.57120299999157,
          36.49749099991454,
          -88.83458800008758,
          36.65047499983811
        ]
      },
      "geometry": {
        "type": "MultiPolygon",
        "coordinates": [
          [
            [
              [
                -89.12000000003108,
                36.503754000168975
              ],
              [
                -88.83458800008758,
                36.50261100036058
              ],
              [
                -88.90352200028212,
                36.57693500003517
              ],
              [
                -88.92761199998381,
                36.5785169997672
              ],
              [
                -88.94087300027655,
                36.59151399981336
              ],
              [
                -89.02670800034625,
                36.59212400013595
              ],
              [
                -89.14709800037679,
                36.6491170002434
              ],
              [
                -89.17472700027683,
                36.65047499983811
              ],
              [
                -89.19775300032168,
                36.62897099995553
              ],
              [
                -89.21387400022216,
                36.57991099968418
              ],
              [
                -89.23630799971502,
                36.566881000266314
              ],
              [
                -89.26954600029904,
                36.56971600034299
              ],
              [
                -89.32626399959105,
                36.63184000014734
              ],
              [
                -89.36579700022409,
                36.6251259997737
              ],
              [
                -89.41727499980136,
                36.49901100006517
              ],
              [
                -89.30102200036902,
                36.507232999929265
              ],
              [
                -89.12109899984797,
                36.50375999994717
              ],
              [
                -89.12000000003108,
                36.503754000168975
              ]
            ]
          ],
          [
            [
              [
                -89.57120299999157,
                36.55214200030341
              ],
              [
                -89.53923200035227,
                36.49793399994869
              ],
              [
                -89.48542700037142,
                36.49749099991454
              ],
              [
                -89.46591299986243,
                36.5300150002719
              ],
              [
                -89.47286099966452,
                36.55883999965504
              ],
              [
                -89.48810600022918,
                36.57292500018443
              ],
              [
                -89.54261599984163,
                36.58070300033517
              ],
              [
                -89.57113799969424,
                36.553778999927715
              ],
              [
                -89.57120299999157,
                36.55214200030341
              ]
            ]
          ]
        ]
      }
    },
    {
      "type": "Feature",
      "id": "us-county:21:077",
      "properties": {
        "boundary_id": "us-county:21:077",
        "boundary_type": "county",
        "name": "Gallatin County",
        "stateFips": "21",
        "countyFips": "077",
        "bbox": [
          -85.02308199986756,
          38.66212999998712,
          -84.66010699960425,
          38.859575000077925
        ]
      },
      "geometry": {
        "type": "Polygon",
        "coordinates": [
          [
            [
              -85.02308199986756,
              38.761335999654875
            ],
            [
              -84.96267100039138,
              38.679585999695064
            ],
            [
              -84.93453600015306,
              38.66212999998712
            ],
            [
              -84.92543099982672,
              38.673417000335135
            ],
            [
              -84.8899889997611,
              38.67635999993864
            ],
            [
              -84.8881019995736,
              38.68734600007576
            ],
            [
              -84.8731849999703,
              38.68891799965288
            ],
            [
              -84.86836000035728,
              38.70002099974912
            ],
            [
              -84.8447340002628,
              38.69681799974174
            ],
            [
              -84.83402999962905,
              38.71191099967451
            ],
            [
              -84.81090999987285,
              38.702834000061785
            ],
            [
              -84.81311400025278,
              38.711975999975884
            ],
            [
              -84.79407699976976,
              38.72450299991691
            ],
            [
              -84.78578800030144,
              38.72045899972699
            ],
            [
              -84.7807660001466,
              38.76520800031842
            ],
            [
              -84.66010699960425,
              38.77729299996301
            ],
            [
              -84.75073200002521,
              38.831007999904095
            ],
            [
              -84.76054299980804,
              38.847761000047925
            ],
            [
              -84.77778900036301,
              38.84724400008663
            ],
            [
              -84.77955400035178,
              38.859575000077925
            ],
            [
              -84.82981000008853,
              38.83088699972226
            ],
            [
              -84.81523400006877,
              38.78425200015261
            ],
            [
              -84.88755900032368,
              38.79482499978576
            ],
            [
              -84.94111900008215,
              38.775687999651474
            ],
            [
              -84.99192399981487,
              38.77828400004059
            ],
            [
              -85.02292100020908,
              38.761402000093106
            ],
            [
              -85.02308199986756,
              38.761335999654875
            ]
          ]
        ]
      }
    },
    {
      "type": "Feature",
      "id": "us-county:21:079",
      "properties": {
        "boundary_id": "us-county:21:079",
        "boundary_type": "county",
        "name": "Garrard County",
        "stateFips": "21",
        "countyFips": "079",
        "bbox": [
          -84.74544600027971,
          37.47266299974842,
          -84.34780499972749,
          37.829066000327565
        ]
      },
      "geometry": {
        "type": "Polygon",
        "coordinates": [
          [
            [
              -84.74544600027971,
              37.71562000010977
            ],
            [
              -84.7333359996824,
              37.709768999775996
            ],
            [
              -84.74305399957883,
              37.69742500031375
            ],
            [
              -84.70002799967648,
              37.69740700019262
            ],
            [
              -84.70110099955413,
              37.68226300014943
            ],
            [
              -84.68231099984163,
              37.6859979999127
            ],
            [
              -84.68061699999797,
              37.67429700028583
            ],
            [
              -84.70524300017517,
              37.66141799994444
            ],
            [
              -84.67901600004073,
              37.65548300006673
            ],
            [
              -84.69404200032227,
              37.64111799988282
            ],
            [
              -84.67753399990917,
              37.637143999747394
            ],
            [
              -84.67941400042399,
              37.64583600029548
            ],
            [
              -84.65567199997855,
              37.65398199973347
            ],
            [
              -84.65304300034953,
              37.642181000257864
            ],
            [
              -84.66669399973131,
              37.63412899992907
            ],
            [
              -84.65049900021098,
              37.64031299988431
            ],
            [
              -84.63605600026064,
              37.62212100003728
            ],
            [
              -84.65229599998682,
              37.61852199995595
            ],
            [
              -84.64855900032003,
              37.6098969997263
            ],
            [
              -84.6206850001976,
              37.60291599979841
            ],
            [
              -84.61847099977194,
              37.59305100016053
            ],
            [
              -84.47320299966917,
              37.49443999999443
            ],
            [
              -84.37444000029092,
              37.47266299974842
            ],
            [
              -84.35534000005875,
              37.498188999812044
            ],
            [
              -84.36132799996109,
              37.51399600019598
            ],
            [
              -84.34780499972749,
              37.539063999954635
            ],
            [
              -84.3708829996509,
              37.57218300034392
            ],
            [
              -84.37234200021624,
              37.5924120000561
            ],
            [
              -84.39752999990989,
              37.600023000068234
            ],
            [
              -84.40114199990322,
              37.61754200027858
            ],
            [
              -84.4225660001659,
              37.61854799993994
            ],
            [
              -84.41200999967018,
              37.63147300014567
            ],
            [
              -84.42531199997083,
              37.63506300014013
            ],
            [
              -84.41824500034303,
              37.64169800024983
            ],
            [
              -84.43001799975816,
              37.6431150002577
            ],
            [
              -84.42858199965735,
              37.65624999978476
            ],
            [
              -84.44677200021854,
              37.65159599969617
            ],
            [
              -84.43689899961309,
              37.65995900005408
            ],
            [
              -84.44605499999305,
              37.66877900006876
            ],
            [
              -84.44265800008489,
              37.67791200032828
            ],
            [
              -84.45425399994801,
              37.674483999723066
            ],
            [
              -84.46501999960772,
              37.68417400021507
            ],
            [
              -84.44949299990908,
              37.69695900019338
            ],
            [
              -84.4840839998549,
              37.70913999969974
            ],
            [
              -84.48797600023069,
              37.72801400008606
            ],
            [
              -84.50322799956973,
              37.73418400003763
            ],
            [
              -84.49448499964166,
              37.747460999941296
            ],
            [
              -84.51472100039899,
              37.75516599996144
            ],
            [
              -84.5132779997272,
              37.766931999665516
            ],
            [
              -84.5350049999386,
              37.77030799995425
            ],
            [
              -84.53995699977322,
              37.75429000027241
            ],
            [
              -84.5566669998527,
              37.748251000048924
            ],
            [
              -84.57030999973686,
              37.72871299970811
            ],
            [
              -84.57917400003878,
              37.730720000302156
            ],
            [
              -84.58946199984761,
              37.74001000017717
            ],
            [
              -84.58596100018238,
              37.75260600026999
            ],
            [
              -84.61414099972825,
              37.74523200023405
            ],
            [
              -84.60459400043433,
              37.759092000052554
            ],
            [
              -84.64324300043731,
              37.77878200016564
            ],
            [
              -84.64138800003687,
              37.79260600034331
            ],
            [
              -84.61007400034859,
              37.7917119998301
            ],
            [
              -84.60945699968222,
              37.80043399972562
            ],
            [
              -84.65879299970219,
              37.80961599988942
            ],
            [
              -84.64951599984671,
              37.790093000252
            ],
            [
              -84.66880500022481,
              37.78377099998529
            ],
            [
              -84.67948100037115,
              37.797759999831335
            ],
            [
              -84.67588899957101,
              37.82624199988926
            ],
            [
              -84.69147200024446,
              37.829066000327565
            ],
            [
              -84.716925000252,
              37.815389000131965
            ],
            [
              -84.71696299988683,
              37.80088799971424
            ],
            [
              -84.70281899968722,
              37.78831199982659
            ],
            [
              -84.71572299960462,
              37.76923100031815
            ],
            [
              -84.69424900001151,
              37.76329099972987
            ],
            [
              -84.70505900005215,
              37.7478079997648
            ],
            [
              -84.68849000043802,
              37.74141099994708
            ],
            [
              -84.706963999783,
              37.7322709996862
            ],
            [
              -84.68948100029988,
              37.72695700017935
            ],
            [
              -84.72835700008358,
              37.72872000019338
            ],
            [
              -84.7249090001218,
              37.713891999742955
            ],
            [
              -84.74501399956127,
              37.71618000011604
            ],
            [
              -84.74544600027971,
              37.71562000010977
            ]
          ]
        ]
      }
    },
    {
      "type": "Feature",
      "id": "us-county:21:081",
      "properties": {
        "boundary_id": "us-county:21:081",
        "boundary_type": "county",
        "name": "Grant County",
        "stateFips": "21",
        "countyFips": "081",
        "bbox": [
          -84.78579400014921,
          38.47303900013289,
          -84.47629900017674,
          38.8029009999176
        ]
      },
      "geometry": {
        "type": "Polygon",
        "coordinates": [
          [
            [
              -84.7807660001466,
              38.76520800031842
            ],
            [
              -84.78579400014921,
              38.72027400012822
            ],
            [
              -84.77432200013466,
              38.6185939999426
            ],
            [
              -84.67450500024707,
              38.557941999951026
            ],
            [
              -84.67929600042322,
              38.55127899973059
            ],
            [
              -84.66541599981426,
              38.54371799974798
            ],
            [
              -84.67457399984403,
              38.53203299980303
            ],
            [
              -84.65775199961159,
              38.53282000030084
            ],
            [
              -84.64475300015798,
              38.520300999766285
            ],
            [
              -84.65005099959899,
              38.51529399969973
            ],
            [
              -84.62719899963142,
              38.485608000026986
            ],
            [
              -84.58053899999447,
              38.47303900013289
            ],
            [
              -84.5606739998562,
              38.492378000085225
            ],
            [
              -84.52139300001656,
              38.50829900023252
            ],
            [
              -84.4852949998248,
              38.50855199986196
            ],
            [
              -84.47629900017674,
              38.54272300027389
            ],
            [
              -84.53228800044602,
              38.79193700028078
            ],
            [
              -84.59771799970397,
              38.79116900022445
            ],
            [
              -84.63000700025891,
              38.8029009999176
            ],
            [
              -84.6561670004462,
              38.790117000291005
            ],
            [
              -84.65508699999755,
              38.77778299974237
            ],
            [
              -84.77563199983877,
              38.76572199993012
            ],
            [
              -84.7807660001466,
              38.76520800031842
            ]
          ]
        ]
      }
    },
    {
      "type": "Feature",
      "id": "us-county:21:083",
      "properties": {
        "boundary_id": "us-county:21:083",
        "boundary_type": "county",
        "name": "Graves County",
        "stateFips": "21",
        "countyFips": "083",
        "bbox": [
          -88.8167630002977,
          36.501156999917036,
          -88.48410300036319,
          36.94686399985286
        ]
      },
      "geometry": {
        "type": "Polygon",
        "coordinates": [
          [
            [
              -88.81343499998651,
              36.83987299988968
            ],
            [
              -88.8167630002977,
              36.50266499986704
            ],
            [
              -88.4890750002893,
              36.501156999917036
            ],
            [
              -88.48410300036319,
              36.94209599977255
            ],
            [
              -88.8128969998612,
              36.94686399985286
            ],
            [
              -88.81336300001648,
              36.84008599977733
            ],
            [
              -88.81343499998651,
              36.83987299988968
            ]
          ]
        ]
      }
    },
    {
      "type": "Feature",
      "id": "us-county:21:085",
      "properties": {
        "boundary_id": "us-county:21:085",
        "boundary_type": "county",
        "name": "Grayson County",
        "stateFips": "21",
        "countyFips": "085",
        "bbox": [
          -86.66897900042292,
          37.32109900003678,
          -86.01878000037168,
          37.623036999947075
        ]
      },
      "geometry": {
        "type": "Polygon",
        "coordinates": [
          [
            [
              -86.2008999998033,
              37.329481000267194
            ],
            [
              -86.19205999979084,
              37.32848399991483
            ],
            [
              -86.18836099975888,
              37.34079399994794
            ],
            [
              -86.17486400036289,
              37.33201400019237
            ],
            [
              -86.15758900039393,
              37.335648999716426
            ],
            [
              -86.15845100038436,
              37.35147699972554
            ],
            [
              -86.13042199955294,
              37.3383859999082
            ],
            [
              -86.11668099975947,
              37.344796999991644
            ],
            [
              -86.12127299974398,
              37.33151999990992
            ],
            [
              -86.11538399957583,
              37.33876600029339
            ],
            [
              -86.09433900032812,
              37.33047400018732
            ],
            [
              -86.10621899987335,
              37.33854899998938
            ],
            [
              -86.10328300009766,
              37.352511999937484
            ],
            [
              -86.09374000010341,
              37.345284999748024
            ],
            [
              -86.07994999990615,
              37.35095100003019
            ],
            [
              -86.088818000406,
              37.3391390001737
            ],
            [
              -86.06266599971633,
              37.34993200009974
            ],
            [
              -86.06991900001525,
              37.371382000351176
            ],
            [
              -86.0569120001657,
              37.375039999645836
            ],
            [
              -86.07202399976265,
              37.380617999848226
            ],
            [
              -86.07022699998683,
              37.388484999669934
            ],
            [
              -86.05420300017072,
              37.38441599995693
            ],
            [
              -86.05591200008301,
              37.39281699988912
            ],
            [
              -86.04606100011718,
              37.392628000340046
            ],
            [
              -86.0429939999219,
              37.381359999944806
            ],
            [
              -86.04375899982796,
              37.394605999775365
            ],
            [
              -86.03246099989069,
              37.38604500034398
            ],
            [
              -86.01878000037168,
              37.3948589996641
            ],
            [
              -86.04287000007335,
              37.40538200019816
            ],
            [
              -86.03228900036156,
              37.42681199978363
            ],
            [
              -86.0436409998272,
              37.429319999972186
            ],
            [
              -86.03834599986088,
              37.434277000238936
            ],
            [
              -86.05057299973576,
              37.4424660000567
            ],
            [
              -86.04946100039838,
              37.4532449998261
            ],
            [
              -86.05637599969019,
              37.44844399975423
            ],
            [
              -86.05631600031404,
              37.45647899996226
            ],
            [
              -86.0674290003034,
              37.45762800014101
            ],
            [
              -86.04929800019175,
              37.47657099969896
            ],
            [
              -86.06174500017465,
              37.490436999751815
            ],
            [
              -86.05596599961136,
              37.50066700001492
            ],
            [
              -86.11409499978812,
              37.5671310000203
            ],
            [
              -86.14575499998114,
              37.55950699972973
            ],
            [
              -86.1664510001477,
              37.57159799985722
            ],
            [
              -86.17667200000938,
              37.55483599965199
            ],
            [
              -86.19999199978211,
              37.575321999743345
            ],
            [
              -86.22411699964388,
              37.581421000152034
            ],
            [
              -86.23250499974472,
              37.57498799986583
            ],
            [
              -86.24634599999561,
              37.602069000339924
            ],
            [
              -86.26813199975827,
              37.584631000336785
            ],
            [
              -86.27895000019485,
              37.59550199972724
            ],
            [
              -86.30146099968057,
              37.58519699978007
            ],
            [
              -86.30042899981082,
              37.595070000290434
            ],
            [
              -86.31039799977742,
              37.578676999783475
            ],
            [
              -86.31375700005074,
              37.58733099982967
            ],
            [
              -86.32677300012111,
              37.58211100025345
            ],
            [
              -86.32886600017294,
              37.59200599977372
            ],
            [
              -86.34273400018805,
              37.594847000034676
            ],
            [
              -86.34343299997184,
              37.58643599980201
            ],
            [
              -86.35269399993379,
              37.5869739998362
            ],
            [
              -86.34629000010484,
              37.56120199971957
            ],
            [
              -86.36519399962013,
              37.562073000202275
            ],
            [
              -86.36457400037735,
              37.57218199999526
            ],
            [
              -86.37380400037715,
              37.55873900032735
            ],
            [
              -86.38791099986852,
              37.56701599974121
            ],
            [
              -86.382805999873,
              37.57331200021396
            ],
            [
              -86.40974400038513,
              37.56651399966988
            ],
            [
              -86.40814099987978,
              37.57710599969842
            ],
            [
              -86.43396299995824,
              37.57567799977967
            ],
            [
              -86.43203200028812,
              37.58469099980756
            ],
            [
              -86.44623000001609,
              37.574671999894285
            ],
            [
              -86.44501999987109,
              37.589731999925185
            ],
            [
              -86.46591500022929,
              37.58201200023258
            ],
            [
              -86.45473199991974,
              37.59149999982075
            ],
            [
              -86.48054999980026,
              37.59283700018972
            ],
            [
              -86.46979199963816,
              37.597469999826224
            ],
            [
              -86.4842830001674,
              37.602383000139746
            ],
            [
              -86.48182100004462,
              37.611228000056876
            ],
            [
              -86.50397599987822,
              37.601083999689536
            ],
            [
              -86.49566700031839,
              37.6132829998579
            ],
            [
              -86.51007599993355,
              37.623036999947075
            ],
            [
              -86.53594400004279,
              37.61462099994553
            ],
            [
              -86.54140999971332,
              37.59963499966906
            ],
            [
              -86.52299599974447,
              37.599505000047586
            ],
            [
              -86.53862299990054,
              37.58842199997907
            ],
            [
              -86.57502200039114,
              37.59964500017797
            ],
            [
              -86.56940799968429,
              37.58059200018099
            ],
            [
              -86.59454900042061,
              37.560812000326784
            ],
            [
              -86.57647100001243,
              37.55212500019262
            ],
            [
              -86.59731299976887,
              37.54592100014009
            ],
            [
              -86.5975410002728,
              37.537644999699964
            ],
            [
              -86.6253219996105,
              37.56588699984625
            ],
            [
              -86.66897900042292,
              37.54971999988752
            ],
            [
              -86.61209499965292,
              37.395123000095936
            ],
            [
              -86.48715199999594,
              37.36250099994908
            ],
            [
              -86.4691260003646,
              37.32109900003678
            ],
            [
              -86.20145700019523,
              37.33007100024838
            ],
            [
              -86.2008999998033,
              37.329481000267194
            ]
          ]
        ]
      }
    },
    {
      "type": "Feature",
      "id": "us-county:21:087",
      "properties": {
        "boundary_id": "us-county:21:087",
        "boundary_type": "county",
        "name": "Green County",
        "stateFips": "21",
        "countyFips": "087",
        "bbox": [
          -85.69730500039654,
          37.109443999811376,
          -85.35277099986627,
          37.47178499977183
        ]
      },
      "geometry": {
        "type": "Polygon",
        "coordinates": [
          [
            [
              -85.69730500039654,
              37.30195900034887
            ],
            [
              -85.68184100044708,
              37.287780999830524
            ],
            [
              -85.67972400010581,
              37.27065000034396
            ],
            [
              -85.66947700030487,
              37.268539000172744
            ],
            [
              -85.6804689999204,
              37.259213000131275
            ],
            [
              -85.6864819999371,
              37.182426999790316
            ],
            [
              -85.66089800040831,
              37.14303900008599
            ],
            [
              -85.63231299990817,
              37.12505600015909
            ],
            [
              -85.52673999992183,
              37.109443999811376
            ],
            [
              -85.3802580003744,
              37.16831400030129
            ],
            [
              -85.35277099986627,
              37.19243199995426
            ],
            [
              -85.37189500038791,
              37.221312000016496
            ],
            [
              -85.41121100038765,
              37.22479900004719
            ],
            [
              -85.39065800033622,
              37.24706200023389
            ],
            [
              -85.47808099994437,
              37.3636729996657
            ],
            [
              -85.58516299982645,
              37.43285200007224
            ],
            [
              -85.58429900018619,
              37.4710399997106
            ],
            [
              -85.6101439998309,
              37.45993299973842
            ],
            [
              -85.634193000423,
              37.47178499977183
            ],
            [
              -85.6382270001907,
              37.45407499997778
            ],
            [
              -85.66526100006398,
              37.4369760001632
            ],
            [
              -85.65066599977767,
              37.38644499967266
            ],
            [
              -85.65843899976028,
              37.38882500033968
            ],
            [
              -85.68548500022744,
              37.36130600031336
            ],
            [
              -85.69728199993202,
              37.30208699997892
            ],
            [
              -85.69730500039654,
              37.30195900034887
            ]
          ]
        ]
      }
    },
    {
      "type": "Feature",
      "id": "us-county:21:089",
      "properties": {
        "boundary_id": "us-county:21:089",
        "boundary_type": "county",
        "name": "Greenup County",
        "stateFips": "21",
        "countyFips": "089",
        "bbox": [
          -83.16750200010277,
          38.373935000019316,
          -82.6654220004395,
          38.755022999721135
        ]
      },
      "geometry": {
        "type": "Polygon",
        "coordinates": [
          [
            [
              -83.03802600001248,
              38.69976200001597
            ],
            [
              -83.02409299970007,
              38.68274399982748
            ],
            [
              -83.05079400038574,
              38.663694000222954
            ],
            [
              -83.05189999987535,
              38.640974999725486
            ],
            [
              -83.07380100016402,
              38.63281400015164
            ],
            [
              -83.0695260003719,
              38.62079899973772
            ],
            [
              -83.08101000008203,
              38.61202800018162
            ],
            [
              -83.07368599963799,
              38.59020099971349
            ],
            [
              -83.0993289996163,
              38.56924799984986
            ],
            [
              -83.11617699978802,
              38.539251000146514
            ],
            [
              -83.14547100011772,
              38.531168000258866
            ],
            [
              -83.16750200010277,
              38.50478400010407
            ],
            [
              -83.05196599999758,
              38.46553800011437
            ],
            [
              -83.00135999955816,
              38.420154999883195
            ],
            [
              -83.00200599963854,
              38.41088699998151
            ],
            [
              -82.98779000036723,
              38.410891000232446
            ],
            [
              -82.97064799956934,
              38.39366599990965
            ],
            [
              -82.91271199973642,
              38.39894900028112
            ],
            [
              -82.81745400022136,
              38.373935000019316
            ],
            [
              -82.80965100010152,
              38.39437300000983
            ],
            [
              -82.77376200014717,
              38.41831300030884
            ],
            [
              -82.77028800024611,
              38.43292299976615
            ],
            [
              -82.6654220004395,
              38.50577899982325
            ],
            [
              -82.69108499961101,
              38.53794800021988
            ],
            [
              -82.72555400025642,
              38.558184999751816
            ],
            [
              -82.79174599994572,
              38.56060200034318
            ],
            [
              -82.84247200003573,
              38.5889099998251
            ],
            [
              -82.86038300003933,
              38.66288199974273
            ],
            [
              -82.87749300015186,
              38.68946500022369
            ],
            [
              -82.87095899972823,
              38.736541999864606
            ],
            [
              -82.88573300011471,
              38.755022999721135
            ],
            [
              -82.93408599977039,
              38.74686100031007
            ],
            [
              -82.97148899964337,
              38.72719999979526
            ],
            [
              -83.02770999971625,
              38.72715599968669
            ],
            [
              -83.03793800014893,
              38.69995200017444
            ],
            [
              -83.03802600001248,
              38.69976200001597
            ]
          ]
        ]
      }
    },
    {
      "type": "Feature",
      "id": "us-county:21:091",
      "properties": {
        "boundary_id": "us-county:21:091",
        "boundary_type": "county",
        "name": "Hancock County",
        "stateFips": "21",
        "countyFips": "091",
        "bbox": [
          -86.9872959999662,
          37.655008000074055,
          -86.62231600041292,
          37.999399999717376
        ]
      },
      "geometry": {
        "type": "Polygon",
        "coordinates": [
          [
            [
              -86.9872959999662,
              37.89721299990438
            ],
            [
              -86.93195100012747,
              37.90972699967865
            ],
            [
              -86.91331600022569,
              37.90297200019865
            ],
            [
              -86.90986999991374,
              37.8860729997709
            ],
            [
              -86.89354599962367,
              37.881689999973624
            ],
            [
              -86.90854400031611,
              37.86928200027565
            ],
            [
              -86.90405400043883,
              37.857195999923206
            ],
            [
              -86.91524699989581,
              37.83944599967347
            ],
            [
              -86.89387299986181,
              37.82867299972471
            ],
            [
              -86.85403499963024,
              37.84081100028357
            ],
            [
              -86.81709999956242,
              37.79158900028035
            ],
            [
              -86.82342899994663,
              37.73775400016438
            ],
            [
              -86.62231600041292,
              37.655008000074055
            ],
            [
              -86.67787299996374,
              37.79284799995427
            ],
            [
              -86.66608799995475,
              37.83580299980065
            ],
            [
              -86.6552849995868,
              37.84250599973711
            ],
            [
              -86.66248099998431,
              37.857084000143495
            ],
            [
              -86.64425699998627,
              37.89651700015946
            ],
            [
              -86.64835100002841,
              37.90974399981663
            ],
            [
              -86.68078799982305,
              37.91503500016901
            ],
            [
              -86.71743599983569,
              37.8935039999922
            ],
            [
              -86.73254499995791,
              37.894767999855034
            ],
            [
              -86.77783899981426,
              37.951687999727156
            ],
            [
              -86.79496499982032,
              37.98921299998626
            ],
            [
              -86.82058299968429,
              37.999399999717376
            ],
            [
              -86.86091399983535,
              37.98436799972383
            ],
            [
              -86.9189219996383,
              37.93683699984885
            ],
            [
              -86.97884599994107,
              37.930281000046485
            ],
            [
              -86.96988100025514,
              37.91843100006292
            ],
            [
              -86.98713600013264,
              37.89738300024553
            ],
            [
              -86.9872959999662,
              37.89721299990438
            ]
          ]
        ]
      }
    },
    {
      "type": "Feature",
      "id": "us-county:21:093",
      "properties": {
        "boundary_id": "us-county:21:093",
        "boundary_type": "county",
        "name": "Hardin County",
        "stateFips": "21",
        "countyFips": "093",
        "bbox": [
          -86.27755799957666,
          37.44030799965914,
          -85.67607199992955,
          38.00507199970061
        ]
      },
      "geometry": {
        "type": "Polygon",
        "coordinates": [
          [
            [
              -85.9854959997569,
              37.85840100014436
            ],
            [
              -86.0074320002057,
              37.81843900011963
            ],
            [
              -86.15128500012408,
              37.79887799964722
            ],
            [
              -86.27755799957666,
              37.58880599997525
            ],
            [
              -86.25948000006677,
              37.58643199988513
            ],
            [
              -86.26264000014847,
              37.59298599996505
            ],
            [
              -86.24774000026363,
              37.59429199980365
            ],
            [
              -86.24634599999561,
              37.602069000339924
            ],
            [
              -86.23250499974472,
              37.57498799986583
            ],
            [
              -86.22411699964388,
              37.581421000152034
            ],
            [
              -86.19999199978211,
              37.575321999743345
            ],
            [
              -86.17667200000938,
              37.55483599965199
            ],
            [
              -86.1664510001477,
              37.57159799985722
            ],
            [
              -86.14575499998114,
              37.55950699972973
            ],
            [
              -86.11409499978812,
              37.5671310000203
            ],
            [
              -86.05596599961136,
              37.50066700001492
            ],
            [
              -86.06174500017465,
              37.490436999751815
            ],
            [
              -86.04929800019175,
              37.47657099969896
            ],
            [
              -86.06744000017403,
              37.457927999666346
            ],
            [
              -86.05631600031404,
              37.45647899996226
            ],
            [
              -86.05666600011841,
              37.448532000285496
            ],
            [
              -85.8928040001217,
              37.44030799965914
            ],
            [
              -85.89464299973032,
              37.47174900003338
            ],
            [
              -85.87564399978046,
              37.54426099984371
            ],
            [
              -85.82088499974766,
              37.57407100026086
            ],
            [
              -85.79730399985903,
              37.608075000123144
            ],
            [
              -85.80185099963771,
              37.62338000028591
            ],
            [
              -85.73870600005219,
              37.65112299972932
            ],
            [
              -85.67607199992955,
              37.736390000152504
            ],
            [
              -85.68798300033524,
              37.73354900007779
            ],
            [
              -85.67949399995204,
              37.73933300002909
            ],
            [
              -85.68256399962206,
              37.75804599973564
            ],
            [
              -85.69336000031731,
              37.755347999886254
            ],
            [
              -85.71623200037638,
              37.76814999983471
            ],
            [
              -85.71385700029225,
              37.77423499990443
            ],
            [
              -85.73518000027262,
              37.779133000238694
            ],
            [
              -85.72649599989577,
              37.78687500002071
            ],
            [
              -85.74243500022138,
              37.79135300009767
            ],
            [
              -85.7421840001512,
              37.821871000044304
            ],
            [
              -85.787791000002,
              37.84381600028967
            ],
            [
              -85.80124999976317,
              37.859876000180954
            ],
            [
              -85.81678599968264,
              37.857917000061214
            ],
            [
              -85.83931600033327,
              37.88053000008065
            ],
            [
              -85.83544400004895,
              37.8926029996828
            ],
            [
              -85.81321700024534,
              37.889333999916396
            ],
            [
              -85.82746000017916,
              37.90063099975793
            ],
            [
              -85.83016900017415,
              37.918752000083764
            ],
            [
              -85.84811600016276,
              37.92365599991208
            ],
            [
              -85.854870999621,
              37.94538500014485
            ],
            [
              -85.90453200022928,
              37.941554000292356
            ],
            [
              -85.90743700004286,
              37.9915859997138
            ],
            [
              -85.94710399967188,
              38.00507199970061
            ],
            [
              -85.99897100030991,
              37.999754000149665
            ],
            [
              -85.97594799973979,
              37.87579300017532
            ],
            [
              -85.98537500028141,
              37.858620000321665
            ],
            [
              -85.9854959997569,
              37.85840100014436
            ]
          ]
        ]
      }
    },
    {
      "type": "Feature",
      "id": "us-county:21:095",
      "properties": {
        "boundary_id": "us-county:21:095",
        "boundary_type": "county",
        "name": "Harlan County",
        "stateFips": "21",
        "countyFips": "095",
        "bbox": [
          -83.51172899958807,
          36.664859999944525,
          -82.85576799959027,
          37.02121099968694
        ]
      },
      "geometry": {
        "type": "Polygon",
        "coordinates": [
          [
            [
              -83.28703799964045,
              36.71428099972632
            ],
            [
              -83.19483899992476,
              36.73944799986055
            ],
            [
              -83.1351199996614,
              36.742629000001706
            ],
            [
              -83.1255730003675,
              36.76162300035308
            ],
            [
              -83.13323099982408,
              36.78458499986643
            ],
            [
              -83.10433099967966,
              36.803997000243065
            ],
            [
              -83.10193600040236,
              36.82823800011336
            ],
            [
              -83.0751719999675,
              36.8407280002749
            ],
            [
              -83.07283600024142,
              36.8544569999339
            ],
            [
              -83.02660699970137,
              36.85555600027481
            ],
            [
              -83.00861600023015,
              36.84732000000758
            ],
            [
              -82.99759000027943,
              36.85685100002302
            ],
            [
              -82.90782299965096,
              36.87476399980237
            ],
            [
              -82.8681960002049,
              36.89963499970556
            ],
            [
              -82.87737900034904,
              36.908471000037295
            ],
            [
              -82.85766499982351,
              36.9286690001736
            ],
            [
              -82.85576799959027,
              36.953947999990696
            ],
            [
              -82.86614400016096,
              36.958555999886684
            ],
            [
              -82.86919200008965,
              36.97418600010253
            ],
            [
              -82.93946600012552,
              37.01551999968967
            ],
            [
              -83.00658400027768,
              36.99255400008297
            ],
            [
              -83.02059200003484,
              36.97796799966214
            ],
            [
              -83.03816099973169,
              36.98427099996028
            ],
            [
              -83.15040200003597,
              36.954162999709055
            ],
            [
              -83.14793499989032,
              36.984224999809314
            ],
            [
              -83.12617000004407,
              36.991557999749105
            ],
            [
              -83.12270700001369,
              37.004201999665966
            ],
            [
              -83.18172599977,
              37.02121099968694
            ],
            [
              -83.18578200017731,
              37.00607999979002
            ],
            [
              -83.19792200001355,
              37.01219800032662
            ],
            [
              -83.20330200036865,
              37.0037370002931
            ],
            [
              -83.22588399999951,
              37.005713000039805
            ],
            [
              -83.26001999966067,
              36.96895100029459
            ],
            [
              -83.29167099963286,
              36.95218999966657
            ],
            [
              -83.39965600041158,
              36.92095499965776
            ],
            [
              -83.39608899972579,
              36.899113999790046
            ],
            [
              -83.40861400042482,
              36.890217999973494
            ],
            [
              -83.45181500022935,
              36.892193000074926
            ],
            [
              -83.45752600012226,
              36.88315400002462
            ],
            [
              -83.47689099977002,
              36.8965939998385
            ],
            [
              -83.4933570003503,
              36.89336900010198
            ],
            [
              -83.49386699998826,
              36.86350799998609
            ],
            [
              -83.48171000043358,
              36.849134000143366
            ],
            [
              -83.51172899958807,
              36.807362000058234
            ],
            [
              -83.48581399962315,
              36.78329299999666
            ],
            [
              -83.50089099995832,
              36.733254000087996
            ],
            [
              -83.48665399987229,
              36.71065599976641
            ],
            [
              -83.45945900034053,
              36.69738700015534
            ],
            [
              -83.46101599991684,
              36.664859999944525
            ],
            [
              -83.41868200012563,
              36.668728999689954
            ],
            [
              -83.37526600023594,
              36.69072799996285
            ],
            [
              -83.28776200043694,
              36.71414799969191
            ],
            [
              -83.28703799964045,
              36.71428099972632
            ]
          ]
        ]
      }
    },
    {
      "type": "Feature",
      "id": "us-county:21:097",
      "properties": {
        "boundary_id": "us-county:21:097",
        "boundary_type": "county",
        "name": "Harrison County",
        "stateFips": "21",
        "countyFips": "097",
        "bbox": [
          -84.55737499985734,
          38.27785199990319,
          -84.10209999959599,
          38.58203900006457
        ]
      },
      "geometry": {
        "type": "Polygon",
        "coordinates": [
          [
            [
              -84.12990599994636,
              38.47479500024665
            ],
            [
              -84.13218399994612,
              38.483180999806464
            ],
            [
              -84.14880000031424,
              38.476996000179085
            ],
            [
              -84.15220899991796,
              38.49005299979322
            ],
            [
              -84.17382300015146,
              38.48790999966497
            ],
            [
              -84.16137199997061,
              38.50178599992774
            ],
            [
              -84.1836890001859,
              38.49740999973251
            ],
            [
              -84.17831499967856,
              38.533305000291854
            ],
            [
              -84.16357700017542,
              38.539494999744164
            ],
            [
              -84.16175799976,
              38.553163000144636
            ],
            [
              -84.16809700018995,
              38.55900699970941
            ],
            [
              -84.21131899991086,
              38.55086399973013
            ],
            [
              -84.21768000008211,
              38.55998000023189
            ],
            [
              -84.20217599994969,
              38.56615099972429
            ],
            [
              -84.20534600007711,
              38.58203900006457
            ],
            [
              -84.41064600043771,
              38.5657190000177
            ],
            [
              -84.42646100001645,
              38.55771599969101
            ],
            [
              -84.42030599970951,
              38.55171099982053
            ],
            [
              -84.42784199986566,
              38.54630399995082
            ],
            [
              -84.41922500033427,
              38.542781000143
            ],
            [
              -84.43315600009853,
              38.53381099997925
            ],
            [
              -84.4550280000749,
              38.5307209999935
            ],
            [
              -84.47519199996391,
              38.543838999649765
            ],
            [
              -84.4852949998248,
              38.50855199986196
            ],
            [
              -84.52139300001656,
              38.50829900023252
            ],
            [
              -84.55737499985734,
              38.492916999836226
            ],
            [
              -84.54640099978518,
              38.466800999952234
            ],
            [
              -84.52660099994422,
              38.45064800031055
            ],
            [
              -84.52794800035656,
              38.43324999984333
            ],
            [
              -84.48553500002433,
              38.41032200014742
            ],
            [
              -84.46239799965137,
              38.384456000239624
            ],
            [
              -84.46089100030379,
              38.34842499994333
            ],
            [
              -84.43397999955583,
              38.306787999706806
            ],
            [
              -84.44486999996242,
              38.28473899991411
            ],
            [
              -84.42900199978193,
              38.27967000031858
            ],
            [
              -84.4167570003637,
              38.287682000339416
            ],
            [
              -84.37876199993872,
              38.27785199990319
            ],
            [
              -84.3598850001876,
              38.29603799967294
            ],
            [
              -84.34454400026179,
              38.2851099997155
            ],
            [
              -84.33343600029531,
              38.289357999802824
            ],
            [
              -84.34123799969193,
              38.29627499998411
            ],
            [
              -84.30476299993163,
              38.305003000193985
            ],
            [
              -84.30880699974509,
              38.312365999702884
            ],
            [
              -84.28021799994531,
              38.31333299988669
            ],
            [
              -84.19404999978967,
              38.371750000149625
            ],
            [
              -84.10209999959599,
              38.459378999931786
            ],
            [
              -84.10669800032662,
              38.46903900000153
            ],
            [
              -84.12893000015312,
              38.47512299983678
            ],
            [
              -84.12990599994636,
              38.47479500024665
            ]
          ]
        ]
      }
    },
    {
      "type": "Feature",
      "id": "us-county:21:099",
      "properties": {
        "boundary_id": "us-county:21:099",
        "boundary_type": "county",
        "name": "Hart County",
        "stateFips": "21",
        "countyFips": "099",
        "bbox": [
          -86.16154799981855,
          37.14939100027367,
          -85.65066599977767,
          37.449933000043636
        ]
      },
      "geometry": {
        "type": "Polygon",
        "coordinates": [
          [
            [
              -86.0723510000008,
              37.381070999644884
            ],
            [
              -86.0569120001657,
              37.375039999645836
            ],
            [
              -86.06991900001525,
              37.371382000351176
            ],
            [
              -86.06266599971633,
              37.34993200009974
            ],
            [
              -86.088818000406,
              37.3391390001737
            ],
            [
              -86.07994999990615,
              37.35095100003019
            ],
            [
              -86.09374000010341,
              37.345284999748024
            ],
            [
              -86.10328300009766,
              37.352511999937484
            ],
            [
              -86.10621899987335,
              37.33854899998938
            ],
            [
              -86.09433900032812,
              37.33047400018732
            ],
            [
              -86.11538399957583,
              37.33876600029339
            ],
            [
              -86.12181400024237,
              37.331751999776195
            ],
            [
              -86.11971600016767,
              37.346227999754134
            ],
            [
              -86.13042199955294,
              37.3383859999082
            ],
            [
              -86.16154799981855,
              37.3500140000284
            ],
            [
              -86.15758900039393,
              37.335648999716426
            ],
            [
              -86.04913300033532,
              37.21528499991918
            ],
            [
              -86.05644299963734,
              37.16720800026179
            ],
            [
              -85.87951699988967,
              37.14939100027367
            ],
            [
              -85.6864819999371,
              37.182426999790316
            ],
            [
              -85.6804689999204,
              37.259213000131275
            ],
            [
              -85.66947700030487,
              37.268539000172744
            ],
            [
              -85.67972400010581,
              37.27065000034396
            ],
            [
              -85.68184100044708,
              37.287780999830524
            ],
            [
              -85.69732499958971,
              37.301837999700005
            ],
            [
              -85.68548500022744,
              37.36130600031336
            ],
            [
              -85.65843899976028,
              37.38882500033968
            ],
            [
              -85.65066599977767,
              37.38644499967266
            ],
            [
              -85.65733200044578,
              37.42199599967392
            ],
            [
              -86.04759799960199,
              37.449933000043636
            ],
            [
              -86.05055299964427,
              37.442431999651866
            ],
            [
              -86.03834599986088,
              37.434277000238936
            ],
            [
              -86.0436409998272,
              37.429319999972186
            ],
            [
              -86.03140899992945,
              37.419577999700266
            ],
            [
              -86.04321400002993,
              37.40586199990592
            ],
            [
              -86.01878000037168,
              37.3948589996641
            ],
            [
              -86.03246099989069,
              37.38604500034398
            ],
            [
              -86.04375899982796,
              37.394605999775365
            ],
            [
              -86.04452399973404,
              37.38131799993333
            ],
            [
              -86.04275799992035,
              37.39011799989056
            ],
            [
              -86.05386599988684,
              37.3942179997228
            ],
            [
              -86.05160899980348,
              37.38511900028003
            ],
            [
              -86.06816400007222,
              37.389062999819664
            ],
            [
              -86.07224800006864,
              37.38155300025591
            ],
            [
              -86.0723510000008,
              37.381070999644884
            ]
          ]
        ]
      }
    },
    {
      "type": "Feature",
      "id": "us-county:21:101",
      "properties": {
        "boundary_id": "us-county:21:101",
        "boundary_type": "county",
        "name": "Henderson County",
        "stateFips": "21",
        "countyFips": "101",
        "bbox": [
          -87.92705999955432,
          37.63837599986973,
          -87.27160800026788,
          37.975270000171534
        ]
      },
      "geometry": {
        "type": "Polygon",
        "coordinates": [
          [
            [
              -87.62725700043734,
              37.92182500000117
            ],
            [
              -87.58392500021324,
              37.87248499973095
            ],
            [
              -87.61244600024095,
              37.833608000039554
            ],
            [
              -87.64416099978723,
              37.82618900028861
            ],
            [
              -87.67941100023222,
              37.83652500018301
            ],
            [
              -87.6816840002091,
              37.85627300008691
            ],
            [
              -87.66403299959818,
              37.88747700013396
            ],
            [
              -87.67995600003026,
              37.903220000198104
            ],
            [
              -87.80754099973508,
              37.87523400029591
            ],
            [
              -87.83886000034452,
              37.880170999808904
            ],
            [
              -87.88280199976569,
              37.92619799976789
            ],
            [
              -87.90386399963015,
              37.92553699985401
            ],
            [
              -87.92705999955432,
              37.901674999868916
            ],
            [
              -87.81509299978474,
              37.76242299972511
            ],
            [
              -87.81169500005169,
              37.77102899987086
            ],
            [
              -87.79306599999768,
              37.77157899968552
            ],
            [
              -87.79933199973436,
              37.76007500011463
            ],
            [
              -87.78421099991658,
              37.751838999772026
            ],
            [
              -87.77833400034233,
              37.76506999964926
            ],
            [
              -87.76199499998364,
              37.76236500017828
            ],
            [
              -87.75448800013982,
              37.66939000001951
            ],
            [
              -87.73454500018374,
              37.63837599986973
            ],
            [
              -87.49533099991984,
              37.64754699971112
            ],
            [
              -87.46772299993619,
              37.66693800019405
            ],
            [
              -87.42053299967151,
              37.67015300001013
            ],
            [
              -87.38726300019874,
              37.730016000081086
            ],
            [
              -87.32077000021059,
              37.742517999682065
            ],
            [
              -87.27160800026788,
              37.780120000310816
            ],
            [
              -87.29731700036845,
              37.78520599987149
            ],
            [
              -87.31048099967853,
              37.79900699992945
            ],
            [
              -87.30326000006495,
              37.811708999801304
            ],
            [
              -87.32340200021265,
              37.81923899982223
            ],
            [
              -87.30291399956023,
              37.897821000007745
            ],
            [
              -87.34436199996986,
              37.91098600001832
            ],
            [
              -87.38617899955213,
              37.93780399989231
            ],
            [
              -87.44913099969212,
              37.94185400030471
            ],
            [
              -87.51056700026366,
              37.90608100020116
            ],
            [
              -87.56089599979533,
              37.93211300029041
            ],
            [
              -87.57751100033855,
              37.95166100032248
            ],
            [
              -87.57688799982438,
              37.969133999939714
            ],
            [
              -87.59316000023591,
              37.975270000171534
            ],
            [
              -87.62723899999567,
              37.9222570002717
            ],
            [
              -87.62725700043734,
              37.92182500000117
            ]
          ]
        ]
      }
    },
    {
      "type": "Feature",
      "id": "us-county:21:103",
      "properties": {
        "boundary_id": "us-county:21:103",
        "boundary_type": "county",
        "name": "Henry County",
        "stateFips": "21",
        "countyFips": "103",
        "bbox": [
          -85.34607999998212,
          38.33558600029618,
          -84.86820499964827,
          38.596838000323274
        ]
      },
      "geometry": {
        "type": "Polygon",
        "coordinates": [
          [
            [
              -85.24771599991377,
              38.52610999970568
            ],
            [
              -85.27962700017693,
              38.49626800014455
            ],
            [
              -85.30984600024627,
              38.499365999877874
            ],
            [
              -85.34607999998212,
              38.45953999970241
            ],
            [
              -85.33172099969737,
              38.4430489996623
            ],
            [
              -85.32507199964601,
              38.40387200005014
            ],
            [
              -85.28308199981139,
              38.358054000102754
            ],
            [
              -84.99766700039316,
              38.33558600029618
            ],
            [
              -84.90625600014975,
              38.37483599972185
            ],
            [
              -84.8848570000014,
              38.35179899969752
            ],
            [
              -84.86820499964827,
              38.35858899983687
            ],
            [
              -84.8700430003303,
              38.37024599986697
            ],
            [
              -84.89864899984852,
              38.378966999657685
            ],
            [
              -84.88025800034418,
              38.41904900018443
            ],
            [
              -84.92733300008283,
              38.433069999712956
            ],
            [
              -84.90928800018493,
              38.45023999977141
            ],
            [
              -84.91222999980842,
              38.459843999744294
            ],
            [
              -84.92332500025441,
              38.464500999694756
            ],
            [
              -84.93512299978387,
              38.456681000268944
            ],
            [
              -84.93925299981105,
              38.42779699966562
            ],
            [
              -84.957040999791,
              38.42989699995237
            ],
            [
              -84.96326499969491,
              38.43735799989147
            ],
            [
              -84.9515779995952,
              38.45786699984506
            ],
            [
              -84.95457299982044,
              38.47095700019259
            ],
            [
              -84.992107000113,
              38.49121900028094
            ],
            [
              -84.97808799958685,
              38.51533399986218
            ],
            [
              -85.00048000014523,
              38.51704800024679
            ],
            [
              -85.01924499974336,
              38.50391800029621
            ],
            [
              -85.02971500002536,
              38.50934300028487
            ],
            [
              -85.00231700010401,
              38.55364100019771
            ],
            [
              -85.04091300040353,
              38.574161999699704
            ],
            [
              -85.0637639996479,
              38.564918999972996
            ],
            [
              -85.0759300003217,
              38.57801799991702
            ],
            [
              -85.07458299990937,
              38.596838000323274
            ],
            [
              -85.16826999960442,
              38.58544800022007
            ],
            [
              -85.24290800001916,
              38.52983400023674
            ],
            [
              -85.24771599991377,
              38.52610999970568
            ]
          ]
        ]
      }
    },
    {
      "type": "Feature",
      "id": "us-county:21:105",
      "properties": {
        "boundary_id": "us-county:21:105",
        "boundary_type": "county",
        "name": "Hickman County",
        "stateFips": "21",
        "countyFips": "105",
        "bbox": [
          -89.20139999957678,
          36.50261100036058,
          -88.81322900012219,
          36.797285000026285
        ]
      },
      "geometry": {
        "type": "Polygon",
        "coordinates": [
          [
            [
              -89.20139999957678,
              36.72588100008559
            ],
            [
              -89.16942599956441,
              36.688770999962685
            ],
            [
              -89.17188400038755,
              36.67259800018542
            ],
            [
              -89.1591179996641,
              36.66635399980873
            ],
            [
              -89.17472700027683,
              36.65047499983811
            ],
            [
              -89.14709800037679,
              36.6491170002434
            ],
            [
              -89.02670800034625,
              36.59212400013595
            ],
            [
              -88.94087300027655,
              36.59151399981336
            ],
            [
              -88.92761199998381,
              36.5785169997672
            ],
            [
              -88.90352200028212,
              36.57693500003517
            ],
            [
              -88.83458800008758,
              36.50261100036058
            ],
            [
              -88.8167630002977,
              36.50266499986704
            ],
            [
              -88.81959500031633,
              36.755905999804405
            ],
            [
              -88.81322900012219,
              36.773114999857086
            ],
            [
              -89.06726499955482,
              36.77276300028369
            ],
            [
              -89.06181499977781,
              36.78701799991292
            ],
            [
              -89.10415799978985,
              36.797285000026285
            ],
            [
              -89.12353099983352,
              36.78521700016834
            ],
            [
              -89.11620999976253,
              36.77080200024478
            ],
            [
              -89.12596700001703,
              36.75180900030502
            ],
            [
              -89.17288699994499,
              36.75877100002169
            ],
            [
              -89.2010420002748,
              36.72896900016593
            ],
            [
              -89.20139999957678,
              36.72588100008559
            ]
          ]
        ]
      }
    },
    {
      "type": "Feature",
      "id": "us-county:21:107",
      "properties": {
        "boundary_id": "us-county:21:107",
        "boundary_type": "county",
        "name": "Hopkins County",
        "stateFips": "21",
        "countyFips": "107",
        "bbox": [
          -87.85180299972166,
          37.10534400030374,
          -87.29537599975427,
          37.56998800016306
        ]
      },
      "geometry": {
        "type": "Polygon",
        "coordinates": [
          [
            [
              -87.48715100023145,
              37.12590100028583
            ],
            [
              -87.37228499959777,
              37.13229999976137
            ],
            [
              -87.35620499970518,
              37.14323199984448
            ],
            [
              -87.36030499959512,
              37.15665999980918
            ],
            [
              -87.33608699984693,
              37.15478999973642
            ],
            [
              -87.3067060003769,
              37.19183600024135
            ],
            [
              -87.34961199973034,
              37.21472399966041
            ],
            [
              -87.35422700017939,
              37.23601399981857
            ],
            [
              -87.37205100014437,
              37.24282500020514
            ],
            [
              -87.36408099961996,
              37.24899999998013
            ],
            [
              -87.38848400021439,
              37.25735400007793
            ],
            [
              -87.37749300042377,
              37.28525899983342
            ],
            [
              -87.38622499958288,
              37.2954339997783
            ],
            [
              -87.37196999995352,
              37.2992300001758
            ],
            [
              -87.37991299981545,
              37.311274999831426
            ],
            [
              -87.36675700000296,
              37.31854299964435
            ],
            [
              -87.33938099982291,
              37.313774999774225
            ],
            [
              -87.33822099990664,
              37.335991999697264
            ],
            [
              -87.29919399961189,
              37.368734000313474
            ],
            [
              -87.3099650001928,
              37.37678599989018
            ],
            [
              -87.29537599975427,
              37.3870950001866
            ],
            [
              -87.3114790001114,
              37.401873000130415
            ],
            [
              -87.32854300019319,
              37.3984619997097
            ],
            [
              -87.32514100026215,
              37.40739099993191
            ],
            [
              -87.35254000000843,
              37.4265590000679
            ],
            [
              -87.35411199965336,
              37.48065400015461
            ],
            [
              -87.3618169998639,
              37.48697499965209
            ],
            [
              -87.34918599975798,
              37.51767499985907
            ],
            [
              -87.36669500007869,
              37.534113000036335
            ],
            [
              -87.35987899962277,
              37.54787999994541
            ],
            [
              -87.37514500010381,
              37.56998800016306
            ],
            [
              -87.49711199980214,
              37.48780200012329
            ],
            [
              -87.59357500033761,
              37.46196300029455
            ],
            [
              -87.81341300018478,
              37.35064499972274
            ],
            [
              -87.81482300034632,
              37.34260800009481
            ],
            [
              -87.83624900025886,
              37.34138199989744
            ],
            [
              -87.83643000000883,
              37.3285339998242
            ],
            [
              -87.85180299972166,
              37.31839500022727
            ],
            [
              -87.82010800026688,
              37.30036899967977
            ],
            [
              -87.82070699959327,
              37.31767699999036
            ],
            [
              -87.79580799960462,
              37.319119000316874
            ],
            [
              -87.80824899973972,
              37.29844099999584
            ],
            [
              -87.79324099989985,
              37.290849000289725
            ],
            [
              -87.79982200017915,
              37.260849000051444
            ],
            [
              -87.78589300006469,
              37.255685000335255
            ],
            [
              -87.8049949999467,
              37.2409179998977
            ],
            [
              -87.78795799962911,
              37.231745999866135
            ],
            [
              -87.78632499988483,
              37.220115000323354
            ],
            [
              -87.76043199966124,
              37.21550100019953
            ],
            [
              -87.77772199969883,
              37.206376000252575
            ],
            [
              -87.7746939998616,
              37.198127000019035
            ],
            [
              -87.74175300027683,
              37.206224999912024
            ],
            [
              -87.74683399998288,
              37.188326999989144
            ],
            [
              -87.73363600033764,
              37.1935359998941
            ],
            [
              -87.7195819996514,
              37.171704999720255
            ],
            [
              -87.70756200036408,
              37.17738800012424
            ],
            [
              -87.69949300010546,
              37.16503700012462
            ],
            [
              -87.7052269995646,
              37.16105000008621
            ],
            [
              -87.5216090001079,
              37.10534400030374
            ],
            [
              -87.48729299962336,
              37.1258060000091
            ],
            [
              -87.48715100023145,
              37.12590100028583
            ]
          ]
        ]
      }
    },
    {
      "type": "Feature",
      "id": "us-county:21:109",
      "properties": {
        "boundary_id": "us-county:21:109",
        "boundary_type": "county",
        "name": "Jackson County",
        "stateFips": "21",
        "countyFips": "109",
        "bbox": [
          -84.20425700030596,
          37.25055100000309,
          -83.78256100021216,
          37.581421000152034
        ]
      },
      "geometry": {
        "type": "Polygon",
        "coordinates": [
          [
            [
              -83.82598299994963,
              37.40394600017684
            ],
            [
              -83.8422789997523,
              37.439276999973785
            ],
            [
              -83.86512200039738,
              37.4513780003112
            ],
            [
              -83.88395300011774,
              37.47733499967447
            ],
            [
              -83.89351399965533,
              37.5311190000585
            ],
            [
              -83.93984600012756,
              37.57317300000987
            ],
            [
              -83.9652439998835,
              37.581421000152034
            ],
            [
              -84.0450230002788,
              37.563572999647555
            ],
            [
              -84.17183600040485,
              37.55754899985677
            ],
            [
              -84.20425700030596,
              37.511211999692634
            ],
            [
              -84.20355199977602,
              37.486177000108746
            ],
            [
              -84.15928499976656,
              37.417368999857274
            ],
            [
              -84.1694810004122,
              37.38540599997425
            ],
            [
              -84.12937600021694,
              37.35861100003241
            ],
            [
              -84.14292799986453,
              37.35261999977079
            ],
            [
              -84.13282300035381,
              37.34890600009223
            ],
            [
              -84.14230400042378,
              37.34517799989437
            ],
            [
              -84.13617400023121,
              37.32985499984853
            ],
            [
              -84.14560300042262,
              37.32677100022419
            ],
            [
              -84.13789800021208,
              37.319759000252645
            ],
            [
              -84.11905099969988,
              37.33574899996421
            ],
            [
              -84.10710099983444,
              37.315864999770334
            ],
            [
              -84.09432599978848,
              37.3140160000929
            ],
            [
              -84.10847199963791,
              37.310170000158884
            ],
            [
              -84.10123099993287,
              37.29918899965935
            ],
            [
              -84.08071899988931,
              37.291513999788876
            ],
            [
              -84.07855499969236,
              37.28222399969217
            ],
            [
              -84.0493320004061,
              37.28233900008459
            ],
            [
              -84.05647699985167,
              37.26976200012648
            ],
            [
              -84.00560599999672,
              37.253342999880395
            ],
            [
              -83.94371800041185,
              37.25055100000309
            ],
            [
              -83.92220499956237,
              37.2618249997709
            ],
            [
              -83.90157399969313,
              37.25374000011715
            ],
            [
              -83.87683799991109,
              37.29465199966728
            ],
            [
              -83.8819799997165,
              37.3069319997434
            ],
            [
              -83.86319199965385,
              37.306570999733225
            ],
            [
              -83.8216930000889,
              37.33125499990038
            ],
            [
              -83.78386199969543,
              37.33448400001916
            ],
            [
              -83.78256100021216,
              37.34545000019802
            ],
            [
              -83.81186899988727,
              37.37015799999058
            ],
            [
              -83.82444800011463,
              37.39980799969261
            ],
            [
              -83.82598299994963,
              37.40394600017684
            ]
          ]
        ]
      }
    },
    {
      "type": "Feature",
      "id": "us-county:21:111",
      "properties": {
        "boundary_id": "us-county:21:111",
        "boundary_type": "county",
        "name": "Jefferson County",
        "stateFips": "21",
        "countyFips": "111",
        "bbox": [
          -85.94504400013032,
          37.99770300007344,
          -85.4048989997219,
          38.38023899976026
        ]
      },
      "geometry": {
        "type": "Polygon",
        "coordinates": [
          [
            [
              -85.70478299992806,
              38.285559999666596
            ],
            [
              -85.74407999966122,
              38.267240000119145
            ],
            [
              -85.78118799998141,
              38.28830699993467
            ],
            [
              -85.82906500033437,
              38.276554000335395
            ],
            [
              -85.84359899962298,
              38.232178999998965
            ],
            [
              -85.9050689996314,
              38.170600000114916
            ],
            [
              -85.90530700018111,
              38.088836999827855
            ],
            [
              -85.92342800024699,
              38.02524699995783
            ],
            [
              -85.94504400013032,
              38.00242600018
            ],
            [
              -85.93301499972388,
              37.99770300007344
            ],
            [
              -85.88237200037283,
              38.04087900028044
            ],
            [
              -85.71257799965196,
              38.08731099971956
            ],
            [
              -85.55727000033578,
              38.073841000206755
            ],
            [
              -85.4288300003132,
              38.11838299984409
            ],
            [
              -85.4048989997219,
              38.26373000007773
            ],
            [
              -85.4682059996891,
              38.28530900017897
            ],
            [
              -85.56132199964681,
              38.337123999666275
            ],
            [
              -85.57472600005472,
              38.33397699985952
            ],
            [
              -85.5852719996064,
              38.33943100021601
            ],
            [
              -85.56941299964674,
              38.34175199969557
            ],
            [
              -85.63781700011187,
              38.38023899976026
            ],
            [
              -85.65551700022829,
              38.323722000322114
            ],
            [
              -85.70418600025148,
              38.28586799971723
            ],
            [
              -85.70478299992806,
              38.285559999666596
            ]
          ]
        ]
      }
    },
    {
      "type": "Feature",
      "id": "us-county:21:113",
      "properties": {
        "boundary_id": "us-county:21:113",
        "boundary_type": "county",
        "name": "Jessamine County",
        "stateFips": "21",
        "countyFips": "113",
        "bbox": [
          -84.72432699961553,
          37.72864400016695,
          -84.43435000035001,
          38.003745000158816
        ]
      },
      "geometry": {
        "type": "Polygon",
        "coordinates": [
          [
            [
              -84.53565500021693,
              37.96318099986053
            ],
            [
              -84.66013500009166,
              38.003745000158816
            ],
            [
              -84.70991800000036,
              37.86195200031827
            ],
            [
              -84.68902099999234,
              37.85109100026201
            ],
            [
              -84.72432699961553,
              37.82952699969583
            ],
            [
              -84.716925000252,
              37.815389000131965
            ],
            [
              -84.67747600018286,
              37.82853600018518
            ],
            [
              -84.67913099966846,
              37.79601199972269
            ],
            [
              -84.66714300016818,
              37.78333299973365
            ],
            [
              -84.64951599984671,
              37.790093000252
            ],
            [
              -84.65879299970219,
              37.80961599988942
            ],
            [
              -84.60945699968222,
              37.80043399972562
            ],
            [
              -84.61007400034859,
              37.7917119998301
            ],
            [
              -84.64247599998312,
              37.7918909999922
            ],
            [
              -84.64291899967391,
              37.77810600016763
            ],
            [
              -84.60459400043433,
              37.759092000052554
            ],
            [
              -84.61414099972825,
              37.74523200023405
            ],
            [
              -84.58596100018238,
              37.75260600026999
            ],
            [
              -84.58722700040387,
              37.73533000030914
            ],
            [
              -84.57212800032741,
              37.72864400016695
            ],
            [
              -84.53945600035613,
              37.75475999999087
            ],
            [
              -84.53620099983988,
              37.7696439998518
            ],
            [
              -84.49596199975032,
              37.78524799981904
            ],
            [
              -84.4824410000649,
              37.80214100007701
            ],
            [
              -84.46448200038068,
              37.799227999972
            ],
            [
              -84.48491800025627,
              37.83867799965603
            ],
            [
              -84.47878700023878,
              37.85141899981017
            ],
            [
              -84.45486200039355,
              37.84030499980294
            ],
            [
              -84.43572000032856,
              37.84720200011688
            ],
            [
              -84.43435000035001,
              37.86828500009876
            ],
            [
              -84.45276000012089,
              37.909054999917856
            ],
            [
              -84.47178699965984,
              37.920190999647595
            ],
            [
              -84.47962900013773,
              37.940218999804145
            ],
            [
              -84.53471000038581,
              37.962794000241324
            ],
            [
              -84.53565500021693,
              37.96318099986053
            ]
          ]
        ]
      }
    },
    {
      "type": "Feature",
      "id": "us-county:21:115",
      "properties": {
        "boundary_id": "us-county:21:115",
        "boundary_type": "county",
        "name": "Johnson County",
        "stateFips": "21",
        "countyFips": "115",
        "bbox": [
          -83.00464900040959,
          37.70323499977565,
          -82.61239300023537,
          37.99898600022354
        ]
      },
      "geometry": {
        "type": "Polygon",
        "coordinates": [
          [
            [
              -82.79140000033931,
              37.744475999660416
            ],
            [
              -82.76710600042313,
              37.74180700015442
            ],
            [
              -82.76331299978155,
              37.75612000024854
            ],
            [
              -82.75222999992941,
              37.75622699983882
            ],
            [
              -82.7393090002936,
              37.74391900028712
            ],
            [
              -82.72346899970218,
              37.749223000321656
            ],
            [
              -82.68495600014167,
              37.73534400002797
            ],
            [
              -82.68724599983697,
              37.72958199978295
            ],
            [
              -82.63807100037381,
              37.72178700015846
            ],
            [
              -82.65747500037963,
              37.75816699975475
            ],
            [
              -82.65341499977434,
              37.7778369998775
            ],
            [
              -82.67444300020195,
              37.78698800019764
            ],
            [
              -82.64480699956549,
              37.82281699966033
            ],
            [
              -82.6530180001143,
              37.825085000032374
            ],
            [
              -82.64729600035074,
              37.83464499980033
            ],
            [
              -82.67086200017077,
              37.85201999976095
            ],
            [
              -82.61239300023537,
              37.87927200035047
            ],
            [
              -82.73346799980602,
              37.91505599969916
            ],
            [
              -82.83161500013942,
              37.96788400000549
            ],
            [
              -82.93911700014607,
              37.99898600022354
            ],
            [
              -82.97072399973732,
              37.99097799971602
            ],
            [
              -82.98901399985759,
              37.96396800032949
            ],
            [
              -82.98512200038013,
              37.94284299992026
            ],
            [
              -82.96837600031567,
              37.924024999971536
            ],
            [
              -82.97315200042321,
              37.914231000184316
            ],
            [
              -82.96150600033138,
              37.912764000011265
            ],
            [
              -82.9614229995924,
              37.89382700013321
            ],
            [
              -82.98656699980346,
              37.89840800002824
            ],
            [
              -82.98385000031087,
              37.87571599978804
            ],
            [
              -83.00464900040959,
              37.859246999708624
            ],
            [
              -82.98152000043257,
              37.835412000308224
            ],
            [
              -82.98771900022211,
              37.81409399973312
            ],
            [
              -82.95058199958962,
              37.79473399993411
            ],
            [
              -82.94825699973418,
              37.719870999967554
            ],
            [
              -82.92716899993046,
              37.719359000014144
            ],
            [
              -82.9008480000847,
              37.70323499977565
            ],
            [
              -82.86781999956295,
              37.73082200007781
            ],
            [
              -82.79155400032509,
              37.744427000284134
            ],
            [
              -82.79140000033931,
              37.744475999660416
            ]
          ]
        ]
      }
    },
    {
      "type": "Feature",
      "id": "us-county:21:117",
      "properties": {
        "boundary_id": "us-county:21:117",
        "boundary_type": "county",
        "name": "Kenton County",
        "stateFips": "21",
        "countyFips": "117",
        "bbox": [
          -84.62310100028964,
          38.79009299993303,
          -84.41850200026097,
          39.09968499971535
        ]
      },
      "geometry": {
        "type": "Polygon",
        "coordinates": [
          [
            [
              -84.62310100028964,
              39.07421399979033
            ],
            [
              -84.59793199996422,
              38.87943099990839
            ],
            [
              -84.61566399986766,
              38.80227699979413
            ],
            [
              -84.59771799970397,
              38.79116900022445
            ],
            [
              -84.54726399960052,
              38.79009299993303
            ],
            [
              -84.41850200026097,
              38.8058939998422
            ],
            [
              -84.4271480001047,
              38.827918999815914
            ],
            [
              -84.45077400019919,
              38.81952599998218
            ],
            [
              -84.46382200005662,
              38.85032600010115
            ],
            [
              -84.44943299963462,
              38.861286999710536
            ],
            [
              -84.4389120001973,
              38.90488000006743
            ],
            [
              -84.46346499968125,
              38.94790999967241
            ],
            [
              -84.44649699985892,
              38.95124300008965
            ],
            [
              -84.42707000028689,
              38.98045700003035
            ],
            [
              -84.44036800038958,
              38.98442099988287
            ],
            [
              -84.45413500012232,
              38.96576099999173
            ],
            [
              -84.46468300022214,
              38.96878800002789
            ],
            [
              -84.45061600001544,
              38.99641599976511
            ],
            [
              -84.48920499974396,
              39.02121900011838
            ],
            [
              -84.48522000038005,
              39.04101599986454
            ],
            [
              -84.4972129999032,
              39.05515400020039
            ],
            [
              -84.49318300033347,
              39.07135600031367
            ],
            [
              -84.50359800036391,
              39.092045000045566
            ],
            [
              -84.55007600042597,
              39.09968499971535
            ],
            [
              -84.57190599967123,
              39.082429999815595
            ],
            [
              -84.62165199977002,
              39.07385699974997
            ],
            [
              -84.62310100028964,
              39.07421399979033
            ]
          ]
        ]
      }
    },
    {
      "type": "Feature",
      "id": "us-county:21:119",
      "properties": {
        "boundary_id": "us-county:21:119",
        "boundary_type": "county",
        "name": "Knott County",
        "stateFips": "21",
        "countyFips": "119",
        "bbox": [
          -83.1347110003058,
          37.172395000005245,
          -82.71062900025721,
          37.52600599987752
        ]
      },
      "geometry": {
        "type": "Polygon",
        "coordinates": [
          [
            [
              -82.80004799983283,
              37.26267299973674
            ],
            [
              -82.74723600026199,
              37.26593600032652
            ],
            [
              -82.71062900025721,
              37.28370500003738
            ],
            [
              -82.72758299983583,
              37.2899599998127
            ],
            [
              -82.72677000024919,
              37.30477200012125
            ],
            [
              -82.75369500034253,
              37.30977300024873
            ],
            [
              -82.75222200043181,
              37.337022000169206
            ],
            [
              -82.7643160002373,
              37.35237899973097
            ],
            [
              -82.75225400021887,
              37.37094699970915
            ],
            [
              -82.75151199987903,
              37.39968100009778
            ],
            [
              -82.76278999972482,
              37.42531599971572
            ],
            [
              -82.78723000012916,
              37.428739999760644
            ],
            [
              -82.8105220003128,
              37.41153099978345
            ],
            [
              -82.83059699961504,
              37.41207299995512
            ],
            [
              -82.83720899985646,
              37.42338299972024
            ],
            [
              -82.82539200006043,
              37.43866799990224
            ],
            [
              -82.83147299984918,
              37.466989999810295
            ],
            [
              -82.92784599997296,
              37.480933999865485
            ],
            [
              -82.92665300044473,
              37.48882699994751
            ],
            [
              -82.94117599986271,
              37.48970099987043
            ],
            [
              -82.94854399978935,
              37.503167000196264
            ],
            [
              -82.97334400004384,
              37.49781199976973
            ],
            [
              -82.9852339996348,
              37.50655399988746
            ],
            [
              -83.0312620003334,
              37.50634099994065
            ],
            [
              -83.04724099994367,
              37.52600599987752
            ],
            [
              -83.09461199995832,
              37.51839899973741
            ],
            [
              -83.09278800041832,
              37.49859999991461
            ],
            [
              -83.1347110003058,
              37.45718100034852
            ],
            [
              -83.1098590001728,
              37.336201000023365
            ],
            [
              -83.11728700037389,
              37.32821399968651
            ],
            [
              -83.11042599971213,
              37.29879300009151
            ],
            [
              -83.12210600013914,
              37.29087299971728
            ],
            [
              -83.1271009996315,
              37.26995700012007
            ],
            [
              -83.12040200024975,
              37.24692699995766
            ],
            [
              -83.12672200041311,
              37.235850999897956
            ],
            [
              -83.07035800022511,
              37.2485210000664
            ],
            [
              -83.05410699972997,
              37.215572999678656
            ],
            [
              -83.00615699958209,
              37.205783999973896
            ],
            [
              -82.97937899980185,
              37.172395000005245
            ],
            [
              -82.95721399992252,
              37.19100099977691
            ],
            [
              -82.89202200031593,
              37.21342499997325
            ],
            [
              -82.86588300004506,
              37.24935399968385
            ],
            [
              -82.81986199991746,
              37.268705999934014
            ],
            [
              -82.80027600033677,
              37.26239100023105
            ],
            [
              -82.80004799983283,
              37.26267299973674
            ]
          ]
        ]
      }
    },
    {
      "type": "Feature",
      "id": "us-county:21:121",
      "properties": {
        "boundary_id": "us-county:21:121",
        "boundary_type": "county",
        "name": "Knox County",
        "stateFips": "21",
        "countyFips": "121",
        "bbox": [
          -84.09470599973007,
          36.68725899974342,
          -83.5661880000452,
          37.055124999666724
        ]
      },
      "geometry": {
        "type": "Polygon",
        "coordinates": [
          [
            [
              -83.71992500043969,
              36.99524600019365
            ],
            [
              -83.7344229997433,
              37.00414100023894
            ],
            [
              -83.73241400025539,
              37.01631900024095
            ],
            [
              -83.74392599955459,
              37.02677099985659
            ],
            [
              -83.7748960001846,
              37.01523699991782
            ],
            [
              -83.77447400041021,
              37.037352000213694
            ],
            [
              -83.82291400010453,
              37.02601300001785
            ],
            [
              -83.83172900000265,
              37.03122800030627
            ],
            [
              -83.82592400039842,
              37.040109999891655
            ],
            [
              -83.85648400005127,
              37.04247499982062
            ],
            [
              -83.85845300025453,
              37.054513999716534
            ],
            [
              -83.87021999982188,
              37.055124999666724
            ],
            [
              -83.9059160003307,
              37.03214299965488
            ],
            [
              -83.92233599998193,
              37.03641299976736
            ],
            [
              -83.93178299971672,
              36.99617699965419
            ],
            [
              -83.9592169996231,
              36.97718000009084
            ],
            [
              -84.03255600020441,
              36.9886699999575
            ],
            [
              -84.09470599973007,
              36.953366000035075
            ],
            [
              -84.08020000003053,
              36.928017999737584
            ],
            [
              -84.0849700002903,
              36.902188999962476
            ],
            [
              -84.05975400010921,
              36.86860500035654
            ],
            [
              -84.06575500043036,
              36.85396100004868
            ],
            [
              -84.03927999970051,
              36.84854799987985
            ],
            [
              -84.04351199983492,
              36.83875699967226
            ],
            [
              -84.02743299976723,
              36.81855399966745
            ],
            [
              -84.00786800010295,
              36.816796000193534
            ],
            [
              -83.99942200027576,
              36.80069100012342
            ],
            [
              -83.97823800021257,
              36.79721799972186
            ],
            [
              -83.98677100007838,
              36.759032000304515
            ],
            [
              -83.9685460002554,
              36.76092299982662
            ],
            [
              -83.95853399973278,
              36.72724500023128
            ],
            [
              -83.87750300025803,
              36.68725899974342
            ],
            [
              -83.86862499971241,
              36.713208000102156
            ],
            [
              -83.84615900043252,
              36.70811999969534
            ],
            [
              -83.8301709997031,
              36.72329499976399
            ],
            [
              -83.8290359999012,
              36.74334000034649
            ],
            [
              -83.80922000016673,
              36.747991999648264
            ],
            [
              -83.7864510000398,
              36.80051900025929
            ],
            [
              -83.75226500014993,
              36.80531800035417
            ],
            [
              -83.74375999987323,
              36.7964530000144
            ],
            [
              -83.70902099978939,
              36.83487900010808
            ],
            [
              -83.68794300003141,
              36.835459999676594
            ],
            [
              -83.68258699996572,
              36.85487500035529
            ],
            [
              -83.64240700032572,
              36.86624599983039
            ],
            [
              -83.6348100000702,
              36.886674000215706
            ],
            [
              -83.61967300035892,
              36.88439700009554
            ],
            [
              -83.6126119996806,
              36.89755500026009
            ],
            [
              -83.57429699958847,
              36.91320399977325
            ],
            [
              -83.5661880000452,
              36.931659000121634
            ],
            [
              -83.58398799972072,
              36.94135499975077
            ],
            [
              -83.58990299982815,
              36.95721000007152
            ],
            [
              -83.64142399996146,
              36.959606000069265
            ],
            [
              -83.66073000005797,
              36.97650899994485
            ],
            [
              -83.7197859996242,
              36.995090999679896
            ],
            [
              -83.71992500043969,
              36.99524600019365
            ]
          ]
        ]
      }
    },
    {
      "type": "Feature",
      "id": "us-county:21:123",
      "properties": {
        "boundary_id": "us-county:21:123",
        "boundary_type": "county",
        "name": "Larue County",
        "stateFips": "21",
        "countyFips": "123",
        "bbox": [
          -85.89464299973032,
          37.42199599967392,
          -85.46595199997878,
          37.732283999657824
        ]
      },
      "geometry": {
        "type": "Polygon",
        "coordinates": [
          [
            [
              -85.63452099958774,
              37.471065999849294
            ],
            [
              -85.60959099963694,
              37.45992700002042
            ],
            [
              -85.58429900018619,
              37.4710399997106
            ],
            [
              -85.52912699970152,
              37.45401900010611
            ],
            [
              -85.49884200040827,
              37.4829510002918
            ],
            [
              -85.48883699955836,
              37.467285000053224
            ],
            [
              -85.46595199997878,
              37.46624699970552
            ],
            [
              -85.4980559996875,
              37.54353400018329
            ],
            [
              -85.52674300029489,
              37.56261699969367
            ],
            [
              -85.54863799983747,
              37.558033000083874
            ],
            [
              -85.54712300009395,
              37.53030999993724
            ],
            [
              -85.56424300025222,
              37.523048000040546
            ],
            [
              -85.5958099996605,
              37.53280299985486
            ],
            [
              -85.60321199992234,
              37.54788199987091
            ],
            [
              -85.62419500014408,
              37.540631000040065
            ],
            [
              -85.60415299955548,
              37.568338999907475
            ],
            [
              -85.60667699960254,
              37.59079599995055
            ],
            [
              -85.59131999978322,
              37.59446199983967
            ],
            [
              -85.58723300031208,
              37.60486399989733
            ],
            [
              -85.61142599994591,
              37.60734600004975
            ],
            [
              -85.6148680000599,
              37.61518099965676
            ],
            [
              -85.56804100001837,
              37.623174999860915
            ],
            [
              -85.58316100001124,
              37.64412299969019
            ],
            [
              -85.60110799999985,
              37.63989400019074
            ],
            [
              -85.59249700031626,
              37.69390500004211
            ],
            [
              -85.60649000000478,
              37.7008850003197
            ],
            [
              -85.6338550003142,
              37.69388900004388
            ],
            [
              -85.64552200032242,
              37.71637999975234
            ],
            [
              -85.68048800018695,
              37.732283999657824
            ],
            [
              -85.73870600005219,
              37.65112299972932
            ],
            [
              -85.80185099963771,
              37.62338000028591
            ],
            [
              -85.79730399985903,
              37.608075000123144
            ],
            [
              -85.82088499974766,
              37.57407100026086
            ],
            [
              -85.87564399978046,
              37.54426099984371
            ],
            [
              -85.89464299973032,
              37.47174900003338
            ],
            [
              -85.8928040001217,
              37.44030799965914
            ],
            [
              -85.65733200044578,
              37.42199599967392
            ],
            [
              -85.66539099976033,
              37.43675599996844
            ],
            [
              -85.6382270001907,
              37.45407499997778
            ],
            [
              -85.63447899975495,
              37.47084400023886
            ],
            [
              -85.63452099958774,
              37.471065999849294
            ]
          ]
        ]
      }
    },
    {
      "type": "Feature",
      "id": "us-county:21:125",
      "properties": {
        "boundary_id": "us-county:21:125",
        "boundary_type": "county",
        "name": "Laurel County",
        "stateFips": "21",
        "countyFips": "125",
        "bbox": [
          -84.36888599985855,
          36.9391160003238,
          -83.8624769999765,
          37.33589199977298
        ]
      },
      "geometry": {
        "type": "Polygon",
        "coordinates": [
          [
            [
              -84.12093799988739,
              36.96874299992005
            ],
            [
              -84.11171799993332,
              36.95938299993845
            ],
            [
              -84.10290600040825,
              36.96374000006507
            ],
            [
              -84.1012900003824,
              36.954139000251395
            ],
            [
              -84.06766500018409,
              36.974883000151
            ],
            [
              -84.04174799967107,
              36.97675700005703
            ],
            [
              -84.03255600020441,
              36.9886699999575
            ],
            [
              -83.9592169996231,
              36.97718000009084
            ],
            [
              -83.93178299971672,
              36.99617699965419
            ],
            [
              -83.92233599998193,
              37.03641299976736
            ],
            [
              -83.9059160003307,
              37.03214299965488
            ],
            [
              -83.87623200001369,
              37.04783100004193
            ],
            [
              -83.87137100041562,
              37.057920999905015
            ],
            [
              -83.8847389999402,
              37.061881999680345
            ],
            [
              -83.88788200030346,
              37.0748260003186
            ],
            [
              -83.8624769999765,
              37.09167299991579
            ],
            [
              -83.88601100000947,
              37.11890100034629
            ],
            [
              -83.92540499982702,
              37.1117680001917
            ],
            [
              -83.9427850002763,
              37.14529500026362
            ],
            [
              -83.9689050002806,
              37.16742499999185
            ],
            [
              -83.94075999999653,
              37.20327599997879
            ],
            [
              -83.94371800041185,
              37.25055100000309
            ],
            [
              -84.00560599999672,
              37.253342999880395
            ],
            [
              -84.05647699985167,
              37.26976200012648
            ],
            [
              -84.04845500034703,
              37.28180200010289
            ],
            [
              -84.07830600017034,
              37.282120999875225
            ],
            [
              -84.08071899988931,
              37.291513999788876
            ],
            [
              -84.10104699980984,
              37.2989629997752
            ],
            [
              -84.10847199963791,
              37.310170000158884
            ],
            [
              -84.09432599978848,
              37.3140160000929
            ],
            [
              -84.10710099983444,
              37.315864999770334
            ],
            [
              -84.1207560003125,
              37.33589199977298
            ],
            [
              -84.13525500033936,
              37.3254369999177
            ],
            [
              -84.13759199989033,
              37.30959600008826
            ],
            [
              -84.15248099990453,
              37.31045099972097
            ],
            [
              -84.14771599966764,
              37.30269699976702
            ],
            [
              -84.16245099969603,
              37.297919999900174
            ],
            [
              -84.17156500024319,
              37.3070660000127
            ],
            [
              -84.1904830000022,
              37.285544999764504
            ],
            [
              -84.21728199969886,
              37.28310499992404
            ],
            [
              -84.2178270003952,
              37.242432000120345
            ],
            [
              -84.23351899995029,
              37.24811599991789
            ],
            [
              -84.23717500032451,
              37.22924800029963
            ],
            [
              -84.25194299996488,
              37.240354000009546
            ],
            [
              -84.26671900000116,
              37.22355100033872
            ],
            [
              -84.26285299956463,
              37.217600000334166
            ],
            [
              -84.27205499997535,
              37.21233300016393
            ],
            [
              -84.2592799999294,
              37.20508799983696
            ],
            [
              -84.28098899969913,
              37.1974709998706
            ],
            [
              -84.26562900040508,
              37.181707999733625
            ],
            [
              -84.30016599992423,
              37.169641999744954
            ],
            [
              -84.28796599981355,
              37.15810599997454
            ],
            [
              -84.29686899957521,
              37.12164300026977
            ],
            [
              -84.27903200008976,
              37.1196619997361
            ],
            [
              -84.29295899965607,
              37.113559999910734
            ],
            [
              -84.28005399991376,
              37.10084700027037
            ],
            [
              -84.285209000138,
              37.0888980001981
            ],
            [
              -84.30067300008746,
              37.08803499974928
            ],
            [
              -84.32459700010776,
              37.067872000321195
            ],
            [
              -84.317306000174,
              37.040810999840566
            ],
            [
              -84.30294600006432,
              37.0406749999433
            ],
            [
              -84.31103899971407,
              37.024066999934014
            ],
            [
              -84.33175300032231,
              37.02499700024638
            ],
            [
              -84.31504900009064,
              37.00145499980453
            ],
            [
              -84.34996100042683,
              36.989140000087794
            ],
            [
              -84.34576699992726,
              36.96903499996728
            ],
            [
              -84.36888599985855,
              36.94770900019581
            ],
            [
              -84.35557699988519,
              36.93947599992652
            ],
            [
              -84.30964899964403,
              36.9423199996764
            ],
            [
              -84.2567249999202,
              36.97299500022318
            ],
            [
              -84.25830099976308,
              36.95429800010683
            ],
            [
              -84.2376310004341,
              36.95112999972001
            ],
            [
              -84.23520399957312,
              36.941023000299545
            ],
            [
              -84.22206200000436,
              36.96033000018931
            ],
            [
              -84.21050200012624,
              36.9472880002203
            ],
            [
              -84.18962699985954,
              36.94760199995018
            ],
            [
              -84.18225599955984,
              36.9391160003238
            ],
            [
              -84.16267500000203,
              36.94217800008301
            ],
            [
              -84.15099299992518,
              36.96734299986522
            ],
            [
              -84.14267799961927,
              36.966023999840296
            ],
            [
              -84.14530799997154,
              36.95631799986577
            ],
            [
              -84.13453599956573,
              36.96872699975729
            ],
            [
              -84.12108600002539,
              36.96860599971829
            ],
            [
              -84.12093799988739,
              36.96874299992005
            ]
          ]
        ]
      }
    },
    {
      "type": "Feature",
      "id": "us-county:21:127",
      "properties": {
        "boundary_id": "us-county:21:127",
        "boundary_type": "county",
        "name": "Lawrence County",
        "stateFips": "21",
        "countyFips": "127",
        "bbox": [
          -83.02412600021034,
          37.87927200035047,
          -82.4649509998899,
          38.26406799995899
        ]
      },
      "geometry": {
        "type": "Polygon",
        "coordinates": [
          [
            [
              -82.77889499973176,
              37.93919800019571
            ],
            [
              -82.6769329999138,
              37.89232800013474
            ],
            [
              -82.61239300023537,
              37.87927200035047
            ],
            [
              -82.5956120000108,
              37.89068200023294
            ],
            [
              -82.60250999958417,
              37.91941900025894
            ],
            [
              -82.58104100001394,
              37.930689999980416
            ],
            [
              -82.58086399956362,
              37.95407399999005
            ],
            [
              -82.53487099992346,
              37.962785999949475
            ],
            [
              -82.48827700040874,
              37.94518999969269
            ],
            [
              -82.4715549997354,
              37.95905499976043
            ],
            [
              -82.4844310000637,
              37.970921000162264
            ],
            [
              -82.46885099976329,
              37.973229999867236
            ],
            [
              -82.4649509998899,
              37.98431900028588
            ],
            [
              -82.48359400018761,
              37.98384400035372
            ],
            [
              -82.48865499980221,
              37.998911999999386
            ],
            [
              -82.51919299971375,
              38.00113100021149
            ],
            [
              -82.55036099981216,
              38.07010600015282
            ],
            [
              -82.58335699964853,
              38.09003200016795
            ],
            [
              -82.58700600035009,
              38.108663999884484
            ],
            [
              -82.61922800005955,
              38.12053999984253
            ],
            [
              -82.6218349999473,
              38.13329100024905
            ],
            [
              -82.63698900027534,
              38.138718000260624
            ],
            [
              -82.64295200006333,
              38.1694459997628
            ],
            [
              -82.61252600030477,
              38.17061199970556
            ],
            [
              -82.59900800009406,
              38.19778599966587
            ],
            [
              -82.59848500003733,
              38.21791300032005
            ],
            [
              -82.61238900003742,
              38.23432899970148
            ],
            [
              -82.60193999967179,
              38.24987500010783
            ],
            [
              -82.60995600022697,
              38.26406799995899
            ],
            [
              -82.69947100006203,
              38.261913000000455
            ],
            [
              -82.73892099995608,
              38.23696099990363
            ],
            [
              -82.79326200041245,
              38.24459399978712
            ],
            [
              -82.82161299966253,
              38.23236000012848
            ],
            [
              -82.81403899987156,
              38.217317999735954
            ],
            [
              -82.85173700019563,
              38.19093400022729
            ],
            [
              -82.88376399991144,
              38.196027000160846
            ],
            [
              -82.92423200032985,
              38.17557599967484
            ],
            [
              -82.91504699963757,
              38.17270700007077
            ],
            [
              -82.90674999977333,
              38.133024999787146
            ],
            [
              -82.88905899987775,
              38.1115870003262
            ],
            [
              -82.92917900014162,
              38.089692999767884
            ],
            [
              -82.9560079999755,
              38.04960100011439
            ],
            [
              -82.98122800035452,
              38.04999900026202
            ],
            [
              -82.99764100033305,
              38.03836299980714
            ],
            [
              -83.01482599989035,
              38.01600100010948
            ],
            [
              -83.00978100016928,
              38.01168600003048
            ],
            [
              -83.02412600021034,
              38.00389500034919
            ],
            [
              -83.02206999996844,
              37.98199899999612
            ],
            [
              -82.99315800012846,
              37.96141700021054
            ],
            [
              -82.97072399973732,
              37.99097799971602
            ],
            [
              -82.94839099962849,
              38.00048700024572
            ],
            [
              -82.83161500013942,
              37.96788400000549
            ],
            [
              -82.77923899968835,
              37.939383000245044
            ],
            [
              -82.77889499973176,
              37.93919800019571
            ]
          ]
        ]
      }
    },
    {
      "type": "Feature",
      "id": "us-county:21:129",
      "properties": {
        "boundary_id": "us-county:21:129",
        "boundary_type": "county",
        "name": "Lee County",
        "stateFips": "21",
        "countyFips": "129",
        "bbox": [
          -83.90556999982599,
          37.486837999690756,
          -83.52230799965001,
          37.72013499969333
        ]
      },
      "geometry": {
        "type": "Polygon",
        "coordinates": [
          [
            [
              -83.70258699982321,
              37.50809200013784
            ],
            [
              -83.68043899966231,
              37.511984000235316
            ],
            [
              -83.64272399961982,
              37.541418999708405
            ],
            [
              -83.61846599968865,
              37.52100699964869
            ],
            [
              -83.62259900008887,
              37.510901000221224
            ],
            [
              -83.60762399986095,
              37.51483600028606
            ],
            [
              -83.58100300043954,
              37.50364199995352
            ],
            [
              -83.52230799965001,
              37.638516000094526
            ],
            [
              -83.61664899982135,
              37.666925000135706
            ],
            [
              -83.71221000018339,
              37.72013499969333
            ],
            [
              -83.74495800032265,
              37.71642000004119
            ],
            [
              -83.82231300023001,
              37.665443999695725
            ],
            [
              -83.80812299999965,
              37.63603499984397
            ],
            [
              -83.83245999957352,
              37.63625899987877
            ],
            [
              -83.86500000019863,
              37.61690500010799
            ],
            [
              -83.8580980004273,
              37.60920499991488
            ],
            [
              -83.90556999982599,
              37.54285599991314
            ],
            [
              -83.88427100013506,
              37.51693899982521
            ],
            [
              -83.86630499987987,
              37.51364999970844
            ],
            [
              -83.86481799972545,
              37.5021850002894
            ],
            [
              -83.82979400013457,
              37.486837999690756
            ],
            [
              -83.74298400009653,
              37.494253000323496
            ],
            [
              -83.74504899966095,
              37.50812699968443
            ],
            [
              -83.7324589995629,
              37.521088999740805
            ],
            [
              -83.70297000013785,
              37.50826300000645
            ],
            [
              -83.70258699982321,
              37.50809200013784
            ]
          ]
        ]
      }
    },
    {
      "type": "Feature",
      "id": "us-county:21:131",
      "properties": {
        "boundary_id": "us-county:21:131",
        "boundary_type": "county",
        "name": "Leslie County",
        "stateFips": "21",
        "countyFips": "131",
        "bbox": [
          -83.55307700043856,
          36.88315400002462,
          -83.16435899973952,
          37.32064900013478
        ]
      },
      "geometry": {
        "type": "Polygon",
        "coordinates": [
          [
            [
              -83.55307700043856,
              37.079312999656004
            ],
            [
              -83.53843399957337,
              37.06763800029362
            ],
            [
              -83.54738499991392,
              37.04296799986546
            ],
            [
              -83.53677700043795,
              37.042092999933324
            ],
            [
              -83.54072099979396,
              37.03589900027469
            ],
            [
              -83.51153299976947,
              37.00836399986375
            ],
            [
              -83.52303699957108,
              36.99848700028232
            ],
            [
              -83.51128099987439,
              36.925747999778885
            ],
            [
              -83.48906699959127,
              36.91204099985949
            ],
            [
              -83.50436999988223,
              36.89852100001987
            ],
            [
              -83.47689099977002,
              36.8965939998385
            ],
            [
              -83.45752600012226,
              36.88315400002462
            ],
            [
              -83.45181500022935,
              36.892193000074926
            ],
            [
              -83.40861400042482,
              36.890217999973494
            ],
            [
              -83.39608899972579,
              36.899113999790046
            ],
            [
              -83.39965600041158,
              36.92095499965776
            ],
            [
              -83.29167099963286,
              36.95218999966657
            ],
            [
              -83.26001999966067,
              36.96895100029459
            ],
            [
              -83.22588399999951,
              37.005713000039805
            ],
            [
              -83.20330200036865,
              37.0037370002931
            ],
            [
              -83.19792200001355,
              37.01219800032662
            ],
            [
              -83.18578200017731,
              37.00607999979002
            ],
            [
              -83.1868860000171,
              37.03434999993135
            ],
            [
              -83.17458399979914,
              37.05229900031307
            ],
            [
              -83.18083799984026,
              37.05643099977519
            ],
            [
              -83.16435899973952,
              37.07374300022893
            ],
            [
              -83.17666900035336,
              37.08101700007127
            ],
            [
              -83.16723299959094,
              37.102372000169574
            ],
            [
              -83.19518899972911,
              37.10933100027123
            ],
            [
              -83.2056210003763,
              37.12907800034408
            ],
            [
              -83.22734000019179,
              37.136847999761386
            ],
            [
              -83.21805199956736,
              37.14514699979166
            ],
            [
              -83.22631499999474,
              37.15560699969702
            ],
            [
              -83.20180299962036,
              37.16682999984435
            ],
            [
              -83.2028620001526,
              37.175678999817364
            ],
            [
              -83.23264799967858,
              37.184548000205176
            ],
            [
              -83.25266500015282,
              37.20361000005857
            ],
            [
              -83.27681099993097,
              37.20329700001666
            ],
            [
              -83.31086100027673,
              37.229855999759145
            ],
            [
              -83.32455799968928,
              37.22537400022868
            ],
            [
              -83.33734299978097,
              37.236752999890285
            ],
            [
              -83.33287700019315,
              37.24441200030318
            ],
            [
              -83.34439400041354,
              37.260206000014975
            ],
            [
              -83.33588900013683,
              37.272604999940086
            ],
            [
              -83.35367200009391,
              37.28440099995095
            ],
            [
              -83.35246399959875,
              37.29723299980826
            ],
            [
              -83.37333800004056,
              37.295566000281845
            ],
            [
              -83.37450299997971,
              37.30540600007353
            ],
            [
              -83.39578199957916,
              37.30967000027866
            ],
            [
              -83.39841399958122,
              37.32064900013478
            ],
            [
              -83.42913700033903,
              37.3033140000999
            ],
            [
              -83.43193300037264,
              37.29026500018735
            ],
            [
              -83.47591900017471,
              37.28896199998579
            ],
            [
              -83.48633599985497,
              37.2749220002277
            ],
            [
              -83.47632000003271,
              37.26590300009667
            ],
            [
              -83.48332300008639,
              37.25178800017306
            ],
            [
              -83.52892200043958,
              37.23125899978021
            ],
            [
              -83.50511300004699,
              37.20421300024053
            ],
            [
              -83.55130300022898,
              37.1675099999373
            ],
            [
              -83.55123700010674,
              37.119056000286115
            ],
            [
              -83.53528400043575,
              37.10309599971069
            ],
            [
              -83.55304700030135,
              37.07935400004417
            ],
            [
              -83.55307700043856,
              37.079312999656004
            ]
          ]
        ]
      }
    },
    {
      "type": "Feature",
      "id": "us-county:21:133",
      "properties": {
        "boundary_id": "us-county:21:133",
        "boundary_type": "county",
        "name": "Letcher County",
        "stateFips": "21",
        "countyFips": "133",
        "bbox": [
          -83.15398200024222,
          36.9576169999992,
          -82.56537899969778,
          37.27150199992368
        ]
      },
      "geometry": {
        "type": "Polygon",
        "coordinates": [
          [
            [
              -82.72668800023341,
              37.11479399985816
            ],
            [
              -82.63338099958169,
              37.154418000024435
            ],
            [
              -82.56537899969778,
              37.196098999675094
            ],
            [
              -82.62892099984163,
              37.247803999733385
            ],
            [
              -82.68198600003078,
              37.22802799976277
            ],
            [
              -82.69454500016667,
              37.23418100031606
            ],
            [
              -82.69119500011418,
              37.24120899977954
            ],
            [
              -82.70520100022154,
              37.242770000340265
            ],
            [
              -82.70200099995688,
              37.25825499985349
            ],
            [
              -82.72406999957673,
              37.2566939997482
            ],
            [
              -82.73269299985421,
              37.27150199992368
            ],
            [
              -82.787852999745,
              37.261167999959234
            ],
            [
              -82.82187899980131,
              37.26819699994232
            ],
            [
              -82.86838299980265,
              37.24768700013563
            ],
            [
              -82.89202200031593,
              37.21342499997325
            ],
            [
              -82.95721399992252,
              37.19100099977691
            ],
            [
              -82.97918299998327,
              37.17241999991285
            ],
            [
              -82.99826800014687,
              37.19629300029109
            ],
            [
              -83.02845500042915,
              37.169597000255244
            ],
            [
              -83.04889200012963,
              37.16942099990979
            ],
            [
              -83.03561099974536,
              37.1572400001703
            ],
            [
              -83.06137900029547,
              37.1175899997112
            ],
            [
              -83.0468779997205,
              37.102616000055654
            ],
            [
              -83.04274100002064,
              37.06221500009586
            ],
            [
              -83.05755100039212,
              37.06210600034249
            ],
            [
              -83.07348300014671,
              37.04727099969499
            ],
            [
              -83.05206499973178,
              37.035037999766395
            ],
            [
              -83.05439299996024,
              37.018328000094556
            ],
            [
              -83.10386899972231,
              36.99319500035611
            ],
            [
              -83.12209000024563,
              37.00099699996932
            ],
            [
              -83.14762500026892,
              36.98471500026848
            ],
            [
              -83.15398200024222,
              36.9576169999992
            ],
            [
              -83.03816099973169,
              36.98427099996028
            ],
            [
              -83.02258700017738,
              36.977402999761004
            ],
            [
              -83.00658400027768,
              36.99255400008297
            ],
            [
              -82.93946600012552,
              37.01551999968967
            ],
            [
              -82.86919200008965,
              36.97418600010253
            ],
            [
              -82.8372749999787,
              36.987280000256746
            ],
            [
              -82.82872000037159,
              37.00579800003404
            ],
            [
              -82.78286300027554,
              37.00782100025541
            ],
            [
              -82.75947900003038,
              37.02725500027015
            ],
            [
              -82.74786200025088,
              37.024424999896695
            ],
            [
              -82.74275899990519,
              37.04279599999093
            ],
            [
              -82.72420600001917,
              37.04284799987737
            ],
            [
              -82.72673699973892,
              37.07303900030554
            ],
            [
              -82.7166549997944,
              37.07740600022603
            ],
            [
              -82.72661100024052,
              37.114605999992065
            ],
            [
              -82.72668800023341,
              37.11479399985816
            ]
          ]
        ]
      }
    },
    {
      "type": "Feature",
      "id": "us-county:21:135",
      "properties": {
        "boundary_id": "us-county:21:135",
        "boundary_type": "county",
        "name": "Lewis County",
        "stateFips": "21",
        "countyFips": "135",
        "bbox": [
          -83.64497700040351,
          38.31825799987689,
          -83.02409299970007,
          38.725563000204936
        ]
      },
      "geometry": {
        "type": "Polygon",
        "coordinates": [
          [
            [
              -83.21100500003108,
              38.446357000260996
            ],
            [
              -83.2133299998865,
              38.45470400021256
            ],
            [
              -83.1999609996387,
              38.453958999744145
            ],
            [
              -83.18641099964094,
              38.469428000047195
            ],
            [
              -83.18850500041599,
              38.49607100027725
            ],
            [
              -83.16698300024399,
              38.503399999789984
            ],
            [
              -83.13881399967046,
              38.53547500017762
            ],
            [
              -83.11641899963736,
              38.53903899970892
            ],
            [
              -83.0993289996163,
              38.56924799984986
            ],
            [
              -83.07368599963799,
              38.59020099971349
            ],
            [
              -83.08101000008203,
              38.61202800018162
            ],
            [
              -83.0695260003719,
              38.62079899973772
            ],
            [
              -83.07380100016402,
              38.63281400015164
            ],
            [
              -83.05189999987535,
              38.640974999725486
            ],
            [
              -83.05079400038574,
              38.663694000222954
            ],
            [
              -83.02409299970007,
              38.68274399982748
            ],
            [
              -83.03809499960946,
              38.699377999933255
            ],
            [
              -83.03088200039181,
              38.725563000204936
            ],
            [
              -83.05401800004154,
              38.695068000225206
            ],
            [
              -83.11238400004476,
              38.67162300010311
            ],
            [
              -83.15097899962106,
              38.61997999986643
            ],
            [
              -83.20436400037565,
              38.616774999691735
            ],
            [
              -83.24566399974897,
              38.628564000093924
            ],
            [
              -83.2931810002518,
              38.59671399977152
            ],
            [
              -83.31519999964294,
              38.60647300001995
            ],
            [
              -83.32750799970869,
              38.637609999922056
            ],
            [
              -83.35783599955796,
              38.65487900006742
            ],
            [
              -83.4681329997733,
              38.67547599977894
            ],
            [
              -83.51281499988448,
              38.701790999763084
            ],
            [
              -83.61238700044802,
              38.684438000182325
            ],
            [
              -83.63548899976256,
              38.66936700004374
            ],
            [
              -83.64497700040351,
              38.63636300021785
            ],
            [
              -83.62459599988122,
              38.61142499974004
            ],
            [
              -83.64185199958364,
              38.525381000152606
            ],
            [
              -83.62637900031166,
              38.52001300026061
            ],
            [
              -83.63226000008389,
              38.507455999836495
            ],
            [
              -83.60325899965714,
              38.505465999951646
            ],
            [
              -83.58700800006034,
              38.48524599981989
            ],
            [
              -83.57484300010974,
              38.444666999728625
            ],
            [
              -83.58056599969822,
              38.43016899982502
            ],
            [
              -83.46659200009054,
              38.39890799989951
            ],
            [
              -83.45553699982752,
              38.381245999677084
            ],
            [
              -83.4120969996484,
              38.39650199964859
            ],
            [
              -83.36365699995403,
              38.34291900034899
            ],
            [
              -83.36394700038227,
              38.328118000194635
            ],
            [
              -83.33489900009987,
              38.31825799987689
            ],
            [
              -83.31258899955726,
              38.33365999992546
            ],
            [
              -83.27634399995074,
              38.323911000276986
            ],
            [
              -83.23068000019853,
              38.339285999705865
            ],
            [
              -83.23961499974725,
              38.355851000092116
            ],
            [
              -83.23139200040116,
              38.384160000265375
            ],
            [
              -83.2372100004242,
              38.42647199968209
            ],
            [
              -83.2076690002223,
              38.441016999697155
            ],
            [
              -83.21086699993882,
              38.446290000257655
            ],
            [
              -83.21100500003108,
              38.446357000260996
            ]
          ]
        ]
      }
    },
    {
      "type": "Feature",
      "id": "us-county:21:137",
      "properties": {
        "boundary_id": "us-county:21:137",
        "boundary_type": "county",
        "name": "Lincoln County",
        "stateFips": "21",
        "countyFips": "137",
        "bbox": [
          -84.8601300004402,
          37.23832799996137,
          -84.44671899961678,
          37.64036900011085
        ]
      },
      "geometry": {
        "type": "Polygon",
        "coordinates": [
          [
            [
              -84.5741200000969,
              37.34324700008516
            ],
            [
              -84.55646099998836,
              37.35572899972031
            ],
            [
              -84.50293200019205,
              37.3288010002198
            ],
            [
              -84.44671899961678,
              37.48589299976356
            ],
            [
              -84.452394000423,
              37.49277000021147
            ],
            [
              -84.47320299966917,
              37.49443999999443
            ],
            [
              -84.61847099977194,
              37.59305100016053
            ],
            [
              -84.6206850001976,
              37.60291599979841
            ],
            [
              -84.64855900032003,
              37.6098969997263
            ],
            [
              -84.65229599998682,
              37.61852199995595
            ],
            [
              -84.63602199992545,
              37.62176500015549
            ],
            [
              -84.65086300025906,
              37.64036900011085
            ],
            [
              -84.66010400012952,
              37.63308000013193
            ],
            [
              -84.65212199990953,
              37.62585600015132
            ],
            [
              -84.65838099997353,
              37.61775199997538
            ],
            [
              -84.69026399974929,
              37.62559500021599
            ],
            [
              -84.69637200020057,
              37.617282999811934
            ],
            [
              -84.6882850003986,
              37.61250499982898
            ],
            [
              -84.72374500000757,
              37.591296999960065
            ],
            [
              -84.74698600013758,
              37.58561200027971
            ],
            [
              -84.7441709998374,
              37.59735400012838
            ],
            [
              -84.75537099986538,
              37.59609599984019
            ],
            [
              -84.74731199965252,
              37.585532999760815
            ],
            [
              -84.84743400003696,
              37.54834299978556
            ],
            [
              -84.85708599981115,
              37.5285189999185
            ],
            [
              -84.8601300004402,
              37.467350000083165
            ],
            [
              -84.85081599987649,
              37.42714299995632
            ],
            [
              -84.79610399969935,
              37.39055599975565
            ],
            [
              -84.7228260001157,
              37.36004300029921
            ],
            [
              -84.70612199988406,
              37.299835000300845
            ],
            [
              -84.72416500013213,
              37.28667500026604
            ],
            [
              -84.72071200014749,
              37.23832799996137
            ],
            [
              -84.57422100037923,
              37.34317600035474
            ],
            [
              -84.5741200000969,
              37.34324700008516
            ]
          ]
        ]
      }
    },
    {
      "type": "Feature",
      "id": "us-county:21:139",
      "properties": {
        "boundary_id": "us-county:21:139",
        "boundary_type": "county",
        "name": "Livingston County",
        "stateFips": "21",
        "countyFips": "139",
        "bbox": [
          -88.56594499977476,
          36.981911000252474,
          -88.18728899982703,
          37.42531500025125
        ]
      },
      "geometry": {
        "type": "Polygon",
        "coordinates": [
          [
            [
              -88.51590300029827,
              37.28409099980686
            ],
            [
              -88.50394199966387,
              37.26478699973204
            ],
            [
              -88.51141000004796,
              37.26147699991525
            ],
            [
              -88.4480379997834,
              37.203642000108594
            ],
            [
              -88.42463099997205,
              37.15125900020284
            ],
            [
              -88.45994099979318,
              37.074627999752195
            ],
            [
              -88.51668599974768,
              37.065383999671944
            ],
            [
              -88.56589600026928,
              37.07769400016585
            ],
            [
              -88.56594499977476,
              37.067784999706056
            ],
            [
              -88.51803200033511,
              37.028396999786224
            ],
            [
              -88.49345300001357,
              37.02210600031245
            ],
            [
              -88.46205999978427,
              37.028149000250544
            ],
            [
              -88.42651899998447,
              37.05007900003247
            ],
            [
              -88.36754799990872,
              37.0639920002919
            ],
            [
              -88.33929200019487,
              37.06121600019887
            ],
            [
              -88.30775300037571,
              37.048531000222034
            ],
            [
              -88.2403709997346,
              36.981911000252474
            ],
            [
              -88.20922100007785,
              36.99997600028253
            ],
            [
              -88.22677399988117,
              37.027601999661314
            ],
            [
              -88.21629500027663,
              37.05622500009739
            ],
            [
              -88.232345000032,
              37.08613899973114
            ],
            [
              -88.21688899958015,
              37.09573199979363
            ],
            [
              -88.21264200027545,
              37.12794299967756
            ],
            [
              -88.18728899982703,
              37.154539999962346
            ],
            [
              -88.19576800016446,
              37.173221999660505
            ],
            [
              -88.22033800026516,
              37.1830130003436
            ],
            [
              -88.1961430000832,
              37.21963399986476
            ],
            [
              -88.21897999998217,
              37.27314499995997
            ],
            [
              -88.2965220003856,
              37.33720600021583
            ],
            [
              -88.29395700033065,
              37.349464999843605
            ],
            [
              -88.30917299968466,
              37.36782400010096
            ],
            [
              -88.29885599956351,
              37.37969800030266
            ],
            [
              -88.31302400005256,
              37.38113699966579
            ],
            [
              -88.30794499999632,
              37.38678400033634
            ],
            [
              -88.31785000038883,
              37.3979269997917
            ],
            [
              -88.35562200033274,
              37.39718600006013
            ],
            [
              -88.40922899994688,
              37.42531500025125
            ],
            [
              -88.45281300006603,
              37.41093999970019
            ],
            [
              -88.47597200018029,
              37.38869700002504
            ],
            [
              -88.48468300032133,
              37.3452339997434
            ],
            [
              -88.51588099965866,
              37.284157000032145
            ],
            [
              -88.51590300029827,
              37.28409099980686
            ]
          ]
        ]
      }
    },
    {
      "type": "Feature",
      "id": "us-county:21:141",
      "properties": {
        "boundary_id": "us-county:21:141",
        "boundary_type": "county",
        "name": "Logan County",
        "stateFips": "21",
        "countyFips": "141",
        "bbox": [
          -87.06084899990944,
          36.64296299980032,
          -86.61158599983989,
          37.07358800002299
        ]
      },
      "geometry": {
        "type": "Polygon",
        "coordinates": [
          [
            [
              -87.05568799983743,
              36.93757800032719
            ],
            [
              -87.05818799959505,
              36.80471799982388
            ],
            [
              -87.05016000024263,
              36.767515999919
            ],
            [
              -87.05953500000739,
              36.74795099997837
            ],
            [
              -87.06084899990944,
              36.64296299980032
            ],
            [
              -86.7632960003048,
              36.648953999734786
            ],
            [
              -86.75133999969327,
              36.72712000016692
            ],
            [
              -86.69071900015481,
              36.844299999684985
            ],
            [
              -86.65588800000948,
              36.87625599976856
            ],
            [
              -86.61158599983989,
              36.88305700018703
            ],
            [
              -86.6744619998119,
              36.999765999867485
            ],
            [
              -86.8453500003268,
              37.05651300018036
            ],
            [
              -86.97639899988691,
              37.07358800002299
            ],
            [
              -87.05316399979039,
              37.06101899994863
            ],
            [
              -87.05551100028543,
              36.95056700023487
            ],
            [
              -87.05568799983743,
              36.93757800032719
            ]
          ]
        ]
      }
    },
    {
      "type": "Feature",
      "id": "us-county:21:143",
      "properties": {
        "boundary_id": "us-county:21:143",
        "boundary_type": "county",
        "name": "Lyon County",
        "stateFips": "21",
        "countyFips": "143",
        "bbox": [
          -88.2403709997346,
          36.86718299967721,
          -87.87699600033652,
          37.179512999812935
        ]
      },
      "geometry": {
        "type": "Polygon",
        "coordinates": [
          [
            [
              -88.00496000015802,
              36.90949599974034
            ],
            [
              -87.87699600033652,
              36.960115999835445
            ],
            [
              -87.97518600032761,
              37.06750899988701
            ],
            [
              -88.04214200009805,
              37.17475600027781
            ],
            [
              -88.10183700007195,
              37.179512999812935
            ],
            [
              -88.10791399966278,
              37.16118099967544
            ],
            [
              -88.1237979997368,
              37.15352299964309
            ],
            [
              -88.12900499983955,
              37.16006499989874
            ],
            [
              -88.13291700030685,
              37.14517900026657
            ],
            [
              -88.14456400022355,
              37.15450099986863
            ],
            [
              -88.16364199981614,
              37.142939999844444
            ],
            [
              -88.16016899974001,
              37.13241600017117
            ],
            [
              -88.18215200004445,
              37.126132999774484
            ],
            [
              -88.18244699959725,
              37.133552999886085
            ],
            [
              -88.19748299992452,
              37.13186699979732
            ],
            [
              -88.19351899957871,
              37.14725599976252
            ],
            [
              -88.2129490004221,
              37.12730999972475
            ],
            [
              -88.21688899958015,
              37.09573199979363
            ],
            [
              -88.232345000032,
              37.08613899973114
            ],
            [
              -88.21629500027663,
              37.05622500009739
            ],
            [
              -88.22677399988117,
              37.027601999661314
            ],
            [
              -88.20922100007785,
              36.99997600028253
            ],
            [
              -88.2403709997346,
              36.981911000252474
            ],
            [
              -88.18938899955155,
              36.935548999932905
            ],
            [
              -88.18028300029863,
              36.90082700006532
            ],
            [
              -88.15734699976714,
              36.86718299967721
            ],
            [
              -88.01241500012331,
              36.90730699991772
            ],
            [
              -88.00496000015802,
              36.90949599974034
            ]
          ]
        ]
      }
    },
    {
      "type": "Feature",
      "id": "us-county:21:145",
      "properties": {
        "boundary_id": "us-county:21:145",
        "boundary_type": "county",
        "name": "McCracken County",
        "stateFips": "21",
        "countyFips": "145",
        "bbox": [
          -88.94224900010289,
          36.94209599977255,
          -88.48295699979231,
          37.228764000340405
        ]
      },
      "geometry": {
        "type": "Polygon",
        "coordinates": [
          [
            [
              -88.94224900010289,
              37.22872000025512
            ],
            [
              -88.93270500028375,
              37.22543999969911
            ],
            [
              -88.8128969998612,
              36.94686399985286
            ],
            [
              -88.48410300036319,
              36.94209599977255
            ],
            [
              -88.48295699979231,
              37.02256600021412
            ],
            [
              -88.51954600025373,
              37.029391999706405
            ],
            [
              -88.60297000025427,
              37.108503000227564
            ],
            [
              -88.69113900040021,
              37.140706999916056
            ],
            [
              -88.732499000048,
              37.14394500016213
            ],
            [
              -88.80331100020922,
              37.188030999786264
            ],
            [
              -88.94219800004927,
              37.228764000340405
            ],
            [
              -88.94224900010289,
              37.22872000025512
            ]
          ]
        ]
      }
    },
    {
      "type": "Feature",
      "id": "us-county:21:147",
      "properties": {
        "boundary_id": "us-county:21:147",
        "boundary_type": "county",
        "name": "McCreary County",
        "stateFips": "21",
        "countyFips": "147",
        "bbox": [
          -84.77845399981166,
          36.59268300028044,
          -84.22682700024123,
          36.962885000222144
        ]
      },
      "geometry": {
        "type": "Polygon",
        "coordinates": [
          [
            [
              -84.59567900007882,
              36.83819300028676
            ],
            [
              -84.57773399974002,
              36.824952000153935
            ],
            [
              -84.58828600003781,
              36.809730000269056
            ],
            [
              -84.58163600016155,
              36.8035270000667
            ],
            [
              -84.60280099995818,
              36.807395999967774
            ],
            [
              -84.5962769995803,
              36.79920399990744
            ],
            [
              -84.62423899956627,
              36.793633000183284
            ],
            [
              -84.63432800008178,
              36.7688999998263
            ],
            [
              -84.67738300029643,
              36.75990099974776
            ],
            [
              -84.67396399974866,
              36.739541999969966
            ],
            [
              -84.77845399981166,
              36.60328999977212
            ],
            [
              -84.22682700024123,
              36.59268300028044
            ],
            [
              -84.30759800032331,
              36.676809000193344
            ],
            [
              -84.31976900012168,
              36.7097560002927
            ],
            [
              -84.32265200019394,
              36.75866900028194
            ],
            [
              -84.35000599973436,
              36.78068099997259
            ],
            [
              -84.34534500015286,
              36.8060029996895
            ],
            [
              -84.35584999969667,
              36.812111000058785
            ],
            [
              -84.31803300044521,
              36.83376300035827
            ],
            [
              -84.34498199992971,
              36.83975899978706
            ],
            [
              -84.31498200014349,
              36.8573800000165
            ],
            [
              -84.32528599984583,
              36.867457999791135
            ],
            [
              -84.31475899966242,
              36.883140999705404
            ],
            [
              -84.32335900037369,
              36.89416900013125
            ],
            [
              -84.30420800008785,
              36.911316999821985
            ],
            [
              -84.31314600000961,
              36.929401999773
            ],
            [
              -84.29757099973207,
              36.9461349998118
            ],
            [
              -84.36136099957305,
              36.94041600032442
            ],
            [
              -84.36886400011723,
              36.94817499965381
            ],
            [
              -84.35771099994491,
              36.95858800017722
            ],
            [
              -84.36610400006863,
              36.962885000222144
            ],
            [
              -84.41681599991493,
              36.946920000334615
            ],
            [
              -84.59167299990021,
              36.86250699964338
            ],
            [
              -84.57255799959941,
              36.84576700027432
            ],
            [
              -84.59539500039669,
              36.838743999706466
            ],
            [
              -84.59567900007882,
              36.83819300028676
            ]
          ]
        ]
      }
    },
    {
      "type": "Feature",
      "id": "us-county:21:149",
      "properties": {
        "boundary_id": "us-county:21:149",
        "boundary_type": "county",
        "name": "McLean County",
        "stateFips": "21",
        "countyFips": "149",
        "bbox": [
          -87.49964699971984,
          37.38045200026657,
          -87.03886300013025,
          37.683562999720564
        ]
      },
      "geometry": {
        "type": "Polygon",
        "coordinates": [
          [
            [
              -87.18144200032957,
              37.4050650000297
            ],
            [
              -87.17106800030699,
              37.41358900015688
            ],
            [
              -87.10142399955967,
              37.41408700027729
            ],
            [
              -87.10484200028252,
              37.4615550002137
            ],
            [
              -87.1356289997161,
              37.48515299965568
            ],
            [
              -87.1242720002276,
              37.48694599985812
            ],
            [
              -87.11236099982192,
              37.472085000244945
            ],
            [
              -87.03886300013025,
              37.5618280000346
            ],
            [
              -87.06490199994373,
              37.57258800017976
            ],
            [
              -87.09553199991679,
              37.566930000054235
            ],
            [
              -87.13882099958485,
              37.575628000341275
            ],
            [
              -87.40854699982104,
              37.683562999720564
            ],
            [
              -87.41840899965754,
              37.67094299984776
            ],
            [
              -87.46772299993619,
              37.66693800019405
            ],
            [
              -87.49533099991984,
              37.64754699971112
            ],
            [
              -87.49964699971984,
              37.627444999915234
            ],
            [
              -87.48270200036207,
              37.6009139998364
            ],
            [
              -87.39439500012385,
              37.588404999894514
            ],
            [
              -87.36089799997205,
              37.55023600033703
            ],
            [
              -87.36669500007869,
              37.534113000036335
            ],
            [
              -87.34902900029748,
              37.5163480001359
            ],
            [
              -87.3618169998639,
              37.48697499965209
            ],
            [
              -87.35411199965336,
              37.48065400015461
            ],
            [
              -87.35264799996347,
              37.42702299998956
            ],
            [
              -87.32514100026215,
              37.40739099993191
            ],
            [
              -87.32854300019319,
              37.3984619997097
            ],
            [
              -87.3118299997407,
              37.40197500018739
            ],
            [
              -87.3008909998286,
              37.39006499979196
            ],
            [
              -87.2161189995908,
              37.38045200026657
            ],
            [
              -87.18826200008512,
              37.39944399988499
            ],
            [
              -87.18144200032957,
              37.4050650000297
            ]
          ]
        ]
      }
    },
    {
      "type": "Feature",
      "id": "us-county:21:151",
      "properties": {
        "boundary_id": "us-county:21:151",
        "boundary_type": "county",
        "name": "Madison County",
        "stateFips": "21",
        "countyFips": "151",
        "bbox": [
          -84.5256429996943,
          37.515568999922124,
          -84.07406099961713,
          37.91747800025379
        ]
      },
      "geometry": {
        "type": "Polygon",
        "coordinates": [
          [
            [
              -84.5256429996943,
              37.7694969997887
            ],
            [
              -84.4946009999926,
              37.747649000348524
            ],
            [
              -84.50322799956973,
              37.73418400003763
            ],
            [
              -84.48797600023069,
              37.72801400008606
            ],
            [
              -84.4840839998549,
              37.70913999969974
            ],
            [
              -84.45020099991373,
              37.69789800019219
            ],
            [
              -84.46501999960772,
              37.68417400021507
            ],
            [
              -84.45425399994801,
              37.674483999723066
            ],
            [
              -84.44265800008489,
              37.67791200032828
            ],
            [
              -84.44605499999305,
              37.66877900006876
            ],
            [
              -84.43689899961309,
              37.65995900005408
            ],
            [
              -84.44677200021854,
              37.65159599969617
            ],
            [
              -84.42802199979072,
              37.65583400018564
            ],
            [
              -84.43001799975816,
              37.6431150002577
            ],
            [
              -84.41794999989195,
              37.6412139998148
            ],
            [
              -84.42531199997083,
              37.63506300014013
            ],
            [
              -84.4119629998145,
              37.631781000165006
            ],
            [
              -84.4225660001659,
              37.61854799993994
            ],
            [
              -84.40114199990322,
              37.61754200027858
            ],
            [
              -84.39752999990989,
              37.600023000068234
            ],
            [
              -84.37234200021624,
              37.5924120000561
            ],
            [
              -84.3708829996509,
              37.57218300034392
            ],
            [
              -84.34780499972749,
              37.539063999954635
            ],
            [
              -84.32144700007181,
              37.53867600027532
            ],
            [
              -84.31362300003558,
              37.52817700000115
            ],
            [
              -84.3039290004286,
              37.53742400005516
            ],
            [
              -84.30172400022377,
              37.52326400021039
            ],
            [
              -84.26297700031151,
              37.515568999922124
            ],
            [
              -84.24824300010802,
              37.52486099988929
            ],
            [
              -84.199488999696,
              37.52285799988215
            ],
            [
              -84.17183600040485,
              37.55754899985677
            ],
            [
              -84.09036399999081,
              37.5662269996765
            ],
            [
              -84.12694800042935,
              37.642420999977595
            ],
            [
              -84.08895300000437,
              37.66751599988586
            ],
            [
              -84.10075300008197,
              37.67857000008051
            ],
            [
              -84.0916600003495,
              37.68987899975476
            ],
            [
              -84.09920599965311,
              37.71897600000865
            ],
            [
              -84.09166399964916,
              37.724449999748366
            ],
            [
              -84.09668900017705,
              37.73508699969325
            ],
            [
              -84.08027500037362,
              37.745978000204005
            ],
            [
              -84.08963699971956,
              37.75766000031235
            ],
            [
              -84.08186100026224,
              37.76827799995273
            ],
            [
              -84.10912399956607,
              37.78167100026975
            ],
            [
              -84.07406099961713,
              37.80479700008382
            ],
            [
              -84.09661100035926,
              37.8159200002109
            ],
            [
              -84.11564100027124,
              37.80445400030411
            ],
            [
              -84.12201499996297,
              37.81016699997425
            ],
            [
              -84.10371999981982,
              37.83956300004672
            ],
            [
              -84.08366100041111,
              37.842368000090616
            ],
            [
              -84.08848500019923,
              37.86069300035404
            ],
            [
              -84.11024099982463,
              37.84997700014578
            ],
            [
              -84.12969900025713,
              37.8677060003336
            ],
            [
              -84.16506599997967,
              37.8612849998879
            ],
            [
              -84.18522900004378,
              37.879314999716335
            ],
            [
              -84.21723400001828,
              37.869767999951286
            ],
            [
              -84.23768499996245,
              37.887329000311645
            ],
            [
              -84.26162099967834,
              37.876084999899604
            ],
            [
              -84.27118499958898,
              37.91747800025379
            ],
            [
              -84.33285299996413,
              37.895503999647794
            ],
            [
              -84.34262299973909,
              37.88136199971482
            ],
            [
              -84.37860899977784,
              37.90154299998023
            ],
            [
              -84.38385400041376,
              37.89474799975026
            ],
            [
              -84.36756100008581,
              37.855401999892166
            ],
            [
              -84.38952799959843,
              37.845511000200226
            ],
            [
              -84.41440999986867,
              37.87222099999017
            ],
            [
              -84.44550799964688,
              37.840762999764465
            ],
            [
              -84.47628300028322,
              37.853130999889984
            ],
            [
              -84.48491800025627,
              37.83867799965603
            ],
            [
              -84.46251300017742,
              37.80237300022684
            ],
            [
              -84.46877800008922,
              37.796212000164005
            ],
            [
              -84.4824410000649,
              37.80214100007701
            ],
            [
              -84.52520699967621,
              37.7696270000575
            ],
            [
              -84.5256429996943,
              37.7694969997887
            ]
          ]
        ]
      }
    },
    {
      "type": "Feature",
      "id": "us-county:21:153",
      "properties": {
        "boundary_id": "us-county:21:153",
        "boundary_type": "county",
        "name": "Magoffin County",
        "stateFips": "21",
        "countyFips": "153",
        "bbox": [
          -83.27063999973052,
          37.489629999848894,
          -82.87908200041355,
          37.89443799991256
        ]
      },
      "geometry": {
        "type": "Polygon",
        "coordinates": [
          [
            [
              -83.27063999973052,
              37.769168999700696
            ],
            [
              -83.24253399980451,
              37.74046399977776
            ],
            [
              -83.26196899977246,
              37.7236010001852
            ],
            [
              -83.26183900007612,
              37.70842199992523
            ],
            [
              -83.24277099963096,
              37.69772499979324
            ],
            [
              -83.25835299958119,
              37.67926000031613
            ],
            [
              -83.22202099993603,
              37.65024700005349
            ],
            [
              -83.17160600019066,
              37.64191500013683
            ],
            [
              -83.15017899955488,
              37.630778999964654
            ],
            [
              -83.13279599963089,
              37.606123999747034
            ],
            [
              -83.0838660003901,
              37.629814999957354
            ],
            [
              -83.0719769997257,
              37.609510999994114
            ],
            [
              -83.05784000009712,
              37.60574499964459
            ],
            [
              -83.05737399994179,
              37.59319399982131
            ],
            [
              -83.01213600016195,
              37.58369800035047
            ],
            [
              -83.01812099969123,
              37.549189000250166
            ],
            [
              -83.00107500005112,
              37.54610100008754
            ],
            [
              -83.00040800005435,
              37.5281810001967
            ],
            [
              -82.95063099999342,
              37.512806999933964
            ],
            [
              -82.95450599975246,
              37.50580799964542
            ],
            [
              -82.94106600025785,
              37.489629999848894
            ],
            [
              -82.90924299985824,
              37.491629999938525
            ],
            [
              -82.89257100031193,
              37.532266999965145
            ],
            [
              -82.87908200041355,
              37.53539499992272
            ],
            [
              -82.90214699991814,
              37.57693200017428
            ],
            [
              -82.90301300010654,
              37.640957000296446
            ],
            [
              -82.94587300032752,
              37.677938000148266
            ],
            [
              -82.94076300030916,
              37.71633799978115
            ],
            [
              -82.94825699973418,
              37.719870999967554
            ],
            [
              -82.95058199958962,
              37.79473399993411
            ],
            [
              -82.98771900022211,
              37.81409399973312
            ],
            [
              -82.98411399990151,
              37.84150899986773
            ],
            [
              -83.02417899991379,
              37.86547499982362
            ],
            [
              -83.03311600001062,
              37.88550399967639
            ],
            [
              -83.05679499980856,
              37.870149999912165
            ],
            [
              -83.08865900021607,
              37.8901300000138
            ],
            [
              -83.12925800015574,
              37.89443799991256
            ],
            [
              -83.11327699999735,
              37.86412100004767
            ],
            [
              -83.17388900021328,
              37.831928999707934
            ],
            [
              -83.18169599963275,
              37.81952900034076
            ],
            [
              -83.20784900014735,
              37.81910400023217
            ],
            [
              -83.22484000043418,
              37.79012799990679
            ],
            [
              -83.27055799971477,
              37.769175999910445
            ],
            [
              -83.27063999973052,
              37.769168999700696
            ]
          ]
        ]
      }
    },
    {
      "type": "Feature",
      "id": "us-county:21:155",
      "properties": {
        "boundary_id": "us-county:21:155",
        "boundary_type": "county",
        "name": "Marion County",
        "stateFips": "21",
        "countyFips": "155",
        "bbox": [
          -85.52129000014483,
          37.41203799965965,
          -85.03017199995988,
          37.73065800009126
        ]
      },
      "geometry": {
        "type": "Polygon",
        "coordinates": [
          [
            [
              -85.36630199959745,
              37.46787299996759
            ],
            [
              -85.3404460000821,
              37.4695120001379
            ],
            [
              -85.32010599956769,
              37.45022600014154
            ],
            [
              -85.27840799981111,
              37.43483800010006
            ],
            [
              -85.27170000020853,
              37.41680500020322
            ],
            [
              -85.24619500032246,
              37.420361000140446
            ],
            [
              -85.22578399966294,
              37.44327200005308
            ],
            [
              -85.18445099977933,
              37.450819999870525
            ],
            [
              -85.1716840001293,
              37.46510899972793
            ],
            [
              -85.14274899982482,
              37.44720099982428
            ],
            [
              -85.12879999961886,
              37.4532610002649
            ],
            [
              -85.08812700005936,
              37.41821600020885
            ],
            [
              -85.04480700042915,
              37.41203799965965
            ],
            [
              -85.03017199995988,
              37.63126999980688
            ],
            [
              -85.25729800026608,
              37.630903000212115
            ],
            [
              -85.31123899979103,
              37.65177600021384
            ],
            [
              -85.34069700015228,
              37.651423000126904
            ],
            [
              -85.37389800002805,
              37.67360599970311
            ],
            [
              -85.37415900014396,
              37.70159100026123
            ],
            [
              -85.40178399984605,
              37.73065800009126
            ],
            [
              -85.4504930000522,
              37.6859479999959
            ],
            [
              -85.52129000014483,
              37.554342999716184
            ],
            [
              -85.4980559996875,
              37.54353400018329
            ],
            [
              -85.46624999990462,
              37.46559500011456
            ],
            [
              -85.43920500016067,
              37.478732000200914
            ],
            [
              -85.3663190002142,
              37.46758300011009
            ],
            [
              -85.36630199959745,
              37.46787299996759
            ]
          ]
        ]
      }
    },
    {
      "type": "Feature",
      "id": "us-county:21:157",
      "properties": {
        "boundary_id": "us-county:21:157",
        "boundary_type": "county",
        "name": "Marshall County",
        "stateFips": "21",
        "countyFips": "157",
        "bbox": [
          -88.48569699974942,
          36.74714999980368,
          -88.1108310000702,
          37.06418300020331
        ]
      },
      "geometry": {
        "type": "Polygon",
        "coordinates": [
          [
            [
              -88.48525400005863,
              37.001109000171304
            ],
            [
              -88.48569699974942,
              36.75032800027395
            ],
            [
              -88.1108310000702,
              36.74714999980368
            ],
            [
              -88.18938899955155,
              36.935548999932905
            ],
            [
              -88.30775300037571,
              37.048531000222034
            ],
            [
              -88.365594999599,
              37.06418300020331
            ],
            [
              -88.42651899998447,
              37.05007900003247
            ],
            [
              -88.48295699979231,
              37.02256600021412
            ],
            [
              -88.48516100017221,
              37.0018120000543
            ],
            [
              -88.48525400005863,
              37.001109000171304
            ]
          ]
        ]
      }
    },
    {
      "type": "Feature",
      "id": "us-county:21:159",
      "properties": {
        "boundary_id": "us-county:21:159",
        "boundary_type": "county",
        "name": "Martin County",
        "stateFips": "21",
        "countyFips": "159",
        "bbox": [
          -82.67446300029343,
          37.66868600021238,
          -82.31028999958069,
          37.962785999949475
        ]
      },
      "geometry": {
        "type": "Polygon",
        "coordinates": [
          [
            [
              -82.37646999957441,
              37.80214599982177
            ],
            [
              -82.38672499977129,
              37.81822499990734
            ],
            [
              -82.40195699991713,
              37.810507000255036
            ],
            [
              -82.39934599983144,
              37.829523000106185
            ],
            [
              -82.42049300008472,
              37.84643299979447
            ],
            [
              -82.41470900039688,
              37.85596999979562
            ],
            [
              -82.4246230001119,
              37.86144900021629
            ],
            [
              -82.40751299999935,
              37.86729699987028
            ],
            [
              -82.41755999978375,
              37.870278999726374
            ],
            [
              -82.4204839998639,
              37.88544600035432
            ],
            [
              -82.46299099990746,
              37.91481999967379
            ],
            [
              -82.47440699984551,
              37.89995499983944
            ],
            [
              -82.47557400033278,
              37.911842999754896
            ],
            [
              -82.4883460000057,
              37.91772399966829
            ],
            [
              -82.48065699968869,
              37.926168999848045
            ],
            [
              -82.50243400012882,
              37.93345299998503
            ],
            [
              -82.48936199998194,
              37.93884600026729
            ],
            [
              -82.53487099992346,
              37.962785999949475
            ],
            [
              -82.5810529997095,
              37.95394999977006
            ],
            [
              -82.58104100001394,
              37.930689999980416
            ],
            [
              -82.60250999958417,
              37.91941900025894
            ],
            [
              -82.59575900032391,
              37.89043500012637
            ],
            [
              -82.67086200017077,
              37.85201999976095
            ],
            [
              -82.64567799977675,
              37.83014500003427
            ],
            [
              -82.67446300029343,
              37.78715299988173
            ],
            [
              -82.65341499977434,
              37.7778369998775
            ],
            [
              -82.65760300042614,
              37.758717000059036
            ],
            [
              -82.63573399992451,
              37.72606699978131
            ],
            [
              -82.64104399995944,
              37.719244999748234
            ],
            [
              -82.56356100000558,
              37.684844000097286
            ],
            [
              -82.52163499974503,
              37.694496999683416
            ],
            [
              -82.49384699983635,
              37.68955900024189
            ],
            [
              -82.49026300033044,
              37.67841099990467
            ],
            [
              -82.4655839995515,
              37.683170999908484
            ],
            [
              -82.45581600032465,
              37.66868600021238
            ],
            [
              -82.41858499998082,
              37.68084099988728
            ],
            [
              -82.39997000017051,
              37.67374999983877
            ],
            [
              -82.38628600027845,
              37.69715899981677
            ],
            [
              -82.41219200002251,
              37.70970400003471
            ],
            [
              -82.40848700014278,
              37.71769600005426
            ],
            [
              -82.37596300030951,
              37.73966499976414
            ],
            [
              -82.33313599970049,
              37.740847999691674
            ],
            [
              -82.31028999958069,
              37.762121000337594
            ],
            [
              -82.33254200039697,
              37.76389399989187
            ],
            [
              -82.32424899983236,
              37.77534499985699
            ],
            [
              -82.33746499991928,
              37.774913999755775
            ],
            [
              -82.34059599968866,
              37.78602800008532
            ],
            [
              -82.37616900017385,
              37.80202999983633
            ],
            [
              -82.37646999957441,
              37.80214599982177
            ]
          ]
        ]
      }
    },
    {
      "type": "Feature",
      "id": "us-county:21:161",
      "properties": {
        "boundary_id": "us-county:21:161",
        "boundary_type": "county",
        "name": "Mason County",
        "stateFips": "21",
        "countyFips": "161",
        "bbox": [
          -83.99039099956929,
          38.45634800034838,
          -83.62459599988122,
          38.76818200016395
        ]
      },
      "geometry": {
        "type": "Polygon",
        "coordinates": [
          [
            [
              -83.99039099956929,
              38.59622399968531
            ],
            [
              -83.9683000002081,
              38.58276999965712
            ],
            [
              -83.96093599958111,
              38.532713000214656
            ],
            [
              -83.9422710004404,
              38.50451000032989
            ],
            [
              -83.85928000008488,
              38.45634800034838
            ],
            [
              -83.64185199958364,
              38.525381000152606
            ],
            [
              -83.62459599988122,
              38.61142499974004
            ],
            [
              -83.64497700040351,
              38.63636300021785
            ],
            [
              -83.66839500008555,
              38.62645300004987
            ],
            [
              -83.76666899974224,
              38.65358199995706
            ],
            [
              -83.78776900013985,
              38.69991800022741
            ],
            [
              -83.83675899965509,
              38.71771800022875
            ],
            [
              -83.85864200040042,
              38.756522999934354
            ],
            [
              -83.9039010000967,
              38.76818200016395
            ],
            [
              -83.98705099956253,
              38.603161000277474
            ],
            [
              -83.99039099956929,
              38.59622399968531
            ]
          ]
        ]
      }
    },
    {
      "type": "Feature",
      "id": "us-county:21:163",
      "properties": {
        "boundary_id": "us-county:21:163",
        "boundary_type": "county",
        "name": "Meade County",
        "stateFips": "21",
        "countyFips": "163",
        "bbox": [
          -86.49086899957123,
          37.79887799964722,
          -85.97594799973979,
          38.19829200028476
        ]
      },
      "geometry": {
        "type": "Polygon",
        "coordinates": [
          [
            [
              -86.49086899957123,
              38.045747000069
            ],
            [
              -86.24277699966001,
              37.87700199965327
            ],
            [
              -86.15128500012408,
              37.79887799964722
            ],
            [
              -86.0074320002057,
              37.81843900011963
            ],
            [
              -85.97594799973979,
              37.87579300017532
            ],
            [
              -85.99897100030991,
              37.999754000149665
            ],
            [
              -86.03170400038056,
              37.99106299986268
            ],
            [
              -86.03457499985892,
              37.96398900004737
            ],
            [
              -86.04378200029251,
              37.95820600002936
            ],
            [
              -86.074132999708,
              37.9957920003276
            ],
            [
              -86.09993899989297,
              38.01095300005699
            ],
            [
              -86.17571999960724,
              38.010053000261834
            ],
            [
              -86.22024199988485,
              38.027963999848716
            ],
            [
              -86.2714779996128,
              38.061988999966744
            ],
            [
              -86.2763779995689,
              38.14541300024166
            ],
            [
              -86.35552900032548,
              38.19829200028476
            ],
            [
              -86.37501600017195,
              38.19214700017191
            ],
            [
              -86.37672799955897,
              38.16974299993297
            ],
            [
              -86.32587400032075,
              38.15402900009106
            ],
            [
              -86.3267079998238,
              38.13437800016288
            ],
            [
              -86.38076800007278,
              38.12901799996428
            ],
            [
              -86.40187900034104,
              38.10432899966988
            ],
            [
              -86.43101399976375,
              38.12585099980118
            ],
            [
              -86.45574200004819,
              38.12503100022361
            ],
            [
              -86.46550299960234,
              38.10430600011093
            ],
            [
              -86.43233000021395,
              38.08480200015778
            ],
            [
              -86.43264099966026,
              38.0681050002737
            ],
            [
              -86.45390300043958,
              38.05008099981033
            ],
            [
              -86.49070799991274,
              38.04574500013523
            ],
            [
              -86.49086899957123,
              38.045747000069
            ]
          ]
        ]
      }
    },
    {
      "type": "Feature",
      "id": "us-county:21:165",
      "properties": {
        "boundary_id": "us-county:21:165",
        "boundary_type": "county",
        "name": "Menifee County",
        "stateFips": "21",
        "countyFips": "165",
        "bbox": [
          -83.7771699999864,
          37.818223000161076,
          -83.43394199986058,
          38.05888299974101
        ]
      },
      "geometry": {
        "type": "Polygon",
        "coordinates": [
          [
            [
              -83.7771699999864,
              37.97177499975791
            ],
            [
              -83.77011300040435,
              37.96146800017373
            ],
            [
              -83.77526899955518,
              37.93907700003412
            ],
            [
              -83.76431200009975,
              37.92879299987434
            ],
            [
              -83.76878299971045,
              37.91837099989037
            ],
            [
              -83.75594300026548,
              37.91384100001484
            ],
            [
              -83.75786899991274,
              37.90155599994755
            ],
            [
              -83.66735200034513,
              37.85244699990025
            ],
            [
              -83.67567099995071,
              37.84401600035187
            ],
            [
              -83.66621800036812,
              37.84585400002862
            ],
            [
              -83.66296000037715,
              37.834735000231234
            ],
            [
              -83.62798100009381,
              37.822668999822945
            ],
            [
              -83.61717900044908,
              37.83554299989177
            ],
            [
              -83.59099199959931,
              37.818223000161076
            ],
            [
              -83.58545499978366,
              37.82550399969489
            ],
            [
              -83.5514100003591,
              37.821615000021374
            ],
            [
              -83.52414499960881,
              37.83116699979152
            ],
            [
              -83.51700199981306,
              37.851732999649734
            ],
            [
              -83.49199700041748,
              37.86403499986483
            ],
            [
              -83.5066000002014,
              37.869303000095854
            ],
            [
              -83.49602699998724,
              37.89062799984701
            ],
            [
              -83.4443429996473,
              37.942468000332504
            ],
            [
              -83.43394199986058,
              38.03397400025832
            ],
            [
              -83.46340799971941,
              38.01697500024119
            ],
            [
              -83.46868199976932,
              38.0215110003086
            ],
            [
              -83.45564700033069,
              38.03240999974449
            ],
            [
              -83.47951000025162,
              38.0276999999157
            ],
            [
              -83.46406899986839,
              38.05021399978816
            ],
            [
              -83.5749889996996,
              38.05888299974101
            ],
            [
              -83.57293900020379,
              38.022990000141924
            ],
            [
              -83.5805299997132,
              38.011701999861266
            ],
            [
              -83.60466200014598,
              38.01442499972309
            ],
            [
              -83.6101909995657,
              38.00711100009317
            ],
            [
              -83.63374800006322,
              38.02659899986915
            ],
            [
              -83.66240100033542,
              38.02777699967011
            ],
            [
              -83.71720700022388,
              38.0032839998757
            ],
            [
              -83.7382449997989,
              38.01013600004486
            ],
            [
              -83.75637599991053,
              37.99262800032937
            ],
            [
              -83.76188299958895,
              37.997807000340536
            ],
            [
              -83.76537499993165,
              37.985736000126685
            ],
            [
              -83.77435300003638,
              37.990127000248265
            ],
            [
              -83.77695099970327,
              37.97198599974281
            ],
            [
              -83.7771699999864,
              37.97177499975791
            ]
          ]
        ]
      }
    },
    {
      "type": "Feature",
      "id": "us-county:21:167",
      "properties": {
        "boundary_id": "us-county:21:167",
        "boundary_type": "county",
        "name": "Mercer County",
        "stateFips": "21",
        "countyFips": "167",
        "bbox": [
          -85.0314559997247,
          37.67885400007875,
          -84.68849000043802,
          37.96949099966181
        ]
      },
      "geometry": {
        "type": "Polygon",
        "coordinates": [
          [
            [
              -84.78278200020554,
              37.71632400002232
            ],
            [
              -84.72589999998367,
              37.71358300008715
            ],
            [
              -84.72835700008358,
              37.72872000019338
            ],
            [
              -84.68948100029988,
              37.72695700017935
            ],
            [
              -84.7072170004013,
              37.73297000033186
            ],
            [
              -84.68849000043802,
              37.74141099994708
            ],
            [
              -84.70505900005215,
              37.7478079997648
            ],
            [
              -84.69424900001151,
              37.76329099972987
            ],
            [
              -84.71572299960462,
              37.76923100031815
            ],
            [
              -84.70296000015253,
              37.789353999775614
            ],
            [
              -84.71669500009823,
              37.799795000030905
            ],
            [
              -84.72467599959498,
              37.824830000297666
            ],
            [
              -84.71690500016051,
              37.840922999954365
            ],
            [
              -84.68893499977862,
              37.85376100016453
            ],
            [
              -84.71706800036715,
              37.86249499983912
            ],
            [
              -84.76073600015188,
              37.84702000009988
            ],
            [
              -84.77060100036141,
              37.85238900008631
            ],
            [
              -84.77260999984935,
              37.86414199992036
            ],
            [
              -84.75820500043214,
              37.872334999865345
            ],
            [
              -84.76703500039886,
              37.890279999797016
            ],
            [
              -84.78219999969926,
              37.89206300033306
            ],
            [
              -84.7747890001149,
              37.906468000115446
            ],
            [
              -84.7966769999848,
              37.88705800022042
            ],
            [
              -84.79603500010238,
              37.91641499977507
            ],
            [
              -84.82670899955806,
              37.91710200029634
            ],
            [
              -84.79719900021661,
              37.93395500026681
            ],
            [
              -84.81999299955957,
              37.949951000337954
            ],
            [
              -84.79522300034064,
              37.96949099966181
            ],
            [
              -84.88374800013875,
              37.93989299965468
            ],
            [
              -84.93777999990033,
              37.95282599974383
            ],
            [
              -84.97335099983736,
              37.93551100024447
            ],
            [
              -84.97932899969399,
              37.91490900002751
            ],
            [
              -84.98740100032565,
              37.90542199973834
            ],
            [
              -85.00110100011125,
              37.907096999987004
            ],
            [
              -85.00798299979108,
              37.89096899966334
            ],
            [
              -85.01787399993988,
              37.89506999985503
            ],
            [
              -85.027710999662,
              37.88434799975428
            ],
            [
              -85.03052799961202,
              37.8915380000627
            ],
            [
              -85.0314559997247,
              37.88159700025612
            ],
            [
              -85.00052000032818,
              37.85472300013357
            ],
            [
              -85.00952799967182,
              37.835587000290076
            ],
            [
              -85.0250209999336,
              37.67885400007875
            ],
            [
              -84.80786699996705,
              37.704613999726654
            ],
            [
              -84.79170800043171,
              37.717089999892345
            ],
            [
              -84.78278200020554,
              37.71632400002232
            ]
          ]
        ]
      }
    },
    {
      "type": "Feature",
      "id": "us-county:21:169",
      "properties": {
        "boundary_id": "us-county:21:169",
        "boundary_type": "county",
        "name": "Metcalfe County",
        "stateFips": "21",
        "countyFips": "169",
        "bbox": [
          -85.77696199969478,
          36.81803900023786,
          -85.441755000147,
          37.182426999790316
        ]
      },
      "geometry": {
        "type": "Polygon",
        "coordinates": [
          [
            [
              -85.59965400035571,
              36.87299199994966
            ],
            [
              -85.56071900012246,
              36.850856999973715
            ],
            [
              -85.50737699992389,
              36.867508999839366
            ],
            [
              -85.47422000042906,
              36.89382299996042
            ],
            [
              -85.441755000147,
              36.954076000203294
            ],
            [
              -85.50362900038645,
              37.00768000015073
            ],
            [
              -85.52688100038714,
              37.109450000314794
            ],
            [
              -85.63231299990817,
              37.12505600015909
            ],
            [
              -85.66089800040831,
              37.14303900008599
            ],
            [
              -85.6864819999371,
              37.182426999790316
            ],
            [
              -85.74422100012653,
              37.169813000281664
            ],
            [
              -85.77696199969478,
              37.138327999862256
            ],
            [
              -85.77177100038385,
              37.10973299987797
            ],
            [
              -85.7560899998011,
              37.1098350001017
            ],
            [
              -85.73925500004819,
              36.841476000137554
            ],
            [
              -85.61301400038268,
              36.832717000038826
            ],
            [
              -85.59621399989153,
              36.81803900023786
            ],
            [
              -85.58121600009741,
              36.822888999909786
            ],
            [
              -85.57468599987175,
              36.83824100027399
            ],
            [
              -85.59987100009067,
              36.872719999896916
            ],
            [
              -85.59965400035571,
              36.87299199994966
            ]
          ]
        ]
      }
    },
    {
      "type": "Feature",
      "id": "us-county:21:171",
      "properties": {
        "boundary_id": "us-county:21:171",
        "boundary_type": "county",
        "name": "Monroe County",
        "stateFips": "21",
        "countyFips": "171",
        "bbox": [
          -85.97691000018766,
          36.61865499978838,
          -85.43644199973902,
          36.84210000031135
        ]
      },
      "geometry": {
        "type": "Polygon",
        "coordinates": [
          [
            [
              -85.61323199994256,
              36.83273299998508
            ],
            [
              -85.74882599963155,
              36.84210000031135
            ],
            [
              -85.8070109998848,
              36.82163800019769
            ],
            [
              -85.97691000018766,
              36.722722000000935
            ],
            [
              -85.94909399979154,
              36.66105399980182
            ],
            [
              -85.97641800009306,
              36.628492999737524
            ],
            [
              -85.43644199973902,
              36.61865499978838
            ],
            [
              -85.49693199975623,
              36.69071800028306
            ],
            [
              -85.47102099998929,
              36.7332159997174
            ],
            [
              -85.51742899973117,
              36.731325999842156
            ],
            [
              -85.54251299966775,
              36.774813999922145
            ],
            [
              -85.58875100042864,
              36.77734900026214
            ],
            [
              -85.59621399989153,
              36.81803900023786
            ],
            [
              -85.61301400038268,
              36.832717000038826
            ],
            [
              -85.61323199994256,
              36.83273299998508
            ]
          ]
        ]
      }
    },
    {
      "type": "Feature",
      "id": "us-county:21:173",
      "properties": {
        "boundary_id": "us-county:21:173",
        "boundary_type": "county",
        "name": "Montgomery County",
        "stateFips": "21",
        "countyFips": "173",
        "bbox": [
          -84.08034999981837,
          37.90014900030032,
          -83.75581400039407,
          38.192118000255334
        ]
      },
      "geometry": {
        "type": "Polygon",
        "coordinates": [
          [
            [
              -84.08034999981837,
              38.11526600018377
            ],
            [
              -83.96631000008844,
              37.93076800002478
            ],
            [
              -83.8863309996766,
              37.916542000128985
            ],
            [
              -83.8768320000633,
              37.904459999708585
            ],
            [
              -83.81453199985148,
              37.90014900030032
            ],
            [
              -83.76878299971045,
              37.91837099989037
            ],
            [
              -83.77580900022866,
              37.986946000180964
            ],
            [
              -83.7649770004467,
              37.98602300033448
            ],
            [
              -83.75581400039407,
              38.00527500030229
            ],
            [
              -83.8016859996604,
              38.041702000103854
            ],
            [
              -83.8207990003114,
              38.0811099999446
            ],
            [
              -83.88135299990272,
              38.136516999910405
            ],
            [
              -83.952416999959,
              38.15270299983124
            ],
            [
              -83.95260299973184,
              38.164533999688246
            ],
            [
              -83.96140900030744,
              38.15399600023968
            ],
            [
              -83.97388800007737,
              38.157907999758294
            ],
            [
              -83.97588999989262,
              38.16732100033455
            ],
            [
              -83.96525300010434,
              38.1705420000645
            ],
            [
              -83.9791770001959,
              38.17510900010957
            ],
            [
              -83.97078900009505,
              38.179551000304684
            ],
            [
              -83.97911699992144,
              38.18787899972467
            ],
            [
              -83.9700380004327,
              38.18745099965853
            ],
            [
              -83.97792400039322,
              38.192118000255334
            ],
            [
              -83.99017100035957,
              38.17506700024095
            ],
            [
              -84.07932700016944,
              38.11611100010325
            ],
            [
              -84.08034999981837,
              38.11526600018377
            ]
          ]
        ]
      }
    },
    {
      "type": "Feature",
      "id": "us-county:21:175",
      "properties": {
        "boundary_id": "us-county:21:175",
        "boundary_type": "county",
        "name": "Morgan County",
        "stateFips": "21",
        "countyFips": "175",
        "bbox": [
          -83.5066000002014,
          37.71265699966402,
          -82.9614229995924,
          38.11545300016777
        ]
      },
      "geometry": {
        "type": "Polygon",
        "coordinates": [
          [
            [
              -83.21238900025334,
              38.0271259997752
            ],
            [
              -83.22154999975785,
              38.027392000088774
            ],
            [
              -83.23284199984735,
              38.05185600008426
            ],
            [
              -83.26769599955891,
              38.05901300028294
            ],
            [
              -83.26112100002571,
              38.10072799997979
            ],
            [
              -83.2706940001572,
              38.10619499987665
            ],
            [
              -83.26397200031093,
              38.11545300016777
            ],
            [
              -83.30359700010715,
              38.08989000016876
            ],
            [
              -83.3374289999947,
              38.08816699985279
            ],
            [
              -83.35126199984968,
              38.06490100006488
            ],
            [
              -83.37136800001237,
              38.06955999989336
            ],
            [
              -83.37119800013306,
              38.05980299997046
            ],
            [
              -83.38101899996165,
              38.062065000350195
            ],
            [
              -83.38046199956975,
              38.05154900021593
            ],
            [
              -83.38990500000487,
              38.054569000293895
            ],
            [
              -83.39866200017666,
              38.03887500013539
            ],
            [
              -83.43048600040119,
              38.0470670003123
            ],
            [
              -83.4393020001242,
              38.04032100006596
            ],
            [
              -83.43216099997828,
              38.03836599965644
            ],
            [
              -83.4443429996473,
              37.942468000332504
            ],
            [
              -83.5066000002014,
              37.869303000095854
            ],
            [
              -83.4781279996792,
              37.85181400007353
            ],
            [
              -83.48046400030357,
              37.840435999919656
            ],
            [
              -83.45532000009251,
              37.84267900012178
            ],
            [
              -83.43304800008308,
              37.81911199983101
            ],
            [
              -83.38643699995161,
              37.81367499987728
            ],
            [
              -83.38759299966993,
              37.80035700013084
            ],
            [
              -83.3644920001803,
              37.802615999868564
            ],
            [
              -83.3358659996723,
              37.7788360001215
            ],
            [
              -83.33066199994259,
              37.78404700020149
            ],
            [
              -83.32483200022398,
              37.777802000081856
            ],
            [
              -83.3340360002845,
              37.75827699985868
            ],
            [
              -83.28706500030293,
              37.74228800027446
            ],
            [
              -83.28124899992972,
              37.71892099990461
            ],
            [
              -83.26217200016205,
              37.71265699966402
            ],
            [
              -83.26104800023079,
              37.72565699980766
            ],
            [
              -83.24253399980451,
              37.74046399977776
            ],
            [
              -83.27073500016508,
              37.76906999970659
            ],
            [
              -83.22484000043418,
              37.79012799990679
            ],
            [
              -83.20784900014735,
              37.81910400023217
            ],
            [
              -83.18169599963275,
              37.81952900034076
            ],
            [
              -83.17388900021328,
              37.831928999707934
            ],
            [
              -83.11327699999735,
              37.86412100004767
            ],
            [
              -83.12947099969276,
              37.894313999753756
            ],
            [
              -83.08865900021607,
              37.8901300000138
            ],
            [
              -83.05510900036083,
              37.87000800000944
            ],
            [
              -83.04230400017764,
              37.87241399993667
            ],
            [
              -83.03464599982277,
              37.8863839997498
            ],
            [
              -83.02417899991379,
              37.86547499982362
            ],
            [
              -83.00464900040959,
              37.859246999708624
            ],
            [
              -82.98385000031087,
              37.87571599978804
            ],
            [
              -82.98656699980346,
              37.89840800002824
            ],
            [
              -82.9614229995924,
              37.89382700013321
            ],
            [
              -82.96150600033138,
              37.912764000011265
            ],
            [
              -82.97315200042321,
              37.914231000184316
            ],
            [
              -82.96837600031567,
              37.924024999971536
            ],
            [
              -82.98512200038013,
              37.94284299992026
            ],
            [
              -82.98709200040831,
              37.96242099987316
            ],
            [
              -83.02206999996844,
              37.98199899999612
            ],
            [
              -83.02410100009598,
              38.00958200035301
            ],
            [
              -83.04787100013051,
              37.99672799986543
            ],
            [
              -83.08935399980194,
              38.01044500030402
            ],
            [
              -83.14320300016371,
              37.99645200008179
            ],
            [
              -83.15197600022903,
              38.01044500030402
            ],
            [
              -83.1740180000847,
              38.01705699996674
            ],
            [
              -83.19444499973946,
              38.010649000276736
            ],
            [
              -83.21210100037325,
              38.02705599983009
            ],
            [
              -83.21238900025334,
              38.0271259997752
            ]
          ]
        ]
      }
    },
    {
      "type": "Feature",
      "id": "us-county:21:177",
      "properties": {
        "boundary_id": "us-county:21:177",
        "boundary_type": "county",
        "name": "Muhlenberg County",
        "stateFips": "21",
        "countyFips": "177",
        "bbox": [
          -87.38699600023506,
          37.040556999750656,
          -86.88125400034978,
          37.41604200001425
        ]
      },
      "geometry": {
        "type": "Polygon",
        "coordinates": [
          [
            [
              -87.06464000000291,
              37.05817099978348
            ],
            [
              -86.97639899988691,
              37.07358800002299
            ],
            [
              -86.94139100018957,
              37.068980999979175
            ],
            [
              -86.94077100004846,
              37.078510999683004
            ],
            [
              -86.89391100039495,
              37.088478000335265
            ],
            [
              -86.90580299963575,
              37.10728999970707
            ],
            [
              -86.88125400034978,
              37.11229499991534
            ],
            [
              -86.89730499993006,
              37.117180999679725
            ],
            [
              -86.8974050003875,
              37.13203399997774
            ],
            [
              -86.91598199966464,
              37.1258270000956
            ],
            [
              -86.91278200029831,
              37.13589599995676
            ],
            [
              -86.92364300039257,
              37.14285900020139
            ],
            [
              -86.93858799958494,
              37.13707700019206
            ],
            [
              -86.92388299969377,
              37.145308999819136
            ],
            [
              -86.92216499956068,
              37.180151000234744
            ],
            [
              -86.89825300013423,
              37.176395000254246
            ],
            [
              -86.89065500005381,
              37.18514700029905
            ],
            [
              -86.90899000037993,
              37.19140099969039
            ],
            [
              -86.90155999963069,
              37.1919600000217
            ],
            [
              -86.9062560002706,
              37.20819399991517
            ],
            [
              -86.89926800028556,
              37.21231299993358
            ],
            [
              -86.92026200037796,
              37.228293000109325
            ],
            [
              -86.90953900037594,
              37.23448699980163
            ],
            [
              -86.94447799957801,
              37.23830500004183
            ],
            [
              -86.95658200032756,
              37.26005299973042
            ],
            [
              -86.96860599981282,
              37.25638800033085
            ],
            [
              -86.98266999964648,
              37.26963200032674
            ],
            [
              -86.98584999981966,
              37.3209070001224
            ],
            [
              -87.03056700009094,
              37.363307000187014
            ],
            [
              -87.07133000006212,
              37.37029800006575
            ],
            [
              -87.08825400040182,
              37.35881800025104
            ],
            [
              -87.10378899959807,
              37.32789300027969
            ],
            [
              -87.13583999960332,
              37.333990000265445
            ],
            [
              -87.12376300041458,
              37.36080499979677
            ],
            [
              -87.09409300034126,
              37.37736499966895
            ],
            [
              -87.09980300040925,
              37.41604200001425
            ],
            [
              -87.17106800030699,
              37.41358900015688
            ],
            [
              -87.21095800041711,
              37.38093000034655
            ],
            [
              -87.29596499993323,
              37.39181899994734
            ],
            [
              -87.3099650001928,
              37.37678599989018
            ],
            [
              -87.29919399961189,
              37.368734000313474
            ],
            [
              -87.33822099990664,
              37.335991999697264
            ],
            [
              -87.33938099982291,
              37.313774999774225
            ],
            [
              -87.36726900018904,
              37.318352999982395
            ],
            [
              -87.37996300004414,
              37.31109500024524
            ],
            [
              -87.37196999995352,
              37.2992300001758
            ],
            [
              -87.38631599981949,
              37.29503499970657
            ],
            [
              -87.37748400020293,
              37.28569599991943
            ],
            [
              -87.38699600023506,
              37.25490400006822
            ],
            [
              -87.36441999955368,
              37.249314000261215
            ],
            [
              -87.37205100014437,
              37.24282500020514
            ],
            [
              -87.35422700017939,
              37.23601399981857
            ],
            [
              -87.34993599959543,
              37.215029000004826
            ],
            [
              -87.3066989998059,
              37.192060999888476
            ],
            [
              -87.31764600011391,
              37.18565500028186
            ],
            [
              -87.31225099969016,
              37.17574399988413
            ],
            [
              -87.33363099957194,
              37.16149300021469
            ],
            [
              -87.32729799988809,
              37.140387999660256
            ],
            [
              -87.33427699965232,
              37.13181800015479
            ],
            [
              -87.32429299961711,
              37.13302699966619
            ],
            [
              -87.31723699986,
              37.11236700034857
            ],
            [
              -87.3052979998652,
              37.10646200027499
            ],
            [
              -87.29985899995884,
              37.113258999720074
            ],
            [
              -87.28432899988715,
              37.1080239998354
            ],
            [
              -87.27911199973866,
              37.09126100010995
            ],
            [
              -87.28553400000928,
              37.08497999992454
            ],
            [
              -87.2741020001777,
              37.07051400010878
            ],
            [
              -87.2518119997266,
              37.07554799966911
            ],
            [
              -87.24376900030555,
              37.05756999978668
            ],
            [
              -87.26211100030439,
              37.052718999842824
            ],
            [
              -87.25025599997518,
              37.040556999750656
            ],
            [
              -87.1180690002401,
              37.04473199981374
            ],
            [
              -87.06487400035462,
              37.05811300009153
            ],
            [
              -87.06464000000291,
              37.05817099978348
            ]
          ]
        ]
      }
    },
    {
      "type": "Feature",
      "id": "us-county:21:179",
      "properties": {
        "boundary_id": "us-county:21:179",
        "boundary_type": "county",
        "name": "Nelson County",
        "stateFips": "21",
        "countyFips": "179",
        "bbox": [
          -85.74203299964014,
          37.52311499987976,
          -85.15251100010217,
          37.99065399973636
        ]
      },
      "geometry": {
        "type": "Polygon",
        "coordinates": [
          [
            [
              -85.45287399998412,
              37.68169900005239
            ],
            [
              -85.40168699976165,
              37.73074699971314
            ],
            [
              -85.37332300009278,
              37.73958099992052
            ],
            [
              -85.37471800018572,
              37.764873999686294
            ],
            [
              -85.35295300033944,
              37.75736199989142
            ],
            [
              -85.345275999718,
              37.762947999725434
            ],
            [
              -85.35567099965697,
              37.78413899980782
            ],
            [
              -85.33841900015251,
              37.7801259998048
            ],
            [
              -85.30792999974643,
              37.79405800031667
            ],
            [
              -85.3139600003799,
              37.80923399999077
            ],
            [
              -85.29843100013312,
              37.83209599982824
            ],
            [
              -85.27751999988139,
              37.83779899977423
            ],
            [
              -85.27854900027641,
              37.853349000013154
            ],
            [
              -85.26803399978856,
              37.84450900009708
            ],
            [
              -85.24522399965377,
              37.84710699975483
            ],
            [
              -85.25549999976703,
              37.865767000020355
            ],
            [
              -85.23016800013332,
              37.87062699997865
            ],
            [
              -85.22687499998224,
              37.85517400005852
            ],
            [
              -85.21675700005272,
              37.87149599994005
            ],
            [
              -85.21836600040588,
              37.85425799967956
            ],
            [
              -85.20374000015744,
              37.84674200002534
            ],
            [
              -85.19626500010067,
              37.85629400006796
            ],
            [
              -85.20507499997589,
              37.8641939999509
            ],
            [
              -85.19347699956464,
              37.864277000073656
            ],
            [
              -85.198049000356,
              37.90225399983807
            ],
            [
              -85.18751399977666,
              37.88364100013659
            ],
            [
              -85.18462200038188,
              37.89241500018535
            ],
            [
              -85.15251100010217,
              37.88651799990344
            ],
            [
              -85.1678339995863,
              37.97180899966224
            ],
            [
              -85.39955900044805,
              37.93992900013769
            ],
            [
              -85.48920200032964,
              37.99065399973636
            ],
            [
              -85.53430100019231,
              37.96535599999318
            ],
            [
              -85.52537400014121,
              37.9525360002469
            ],
            [
              -85.55083499964636,
              37.92639700030201
            ],
            [
              -85.58386200034319,
              37.9111809997788
            ],
            [
              -85.57632600018705,
              37.884900000072264
            ],
            [
              -85.61330899993544,
              37.87003399973244
            ],
            [
              -85.61743200028991,
              37.851822999799865
            ],
            [
              -85.68064800002054,
              37.81487800028271
            ],
            [
              -85.72400399963576,
              37.80586600001261
            ],
            [
              -85.73604700028592,
              37.81247400035227
            ],
            [
              -85.74159400014733,
              37.805370000261526
            ],
            [
              -85.74203299964014,
              37.79064499999611
            ],
            [
              -85.72649599989577,
              37.78687500002071
            ],
            [
              -85.73354900017814,
              37.77748100004738
            ],
            [
              -85.71385700029225,
              37.77423499990443
            ],
            [
              -85.71623200037638,
              37.76814999983471
            ],
            [
              -85.69336000031731,
              37.755347999886254
            ],
            [
              -85.68256399962206,
              37.75804599973564
            ],
            [
              -85.67949399995204,
              37.73933300002909
            ],
            [
              -85.68751800000481,
              37.733077000003846
            ],
            [
              -85.67657099969682,
              37.73701300031274
            ],
            [
              -85.67775499990255,
              37.72970799983358
            ],
            [
              -85.65225599986425,
              37.721335999723514
            ],
            [
              -85.6338550003142,
              37.69388900004388
            ],
            [
              -85.60649000000478,
              37.7008850003197
            ],
            [
              -85.59208800006233,
              37.693478999710145
            ],
            [
              -85.60110799999985,
              37.63989400019074
            ],
            [
              -85.58316100001124,
              37.64412299969019
            ],
            [
              -85.56804100001837,
              37.623174999860915
            ],
            [
              -85.61530200042817,
              37.61454300011619
            ],
            [
              -85.58723300031208,
              37.60486399989733
            ],
            [
              -85.59131999978322,
              37.59446199983967
            ],
            [
              -85.60667699960254,
              37.59079599995055
            ],
            [
              -85.60415299955548,
              37.568338999907475
            ],
            [
              -85.62304600009846,
              37.55222200025198
            ],
            [
              -85.62393999987596,
              37.5404889999319
            ],
            [
              -85.60362200000115,
              37.54797699983164
            ],
            [
              -85.5958099996605,
              37.53280299985486
            ],
            [
              -85.56570899959195,
              37.52311499987976
            ],
            [
              -85.54712300009395,
              37.53030999993724
            ],
            [
              -85.54887700021206,
              37.55769299988796
            ],
            [
              -85.5274210001623,
              37.56278299966903
            ],
            [
              -85.52129000014483,
              37.554342999716184
            ],
            [
              -85.45342999965281,
              37.68070599996203
            ],
            [
              -85.45287399998412,
              37.68169900005239
            ]
          ]
        ]
      }
    },
    {
      "type": "Feature",
      "id": "us-county:21:181",
      "properties": {
        "boundary_id": "us-county:21:181",
        "boundary_type": "county",
        "name": "Nicholas County",
        "stateFips": "21",
        "countyFips": "181",
        "bbox": [
          -84.19250599973384,
          38.192118000255334,
          -83.833513000258,
          38.459378999931786
        ]
      },
      "geometry": {
        "type": "Polygon",
        "coordinates": [
          [
            [
              -84.19250599973384,
              38.37318800001089
            ],
            [
              -84.16625299966012,
              38.35491299987969
            ],
            [
              -84.13262099978913,
              38.30454899977011
            ],
            [
              -84.12436900013071,
              38.307135999862915
            ],
            [
              -84.1299290004109,
              38.294607999916884
            ],
            [
              -84.1041969998458,
              38.28601100020309
            ],
            [
              -84.12018499967688,
              38.275515999768814
            ],
            [
              -84.10364700002488,
              38.269874000031635
            ],
            [
              -84.10348299999335,
              38.25898599971481
            ],
            [
              -84.07869600015768,
              38.27270600004527
            ],
            [
              -84.08552599995899,
              38.26654100020872
            ],
            [
              -84.07343399980333,
              38.26614999968817
            ],
            [
              -84.07926299969704,
              38.25660499993665
            ],
            [
              -84.05710700003851,
              38.256582999977766
            ],
            [
              -84.05314100004288,
              38.2394550002627
            ],
            [
              -84.06256299966333,
              38.23487599971742
            ],
            [
              -84.03287800041967,
              38.22356399996669
            ],
            [
              -84.0290770002805,
              38.21407100014205
            ],
            [
              -84.00404100002447,
              38.22399800016393
            ],
            [
              -84.00654099978209,
              38.214917999944056
            ],
            [
              -83.995890999575,
              38.21507200026051
            ],
            [
              -84.00450200015692,
              38.21115200030656
            ],
            [
              -83.99066599992888,
              38.20301400031503
            ],
            [
              -83.98890099994013,
              38.2193979997508
            ],
            [
              -83.97665499979867,
              38.21990799998469
            ],
            [
              -83.97901999983706,
              38.20784599995927
            ],
            [
              -83.96925099988701,
              38.20876999993778
            ],
            [
              -83.98373499984525,
              38.19487199968082
            ],
            [
              -83.97792400039322,
              38.192118000255334
            ],
            [
              -83.833513000258,
              38.314207000001836
            ],
            [
              -83.84857100032657,
              38.323578000126375
            ],
            [
              -83.84024699979983,
              38.339191999667165
            ],
            [
              -83.85698100016873,
              38.333163999740115
            ],
            [
              -83.85719299988084,
              38.35108500013506
            ],
            [
              -83.86774199980557,
              38.34975899968153
            ],
            [
              -83.87246400038475,
              38.36187700014957
            ],
            [
              -83.89808800009651,
              38.34811200002155
            ],
            [
              -83.89083899999554,
              38.36353299975791
            ],
            [
              -83.9161310003446,
              38.36015199992372
            ],
            [
              -83.9213760000822,
              38.383308999841326
            ],
            [
              -83.9491000004168,
              38.422823999694586
            ],
            [
              -83.98006799960037,
              38.439448000209424
            ],
            [
              -83.9992270002821,
              38.422285999681094
            ],
            [
              -83.99964200038379,
              38.44169800019293
            ],
            [
              -84.00639699984204,
              38.43100099969865
            ],
            [
              -84.01728899989844,
              38.44535200001159
            ],
            [
              -84.03043899986312,
              38.44070899982909
            ],
            [
              -84.07239899956053,
              38.45730200033049
            ],
            [
              -84.10209999959599,
              38.459378999931786
            ],
            [
              -84.19085299989806,
              38.37473499980863
            ],
            [
              -84.19250599973384,
              38.37318800001089
            ]
          ]
        ]
      }
    },
    {
      "type": "Feature",
      "id": "us-county:21:183",
      "properties": {
        "boundary_id": "us-county:21:183",
        "boundary_type": "county",
        "name": "Ohio County",
        "stateFips": "21",
        "countyFips": "183",
        "bbox": [
          -87.13729800034375,
          37.21231299993358,
          -86.5764760000353,
          37.73775400016438
        ]
      },
      "geometry": {
        "type": "Polygon",
        "coordinates": [
          [
            [
              -86.9259409995855,
              37.624678999809554
            ],
            [
              -86.95028300008056,
              37.629898999699556
            ],
            [
              -87.04937600006998,
              37.55185999975397
            ],
            [
              -87.11258199975487,
              37.47191999970598
            ],
            [
              -87.1242720002276,
              37.48694599985812
            ],
            [
              -87.1356289997161,
              37.48515299965568
            ],
            [
              -87.10484200028252,
              37.4615550002137
            ],
            [
              -87.09405800018114,
              37.378111000205365
            ],
            [
              -87.12376300041458,
              37.36080499979677
            ],
            [
              -87.13729800034375,
              37.33635900016412
            ],
            [
              -87.11191200028337,
              37.32439500018351
            ],
            [
              -87.07133000006212,
              37.37029800006575
            ],
            [
              -87.03056700009094,
              37.363307000187014
            ],
            [
              -86.98584999981966,
              37.3209070001224
            ],
            [
              -86.98266999964648,
              37.26963200032674
            ],
            [
              -86.96860599981282,
              37.25638800033085
            ],
            [
              -86.95658200032756,
              37.26005299973042
            ],
            [
              -86.94447799957801,
              37.23830500004183
            ],
            [
              -86.91232299981567,
              37.23744300004852
            ],
            [
              -86.91927099961777,
              37.22519099980187
            ],
            [
              -86.89926800028556,
              37.21231299993358
            ],
            [
              -86.87186799981605,
              37.24660900022621
            ],
            [
              -86.85235199965724,
              37.25142999977511
            ],
            [
              -86.82563199960332,
              37.29457200032345
            ],
            [
              -86.80825000040252,
              37.291386000032546
            ],
            [
              -86.8188360001372,
              37.30528299998339
            ],
            [
              -86.81585199978261,
              37.32885900020972
            ],
            [
              -86.7983009996291,
              37.334693000255584
            ],
            [
              -86.77581299970959,
              37.32628500032103
            ],
            [
              -86.75953299980044,
              37.304098999858226
            ],
            [
              -86.61209499965292,
              37.395123000095936
            ],
            [
              -86.66897900042292,
              37.54971999988752
            ],
            [
              -86.6346999997483,
              37.56727900027911
            ],
            [
              -86.5975410002728,
              37.537644999699964
            ],
            [
              -86.59731299976887,
              37.54592100014009
            ],
            [
              -86.5764760000353,
              37.55288899981113
            ],
            [
              -86.61929100005045,
              37.585204000284556
            ],
            [
              -86.64082099972005,
              37.61918599998231
            ],
            [
              -86.63893500025577,
              37.661876999671044
            ],
            [
              -86.82342899994663,
              37.73775400016438
            ],
            [
              -86.86655199993334,
              37.70885000024813
            ],
            [
              -86.8175139998392,
              37.673814000125354
            ],
            [
              -86.92511700012822,
              37.62503000035166
            ],
            [
              -86.9259409995855,
              37.624678999809554
            ]
          ]
        ]
      }
    },
    {
      "type": "Feature",
      "id": "us-county:21:185",
      "properties": {
        "boundary_id": "us-county:21:185",
        "boundary_type": "county",
        "name": "Oldham County",
        "stateFips": "21",
        "countyFips": "185",
        "bbox": [
          -85.63723200013087,
          38.28530900017897,
          -85.28308199981139,
          38.52406599970534
        ]
      },
      "geometry": {
        "type": "Polygon",
        "coordinates": [
          [
            [
              -85.3860959995906,
              38.308039000179896
            ],
            [
              -85.35180500011874,
              38.30306099979984
            ],
            [
              -85.32445300022815,
              38.310112000162306
            ],
            [
              -85.28308199981139,
              38.358054000102754
            ],
            [
              -85.32507199964601,
              38.40387200005014
            ],
            [
              -85.33172099969737,
              38.4430489996623
            ],
            [
              -85.34607999998212,
              38.45953999970241
            ],
            [
              -85.31456899975204,
              38.49457799978141
            ],
            [
              -85.37874299973257,
              38.518821999689116
            ],
            [
              -85.43292199980722,
              38.52406599970534
            ],
            [
              -85.46968899964557,
              38.508012000107456
            ],
            [
              -85.50570700036968,
              38.46471700027087
            ],
            [
              -85.5974149998157,
              38.444894000151294
            ],
            [
              -85.61970799974154,
              38.42443099996513
            ],
            [
              -85.63723200013087,
              38.383109000131405
            ],
            [
              -85.56941299964674,
              38.34175199969557
            ],
            [
              -85.5852719996064,
              38.33943100021601
            ],
            [
              -85.56132199964681,
              38.337123999666275
            ],
            [
              -85.4682059996891,
              38.28530900017897
            ],
            [
              -85.44839199960447,
              38.30404599985482
            ],
            [
              -85.44992300013982,
              38.295990999825705
            ],
            [
              -85.42690899979053,
              38.29282300034478
            ],
            [
              -85.42708600024085,
              38.30384700001435
            ],
            [
              -85.40951900019382,
              38.293850000243644
            ],
            [
              -85.40856799961661,
              38.30399900026057
            ],
            [
              -85.38639900043762,
              38.30781800007037
            ],
            [
              -85.3860959995906,
              38.308039000179896
            ]
          ]
        ]
      }
    },
    {
      "type": "Feature",
      "id": "us-county:21:187",
      "properties": {
        "boundary_id": "us-county:21:187",
        "boundary_type": "county",
        "name": "Owen County",
        "stateFips": "21",
        "countyFips": "187",
        "bbox": [
          -85.07609600000306,
          38.33850500019369,
          -84.58053899999447,
          38.72384699965268
        ]
      },
      "geometry": {
        "type": "Polygon",
        "coordinates": [
          [
            [
              -85.07609600000306,
              38.579476999753844
            ],
            [
              -85.06296100010701,
              38.56453199976581
            ],
            [
              -85.04091300040353,
              38.574161999699704
            ],
            [
              -85.00231700010401,
              38.55364100019771
            ],
            [
              -85.02971500002536,
              38.50934300028487
            ],
            [
              -85.01924499974336,
              38.50391800029621
            ],
            [
              -85.00048000014523,
              38.51704800024679
            ],
            [
              -84.97808799958685,
              38.51533399986218
            ],
            [
              -84.992107000113,
              38.49121900028094
            ],
            [
              -84.95457299982044,
              38.47095700019259
            ],
            [
              -84.9515779995952,
              38.45786699984506
            ],
            [
              -84.96326499969491,
              38.43735799989147
            ],
            [
              -84.95439700009335,
              38.42783699983948
            ],
            [
              -84.93842400033088,
              38.42849900020286
            ],
            [
              -84.92898599991861,
              38.461993000038476
            ],
            [
              -84.91222999980842,
              38.459843999744294
            ],
            [
              -84.90928800018493,
              38.45023999977141
            ],
            [
              -84.92661099983448,
              38.43209799983964
            ],
            [
              -84.87993899960364,
              38.41855300015884
            ],
            [
              -84.8973669997335,
              38.377119000304184
            ],
            [
              -84.8700430003303,
              38.37024599986697
            ],
            [
              -84.87008799963782,
              38.35633399968844
            ],
            [
              -84.83841900012231,
              38.35692599998358
            ],
            [
              -84.7932280001981,
              38.33850500019369
            ],
            [
              -84.70598799998976,
              38.37010199987857
            ],
            [
              -84.58053899999447,
              38.47303900013289
            ],
            [
              -84.62665100035865,
              38.48513199994151
            ],
            [
              -84.65005099959899,
              38.51529399969973
            ],
            [
              -84.64475300015798,
              38.520300999766285
            ],
            [
              -84.65775199961159,
              38.53282000030084
            ],
            [
              -84.67457399984403,
              38.53203299980303
            ],
            [
              -84.66541599981426,
              38.54371799974798
            ],
            [
              -84.67929600042322,
              38.55127899973059
            ],
            [
              -84.67450500024707,
              38.557941999951026
            ],
            [
              -84.77432200013466,
              38.6185939999426
            ],
            [
              -84.78795300032328,
              38.72384699965268
            ],
            [
              -84.81452400041431,
              38.71079499995829
            ],
            [
              -84.81184499965823,
              38.70230700032471
            ],
            [
              -84.83402999962905,
              38.71191099967451
            ],
            [
              -84.8447340002628,
              38.69681799974174
            ],
            [
              -84.8689889998209,
              38.69975400004986
            ],
            [
              -84.8899889997611,
              38.67635999993864
            ],
            [
              -84.90470500042123,
              38.678029999759346
            ],
            [
              -84.90557900010724,
              38.66936400027237
            ],
            [
              -84.92543099982672,
              38.673417000335135
            ],
            [
              -84.9369820003823,
              38.65082699991686
            ],
            [
              -84.95732600019636,
              38.65367299992439
            ],
            [
              -84.975966000121,
              38.63562800010653
            ],
            [
              -85.01578699973584,
              38.63213800013377
            ],
            [
              -85.01241699959186,
              38.62316099968795
            ],
            [
              -85.025374000111,
              38.61337300003664
            ],
            [
              -85.05936699965704,
              38.61130200008927
            ],
            [
              -85.06677499976666,
              38.59418700008223
            ],
            [
              -85.07458299990937,
              38.596838000323274
            ],
            [
              -85.07598200020026,
              38.58201600000567
            ],
            [
              -85.07609600000306,
              38.579476999753844
            ]
          ]
        ]
      }
    },
    {
      "type": "Feature",
      "id": "us-county:21:189",
      "properties": {
        "boundary_id": "us-county:21:189",
        "boundary_type": "county",
        "name": "Owsley County",
        "stateFips": "21",
        "countyFips": "189",
        "bbox": [
          -83.88831099975053,
          37.255672999660035,
          -83.52125400003897,
          37.54139499994269
        ]
      },
      "geometry": {
        "type": "Polygon",
        "coordinates": [
          [
            [
              -83.5518110002171,
              37.45450400004893
            ],
            [
              -83.5477010002814,
              37.46400100006885
            ],
            [
              -83.56491599997592,
              37.47099999991835
            ],
            [
              -83.57981800040892,
              37.49308600029818
            ],
            [
              -83.57768099997614,
              37.505277999997304
            ],
            [
              -83.62238099963066,
              37.51077500004591
            ],
            [
              -83.61846599968865,
              37.52100699964869
            ],
            [
              -83.64237499964034,
              37.54139499994269
            ],
            [
              -83.68043899966231,
              37.511984000235316
            ],
            [
              -83.70172099963482,
              37.50770500018894
            ],
            [
              -83.73278400015123,
              37.521031999886176
            ],
            [
              -83.74504899966095,
              37.50812699968443
            ],
            [
              -83.74298400009653,
              37.494253000323496
            ],
            [
              -83.82979400013457,
              37.486837999690756
            ],
            [
              -83.86481799972545,
              37.5021850002894
            ],
            [
              -83.86630499987987,
              37.51364999970844
            ],
            [
              -83.88526199999694,
              37.51768799965213
            ],
            [
              -83.88831099975053,
              37.506538999971355
            ],
            [
              -83.88395300011774,
              37.47733499967447
            ],
            [
              -83.86512200039738,
              37.4513780003112
            ],
            [
              -83.84195400006227,
              37.4388600002735
            ],
            [
              -83.79470900044431,
              37.35062600025529
            ],
            [
              -83.67971499976413,
              37.33687799972515
            ],
            [
              -83.6681380001676,
              37.35523199998862
            ],
            [
              -83.65330299968178,
              37.35807500030061
            ],
            [
              -83.6093310001234,
              37.301278000267786
            ],
            [
              -83.57410499996786,
              37.288425999954185
            ],
            [
              -83.56612899959565,
              37.265363000324925
            ],
            [
              -83.54204100044213,
              37.268254000088604
            ],
            [
              -83.53021700007507,
              37.255672999660035
            ],
            [
              -83.52125400003897,
              37.27291300008181
            ],
            [
              -83.55130099968085,
              37.286316999889195
            ],
            [
              -83.55394199990376,
              37.3064539999835
            ],
            [
              -83.54549299970354,
              37.31658899993938
            ],
            [
              -83.55169599969105,
              37.33276000016188
            ],
            [
              -83.53405900022216,
              37.352794999845244
            ],
            [
              -83.54884399958094,
              37.37186600004895
            ],
            [
              -83.54175400038694,
              37.38327899969763
            ],
            [
              -83.54876900013618,
              37.3956589999072
            ],
            [
              -83.53428099998,
              37.41740899979287
            ],
            [
              -83.5524880002596,
              37.4330379999365
            ],
            [
              -83.54546699976426,
              37.44698300022666
            ],
            [
              -83.55167300012482,
              37.45423200020953
            ],
            [
              -83.5518110002171,
              37.45450400004893
            ]
          ]
        ]
      }
    },
    {
      "type": "Feature",
      "id": "us-county:21:191",
      "properties": {
        "boundary_id": "us-county:21:191",
        "boundary_type": "county",
        "name": "Pendleton County",
        "stateFips": "21",
        "countyFips": "191",
        "bbox": [
          -84.53228800044602,
          38.5294690002178,
          -84.19539800002691,
          38.874826000144544
        ]
      },
      "geometry": {
        "type": "Polygon",
        "coordinates": [
          [
            [
              -84.41814599971053,
              38.55858300018898
            ],
            [
              -84.4097529995868,
              38.56587600019361
            ],
            [
              -84.40032099992064,
              38.56060299991103
            ],
            [
              -84.19539800002691,
              38.58855300030421
            ],
            [
              -84.20105399966825,
              38.60385700004427
            ],
            [
              -84.20737300000671,
              38.59760199985779
            ],
            [
              -84.23596199980646,
              38.822360999893945
            ],
            [
              -84.2320140002525,
              38.874826000144544
            ],
            [
              -84.40550899975683,
              38.806307999731644
            ],
            [
              -84.53228800044602,
              38.79193700028078
            ],
            [
              -84.47629900017674,
              38.54272300027389
            ],
            [
              -84.44823699973334,
              38.5294690002178
            ],
            [
              -84.44795700024916,
              38.536838000172686
            ],
            [
              -84.41937699977191,
              38.54249500031085
            ],
            [
              -84.42789100026945,
              38.54646299990937
            ],
            [
              -84.41812899999208,
              38.558505999651544
            ],
            [
              -84.41814599971053,
              38.55858300018898
            ]
          ]
        ]
      }
    },
    {
      "type": "Feature",
      "id": "us-county:21:193",
      "properties": {
        "boundary_id": "us-county:21:193",
        "boundary_type": "county",
        "name": "Perry County",
        "stateFips": "21",
        "countyFips": "193",
        "bbox": [
          -83.55394199990376,
          36.99184500022561,
          -83.00014600011355,
          37.44353800019929
        ]
      },
      "geometry": {
        "type": "Polygon",
        "coordinates": [
          [
            [
              -83.55394199990376,
              37.3064539999835
            ],
            [
              -83.5515860000862,
              37.28662299990576
            ],
            [
              -83.52228400025889,
              37.2748470001221
            ],
            [
              -83.52923000041115,
              37.26137199987114
            ],
            [
              -83.51126300033106,
              37.25507299992534
            ],
            [
              -83.50690599962485,
              37.2358009998824
            ],
            [
              -83.4832750004058,
              37.251860999673916
            ],
            [
              -83.47632000003271,
              37.26590300009667
            ],
            [
              -83.48633599985497,
              37.2749220002277
            ],
            [
              -83.47182099993462,
              37.29124799969402
            ],
            [
              -83.43193300037264,
              37.29026500018735
            ],
            [
              -83.42913700033903,
              37.3033140000999
            ],
            [
              -83.39841399958122,
              37.32064900013478
            ],
            [
              -83.39578199957916,
              37.30967000027866
            ],
            [
              -83.37450299997971,
              37.30540600007353
            ],
            [
              -83.37333800004056,
              37.295566000281845
            ],
            [
              -83.35346500040468,
              37.29803199997562
            ],
            [
              -83.35367200009391,
              37.28440099995095
            ],
            [
              -83.33588900013683,
              37.272604999940086
            ],
            [
              -83.34439400041354,
              37.260206000014975
            ],
            [
              -83.33287700019315,
              37.24441200030318
            ],
            [
              -83.33734299978097,
              37.236752999890285
            ],
            [
              -83.32455799968928,
              37.22537400022868
            ],
            [
              -83.31086100027673,
              37.229855999759145
            ],
            [
              -83.27681099993097,
              37.20329700001666
            ],
            [
              -83.25266500015282,
              37.20361000005857
            ],
            [
              -83.23264799967858,
              37.184548000205176
            ],
            [
              -83.20223100014086,
              37.174803000146056
            ],
            [
              -83.20192099962115,
              37.16672999992526
            ],
            [
              -83.22631499999474,
              37.15560699969702
            ],
            [
              -83.21805199956736,
              37.14514699979166
            ],
            [
              -83.22744099957582,
              37.13721200008056
            ],
            [
              -83.2056210003763,
              37.12907800034408
            ],
            [
              -83.19518899972911,
              37.10933100027123
            ],
            [
              -83.16723299959094,
              37.102372000169574
            ],
            [
              -83.17666900035336,
              37.08101700007127
            ],
            [
              -83.16572399969519,
              37.067372999804206
            ],
            [
              -83.1792140003168,
              37.0610019998412
            ],
            [
              -83.1853870001671,
              37.021297000091934
            ],
            [
              -83.160824999564,
              37.02073900020103
            ],
            [
              -83.1095500003763,
              36.99184500022561
            ],
            [
              -83.05454299974808,
              37.018033000324586
            ],
            [
              -83.05206499973178,
              37.035037999766395
            ],
            [
              -83.07348300014671,
              37.04727099969499
            ],
            [
              -83.05755100039212,
              37.06210600034249
            ],
            [
              -83.04274100002064,
              37.06221500009586
            ],
            [
              -83.0468779997205,
              37.102616000055654
            ],
            [
              -83.06137900029547,
              37.1175899997112
            ],
            [
              -83.03561099974536,
              37.1572400001703
            ],
            [
              -83.04889200012963,
              37.16942099990979
            ],
            [
              -83.02845500042915,
              37.169597000255244
            ],
            [
              -83.00014600011355,
              37.19606600035063
            ],
            [
              -83.03420700032993,
              37.21736500010633
            ],
            [
              -83.0539030004138,
              37.21541900023219
            ],
            [
              -83.07035800022511,
              37.2485210000664
            ],
            [
              -83.1005670002487,
              37.23565200019721
            ],
            [
              -83.1268050002538,
              37.235972999911226
            ],
            [
              -83.12308500030547,
              37.28793000005435
            ],
            [
              -83.10983900008131,
              37.30292699996057
            ],
            [
              -83.1243480001539,
              37.404973000112406
            ],
            [
              -83.19564400001379,
              37.41223100018842
            ],
            [
              -83.21473500002514,
              37.44353800019929
            ],
            [
              -83.3040230000795,
              37.380407000269386
            ],
            [
              -83.33264100019159,
              37.379675000044514
            ],
            [
              -83.35748300027886,
              37.35791799980219
            ],
            [
              -83.34971000029626,
              37.36976399997804
            ],
            [
              -83.3611680000671,
              37.36606300019108
            ],
            [
              -83.3816499999734,
              37.338265999950984
            ],
            [
              -83.4054019995663,
              37.33892699974516
            ],
            [
              -83.44877499979826,
              37.37861100000559
            ],
            [
              -83.4768470002874,
              37.37749400015743
            ],
            [
              -83.50413399988068,
              37.34184500026653
            ],
            [
              -83.55153599985748,
              37.33303299970957
            ],
            [
              -83.54549299970354,
              37.31658899993938
            ],
            [
              -83.55330300039438,
              37.3080599999081
            ],
            [
              -83.55394199990376,
              37.3064539999835
            ]
          ]
        ]
      }
    },
    {
      "type": "Feature",
      "id": "us-county:21:195",
      "properties": {
        "boundary_id": "us-county:21:195",
        "boundary_type": "county",
        "name": "Pike County",
        "stateFips": "21",
        "countyFips": "195",
        "bbox": [
          -82.73263799960263,
          37.196098999675094,
          -81.96489700033132,
          37.74506800020173
        ]
      },
      "geometry": {
        "type": "Polygon",
        "coordinates": [
          [
            [
              -82.4273129998403,
              37.67717000020227
            ],
            [
              -82.45581600032465,
              37.66868600021238
            ],
            [
              -82.4655839995515,
              37.683170999908484
            ],
            [
              -82.49026300033044,
              37.67841099990467
            ],
            [
              -82.49384699983635,
              37.68955900024189
            ],
            [
              -82.52163499974503,
              37.694496999683416
            ],
            [
              -82.61435599969253,
              37.670696000301724
            ],
            [
              -82.59823499979206,
              37.64244600002232
            ],
            [
              -82.62409200003064,
              37.50566300006854
            ],
            [
              -82.5977860002535,
              37.50274899987708
            ],
            [
              -82.58459100008298,
              37.466868000326635
            ],
            [
              -82.61897399961634,
              37.38642899994034
            ],
            [
              -82.66627100001115,
              37.36992399986301
            ],
            [
              -82.64712200027347,
              37.353358000185715
            ],
            [
              -82.66325800024256,
              37.34252000009264
            ],
            [
              -82.67243800001366,
              37.30673099996346
            ],
            [
              -82.69371599978817,
              37.30610300035655
            ],
            [
              -82.70061500008478,
              37.28983800003131
            ],
            [
              -82.73263799960263,
              37.271654999823845
            ],
            [
              -82.72406999957673,
              37.2566939997482
            ],
            [
              -82.70200099995688,
              37.25825499985349
            ],
            [
              -82.70520100022154,
              37.242770000340265
            ],
            [
              -82.69119500011418,
              37.24120899977954
            ],
            [
              -82.69190399994375,
              37.23171999967667
            ],
            [
              -82.67151499992384,
              37.22735899976243
            ],
            [
              -82.62892099984163,
              37.247803999733385
            ],
            [
              -82.56537899969778,
              37.196098999675094
            ],
            [
              -82.43969399970095,
              37.247123000131076
            ],
            [
              -82.35214200022136,
              37.26659599974229
            ],
            [
              -82.34384100015914,
              37.280738999661146
            ],
            [
              -82.32472500003344,
              37.283041999999156
            ],
            [
              -81.96489700033132,
              37.54173599974698
            ],
            [
              -81.99821299983483,
              37.543317000282414
            ],
            [
              -82.01116899963077,
              37.53288099986063
            ],
            [
              -82.04232099983565,
              37.54822499983329
            ],
            [
              -82.0461549995868,
              37.52793999996349
            ],
            [
              -82.06483499969445,
              37.53719599972553
            ],
            [
              -82.07517899957976,
              37.555853000230556
            ],
            [
              -82.13324699965717,
              37.552832000044695
            ],
            [
              -82.14491399966539,
              37.567654999960595
            ],
            [
              -82.12624000030384,
              37.57373800008394
            ],
            [
              -82.12733999994568,
              37.58654499976845
            ],
            [
              -82.15685100001033,
              37.59272299982097
            ],
            [
              -82.15668299978087,
              37.60896899979851
            ],
            [
              -82.1687749999365,
              37.60907999991336
            ],
            [
              -82.16424599970118,
              37.62029000021313
            ],
            [
              -82.18119799962997,
              37.62151000033543
            ],
            [
              -82.17241200004418,
              37.63263399992357
            ],
            [
              -82.17507500000839,
              37.64783199968656
            ],
            [
              -82.19111600044126,
              37.64458599998378
            ],
            [
              -82.18722800026342,
              37.626984000167994
            ],
            [
              -82.21449899996317,
              37.62540000009962
            ],
            [
              -82.21684800010804,
              37.64159799972474
            ],
            [
              -82.23606600034103,
              37.65963400006753
            ],
            [
              -82.25806800001374,
              37.656883000148206
            ],
            [
              -82.28293299966721,
              37.6760509998541
            ],
            [
              -82.29398200008245,
              37.66986100002423
            ],
            [
              -82.29503200039387,
              37.678053000309404
            ],
            [
              -82.30453000018228,
              37.6764750000181
            ],
            [
              -82.29680200040552,
              37.70296500018145
            ],
            [
              -82.31909899963101,
              37.733937999723835
            ],
            [
              -82.3443089999643,
              37.74506800020173
            ],
            [
              -82.37596300030951,
              37.73966499976414
            ],
            [
              -82.40848700014278,
              37.71769600005426
            ],
            [
              -82.41219200002251,
              37.70970400003471
            ],
            [
              -82.39844000035838,
              37.708147000332985
            ],
            [
              -82.38668399976339,
              37.6928660002288
            ],
            [
              -82.40410500022055,
              37.67130200005671
            ],
            [
              -82.41158899959984,
              37.67989699983917
            ],
            [
              -82.42677399989005,
              37.67705199972449
            ],
            [
              -82.4273129998403,
              37.67717000020227
            ]
          ]
        ]
      }
    },
    {
      "type": "Feature",
      "id": "us-county:21:197",
      "properties": {
        "boundary_id": "us-county:21:197",
        "boundary_type": "county",
        "name": "Powell County",
        "stateFips": "21",
        "countyFips": "197",
        "bbox": [
          -84.02737000001804,
          37.716266999707955,
          -83.63105999998464,
          37.93389799987947
        ]
      },
      "geometry": {
        "type": "Polygon",
        "coordinates": [
          [
            [
              -84.02737000001804,
              37.869454000349336
            ],
            [
              -84.0019670002392,
              37.837591999767334
            ],
            [
              -83.99159499986649,
              37.85015799980779
            ],
            [
              -83.96293099972365,
              37.84524300014845
            ],
            [
              -83.9652089997234,
              37.802105000343374
            ],
            [
              -83.90593499969896,
              37.759099999759
            ],
            [
              -83.86546800000379,
              37.7521779999206
            ],
            [
              -83.83034700032852,
              37.765246999952055
            ],
            [
              -83.82106899974984,
              37.7455729996879
            ],
            [
              -83.77971900014781,
              37.76051400032916
            ],
            [
              -83.76896299963552,
              37.74109699968672
            ],
            [
              -83.7226510001531,
              37.728947000144444
            ],
            [
              -83.72147299979517,
              37.716266999707955
            ],
            [
              -83.70797399985102,
              37.71646299979465
            ],
            [
              -83.63105999998464,
              37.82537200024925
            ],
            [
              -83.66296000037715,
              37.834735000231234
            ],
            [
              -83.66621800036812,
              37.84585400002862
            ],
            [
              -83.67567099995071,
              37.84401600035187
            ],
            [
              -83.66735200034513,
              37.85244699990025
            ],
            [
              -83.75617599989398,
              37.8996800001113
            ],
            [
              -83.75609600042635,
              37.91417000013978
            ],
            [
              -83.76825499963086,
              37.918325000150176
            ],
            [
              -83.81453199985148,
              37.90014900030032
            ],
            [
              -83.8768320000633,
              37.904459999708585
            ],
            [
              -83.8863309996766,
              37.916542000128985
            ],
            [
              -83.95963500009783,
              37.93389799987947
            ],
            [
              -83.99161800033102,
              37.918043000066284
            ],
            [
              -83.98576400032297,
              37.90293700019147
            ],
            [
              -84.00669099956991,
              37.859813999753804
            ],
            [
              -84.02725600021522,
              37.86966800016908
            ],
            [
              -84.02737000001804,
              37.869454000349336
            ]
          ]
        ]
      }
    },
    {
      "type": "Feature",
      "id": "us-county:21:199",
      "properties": {
        "boundary_id": "us-county:21:199",
        "boundary_type": "county",
        "name": "Pulaski County",
        "stateFips": "21",
        "countyFips": "199",
        "bbox": [
          -84.90577800029888,
          36.86713299981151,
          -84.27903200008976,
          37.35572899972031
        ]
      },
      "geometry": {
        "type": "Polygon",
        "coordinates": [
          [
            [
              -84.68919199969658,
              37.260755000201875
            ],
            [
              -84.9011119997962,
              37.116296999897244
            ],
            [
              -84.90577800029888,
              37.04718699968097
            ],
            [
              -84.86373700041062,
              37.00802000008529
            ],
            [
              -84.7837939999838,
              36.97848300029303
            ],
            [
              -84.77017200001602,
              36.957734999767275
            ],
            [
              -84.7045419998432,
              36.98213100014484
            ],
            [
              -84.67916500000365,
              36.98091400014803
            ],
            [
              -84.60450300019775,
              36.87991899996602
            ],
            [
              -84.5828780000936,
              36.893203999946444
            ],
            [
              -84.5899260003531,
              36.882589999836995
            ],
            [
              -84.57815800006254,
              36.86713299981151
            ],
            [
              -84.41681599991493,
              36.946920000334615
            ],
            [
              -84.35322400044069,
              36.96172099967286
            ],
            [
              -84.34458299972154,
              36.97271299978612
            ],
            [
              -84.34996100042683,
              36.989140000087794
            ],
            [
              -84.31504900009064,
              37.00145499980453
            ],
            [
              -84.33175300032231,
              37.02499700024638
            ],
            [
              -84.31103899971407,
              37.024066999934014
            ],
            [
              -84.30294600006432,
              37.0406749999433
            ],
            [
              -84.317306000174,
              37.040810999840566
            ],
            [
              -84.32459700010776,
              37.067872000321195
            ],
            [
              -84.30067300008746,
              37.08803499974928
            ],
            [
              -84.285209000138,
              37.0888980001981
            ],
            [
              -84.28005399991376,
              37.10084700027037
            ],
            [
              -84.29295899965607,
              37.113559999910734
            ],
            [
              -84.27903200008976,
              37.1196619997361
            ],
            [
              -84.29699099977394,
              37.12226200010709
            ],
            [
              -84.28945499961779,
              37.129116000115424
            ],
            [
              -84.29179500044015,
              37.160554000087224
            ],
            [
              -84.5002890003193,
              37.327143000319126
            ],
            [
              -84.55646099998836,
              37.35572899972031
            ],
            [
              -84.68896400009095,
              37.2609239998016
            ],
            [
              -84.68919199969658,
              37.260755000201875
            ]
          ]
        ]
      }
    },
    {
      "type": "Feature",
      "id": "us-county:21:201",
      "properties": {
        "boundary_id": "us-county:21:201",
        "boundary_type": "county",
        "name": "Robertson County",
        "stateFips": "21",
        "countyFips": "201",
        "bbox": [
          -84.183760000331,
          38.422285999681094,
          -83.93034800033915,
          38.6086209999225
        ]
      },
      "geometry": {
        "type": "Polygon",
        "coordinates": [
          [
            [
              -84.183760000331,
              38.49964099995177
            ],
            [
              -84.16137199997061,
              38.50178599992774
            ],
            [
              -84.17382300015146,
              38.48790999966497
            ],
            [
              -84.15143300014124,
              38.48979599977177
            ],
            [
              -84.14751999984905,
              38.47650100025857
            ],
            [
              -84.1314929996599,
              38.48293799980657
            ],
            [
              -84.13151899959915,
              38.47494300005777
            ],
            [
              -84.10669800032662,
              38.46903900000153
            ],
            [
              -84.10294200039327,
              38.459594000104204
            ],
            [
              -84.03043899986312,
              38.44070899982909
            ],
            [
              -84.01817799965308,
              38.445699000138006
            ],
            [
              -84.00639699984204,
              38.43100099969865
            ],
            [
              -83.99964200038379,
              38.44169800019293
            ],
            [
              -83.9992270002821,
              38.422285999681094
            ],
            [
              -83.98014399976834,
              38.43736800002022
            ],
            [
              -83.98239900020188,
              38.45248499988017
            ],
            [
              -83.93034800033915,
              38.49227799974928
            ],
            [
              -83.96093599958111,
              38.532713000214656
            ],
            [
              -83.97121199969438,
              38.58761199993391
            ],
            [
              -83.9903849997215,
              38.5938180003204
            ],
            [
              -83.99676699980915,
              38.58333399971225
            ],
            [
              -84.00467799988402,
              38.58977099971009
            ],
            [
              -84.01862799991486,
              38.58396500011439
            ],
            [
              -84.01969599976964,
              38.59482599965312
            ],
            [
              -84.03369500020429,
              38.582946999680715
            ],
            [
              -84.03290699983367,
              38.5961160001048
            ],
            [
              -84.05182100029306,
              38.59108199999682
            ],
            [
              -84.04441900003121,
              38.596151999749026
            ],
            [
              -84.05025200012285,
              38.60259200028265
            ],
            [
              -84.0582960002671,
              38.59137499990074
            ],
            [
              -84.08336699978491,
              38.6086209999225
            ],
            [
              -84.08301000030785,
              38.59808899971722
            ],
            [
              -84.12232899978234,
              38.56357499990966
            ],
            [
              -84.14636499995567,
              38.549802000025956
            ],
            [
              -84.16203099957146,
              38.554124999937834
            ],
            [
              -84.16357700017542,
              38.539494999744164
            ],
            [
              -84.17831499967856,
              38.533305000291854
            ],
            [
              -84.18371799959989,
              38.500097000068955
            ],
            [
              -84.183760000331,
              38.49964099995177
            ]
          ]
        ]
      }
    },
    {
      "type": "Feature",
      "id": "us-county:21:203",
      "properties": {
        "boundary_id": "us-county:21:203",
        "boundary_type": "county",
        "name": "Rockcastle County",
        "stateFips": "21",
        "countyFips": "203",
        "bbox": [
          -84.50293200019205,
          37.151740000290054,
          -84.12910500005529,
          37.53987600006342
        ]
      },
      "geometry": {
        "type": "Polygon",
        "coordinates": [
          [
            [
              -84.23930199981322,
              37.240270000319455
            ],
            [
              -84.23222699978953,
              37.24845099993149
            ],
            [
              -84.2178270003952,
              37.242432000120345
            ],
            [
              -84.21728199969886,
              37.28310499992404
            ],
            [
              -84.1904830000022,
              37.285544999764504
            ],
            [
              -84.17165300010674,
              37.30703800015745
            ],
            [
              -84.16237600025126,
              37.29790899997308
            ],
            [
              -84.14692300017248,
              37.303537999739554
            ],
            [
              -84.15225199957567,
              37.31063699966455
            ],
            [
              -84.13721799979652,
              37.3099180000576
            ],
            [
              -84.14593300013551,
              37.327477000071795
            ],
            [
              -84.13617400023121,
              37.32985499984853
            ],
            [
              -84.14230400042378,
              37.34517799989437
            ],
            [
              -84.13282300035381,
              37.34890600009223
            ],
            [
              -84.14301999992604,
              37.35234100024074
            ],
            [
              -84.12910500005529,
              37.35739000022815
            ],
            [
              -84.1694810004122,
              37.38540599997425
            ],
            [
              -84.15928499976656,
              37.417368999857274
            ],
            [
              -84.20375400034071,
              37.48666399972631
            ],
            [
              -84.199488999696,
              37.52285799988215
            ],
            [
              -84.24824300010802,
              37.52486099988929
            ],
            [
              -84.26826800007987,
              37.51527899993143
            ],
            [
              -84.30172400022377,
              37.52326400021039
            ],
            [
              -84.3039290004286,
              37.53742400005516
            ],
            [
              -84.31362300003558,
              37.52817700000115
            ],
            [
              -84.31933899995138,
              37.53798699965447
            ],
            [
              -84.34462700010248,
              37.53987600006342
            ],
            [
              -84.36089399959282,
              37.51573200017407
            ],
            [
              -84.35488399994915,
              37.499076000123054
            ],
            [
              -84.37421199978698,
              37.472750000042794
            ],
            [
              -84.44671899961678,
              37.48589299976356
            ],
            [
              -84.50293200019205,
              37.3288010002198
            ],
            [
              -84.28907600039942,
              37.151740000290054
            ],
            [
              -84.29988600044008,
              37.170582000059746
            ],
            [
              -84.26562900040508,
              37.181707999733625
            ],
            [
              -84.28074299965185,
              37.1983670003245
            ],
            [
              -84.26013100004918,
              37.204080999872126
            ],
            [
              -84.27205499997535,
              37.21233300016393
            ],
            [
              -84.26285299956463,
              37.217600000334166
            ],
            [
              -84.26671900000116,
              37.22355100033872
            ],
            [
              -84.25194299996488,
              37.240354000009546
            ],
            [
              -84.23717500032451,
              37.22924800029963
            ],
            [
              -84.23933899962314,
              37.240115000023955
            ],
            [
              -84.23930199981322,
              37.240270000319455
            ]
          ]
        ]
      }
    },
    {
      "type": "Feature",
      "id": "us-county:21:205",
      "properties": {
        "boundary_id": "us-county:21:205",
        "boundary_type": "county",
        "name": "Rowan County",
        "stateFips": "21",
        "countyFips": "205",
        "bbox": [
          -83.63522000014903,
          38.01697500024119,
          -83.19899400006628,
          38.39650199964859
        ]
      },
      "geometry": {
        "type": "Polygon",
        "coordinates": [
          [
            [
              -83.63522000014903,
              38.190107000320914
            ],
            [
              -83.62029599997474,
              38.17559300034659
            ],
            [
              -83.61070100010197,
              38.17721600035164
            ],
            [
              -83.61299099979729,
              38.18776499983067
            ],
            [
              -83.59621399977068,
              38.18399099976604
            ],
            [
              -83.60168500036241,
              38.179513999684296
            ],
            [
              -83.59104000017821,
              38.169552999797126
            ],
            [
              -83.62157499971671,
              38.14912000002929
            ],
            [
              -83.60585399984932,
              38.12410399978247
            ],
            [
              -83.58408700035324,
              38.14625600021591
            ],
            [
              -83.55878499995846,
              38.1460480001872
            ],
            [
              -83.55531600008027,
              38.13549600029459
            ],
            [
              -83.5478410000235,
              38.14188399986416
            ],
            [
              -83.55626500010936,
              38.11303399965659
            ],
            [
              -83.53272500022858,
              38.12042599994038
            ],
            [
              -83.51575499985815,
              38.110706999745254
            ],
            [
              -83.53441999989715,
              38.094692999741504
            ],
            [
              -83.5196170000967,
              38.0888899997221
            ],
            [
              -83.51394600038675,
              38.06965000010782
            ],
            [
              -83.5059649999917,
              38.08800299976756
            ],
            [
              -83.46539899966399,
              38.08404499999756
            ],
            [
              -83.46519399962457,
              38.066679000304084
            ],
            [
              -83.48047599999916,
              38.06914300002406
            ],
            [
              -83.49891599990728,
              38.051316000212246
            ],
            [
              -83.4636119999339,
              38.049840000091116
            ],
            [
              -83.47951000025162,
              38.0276999999157
            ],
            [
              -83.45564700033069,
              38.03240999974449
            ],
            [
              -83.46868199976932,
              38.0215110003086
            ],
            [
              -83.46340799971941,
              38.01697500024119
            ],
            [
              -83.43517399974688,
              38.032593000247175
            ],
            [
              -83.4393020001242,
              38.04032100006596
            ],
            [
              -83.43048600040119,
              38.0470670003123
            ],
            [
              -83.39866200017666,
              38.03887500013539
            ],
            [
              -83.38990500000487,
              38.054569000293895
            ],
            [
              -83.38046199956975,
              38.05154900021593
            ],
            [
              -83.38101899996165,
              38.062065000350195
            ],
            [
              -83.37119800013306,
              38.05980299997046
            ],
            [
              -83.37136800001237,
              38.06955999989336
            ],
            [
              -83.34297099983323,
              38.06917400004356
            ],
            [
              -83.3374289999947,
              38.08816699985279
            ],
            [
              -83.30359700010715,
              38.08989000016876
            ],
            [
              -83.24792800040335,
              38.13015099974159
            ],
            [
              -83.22244199988552,
              38.13207200027347
            ],
            [
              -83.21766400012815,
              38.15941500002874
            ],
            [
              -83.19899400006628,
              38.16864300012292
            ],
            [
              -83.24588700023004,
              38.17671599983648
            ],
            [
              -83.26434100038188,
              38.18742199999031
            ],
            [
              -83.24719399956109,
              38.18536100004447
            ],
            [
              -83.24430600036429,
              38.19238000022711
            ],
            [
              -83.2741999998453,
              38.195478000253026
            ],
            [
              -83.287978000347,
              38.215619999815765
            ],
            [
              -83.30114000000725,
              38.20970299981463
            ],
            [
              -83.2972359999359,
              38.21787700021422
            ],
            [
              -83.31271999997684,
              38.24383100000843
            ],
            [
              -83.30788699996789,
              38.252429999771685
            ],
            [
              -83.33490300029781,
              38.28663500024413
            ],
            [
              -83.3262349998145,
              38.29071500031464
            ],
            [
              -83.34134700030977,
              38.31952100023839
            ],
            [
              -83.36414300020085,
              38.32831800035109
            ],
            [
              -83.36365699995403,
              38.34291900034899
            ],
            [
              -83.4120969996484,
              38.39650199964859
            ],
            [
              -83.45284799992402,
              38.38179900008248
            ],
            [
              -83.46502299992035,
              38.37183099991834
            ],
            [
              -83.46328499969576,
              38.35841400029309
            ],
            [
              -83.49926599971162,
              38.34935099996815
            ],
            [
              -83.48808599977514,
              38.32449599973232
            ],
            [
              -83.51428100012251,
              38.292054000108436
            ],
            [
              -83.50555699956269,
              38.272073999837
            ],
            [
              -83.55374199988721,
              38.2397819997658
            ],
            [
              -83.56376199990743,
              38.21691800032711
            ],
            [
              -83.58679200015027,
              38.21828000022575
            ],
            [
              -83.6150820001993,
              38.19317199983815
            ],
            [
              -83.63517300029338,
              38.19024499985757
            ],
            [
              -83.63522000014903,
              38.190107000320914
            ]
          ]
        ]
      }
    },
    {
      "type": "Feature",
      "id": "us-county:21:207",
      "properties": {
        "boundary_id": "us-county:21:207",
        "boundary_type": "county",
        "name": "Russell County",
        "stateFips": "21",
        "countyFips": "207",
        "bbox": [
          -85.27494999980358,
          36.8273339997947,
          -84.83571199977715,
          37.18602799990678
        ]
      },
      "geometry": {
        "type": "Polygon",
        "coordinates": [
          [
            [
              -84.97047100013818,
              37.112940999841975
            ],
            [
              -85.04331600007676,
              37.18602799990678
            ],
            [
              -85.1661859997734,
              37.03326499999248
            ],
            [
              -85.20583099966112,
              36.99686199968381
            ],
            [
              -85.2320260000085,
              36.92506900025572
            ],
            [
              -85.27494999980358,
              36.89790100003563
            ],
            [
              -85.24644300001958,
              36.876189999901676
            ],
            [
              -85.24415499997407,
              36.85790599981725
            ],
            [
              -85.2131719998236,
              36.85617599980868
            ],
            [
              -85.23420100007608,
              36.87953099996587
            ],
            [
              -85.22823999993793,
              36.88787399997904
            ],
            [
              -85.11841100042602,
              36.8273339997947
            ],
            [
              -84.96160500018644,
              36.915766999755455
            ],
            [
              -84.94552699994365,
              36.959747000291394
            ],
            [
              -84.928830000283,
              36.95996000034559
            ],
            [
              -84.90785899975683,
              36.94544700015412
            ],
            [
              -84.83571199977715,
              36.99761200019123
            ],
            [
              -84.86373700041062,
              37.00802000008529
            ],
            [
              -84.90577800029888,
              37.04718699968097
            ],
            [
              -84.9011119997962,
              37.116296999897244
            ],
            [
              -84.9544060003142,
              37.10227100010413
            ],
            [
              -84.96716000044376,
              37.110743000280685
            ],
            [
              -84.97047100013818,
              37.112940999841975
            ]
          ]
        ]
      }
    },
    {
      "type": "Feature",
      "id": "us-county:21:209",
      "properties": {
        "boundary_id": "us-county:21:209",
        "boundary_type": "county",
        "name": "Scott County",
        "stateFips": "21",
        "countyFips": "209",
        "bbox": [
          -84.7405940000042,
          38.110778999837606,
          -84.40184700043314,
          38.492656000247706
        ]
      },
      "geometry": {
        "type": "Polygon",
        "coordinates": [
          [
            [
              -84.44135300040367,
              38.28130799976537
            ],
            [
              -84.43397999955583,
              38.306787999706806
            ],
            [
              -84.46089100030379,
              38.34842499994333
            ],
            [
              -84.46239799965137,
              38.384456000239624
            ],
            [
              -84.48553500002433,
              38.41032200014742
            ],
            [
              -84.52794800035656,
              38.43324999984333
            ],
            [
              -84.52620599993402,
              38.44984200025065
            ],
            [
              -84.54640099978518,
              38.466800999952234
            ],
            [
              -84.55605900030544,
              38.492656000247706
            ],
            [
              -84.62358300033847,
              38.431191000341634
            ],
            [
              -84.7405940000042,
              38.35241500022439
            ],
            [
              -84.72329100044614,
              38.19367800004217
            ],
            [
              -84.7315840001124,
              38.187394000104966
            ],
            [
              -84.7075410002664,
              38.17338899974345
            ],
            [
              -84.68942600004829,
              38.18125100029857
            ],
            [
              -84.68971399992839,
              38.1706479998782
            ],
            [
              -84.68143200013276,
              38.169241000321
            ],
            [
              -84.67794800018596,
              38.18519300005418
            ],
            [
              -84.670875999637,
              38.17647500026247
            ],
            [
              -84.64782100017814,
              38.176605999898314
            ],
            [
              -84.65724899964634,
              38.16178200002095
            ],
            [
              -84.64159899992406,
              38.15909199965336
            ],
            [
              -84.65194199998447,
              38.158670999926976
            ],
            [
              -84.6511069997582,
              38.14551699982244
            ],
            [
              -84.63867700039208,
              38.149243999976825
            ],
            [
              -84.64843299992333,
              38.135855000280515
            ],
            [
              -84.63389100023879,
              38.12263899973884
            ],
            [
              -84.64430899974394,
              38.128290999717976
            ],
            [
              -84.64114899966225,
              38.12060400010634
            ],
            [
              -84.65403000001344,
              38.12073599976657
            ],
            [
              -84.65033000015659,
              38.112407999745926
            ],
            [
              -84.63356999984842,
              38.110778999837606
            ],
            [
              -84.6206009996337,
              38.12954500004062
            ],
            [
              -84.40184700043314,
              38.20788900020707
            ],
            [
              -84.42223599955473,
              38.216763999682584
            ],
            [
              -84.42126700033246,
              38.25277599965789
            ],
            [
              -84.44133999998488,
              38.281197000022246
            ],
            [
              -84.44135300040367,
              38.28130799976537
            ]
          ]
        ]
      }
    },
    {
      "type": "Feature",
      "id": "us-county:21:211",
      "properties": {
        "boundary_id": "us-county:21:211",
        "boundary_type": "county",
        "name": "Shelby County",
        "stateFips": "21",
        "countyFips": "211",
        "bbox": [
          -85.4682059996891,
          38.0367529997541,
          -84.95695899977524,
          38.358054000102754
        ]
      },
      "geometry": {
        "type": "Polygon",
        "coordinates": [
          [
            [
              -85.4682059996891,
              38.28530900017897
            ],
            [
              -85.4048989997219,
              38.26373000007773
            ],
            [
              -85.42405400020569,
              38.147437999972915
            ],
            [
              -85.2324059999501,
              38.08943099987276
            ],
            [
              -85.09920200041387,
              38.0367529997541
            ],
            [
              -85.04778300038782,
              38.07234099999187
            ],
            [
              -85.05453799984605,
              38.08422299972474
            ],
            [
              -85.04627199994395,
              38.11095800032908
            ],
            [
              -85.02248900038896,
              38.12760700029097
            ],
            [
              -85.00380400025843,
              38.16020000012444
            ],
            [
              -85.01035399967725,
              38.16492100021606
            ],
            [
              -85.00323099997298,
              38.16745799988223
            ],
            [
              -85.00931199976176,
              38.16878600030954
            ],
            [
              -84.99889799955623,
              38.27497900024334
            ],
            [
              -84.95695899977524,
              38.332271000028214
            ],
            [
              -85.28308199981139,
              38.358054000102754
            ],
            [
              -85.32445300022815,
              38.310112000162306
            ],
            [
              -85.35180500011874,
              38.30306099979984
            ],
            [
              -85.39277999980206,
              38.30788300033832
            ],
            [
              -85.40919299978059,
              38.30360200008799
            ],
            [
              -85.40951900019382,
              38.293850000243644
            ],
            [
              -85.42708600024085,
              38.30384700001435
            ],
            [
              -85.42726299979284,
              38.29278300023451
            ],
            [
              -85.44992300013982,
              38.295990999825705
            ],
            [
              -85.44839199960447,
              38.30404599985482
            ],
            [
              -85.46753500039269,
              38.285426999689435
            ],
            [
              -85.4682059996891,
              38.28530900017897
            ]
          ]
        ]
      }
    },
    {
      "type": "Feature",
      "id": "us-county:21:213",
      "properties": {
        "boundary_id": "us-county:21:213",
        "boundary_type": "county",
        "name": "Simpson County",
        "stateFips": "21",
        "countyFips": "213",
        "bbox": [
          -86.76317300028116,
          36.633561999649594,
          -86.40051799968498,
          36.88305700018703
        ]
      },
      "geometry": {
        "type": "Polygon",
        "coordinates": [
          [
            [
              -86.76317300028116,
              36.649698999810305
            ],
            [
              -86.58990600038246,
              36.65244300028608
            ],
            [
              -86.56390900040181,
              36.633561999649594
            ],
            [
              -86.54994299957913,
              36.644759000305335
            ],
            [
              -86.50778100021535,
              36.65237899986744
            ],
            [
              -86.41137899977926,
              36.65092400009734
            ],
            [
              -86.41900100014912,
              36.67832099979879
            ],
            [
              -86.40051799968498,
              36.80722600026913
            ],
            [
              -86.58328900011817,
              36.830281999723034
            ],
            [
              -86.61158599983989,
              36.88305700018703
            ],
            [
              -86.65588800000948,
              36.87625599976856
            ],
            [
              -86.69071900015481,
              36.844299999684985
            ],
            [
              -86.74030100022208,
              36.75573699998852
            ],
            [
              -86.76093200009132,
              36.663311000098936
            ],
            [
              -86.76317300028116,
              36.649698999810305
            ]
          ]
        ]
      }
    },
    {
      "type": "Feature",
      "id": "us-county:21:215",
      "properties": {
        "boundary_id": "us-county:21:215",
        "boundary_type": "county",
        "name": "Spencer County",
        "stateFips": "21",
        "countyFips": "215",
        "bbox": [
          -85.5168820002833,
          37.939956000311334,
          -85.10164600009497,
          38.147437999972915
        ]
      },
      "geometry": {
        "type": "Polygon",
        "coordinates": [
          [
            [
              -85.3525349998647,
              37.944960000292525
            ],
            [
              -85.1678339995863,
              37.97180899966224
            ],
            [
              -85.16881699995058,
              37.99835599992594
            ],
            [
              -85.16146699956727,
              38.00152200031356
            ],
            [
              -85.16365000003078,
              37.991301000032536
            ],
            [
              -85.15221499982616,
              37.9881300003474
            ],
            [
              -85.15051699978454,
              37.99960200020541
            ],
            [
              -85.13026500003198,
              37.99616500032105
            ],
            [
              -85.12621600019568,
              38.0206350002978
            ],
            [
              -85.10164600009497,
              38.03727000007738
            ],
            [
              -85.2324059999501,
              38.08943099987276
            ],
            [
              -85.42405400020569,
              38.147437999972915
            ],
            [
              -85.43046800008038,
              38.10725100020634
            ],
            [
              -85.46923099988616,
              38.09622200016403
            ],
            [
              -85.5168820002833,
              38.01126700012227
            ],
            [
              -85.46061900037765,
              37.96963200029972
            ],
            [
              -85.42582199966918,
              37.959631999725715
            ],
            [
              -85.39987099971927,
              37.939956000311334
            ],
            [
              -85.35255300030637,
              37.94495700016314
            ],
            [
              -85.3525349998647,
              37.944960000292525
            ]
          ]
        ]
      }
    },
    {
      "type": "Feature",
      "id": "us-county:21:217",
      "properties": {
        "boundary_id": "us-county:21:217",
        "boundary_type": "county",
        "name": "Taylor County",
        "stateFips": "21",
        "countyFips": "217",
        "bbox": [
          -85.58699200028765,
          37.19243199995426,
          -85.07374100001043,
          37.48230300007497
        ]
      },
      "geometry": {
        "type": "Polygon",
        "coordinates": [
          [
            [
              -85.58699200028765,
              37.44211500010544
            ],
            [
              -85.58447699956312,
              37.43209100021627
            ],
            [
              -85.47808099994437,
              37.3636729996657
            ],
            [
              -85.39065800033622,
              37.24706200023389
            ],
            [
              -85.41121100038765,
              37.22479900004719
            ],
            [
              -85.37189500038791,
              37.221312000016496
            ],
            [
              -85.35277099986627,
              37.19243199995426
            ],
            [
              -85.30782699981427,
              37.22733700002835
            ],
            [
              -85.31180000038091,
              37.24666200003628
            ],
            [
              -85.29438999979442,
              37.245595000189454
            ],
            [
              -85.27018799993975,
              37.26259899978614
            ],
            [
              -85.1923259998692,
              37.27230900013902
            ],
            [
              -85.18837499994218,
              37.30695500014251
            ],
            [
              -85.15652499977838,
              37.31906899985799
            ],
            [
              -85.13235300006095,
              37.359977999904274
            ],
            [
              -85.13116200018253,
              37.384264999688604
            ],
            [
              -85.08424899992727,
              37.39896900024925
            ],
            [
              -85.07374100001043,
              37.41306600032153
            ],
            [
              -85.12879999961886,
              37.4532610002649
            ],
            [
              -85.14274899982482,
              37.44720099982428
            ],
            [
              -85.1716840001293,
              37.46510899972793
            ],
            [
              -85.18409799960193,
              37.450994999683516
            ],
            [
              -85.22578399966294,
              37.44327200005308
            ],
            [
              -85.24619500032246,
              37.420361000140446
            ],
            [
              -85.2648190003536,
              37.41645599965627
            ],
            [
              -85.27840799981111,
              37.43483800010006
            ],
            [
              -85.32010599956769,
              37.45022600014154
            ],
            [
              -85.3404460000821,
              37.4695120001379
            ],
            [
              -85.3813849997804,
              37.465508000048665
            ],
            [
              -85.42994099982569,
              37.478786999923095
            ],
            [
              -85.47982599984167,
              37.46539000028099
            ],
            [
              -85.50277099969566,
              37.48230300007497
            ],
            [
              -85.52912699970152,
              37.45401900010611
            ],
            [
              -85.58349699957189,
              37.46991700011699
            ],
            [
              -85.58693000036338,
              37.442362000322035
            ],
            [
              -85.58699200028765,
              37.44211500010544
            ]
          ]
        ]
      }
    },
    {
      "type": "Feature",
      "id": "us-county:21:219",
      "properties": {
        "boundary_id": "us-county:21:219",
        "boundary_type": "county",
        "name": "Todd County",
        "stateFips": "21",
        "countyFips": "219",
        "bbox": [
          -87.33597999971681,
          36.64165900008571,
          -87.05016000024263,
          37.07465800028391
        ]
      },
      "geometry": {
        "type": "Polygon",
        "coordinates": [
          [
            [
              -87.19788200007227,
              36.64193700030198
            ],
            [
              -87.06084899990944,
              36.64296299980032
            ],
            [
              -87.05953500000739,
              36.74795099997837
            ],
            [
              -87.05016000024263,
              36.767515999919
            ],
            [
              -87.05818799959505,
              36.80471799982388
            ],
            [
              -87.05316399979039,
              37.06101899994863
            ],
            [
              -87.1180690002401,
              37.04473199981374
            ],
            [
              -87.25025599997518,
              37.040556999750656
            ],
            [
              -87.26208899966475,
              37.05307299979205
            ],
            [
              -87.24658399970744,
              37.05440900002643
            ],
            [
              -87.24524800006405,
              37.064115999684944
            ],
            [
              -87.26027400034559,
              37.07465800028391
            ],
            [
              -87.33597999971681,
              36.64165900008571
            ],
            [
              -87.19856800033561,
              36.641933999649034
            ],
            [
              -87.19788200007227,
              36.64193700030198
            ]
          ]
        ]
      }
    },
    {
      "type": "Feature",
      "id": "us-county:21:221",
      "properties": {
        "boundary_id": "us-county:21:221",
        "boundary_type": "county",
        "name": "Trigg County",
        "stateFips": "21",
        "countyFips": "221",
        "bbox": [
          -88.15734699976714,
          36.63316000004165,
          -87.6597240003692,
          37.002103000114985
        ]
      },
      "geometry": {
        "type": "Polygon",
        "coordinates": [
          [
            [
              -87.79676699967943,
              36.63487400025014
            ],
            [
              -87.69419200029138,
              36.63710799981052
            ],
            [
              -87.67377399995914,
              36.75555700022228
            ],
            [
              -87.67187099987811,
              36.878891999867356
            ],
            [
              -87.6597240003692,
              36.966396999810904
            ],
            [
              -87.73336799965071,
              37.002103000114985
            ],
            [
              -87.76486800001015,
              36.974737000002165
            ],
            [
              -87.85808799972494,
              36.95071400009892
            ],
            [
              -87.89066900035795,
              36.96014399987567
            ],
            [
              -88.00269700022689,
              36.91016799973257
            ],
            [
              -88.15734699976714,
              36.86718299967721
            ],
            [
              -88.11264899976244,
              36.75062899970801
            ],
            [
              -88.08063600029033,
              36.70761700021853
            ],
            [
              -88.07054099992705,
              36.678255000030305
            ],
            [
              -87.84954399998848,
              36.66369499989132
            ],
            [
              -87.85331900018842,
              36.63316000004165
            ],
            [
              -87.79716699971252,
              36.63487100004295
            ],
            [
              -87.79676699967943,
              36.63487400025014
            ]
          ]
        ]
      }
    },
    {
      "type": "Feature",
      "id": "us-county:21:223",
      "properties": {
        "boundary_id": "us-county:21:223",
        "boundary_type": "county",
        "name": "Trimble County",
        "stateFips": "21",
        "countyFips": "223",
        "bbox": [
          -85.45679300012411,
          38.49259199978939,
          -85.16826999960442,
          38.73625799983356
        ]
      },
      "geometry": {
        "type": "Polygon",
        "coordinates": [
          [
            [
              -85.45679300012411,
              38.690496000325346
            ],
            [
              -85.4386290004005,
              38.65888999988254
            ],
            [
              -85.43757499989111,
              38.60306500026404
            ],
            [
              -85.41576700038718,
              38.56392400027883
            ],
            [
              -85.42845899969413,
              38.51934699988956
            ],
            [
              -85.37874299973257,
              38.518821999689116
            ],
            [
              -85.31400600041064,
              38.49259199978939
            ],
            [
              -85.30984600024627,
              38.499365999877874
            ],
            [
              -85.27962700017693,
              38.49626800014455
            ],
            [
              -85.16826999960442,
              38.58544800022007
            ],
            [
              -85.21214800034976,
              38.58086300034389
            ],
            [
              -85.22897600042998,
              38.62703500020359
            ],
            [
              -85.3331099999425,
              38.73625799983356
            ],
            [
              -85.42262599960247,
              38.73465100015685
            ],
            [
              -85.45166300001424,
              38.71033200012142
            ],
            [
              -85.45675499959096,
              38.69225199993986
            ],
            [
              -85.45679300012411,
              38.690496000325346
            ]
          ]
        ]
      }
    },
    {
      "type": "Feature",
      "id": "us-county:21:225",
      "properties": {
        "boundary_id": "us-county:21:225",
        "boundary_type": "county",
        "name": "Union County",
        "stateFips": "21",
        "countyFips": "225",
        "bbox": [
          -88.16026800037254,
          37.47420800025633,
          -87.73454500018374,
          37.901674999868916
        ]
      },
      "geometry": {
        "type": "Polygon",
        "coordinates": [
          [
            [
              -88.04323000004432,
              37.7659499997046
            ],
            [
              -88.06963799992872,
              37.73371600026383
            ],
            [
              -88.12496500022408,
              37.70725200017738
            ],
            [
              -88.16026800037254,
              37.65712000025747
            ],
            [
              -88.13648900011717,
              37.577306999968194
            ],
            [
              -88.07210000005148,
              37.52881100018185
            ],
            [
              -88.06129800040675,
              37.505332000308414
            ],
            [
              -88.04715300038225,
              37.51842400013621
            ],
            [
              -88.03409200010601,
              37.513602000111284
            ],
            [
              -88.01971100007994,
              37.54524600020547
            ],
            [
              -88.00370200033245,
              37.54638600000577
            ],
            [
              -87.99747800042854,
              37.5067139997556
            ],
            [
              -87.98174400014236,
              37.49372699980932
            ],
            [
              -87.9734609996235,
              37.50056700023354
            ],
            [
              -87.9659270000155,
              37.48611699973426
            ],
            [
              -87.98280699997426,
              37.47420800025633
            ],
            [
              -87.93295200009553,
              37.480052000181665
            ],
            [
              -87.73454500018374,
              37.63837599986973
            ],
            [
              -87.75448800013982,
              37.66939000001951
            ],
            [
              -87.76199499998364,
              37.76236500017828
            ],
            [
              -87.77833400034233,
              37.76506999964926
            ],
            [
              -87.78421099991658,
              37.751838999772026
            ],
            [
              -87.79933199973436,
              37.76007500011463
            ],
            [
              -87.79306599999768,
              37.77157899968552
            ],
            [
              -87.81169500005169,
              37.77102899987086
            ],
            [
              -87.81509299978474,
              37.76242299972511
            ],
            [
              -87.92705999955432,
              37.901674999868916
            ],
            [
              -87.9407650002611,
              37.87789000023951
            ],
            [
              -87.90996700005853,
              37.84302799970372
            ],
            [
              -87.90693900022133,
              37.80759300007879
            ],
            [
              -87.93412899973023,
              37.79641399969101
            ],
            [
              -87.9518399997173,
              37.7716949999038
            ],
            [
              -88.00133999976879,
              37.79890700001089
            ],
            [
              -88.02429399984365,
              37.80061199993803
            ],
            [
              -88.0363159996791,
              37.79115700023925
            ],
            [
              -88.04246500013825,
              37.767317999703025
            ],
            [
              -88.04323000004432,
              37.7659499997046
            ]
          ]
        ]
      }
    },
    {
      "type": "Feature",
      "id": "us-county:21:227",
      "properties": {
        "boundary_id": "us-county:21:227",
        "boundary_type": "county",
        "name": "Warren County",
        "stateFips": "21",
        "countyFips": "227",
        "bbox": [
          -86.6744619998119,
          36.77618700027044,
          -86.11351200035524,
          37.190613000190666
        ]
      },
      "geometry": {
        "type": "Polygon",
        "coordinates": [
          [
            [
              -86.62371999982835,
              37.17596000023298
            ],
            [
              -86.61301600009293,
              37.154112000182764
            ],
            [
              -86.6744619998119,
              36.999765999867485
            ],
            [
              -86.58328900011817,
              36.830281999723034
            ],
            [
              -86.40051799968498,
              36.80722600026913
            ],
            [
              -86.40576900016869,
              36.77618700027044
            ],
            [
              -86.26327399963498,
              36.87324399982115
            ],
            [
              -86.26689300019927,
              36.89317799985461
            ],
            [
              -86.24041099979672,
              36.89433200026828
            ],
            [
              -86.22630900032823,
              36.912633000334964
            ],
            [
              -86.21216000010574,
              36.90401799995935
            ],
            [
              -86.20141700001226,
              36.93531500013785
            ],
            [
              -86.18902699993076,
              36.921677000042045
            ],
            [
              -86.16673999985271,
              36.93401500000132
            ],
            [
              -86.11351200035524,
              37.06107200025912
            ],
            [
              -86.19224599956368,
              37.076695999678364
            ],
            [
              -86.21860699959241,
              37.10402900003275
            ],
            [
              -86.28175000042641,
              37.080597000255146
            ],
            [
              -86.39916500032317,
              37.1698959996869
            ],
            [
              -86.41091299962393,
              37.165963999763854
            ],
            [
              -86.41045599968945,
              37.15211100005355
            ],
            [
              -86.4402050003038,
              37.166612999837575
            ],
            [
              -86.45497200011926,
              37.15031199976318
            ],
            [
              -86.46654399969293,
              37.15268100009006
            ],
            [
              -86.49578699996898,
              37.190613000190666
            ],
            [
              -86.5282010001974,
              37.176590999782654
            ],
            [
              -86.55572999964001,
              37.17713299969481
            ],
            [
              -86.56331600002487,
              37.18727100021835
            ],
            [
              -86.58868600019174,
              37.17887399984642
            ],
            [
              -86.61815799989836,
              37.183905999728815
            ],
            [
              -86.62367899982046,
              37.17642399992804
            ],
            [
              -86.62371999982835,
              37.17596000023298
            ]
          ]
        ]
      }
    },
    {
      "type": "Feature",
      "id": "us-county:21:229",
      "properties": {
        "boundary_id": "us-county:21:229",
        "boundary_type": "county",
        "name": "Washington County",
        "stateFips": "21",
        "countyFips": "229",
        "bbox": [
          -85.40178399984605,
          37.630903000212115,
          -85.00052000032818,
          37.917166999830826
        ]
      },
      "geometry": {
        "type": "Polygon",
        "coordinates": [
          [
            [
              -85.280716999773,
              37.85080299994009
            ],
            [
              -85.27751999988139,
              37.83779899977423
            ],
            [
              -85.29843100013312,
              37.83209599982824
            ],
            [
              -85.3139600003799,
              37.80923399999077
            ],
            [
              -85.30792999974643,
              37.79405800031667
            ],
            [
              -85.33841900015251,
              37.7801259998048
            ],
            [
              -85.35567099965697,
              37.78413899980782
            ],
            [
              -85.345275999718,
              37.762947999725434
            ],
            [
              -85.35295300033944,
              37.75736199989142
            ],
            [
              -85.37471800018572,
              37.764873999686294
            ],
            [
              -85.37332300009278,
              37.73958099992052
            ],
            [
              -85.40178399984605,
              37.73065800009126
            ],
            [
              -85.37415900014396,
              37.70159100026123
            ],
            [
              -85.37363899956196,
              37.673343000324
            ],
            [
              -85.34069700015228,
              37.651423000126904
            ],
            [
              -85.31123899979103,
              37.65177600021384
            ],
            [
              -85.25729800026608,
              37.630903000212115
            ],
            [
              -85.03017199995988,
              37.63126999980688
            ],
            [
              -85.0058150002945,
              37.81661300021006
            ],
            [
              -85.01203400017553,
              37.8171730002881
            ],
            [
              -85.00052000032818,
              37.85472300013357
            ],
            [
              -85.0314559997247,
              37.88159700025612
            ],
            [
              -85.03052799961202,
              37.8915380000627
            ],
            [
              -85.04366400023132,
              37.8861189998232
            ],
            [
              -85.04891499981669,
              37.89862499997369
            ],
            [
              -85.05952200036606,
              37.89042699975602
            ],
            [
              -85.06848100020422,
              37.89604899974725
            ],
            [
              -85.0684879998769,
              37.88568999976113
            ],
            [
              -85.07970899982128,
              37.886635000012724
            ],
            [
              -85.08083199992764,
              37.89499800031492
            ],
            [
              -85.09378600007375,
              37.88783200026766
            ],
            [
              -85.10754299976075,
              37.89312300019669
            ],
            [
              -85.1063359999888,
              37.90941100023502
            ],
            [
              -85.12670499991722,
              37.917166999830826
            ],
            [
              -85.13200699955621,
              37.8994060002547
            ],
            [
              -85.14665299989616,
              37.90119300016022
            ],
            [
              -85.13811300035766,
              37.891875000165534
            ],
            [
              -85.15276100034743,
              37.897679000286175
            ],
            [
              -85.15381800033154,
              37.88557800004081
            ],
            [
              -85.18462200038188,
              37.89241500018535
            ],
            [
              -85.18751399977666,
              37.88364100013659
            ],
            [
              -85.19914499979986,
              37.90176200021385
            ],
            [
              -85.19347699956464,
              37.864277000073656
            ],
            [
              -85.20507499997589,
              37.8641939999509
            ],
            [
              -85.19626500010067,
              37.85629400006796
            ],
            [
              -85.2042530001684,
              37.84645300025034
            ],
            [
              -85.21836600040588,
              37.85425799967956
            ],
            [
              -85.21724400012444,
              37.87153500015169
            ],
            [
              -85.22687499998224,
              37.85517400005852
            ],
            [
              -85.23016800013332,
              37.87062699997865
            ],
            [
              -85.25549999976703,
              37.865767000020355
            ],
            [
              -85.24522399965377,
              37.84710699975483
            ],
            [
              -85.28051500010663,
              37.85139199977054
            ],
            [
              -85.280716999773,
              37.85080299994009
            ]
          ]
        ]
      }
    },
    {
      "type": "Feature",
      "id": "us-county:21:231",
      "properties": {
        "boundary_id": "us-county:21:231",
        "boundary_type": "county",
        "name": "Wayne County",
        "stateFips": "21",
        "countyFips": "231",
        "bbox": [
          -85.0643069997961,
          36.60328999977212,
          -84.57253400020826,
          36.99761200019123
        ]
      },
      "geometry": {
        "type": "Polygon",
        "coordinates": [
          [
            [
              -84.6723119997378,
              36.75844499995414
            ],
            [
              -84.63432800008178,
              36.7688999998263
            ],
            [
              -84.62423899956627,
              36.793633000183284
            ],
            [
              -84.5962769995803,
              36.79920399990744
            ],
            [
              -84.60280099995818,
              36.807395999967774
            ],
            [
              -84.58163600016155,
              36.8035270000667
            ],
            [
              -84.58828600003781,
              36.809730000269056
            ],
            [
              -84.57773399974002,
              36.824952000153935
            ],
            [
              -84.59567900007882,
              36.83819300028676
            ],
            [
              -84.57253400020826,
              36.84629999987051
            ],
            [
              -84.59207700013125,
              36.86108900022992
            ],
            [
              -84.57842199965319,
              36.86413299973514
            ],
            [
              -84.5899260003531,
              36.882589999836995
            ],
            [
              -84.5828780000936,
              36.893203999946444
            ],
            [
              -84.60450300019775,
              36.87991899996602
            ],
            [
              -84.67916500000365,
              36.98091400014803
            ],
            [
              -84.7045419998432,
              36.98213100014484
            ],
            [
              -84.77017200001602,
              36.957734999767275
            ],
            [
              -84.7837939999838,
              36.97848300029303
            ],
            [
              -84.83571199977715,
              36.99761200019123
            ],
            [
              -84.90785899975683,
              36.94544700015412
            ],
            [
              -84.928830000283,
              36.95996000034559
            ],
            [
              -84.94552699994365,
              36.959747000291394
            ],
            [
              -84.96087799991521,
              36.916338000151015
            ],
            [
              -85.0643069997961,
              36.85874299997322
            ],
            [
              -85.05916699964051,
              36.83309700019511
            ],
            [
              -85.02637699966844,
              36.80691199970642
            ],
            [
              -85.00409899981123,
              36.75623699976201
            ],
            [
              -85.02047599980475,
              36.694349999843475
            ],
            [
              -85.00126699979259,
              36.67673999983116
            ],
            [
              -85.00947800034143,
              36.66934399992184
            ],
            [
              -84.99819399974953,
              36.66340099969297
            ],
            [
              -85.00366199996822,
              36.634701999955965
            ],
            [
              -84.98911400043589,
              36.61886899994561
            ],
            [
              -84.77845399981166,
              36.60328999977212
            ],
            [
              -84.67396399974866,
              36.739541999969966
            ],
            [
              -84.68075699974005,
              36.754034000110046
            ],
            [
              -84.6723109999129,
              36.758230000277344
            ],
            [
              -84.6723119997378,
              36.75844499995414
            ]
          ]
        ]
      }
    },
    {
      "type": "Feature",
      "id": "us-county:21:233",
      "properties": {
        "boundary_id": "us-county:21:233",
        "boundary_type": "county",
        "name": "Webster County",
        "stateFips": "21",
        "countyFips": "233",
        "bbox": [
          -87.94395499958169,
          37.35064499972274,
          -87.37617399960052,
          37.64754699971112
        ]
      },
      "geometry": {
        "type": "Polygon",
        "coordinates": [
          [
            [
              -87.59860800036309,
              37.459388000332126
            ],
            [
              -87.49711199980214,
              37.48780200012329
            ],
            [
              -87.37617399960052,
              37.57218199999526
            ],
            [
              -87.39607200024908,
              37.589026000170406
            ],
            [
              -87.48199099998436,
              37.60043399987086
            ],
            [
              -87.49964699971984,
              37.627444999915234
            ],
            [
              -87.49533099991984,
              37.64754699971112
            ],
            [
              -87.73454500018374,
              37.63837599986973
            ],
            [
              -87.94395499958169,
              37.46522499993708
            ],
            [
              -87.92999899970306,
              37.40916700001618
            ],
            [
              -87.91349299983811,
              37.41127199975948
            ],
            [
              -87.90228799978726,
              37.398249999852226
            ],
            [
              -87.8462779996016,
              37.42038800030484
            ],
            [
              -87.84464599968221,
              37.394619000281274
            ],
            [
              -87.85973100041329,
              37.39242099991334
            ],
            [
              -87.8599070001404,
              37.380331999738196
            ],
            [
              -87.84303200020449,
              37.37450000033464
            ],
            [
              -87.81846100027889,
              37.38823300035342
            ],
            [
              -87.81029900013384,
              37.37638300008258
            ],
            [
              -87.80076500036043,
              37.38183299972443
            ],
            [
              -87.81080100027418,
              37.36437499994369
            ],
            [
              -87.82821699981015,
              37.358903000092646
            ],
            [
              -87.81341300018478,
              37.35064499972274
            ],
            [
              -87.60180400042978,
              37.457751999929066
            ],
            [
              -87.59860800036309,
              37.459388000332126
            ]
          ]
        ]
      }
    },
    {
      "type": "Feature",
      "id": "us-county:21:235",
      "properties": {
        "boundary_id": "us-county:21:235",
        "boundary_type": "county",
        "name": "Whitley County",
        "stateFips": "21",
        "countyFips": "235",
        "bbox": [
          -84.3552730001116,
          36.587691000239694,
          -83.87750300025803,
          36.97299500022318
        ]
      },
      "geometry": {
        "type": "Polygon",
        "coordinates": [
          [
            [
              -83.95623399999172,
              36.64549100029263
            ],
            [
              -83.87750300025803,
              36.68725899974342
            ],
            [
              -83.95853399973278,
              36.72724500023128
            ],
            [
              -83.9685460002554,
              36.76092299982662
            ],
            [
              -83.98677100007838,
              36.759032000304515
            ],
            [
              -83.97823800021257,
              36.79721799972186
            ],
            [
              -83.99942200027576,
              36.80069100012342
            ],
            [
              -84.00786800010295,
              36.816796000193534
            ],
            [
              -84.02743299976723,
              36.81855399966745
            ],
            [
              -84.04351199983492,
              36.83875699967226
            ],
            [
              -84.03927999970051,
              36.84854799987985
            ],
            [
              -84.06575500043036,
              36.85396100004868
            ],
            [
              -84.05975400010921,
              36.86860500035654
            ],
            [
              -84.0849700002903,
              36.902188999962476
            ],
            [
              -84.08020000003053,
              36.928017999737584
            ],
            [
              -84.09319699983435,
              36.94328699982582
            ],
            [
              -84.09192399994015,
              36.956127000044894
            ],
            [
              -84.12471399991222,
              36.97030099975123
            ],
            [
              -84.14530799997154,
              36.95631799986577
            ],
            [
              -84.14267799961927,
              36.966023999840296
            ],
            [
              -84.15064499977065,
              36.96748800004084
            ],
            [
              -84.16267500000203,
              36.94217800008301
            ],
            [
              -84.18225599955984,
              36.9391160003238
            ],
            [
              -84.18962699985954,
              36.94760199995018
            ],
            [
              -84.21050200012624,
              36.9472880002203
            ],
            [
              -84.22206200000436,
              36.96033000018931
            ],
            [
              -84.23478099997381,
              36.94096500020807
            ],
            [
              -84.2376310004341,
              36.95112999972001
            ],
            [
              -84.25830099976308,
              36.95429800010683
            ],
            [
              -84.2567249999202,
              36.97299500022318
            ],
            [
              -84.31231300033149,
              36.93063999984452
            ],
            [
              -84.3041050001557,
              36.9117629999654
            ],
            [
              -84.3227350000346,
              36.89577699966068
            ],
            [
              -84.31480200021844,
              36.88259399990905
            ],
            [
              -84.3254089998695,
              36.869648000204606
            ],
            [
              -84.31498200014349,
              36.8573800000165
            ],
            [
              -84.34498199992971,
              36.83975899978706
            ],
            [
              -84.31803300044521,
              36.83376300035827
            ],
            [
              -84.3552730001116,
              36.81309800029643
            ],
            [
              -84.34534500015286,
              36.8060029996895
            ],
            [
              -84.35000599973436,
              36.78068099997259
            ],
            [
              -84.32265200019394,
              36.75866900028194
            ],
            [
              -84.31976900012168,
              36.7097560002927
            ],
            [
              -84.30759800032331,
              36.676809000193344
            ],
            [
              -84.22729199967334,
              36.59204500011414
            ],
            [
              -83.9307619997176,
              36.587691000239694
            ],
            [
              -83.92549699988854,
              36.60499500022986
            ],
            [
              -83.95631900038053,
              36.645433000175224
            ],
            [
              -83.95623399999172,
              36.64549100029263
            ]
          ]
        ]
      }
    },
    {
      "type": "Feature",
      "id": "us-county:21:237",
      "properties": {
        "boundary_id": "us-county:21:237",
        "boundary_type": "county",
        "name": "Wolfe County",
        "stateFips": "21",
        "countyFips": "237",
        "bbox": [
          -83.70797399985102,
          37.6191039996656,
          -83.24277099963096,
          37.861906000066625
        ]
      },
      "geometry": {
        "type": "Polygon",
        "coordinates": [
          [
            [
              -83.39139600035725,
              37.69923700032864
            ],
            [
              -83.34586499977611,
              37.676732000328144
            ],
            [
              -83.29305400003018,
              37.68244899983867
            ],
            [
              -83.24973000020202,
              37.66952599966508
            ],
            [
              -83.25743600023749,
              37.685926999921236
            ],
            [
              -83.24277099963096,
              37.69772499979324
            ],
            [
              -83.28124899992972,
              37.71892099990461
            ],
            [
              -83.28706500030293,
              37.74228800027446
            ],
            [
              -83.3336339997033,
              37.757866000016016
            ],
            [
              -83.32483200022398,
              37.777802000081856
            ],
            [
              -83.33066199994259,
              37.78404700020149
            ],
            [
              -83.3358659996723,
              37.7788360001215
            ],
            [
              -83.3644920001803,
              37.802615999868564
            ],
            [
              -83.38759299966993,
              37.80035700013084
            ],
            [
              -83.38643699995161,
              37.81367499987728
            ],
            [
              -83.43304800008308,
              37.81911199983101
            ],
            [
              -83.45532000009251,
              37.84267900012178
            ],
            [
              -83.48046400030357,
              37.840435999919656
            ],
            [
              -83.4781279996792,
              37.85181400007353
            ],
            [
              -83.49507999960797,
              37.861906000066625
            ],
            [
              -83.51700199981306,
              37.851732999649734
            ],
            [
              -83.52414499960881,
              37.83116699979152
            ],
            [
              -83.5514100003591,
              37.821615000021374
            ],
            [
              -83.58545499978366,
              37.82550399969489
            ],
            [
              -83.59099199959931,
              37.818223000161076
            ],
            [
              -83.60060300026393,
              37.83035700032418
            ],
            [
              -83.62139200031693,
              37.8344030002255
            ],
            [
              -83.70797399985102,
              37.71646299979465
            ],
            [
              -83.61664899982135,
              37.666925000135706
            ],
            [
              -83.52230799965001,
              37.638516000094526
            ],
            [
              -83.49592200040526,
              37.64561700033646
            ],
            [
              -83.4945180000915,
              37.6191039996656
            ],
            [
              -83.45383700013606,
              37.63419900016295
            ],
            [
              -83.43362300001834,
              37.656540000126746
            ],
            [
              -83.42761800039756,
              37.68330199993107
            ],
            [
              -83.39154699996999,
              37.69923400014516
            ],
            [
              -83.39139600035725,
              37.69923700032864
            ]
          ]
        ]
      }
    },
    {
      "type": "Feature",
      "id": "us-county:21:239",
      "properties": {
        "boundary_id": "us-county:21:239",
        "boundary_type": "county",
        "name": "Woodford County",
        "stateFips": "21",
        "countyFips": "239",
        "bbox": [
          -84.86480400044049,
          37.847834999815426,
          -84.62507899981541,
          38.195425999754
        ]
      },
      "geometry": {
        "type": "Polygon",
        "coordinates": [
          [
            [
              -84.62909000001689,
              38.10440499988199
            ],
            [
              -84.62507899981541,
              38.11639699981856
            ],
            [
              -84.65324500001589,
              38.11669499980818
            ],
            [
              -84.64076100022305,
              38.12107700031669
            ],
            [
              -84.64430899974394,
              38.128290999717976
            ],
            [
              -84.63389100023879,
              38.12263899973884
            ],
            [
              -84.64843299992333,
              38.135855000280515
            ],
            [
              -84.63867700039208,
              38.149243999976825
            ],
            [
              -84.6511069997582,
              38.14551699982244
            ],
            [
              -84.65194199998447,
              38.158670999926976
            ],
            [
              -84.64159899992406,
              38.15909199965336
            ],
            [
              -84.65724899964634,
              38.16178200002095
            ],
            [
              -84.64782100017814,
              38.176605999898314
            ],
            [
              -84.670875999637,
              38.17647500026247
            ],
            [
              -84.67794800018596,
              38.18519300005418
            ],
            [
              -84.68429099991556,
              38.17568599975546
            ],
            [
              -84.67727199996835,
              38.16982600009711
            ],
            [
              -84.68971399992839,
              38.1706479998782
            ],
            [
              -84.69013900007583,
              38.18144700026317
            ],
            [
              -84.7075410002664,
              38.17338899974345
            ],
            [
              -84.73118699955407,
              38.1868650003493
            ],
            [
              -84.72516799968957,
              38.195425999754
            ],
            [
              -84.86480400044049,
              38.141373000316996
            ],
            [
              -84.86283600006212,
              38.09258600028384
            ],
            [
              -84.84002400027751,
              38.1004280000297
            ],
            [
              -84.8280779997117,
              38.087703999648355
            ],
            [
              -84.84298900036552,
              38.070005999902435
            ],
            [
              -84.82598800003294,
              38.05498699995417
            ],
            [
              -84.84977899998384,
              38.04798499993331
            ],
            [
              -84.8307940002777,
              38.02942399991476
            ],
            [
              -84.83845199973426,
              38.00970499992686
            ],
            [
              -84.81651899965853,
              37.999116999748445
            ],
            [
              -84.82350400016885,
              37.98338600027989
            ],
            [
              -84.81806000023961,
              37.973390999666094
            ],
            [
              -84.7941139995797,
              37.96786599988728
            ],
            [
              -84.81999299955957,
              37.949951000337954
            ],
            [
              -84.79719900021661,
              37.93395500026681
            ],
            [
              -84.82670899955806,
              37.91710200029634
            ],
            [
              -84.79603500010238,
              37.91641499977507
            ],
            [
              -84.7966769999848,
              37.88705800022042
            ],
            [
              -84.7747890001149,
              37.906468000115446
            ],
            [
              -84.78219999969926,
              37.89206300033306
            ],
            [
              -84.76703500039886,
              37.890279999797016
            ],
            [
              -84.75820500043214,
              37.872334999865345
            ],
            [
              -84.77351500039582,
              37.8619849999723
            ],
            [
              -84.76520400028787,
              37.847834999815426
            ],
            [
              -84.70991800000036,
              37.86195200031827
            ],
            [
              -84.63165699972166,
              38.09674199991019
            ],
            [
              -84.62909000001689,
              38.10440499988199
            ]
          ]
        ]
      }
    },
    {
      "type": "Feature",
      "id": "us-state:21",
      "properties": {
        "boundary_id": "us-state:21",
        "boundary_type": "state",
        "name": "Kentucky",
        "stateFips": "21",
        "bbox": [
          -89.57120299999157,
          36.497057999768,
          -81.96487200021697,
          39.14773200026906
        ]
      },
      "geometry": {
        "type": "MultiPolygon",
        "coordinates": [
          [
            [
              [
                -82.56537899969778,
                37.196098999675094
              ],
              [
                -82.43969399970095,
                37.247123000131076
              ],
              [
                -82.34899999968303,
                37.26797499971382
              ],
              [
                -82.34384100015914,
                37.280738999661146
              ],
              [
                -82.32472500003344,
                37.283041999999156
              ],
              [
                -81.96487200021697,
                37.54293700017519
              ],
              [
                -81.99821299983483,
                37.543317000282414
              ],
              [
                -82.01116899963077,
                37.53288099986063
              ],
              [
                -82.04232099983565,
                37.54822499983329
              ],
              [
                -82.0461549995868,
                37.52793999996349
              ],
              [
                -82.06483499969445,
                37.53719599972553
              ],
              [
                -82.07517899957976,
                37.555853000230556
              ],
              [
                -82.10402600002071,
                37.552872000160214
              ],
              [
                -82.10480799964522,
                37.56019099972058
              ],
              [
                -82.13208500009107,
                37.55236599989434
              ],
              [
                -82.14491399966539,
                37.567654999960595
              ],
              [
                -82.12624000030384,
                37.57373800008394
              ],
              [
                -82.12733999994568,
                37.58654499976845
              ],
              [
                -82.15685100001033,
                37.59272299982097
              ],
              [
                -82.15668299978087,
                37.60896899979851
              ],
              [
                -82.1687749999365,
                37.60907999991336
              ],
              [
                -82.16424599970118,
                37.62029000021313
              ],
              [
                -82.18119799962997,
                37.62151000033543
              ],
              [
                -82.17241200004418,
                37.63263399992357
              ],
              [
                -82.17507500000839,
                37.64783199968656
              ],
              [
                -82.19111600044126,
                37.64458599998378
              ],
              [
                -82.18722800026342,
                37.626984000167994
              ],
              [
                -82.21449899996317,
                37.62540000009962
              ],
              [
                -82.21684800010804,
                37.64159799972474
              ],
              [
                -82.23606600034103,
                37.65963400006753
              ],
              [
                -82.25806800001374,
                37.656883000148206
              ],
              [
                -82.28248599977847,
                37.67592500028076
              ],
              [
                -82.28811899985358,
                37.66810799967733
              ],
              [
                -82.30431400027221,
                37.676092999901336
              ],
              [
                -82.29637499970994,
                37.70218499969892
              ],
              [
                -82.33417400031635,
                37.7427709997678
              ],
              [
                -82.31154499993153,
                37.76457900029905
              ],
              [
                -82.33338000009796,
                37.764413999936075
              ],
              [
                -82.3238859996092,
                37.774995000007735
              ],
              [
                -82.33746499991928,
                37.774913999755775
              ],
              [
                -82.34008600005072,
                37.78562500008821
              ],
              [
                -82.37664100017695,
                37.802206999661465
              ],
              [
                -82.38672499977129,
                37.81822499990734
              ],
              [
                -82.4013219997074,
                37.80951200017593
              ],
              [
                -82.39934599983144,
                37.829523000106185
              ],
              [
                -82.42049300008472,
                37.84643299979447
              ],
              [
                -82.41470900039688,
                37.85596999979562
              ],
              [
                -82.4246230001119,
                37.86144900021629
              ],
              [
                -82.40751299999935,
                37.86729699987028
              ],
              [
                -82.41755999978375,
                37.870278999726374
              ],
              [
                -82.41992900002012,
                37.88486999979136
              ],
              [
                -82.46299099990746,
                37.91481999967379
              ],
              [
                -82.47440699984551,
                37.89995499983944
              ],
              [
                -82.47557400033278,
                37.911842999754896
              ],
              [
                -82.4883460000057,
                37.91772399966829
              ],
              [
                -82.48065699968869,
                37.926168999848045
              ],
              [
                -82.50219800012727,
                37.933051999823434
              ],
              [
                -82.48927699959312,
                37.93821699983847
              ],
              [
                -82.49757099998264,
                37.945951999990896
              ],
              [
                -82.47177499984343,
                37.95873899981253
              ],
              [
                -82.4844310000637,
                37.970921000162264
              ],
              [
                -82.46885099976329,
                37.973229999867236
              ],
              [
                -82.46456599992543,
                37.983876000125235
              ],
              [
                -82.48359400018761,
                37.98384400035372
              ],
              [
                -82.48865499980221,
                37.998911999999386
              ],
              [
                -82.51919299971375,
                38.00113100021149
              ],
              [
                -82.54984899962608,
                38.06945200033846
              ],
              [
                -82.58335699964853,
                38.09003200016795
              ],
              [
                -82.58700600035009,
                38.108663999884484
              ],
              [
                -82.61922800005955,
                38.12053999984253
              ],
              [
                -82.6218349999473,
                38.13329100024905
              ],
              [
                -82.63657300034872,
                38.13802000009351
              ],
              [
                -82.64453899977686,
                38.165248999980236
              ],
              [
                -82.6116009996668,
                38.17133899988268
              ],
              [
                -82.59829500006651,
                38.21736100003376
              ],
              [
                -82.61221599978505,
                38.23629699975952
              ],
              [
                -82.60462500027563,
                38.247662000346864
              ],
              [
                -82.58331700036388,
                38.246793000022976
              ],
              [
                -82.57451800035929,
                38.264505000066166
              ],
              [
                -82.58303500033158,
                38.29680699999028
              ],
              [
                -82.57175599976256,
                38.31719499990262
              ],
              [
                -82.59812099998925,
                38.34593300029432
              ],
              [
                -82.59340900035413,
                38.42188000016797
              ],
              [
                -82.60364600010932,
                38.45922299975889
              ],
              [
                -82.61260400012257,
                38.47355600013587
              ],
              [
                -82.65769399976442,
                38.49742599983704
              ],
              [
                -82.69828500020648,
                38.543770000003654
              ],
              [
                -82.72790500005111,
                38.55887099984414
              ],
              [
                -82.79587099995,
                38.5618099998867
              ],
              [
                -82.84247200003573,
                38.5889099998251
              ],
              [
                -82.86038300003933,
                38.66288199974273
              ],
              [
                -82.87749300015186,
                38.68946500022369
              ],
              [
                -82.86987300033013,
                38.7277740002258
              ],
              [
                -82.87954000017292,
                38.751297999809054
              ],
              [
                -82.9209190000873,
                38.75091699972174
              ],
              [
                -82.97737100013885,
                38.726191999810325
              ],
              [
                -83.02770999971625,
                38.72715599968669
              ],
              [
                -83.06218000018656,
                38.68966900002736
              ],
              [
                -83.11238400004476,
                38.67162300010311
              ],
              [
                -83.15097899962106,
                38.61997999986643
              ],
              [
                -83.20436400037565,
                38.616774999691735
              ],
              [
                -83.24566399974897,
                38.628564000093924
              ],
              [
                -83.2931810002518,
                38.59671399977152
              ],
              [
                -83.31658700023826,
                38.60800400017107
              ],
              [
                -83.32774299988532,
                38.63783099979038
              ],
              [
                -83.36277499987213,
                38.657219999722095
              ],
              [
                -83.46771000017401,
                38.67534800024088
              ],
              [
                -83.5208830003182,
                38.70306199979134
              ],
              [
                -83.62552999984169,
                38.67887599970664
              ],
              [
                -83.64784200003412,
                38.632404000187265
              ],
              [
                -83.66839500008555,
                38.62645300004987
              ],
              [
                -83.76911999999434,
                38.6550750001899
              ],
              [
                -83.78446299956998,
                38.69672300011988
              ],
              [
                -83.83675899965509,
                38.71771800022875
              ],
              [
                -83.84889099999371,
                38.747476999682746
              ],
              [
                -83.86940700023524,
                38.761300999917815
              ],
              [
                -83.96236699965903,
                38.787521000045665
              ],
              [
                -84.07077900023504,
                38.770413999805214
              ],
              [
                -84.21311499986176,
                38.80583500031143
              ],
              [
                -84.23186399956639,
                38.83271999992358
              ],
              [
                -84.23433999993286,
                38.893265000060666
              ],
              [
                -84.28877699975037,
                38.95564399966273
              ],
              [
                -84.30607400035895,
                39.00775300028295
              ],
              [
                -84.3475989998632,
                39.03758000020145
              ],
              [
                -84.42638900004641,
                39.05313400010749
              ],
              [
                -84.4351599995636,
                39.10036199990123
              ],
              [
                -84.45253400016507,
                39.11923900009999
              ],
              [
                -84.47579700003641,
                39.11993800017462
              ],
              [
                -84.51033799975352,
                39.09387299981951
              ],
              [
                -84.55081600021768,
                39.09954800021937
              ],
              [
                -84.57190599967123,
                39.082429999815595
              ],
              [
                -84.61834299972541,
                39.07330399997802
              ],
              [
                -84.68647799967871,
                39.10110900014527
              ],
              [
                -84.7198960001878,
                39.13788999968318
              ],
              [
                -84.74996899976895,
                39.14773200026906
              ],
              [
                -84.78776800037535,
                39.11531299988185
              ],
              [
                -84.83243500041792,
                39.10048900028186
              ],
              [
                -84.89737099993147,
                39.057400000345616
              ],
              [
                -84.83004899956481,
                38.97256000034561
              ],
              [
                -84.83425200028522,
                38.958771000313554
              ],
              [
                -84.87691999998727,
                38.921668999730855
              ],
              [
                -84.87724700022541,
                38.90941300002321
              ],
              [
                -84.86663499965317,
                38.89880499975872
              ],
              [
                -84.81216000020082,
                38.8949800000884
              ],
              [
                -84.78527500029044,
                38.88042500014305
              ],
              [
                -84.7915240003087,
                38.859973999720914
              ],
              [
                -84.83004500026516,
                38.83013999976505
              ],
              [
                -84.81381899988438,
                38.78507500000066
              ],
              [
                -84.88742100023143,
                38.79483100000277
              ],
              [
                -84.94111900008215,
                38.775687999651474
              ],
              [
                -84.99192399981487,
                38.77828400004059
              ],
              [
                -85.173161000238,
                38.68800700032452
              ],
              [
                -85.2130529999979,
                38.69545300010459
              ],
              [
                -85.24645499971516,
                38.73174600019687
              ],
              [
                -85.27237600042614,
                38.74074000032162
              ],
              [
                -85.36444700009531,
                38.730428999783285
              ],
              [
                -85.4141439997903,
                38.73685900016432
              ],
              [
                -85.43594700016969,
                38.72870999968071
              ],
              [
                -85.45178400038806,
                38.71014999970969
              ],
              [
                -85.4567229998039,
                38.6863570003242
              ],
              [
                -85.4386290004005,
                38.65888999988254
              ],
              [
                -85.4380440004195,
                38.60454700002489
              ],
              [
                -85.41565299968605,
                38.56320900019152
              ],
              [
                -85.41953199964304,
                38.53533000009361
              ],
              [
                -85.46968899964557,
                38.508012000107456
              ],
              [
                -85.50570700036968,
                38.46471700027087
              ],
              [
                -85.58275299958223,
                38.451042999855446
              ],
              [
                -85.60695399961197,
                38.438574000324444
              ],
              [
                -85.63183300040747,
                38.39842700014198
              ],
              [
                -85.65226400026016,
                38.328791999955534
              ],
              [
                -85.6799619997572,
                38.29758499994396
              ],
              [
                -85.74347499958873,
                38.2672940002924
              ],
              [
                -85.78118799998141,
                38.28830699993467
              ],
              [
                -85.82906500033437,
                38.276554000335395
              ],
              [
                -85.84359899962298,
                38.232178999998965
              ],
              [
                -85.8826660001007,
                38.20084700018059
              ],
              [
                -85.90618000004221,
                38.16790599998216
              ],
              [
                -85.90505199991297,
                38.08995700027748
              ],
              [
                -85.92565400036823,
                38.021784000066916
              ],
              [
                -85.94650899964513,
                38.00522800029667
              ],
              [
                -86.03035799979313,
                37.99205699982292
              ],
              [
                -86.03890599972753,
                37.958989999720814
              ],
              [
                -86.05110500001331,
                37.961255000300866
              ],
              [
                -86.0738580002467,
                37.99551099977631
              ],
              [
                -86.09460200009384,
                38.008809000142975
              ],
              [
                -86.12532900015131,
                38.01624000004613
              ],
              [
                -86.17817800043036,
                38.01056099990014
              ],
              [
                -86.26780500041845,
                38.057148000352726
              ],
              [
                -86.27855400035972,
                38.08641799969473
              ],
              [
                -86.27284699976643,
                38.14083500034002
              ],
              [
                -86.29281999985974,
                38.16247900013197
              ],
              [
                -86.35977200033055,
                38.19883999981273
              ],
              [
                -86.37601299988162,
                38.19066300013297
              ],
              [
                -86.37672799955897,
                38.16974299993297
              ],
              [
                -86.32587400032075,
                38.15402900009106
              ],
              [
                -86.32512000028535,
                38.136338999682295
              ],
              [
                -86.33867100010801,
                38.127881999848476
              ],
              [
                -86.38076800007278,
                38.12901799996428
              ],
              [
                -86.40187900034104,
                38.10432899966988
              ],
              [
                -86.43234399955934,
                38.12633599974951
              ],
              [
                -86.461241000229,
                38.12092599987577
              ],
              [
                -86.46468199961976,
                38.10250799989158
              ],
              [
                -86.43233000021395,
                38.08480200015778
              ],
              [
                -86.43392299977528,
                38.06570499980085
              ],
              [
                -86.45977300034116,
                38.0481289998142
              ],
              [
                -86.51590700037538,
                38.04309799996685
              ],
              [
                -86.52513800020009,
                38.02873400017527
              ],
              [
                -86.52493700035865,
                37.96649499998569
              ],
              [
                -86.5073409999993,
                37.929504999756155
              ],
              [
                -86.53383599992235,
                37.91715099993982
              ],
              [
                -86.58868700001665,
                37.92108999973255
              ],
              [
                -86.60012600041924,
                37.90517099973628
              ],
              [
                -86.59819400002588,
                37.86716300020434
              ],
              [
                -86.63827900012966,
                37.84269000004641
              ],
              [
                -86.65523299970826,
                37.8424809997792
              ],
              [
                -86.66224099978481,
                37.852849999818126
              ],
              [
                -86.64425699998627,
                37.89651700015946
              ],
              [
                -86.64785300008604,
                37.909387000347394
              ],
              [
                -86.68078799982305,
                37.91503500016901
              ],
              [
                -86.71743599983569,
                37.8935039999922
              ],
              [
                -86.73254499995791,
                37.894767999855034
              ],
              [
                -86.77783899981426,
                37.951687999727156
              ],
              [
                -86.79496499982032,
                37.98921299998626
              ],
              [
                -86.8196889999068,
                37.999422000162
              ],
              [
                -86.86091399983535,
                37.98436799972383
              ],
              [
                -86.9189219996383,
                37.93683699984885
              ],
              [
                -86.97617999960381,
                37.93111200017789
              ],
              [
                -87.03416599966543,
                37.90626499984644
              ],
              [
                -87.0458779998795,
                37.8926459997719
              ],
              [
                -87.04324000002963,
                37.86836799986866
              ],
              [
                -87.06541400012979,
                37.80761399972546
              ],
              [
                -87.11072999972745,
                37.782418000213276
              ],
              [
                -87.13006799961103,
                37.78677899978493
              ],
              [
                -87.1617040004129,
                37.8397639998726
              ],
              [
                -87.22026000038693,
                37.84897099976983
              ],
              [
                -87.29865499966164,
                37.89613399989328
              ],
              [
                -87.41199099958486,
                37.944503000188874
              ],
              [
                -87.44913099969212,
                37.94185400030471
              ],
              [
                -87.51056700026366,
                37.90608100020116
              ],
              [
                -87.55604500024303,
                37.928167999771844
              ],
              [
                -87.57751100033855,
                37.95166100032248
              ],
              [
                -87.57780900026437,
                37.97019800001465
              ],
              [
                -87.597763999916,
                37.973896999972204
              ],
              [
                -87.62731699981347,
                37.92040199970617
              ],
              [
                -87.58392500021324,
                37.87248499973095
              ],
              [
                -87.61244600024095,
                37.833608000039554
              ],
              [
                -87.64416099978723,
                37.82618900028861
              ],
              [
                -87.67941100023222,
                37.83652500018301
              ],
              [
                -87.6816840002091,
                37.85627300008691
              ],
              [
                -87.66403299959818,
                37.88747700013396
              ],
              [
                -87.67501099986832,
                37.901642999724324
              ],
              [
                -87.75923900013301,
                37.89166199993493
              ],
              [
                -87.79142900005542,
                37.87566099996858
              ],
              [
                -87.82977299956156,
                37.87642499990733
              ],
              [
                -87.87502499958512,
                37.92286399978903
              ],
              [
                -87.90386399963015,
                37.92553699985401
              ],
              [
                -87.9409769999732,
                37.87947299969348
              ],
              [
                -87.90996700005853,
                37.84302799970372
              ],
              [
                -87.90737500023943,
                37.80712899990728
              ],
              [
                -87.93412899973023,
                37.79641399969101
              ],
              [
                -87.9518399997173,
                37.7716949999038
              ],
              [
                -88.00471499993564,
                37.80010399968045
              ],
              [
                -88.02984999992587,
                37.79825199971696
              ],
              [
                -88.05933300040145,
                37.742967000042775
              ],
              [
                -88.12152200028518,
                37.710242999686514
              ],
              [
                -88.15915699996174,
                37.66261099965086
              ],
              [
                -88.140589999832,
                37.58482999986692
              ],
              [
                -88.06901100011491,
                37.52539900009512
              ],
              [
                -88.06111400028374,
                37.50412200014892
              ],
              [
                -88.06784399962763,
                37.485866999793465
              ],
              [
                -88.0854569997054,
                37.47156399971773
              ],
              [
                -88.28163099982326,
                37.45272899970614
              ],
              [
                -88.32363300025176,
                37.43399200023605
              ],
              [
                -88.36446499981993,
                37.4017359998214
              ],
              [
                -88.41211399966893,
                37.42506100028926
              ],
              [
                -88.45281300006603,
                37.41093999970019
              ],
              [
                -88.47528300044222,
                37.38985700020114
              ],
              [
                -88.48468300032133,
                37.3452339997434
              ],
              [
                -88.51590300029827,
                37.28409099980686
              ],
              [
                -88.50394199966387,
                37.26478699973204
              ],
              [
                -88.51141000004796,
                37.26147699991525
              ],
              [
                -88.4480379997834,
                37.203642000108594
              ],
              [
                -88.4246569999113,
                37.15229100011472
              ],
              [
                -88.45994099979318,
                37.074627999752195
              ],
              [
                -88.51668599974768,
                37.065383999671944
              ],
              [
                -88.56650999966429,
                37.07537400018243
              ],
              [
                -88.61868899957354,
                37.11676800035533
              ],
              [
                -88.69260800011298,
                37.14110499966903
              ],
              [
                -88.732499000048,
                37.14394500016213
              ],
              [
                -88.80260599967929,
                37.18773600033486
              ],
              [
                -88.93151299968208,
                37.227427000265436
              ],
              [
                -89.00006500028522,
                37.224759999742986
              ],
              [
                -89.08671200011665,
                37.16545100021481
              ],
              [
                -89.10949999961181,
                37.12309299982706
              ],
              [
                -89.16707899996769,
                37.07540900021831
              ],
              [
                -89.18246699974915,
                37.03916399994319
              ],
              [
                -89.17017299992713,
                37.007067000023454
              ],
              [
                -89.13655899959947,
                36.98375799965032
              ],
              [
                -89.11094599975837,
                36.97779700012969
              ],
              [
                -89.09898300037246,
                36.95822200017865
              ],
              [
                -89.117115000309,
                36.88868499997976
              ],
              [
                -89.1381090004014,
                36.847322999829345
              ],
              [
                -89.17044300026387,
                36.84183999971942
              ],
              [
                -89.17920100026058,
                36.82989599967288
              ],
              [
                -89.17056299991447,
                36.797537999702605
              ],
              [
                -89.12438000030349,
                36.785825999726235
              ],
              [
                -89.11820200043034,
                36.762325999803046
              ],
              [
                -89.12596700001703,
                36.75180900030502
              ],
              [
                -89.17288699994499,
                36.75877100002169
              ],
              [
                -89.20055199983004,
                36.73256699990057
              ],
              [
                -89.19931099972291,
                36.715624000351355
              ],
              [
                -89.17046199963212,
                36.69004800004582
              ],
              [
                -89.17188400038755,
                36.67259800018542
              ],
              [
                -89.1591179996641,
                36.66635399980873
              ],
              [
                -89.19775300032168,
                36.62897099995553
              ],
              [
                -89.21387400022216,
                36.57991099968418
              ],
              [
                -89.23630799971502,
                36.566881000266314
              ],
              [
                -89.26954600029904,
                36.56971600034299
              ],
              [
                -89.32626399959105,
                36.63184000014734
              ],
              [
                -89.36579700022409,
                36.6251259997737
              ],
              [
                -89.41727499980136,
                36.49901100006517
              ],
              [
                -89.30102200036902,
                36.507232999929265
              ],
              [
                -88.05329299972223,
                36.497057999768
              ],
              [
                -88.03906900005501,
                36.51078400024297
              ],
              [
                -88.03264900033253,
                36.54209499967216
              ],
              [
                -88.07054099992705,
                36.678255000030305
              ],
              [
                -87.84954399998848,
                36.66369499989132
              ],
              [
                -87.85331900018842,
                36.63316000004165
              ],
              [
                -86.58990600038246,
                36.65244300028608
              ],
              [
                -86.56390900040181,
                36.633561999649594
              ],
              [
                -86.54994299957913,
                36.644759000305335
              ],
              [
                -86.49342799977839,
                36.65224000035151
              ],
              [
                -85.67652999968895,
                36.61822299967597
              ],
              [
                -85.18627000019478,
                36.625207999664475
              ],
              [
                -84.83003500021943,
                36.60453599980074
              ],
              [
                -83.69078900029375,
                36.582596000286436
              ],
              [
                -83.64770300011695,
                36.623082999979374
              ],
              [
                -83.57731600010317,
                36.64149599965045
              ],
              [
                -83.53014599992996,
                36.666049000250624
              ],
              [
                -83.42471299968567,
                36.667340000342314
              ],
              [
                -83.3097110004062,
                36.710638999963685
              ],
              [
                -83.19483899992476,
                36.73944799986055
              ],
              [
                -83.1351199996614,
                36.742629000001706
              ],
              [
                -83.1255730003675,
                36.76162300035308
              ],
              [
                -83.13323099982408,
                36.78458499986643
              ],
              [
                -83.10433099967966,
                36.803997000243065
              ],
              [
                -83.10193600040236,
                36.82823800011336
              ],
              [
                -83.0751719999675,
                36.8407280002749
              ],
              [
                -83.07283600024142,
                36.8544569999339
              ],
              [
                -83.00746299998656,
                36.84748300021682
              ],
              [
                -82.8790799998654,
                36.88925500035284
              ],
              [
                -82.8679779997467,
                36.90004800021222
              ],
              [
                -82.87737900034904,
                36.908471000037295
              ],
              [
                -82.85766499982351,
                36.9286690001736
              ],
              [
                -82.8557349999783,
                36.95381800031728
              ],
              [
                -82.87010799960846,
                36.96497799993794
              ],
              [
                -82.86746700028387,
                36.97804899972205
              ],
              [
                -82.8372749999787,
                36.987280000256746
              ],
              [
                -82.82872000037159,
                37.00579800003404
              ],
              [
                -82.78286300027554,
                37.00782100025541
              ],
              [
                -82.75947900003038,
                37.02725500027015
              ],
              [
                -82.74786200025088,
                37.024424999896695
              ],
              [
                -82.74275899990519,
                37.04279599999093
              ],
              [
                -82.72236800023545,
                37.04506800014132
              ],
              [
                -82.7214130003586,
                37.12082999991259
              ],
              [
                -82.63338099958169,
                37.154418000024435
              ],
              [
                -82.56561499969933,
                37.19593899975831
              ],
              [
                -82.56537899969778,
                37.196098999675094
              ]
            ]
          ],
          [
            [
              [
                -89.57120299999157,
                36.55214200030341
              ],
              [
                -89.53923200035227,
                36.49793399994869
              ],
              [
                -89.48542700037142,
                36.49749099991454
              ],
              [
                -89.46591299986243,
                36.5300150002719
              ],
              [
                -89.47286099966452,
                36.55883999965504
              ],
              [
                -89.48810600022918,
                36.57292500018443
              ],
              [
                -89.54261599984163,
                36.58070300033517
              ],
              [
                -89.57113799969424,
                36.553778999927715
              ],
              [
                -89.57120299999157,
                36.55214200030341
              ]
            ]
          ]
        ]
      }
    }
  ]
}
