{
  "type": "FeatureCollection",
  "features": [
    {
      "type": "Feature",
      "id": "us-cd:119:12:01",
      "properties": {
        "boundary_id": "us-cd:119:12:01",
        "boundary_type": "congressional_district",
        "name": "1",
        "stateFips": "12",
        "congress": 119,
        "district": "01",
        "bbox": [
          -87.6348710004113,
          30.12552999984394,
          -86.08808299973884,
          30.997455000007868
        ]
      },
      "geometry": {
        "type": "Polygon",
        "coordinates": [
          [
            [
              -87.6348710004113,
              30.866343999700643
            ],
            [
              -87.61524499974931,
              30.834209999899794
            ],
            [
              -87.54543199984587,
              30.779388999954094
            ],
            [
              -87.5325570002408,
              30.743198999816062
            ],
            [
              -87.48127799995684,
              30.71700199967483
            ],
            [
              -87.46808500033444,
              30.700208000277758
            ],
            [
              -87.40647399986071,
              30.67514599983365
            ],
            [
              -87.39433599967428,
              30.645611999995182
            ],
            [
              -87.39665499968193,
              30.60887600005478
            ],
            [
              -87.45037099997434,
              30.514462000223308
            ],
            [
              -87.43097799983917,
              30.498295000028243
            ],
            [
              -87.43557800021959,
              30.4804959998189
            ],
            [
              -87.42507799980037,
              30.46559599987408
            ],
            [
              -87.37076800020444,
              30.446864999983916
            ],
            [
              -87.3665910003216,
              30.436648000151155
            ],
            [
              -87.40297700039345,
              30.410398000105733
            ],
            [
              -87.42957799972338,
              30.406497999890867
            ],
            [
              -87.4610780000828,
              30.33530000006516
            ],
            [
              -87.50470099966174,
              30.324039000182704
            ],
            [
              -87.49997999980577,
              30.306200999836825
            ],
            [
              -87.45007800007136,
              30.3110999998076
            ],
            [
              -87.45237799981243,
              30.300200999670523
            ],
            [
              -87.51838000042925,
              30.283901000322754
            ],
            [
              -87.51837000038348,
              30.12552999984394
            ],
            [
              -87.30280999980317,
              30.168300000209484
            ],
            [
              -87.17691999976692,
              30.172809999753962
            ],
            [
              -86.85559999960248,
              30.227920000301665
            ],
            [
              -86.68765000030972,
              30.244819999772567
            ],
            [
              -86.38501000025292,
              30.225219999711033
            ],
            [
              -86.18038000026213,
              30.171990000219445
            ],
            [
              -86.17982299987023,
              30.375105000359735
            ],
            [
              -86.1519200003338,
              30.435687000226807
            ],
            [
              -86.11832699992253,
              30.472093999757423
            ],
            [
              -86.12282699984557,
              30.486643000385897
            ],
            [
              -86.10820300014524,
              30.486536999951866
            ],
            [
              -86.10797800001434,
              30.530551000291275
            ],
            [
              -86.08831700009058,
              30.53035700012577
            ],
            [
              -86.08808299973884,
              30.55974800002906
            ],
            [
              -86.10729500012403,
              30.56006699993591
            ],
            [
              -86.12247799986609,
              30.676654000299266
            ],
            [
              -86.13112399970981,
              30.67686299983672
            ],
            [
              -86.13108400042515,
              30.692923999753884
            ],
            [
              -86.15572499977266,
              30.70104400032264
            ],
            [
              -86.14858100015198,
              30.706227000007267
            ],
            [
              -86.15223900017604,
              30.721112000080687
            ],
            [
              -86.16733999990232,
              30.73142599965067
            ],
            [
              -86.1486389998783,
              30.734089999959085
            ],
            [
              -86.14815699982945,
              30.749753999818047
            ],
            [
              -86.13507600036004,
              30.746099999752484
            ],
            [
              -86.13258400010005,
              30.755040999680777
            ],
            [
              -86.15493499975221,
              30.767529000074532
            ],
            [
              -86.14329000038362,
              30.7754630002894
            ],
            [
              -86.14298400006187,
              30.790364999969363
            ],
            [
              -86.11999499982693,
              30.787437999789613
            ],
            [
              -86.11545499972094,
              30.861912999927274
            ],
            [
              -86.13706800012955,
              30.925321999729015
            ],
            [
              -86.1327220001923,
              30.99331499992935
            ],
            [
              -87.59882900029604,
              30.997455000007868
            ],
            [
              -87.59093300028977,
              30.95351300014803
            ],
            [
              -87.63485100031978,
              30.866536000113488
            ],
            [
              -87.6348710004113,
              30.866343999700643
            ]
          ]
        ]
      }
    },
    {
      "type": "Feature",
      "id": "us-cd:119:12:02",
      "properties": {
        "boundary_id": "us-cd:119:12:02",
        "boundary_type": "congressional_district",
        "name": "2",
        "stateFips": "12",
        "congress": 119,
        "district": "02",
        "bbox": [
          -86.1805610000121,
          29.435980000261793,
          -83.1709690003311,
          31.000883999659987
        ]
      },
      "geometry": {
        "type": "Polygon",
        "coordinates": [
          [
            [
              -86.1805610000121,
              30.37012699969328
            ],
            [
              -86.18038000026213,
              30.171990000219445
            ],
            [
              -86.03131000019525,
              30.11751000017508
            ],
            [
              -85.93114000013023,
              30.06696000017842
            ],
            [
              -85.80356000044829,
              29.978159999698324
            ],
            [
              -85.70979000001427,
              29.935839999693314
            ],
            [
              -85.58962000009178,
              29.83755999976237
            ],
            [
              -85.57776999978546,
              29.748369999761966
            ],
            [
              -85.54458999982606,
              29.653499999727106
            ],
            [
              -85.5072299996108,
              29.59126999975638
            ],
            [
              -85.46760999983744,
              29.54865999964458
            ],
            [
              -85.42401999987048,
              29.52171999971211
            ],
            [
              -85.36566999976078,
              29.506160000357994
            ],
            [
              -85.31365999990592,
              29.507929999734365
            ],
            [
              -85.25966999997716,
              29.524809999807545
            ],
            [
              -85.12383000024089,
              29.450739999637264
            ],
            [
              -85.0510000003709,
              29.435980000261793
            ],
            [
              -84.8963599999781,
              29.47120999996191
            ],
            [
              -84.79731999969212,
              29.522049999677503
            ],
            [
              -84.70712000031693,
              29.553740000105325
            ],
            [
              -84.65276999963973,
              29.585500000119165
            ],
            [
              -84.58868000022309,
              29.640739999612876
            ],
            [
              -84.47451999994428,
              29.687729999786754
            ],
            [
              -84.41995000005734,
              29.74695999998187
            ],
            [
              -84.3232699997869,
              29.748090000199866
            ],
            [
              -84.25922999970068,
              29.768150000250163
            ],
            [
              -84.2179400003731,
              29.796600000218078
            ],
            [
              -84.18998000003695,
              29.830379999938987
            ],
            [
              -84.17023999957216,
              29.87132999966915
            ],
            [
              -84.16079700003534,
              29.92126599992755
            ],
            [
              -84.0649200002041,
              29.94007999984613
            ],
            [
              -83.97264000029756,
              29.886419999875578
            ],
            [
              -83.91900000017314,
              29.84193999987546
            ],
            [
              -83.83029000042713,
              29.819720000015636
            ],
            [
              -83.7849499996417,
              29.79381999990193
            ],
            [
              -83.7100700002759,
              29.64918999998297
            ],
            [
              -83.6753899997433,
              29.61707999969284
            ],
            [
              -83.58206999957108,
              29.5633200001093
            ],
            [
              -83.57540600034945,
              29.527002999705328
            ],
            [
              -83.41544099985309,
              29.665538999793576
            ],
            [
              -83.39963200012214,
              29.67396800005981
            ],
            [
              -83.3628150000551,
              29.66876499964724
            ],
            [
              -83.34567599963022,
              29.74348999973506
            ],
            [
              -83.3194619999146,
              29.778328000272698
            ],
            [
              -83.31885900039023,
              29.82262300014612
            ],
            [
              -83.35286000033219,
              29.822222000059842
            ],
            [
              -83.35298599983057,
              29.887859000098906
            ],
            [
              -83.37089000016148,
              29.887934000167842
            ],
            [
              -83.36844999978003,
              30.12867199963122
            ],
            [
              -83.29258000037727,
              30.129200000074935
            ],
            [
              -83.28305999994924,
              30.252910000169923
            ],
            [
              -83.23695400033117,
              30.26162800005183
            ],
            [
              -83.23300699970378,
              30.292019999824912
            ],
            [
              -83.2099239997575,
              30.311877999719087
            ],
            [
              -83.21255099973672,
              30.345851000000206
            ],
            [
              -83.19024699994023,
              30.351876999755746
            ],
            [
              -83.19286899989656,
              30.37403200008545
            ],
            [
              -83.1709690003311,
              30.3852250000161
            ],
            [
              -83.18027999962344,
              30.41053900026378
            ],
            [
              -83.2061629998013,
              30.412141000317174
            ],
            [
              -83.2222080004321,
              30.42353100017125
            ],
            [
              -83.2177229996794,
              30.464058000351567
            ],
            [
              -83.24376599969081,
              30.473132000090626
            ],
            [
              -83.24612099968346,
              30.51259900032609
            ],
            [
              -83.23893799970472,
              30.518021999831124
            ],
            [
              -83.26085499988693,
              30.55295899980819
            ],
            [
              -83.25647899981249,
              30.586942000099995
            ],
            [
              -83.27564699981674,
              30.62872499985088
            ],
            [
              -84.8646930001124,
              30.711541999938845
            ],
            [
              -84.89612200032671,
              30.75059100006952
            ],
            [
              -84.91432200003533,
              30.753590999633786
            ],
            [
              -84.93742400024819,
              30.820889000165955
            ],
            [
              -84.92566500017844,
              30.842684999967236
            ],
            [
              -84.93982400044668,
              30.87258800027872
            ],
            [
              -84.93442400000005,
              30.883587999848313
            ],
            [
              -84.98312700035844,
              30.93478599993984
            ],
            [
              -84.98112700019303,
              30.96338599962253
            ],
            [
              -85.00573400010364,
              30.97590800024934
            ],
            [
              -85.00190000035249,
              31.000680999895565
            ],
            [
              -85.24363199991734,
              31.000883999659987
            ],
            [
              -86.1327220001923,
              30.99331499992935
            ],
            [
              -86.13706800012955,
              30.925321999729015
            ],
            [
              -86.11545499972094,
              30.861912999927274
            ],
            [
              -86.11999499982693,
              30.787437999789613
            ],
            [
              -86.14298400006187,
              30.790364999969363
            ],
            [
              -86.14329000038362,
              30.7754630002894
            ],
            [
              -86.15493499975221,
              30.767529000074532
            ],
            [
              -86.13258400010005,
              30.755040999680777
            ],
            [
              -86.13507600036004,
              30.746099999752484
            ],
            [
              -86.14815699982945,
              30.749753999818047
            ],
            [
              -86.1486389998783,
              30.734089999959085
            ],
            [
              -86.16733999990232,
              30.73142599965067
            ],
            [
              -86.15223900017604,
              30.721112000080687
            ],
            [
              -86.14858100015198,
              30.706227000007267
            ],
            [
              -86.15572499977266,
              30.70104400032264
            ],
            [
              -86.13108400042515,
              30.692923999753884
            ],
            [
              -86.13112399970981,
              30.67686299983672
            ],
            [
              -86.12247799986609,
              30.676654000299266
            ],
            [
              -86.10729500012403,
              30.56006699993591
            ],
            [
              -86.08808299973884,
              30.55974800002906
            ],
            [
              -86.08831700009058,
              30.53035700012577
            ],
            [
              -86.10797800001434,
              30.530551000291275
            ],
            [
              -86.10820300014524,
              30.486536999951866
            ],
            [
              -86.12282699984557,
              30.486643000385897
            ],
            [
              -86.11832699992253,
              30.472093999757423
            ],
            [
              -86.1519200003338,
              30.435687000226807
            ],
            [
              -86.18050800030866,
              30.370946999694983
            ],
            [
              -86.1805610000121,
              30.37012699969328
            ]
          ]
        ]
      }
    },
    {
      "type": "Feature",
      "id": "us-cd:119:12:03",
      "properties": {
        "boundary_id": "us-cd:119:12:03",
        "boundary_type": "congressional_district",
        "name": "3",
        "stateFips": "12",
        "congress": 119,
        "district": "03",
        "bbox": [
          -83.57540600034945,
          28.960196999665808,
          -82.0461119999291,
          30.634405999972387
        ]
      },
      "geometry": {
        "type": "Polygon",
        "coordinates": [
          [
            [
              -83.57540600034945,
              29.527002999705328
            ],
            [
              -83.56450000004934,
              29.45927999974202
            ],
            [
              -83.5334299998602,
              29.408460000285952
            ],
            [
              -83.35722999966055,
              29.291700000094412
            ],
            [
              -83.33042000009326,
              29.21186000026181
            ],
            [
              -83.29872999976301,
              29.178029999814296
            ],
            [
              -83.26208000010054,
              29.155719999818775
            ],
            [
              -83.26386000015793,
              29.114450000346828
            ],
            [
              -83.25373999968026,
              29.07649999990428
            ],
            [
              -83.22055999972089,
              29.01948999962918
            ],
            [
              -83.18790600019128,
              28.986573000359215
            ],
            [
              -82.76156799988426,
              28.99209099963952
            ],
            [
              -82.71152999970741,
              29.030988000190618
            ],
            [
              -82.68981400026496,
              29.03396200032188
            ],
            [
              -82.61265299962805,
              29.00927099994468
            ],
            [
              -82.5952239996733,
              29.029874000295944
            ],
            [
              -82.57697399973598,
              29.028064999844325
            ],
            [
              -82.53647799972846,
              29.044822999633865
            ],
            [
              -82.50813099977803,
              29.03747900010896
            ],
            [
              -82.47789300034043,
              29.05256500039247
            ],
            [
              -82.45856600032752,
              29.04764999968021
            ],
            [
              -82.41866299979861,
              29.013131000248517
            ],
            [
              -82.40163700025,
              29.018995999957063
            ],
            [
              -82.3775459998251,
              29.00071200017775
            ],
            [
              -82.36391800000953,
              29.00191699978792
            ],
            [
              -82.31592199983088,
              28.973542000248237
            ],
            [
              -82.31132800019655,
              28.96037399976878
            ],
            [
              -82.1236469997615,
              28.960196999665808
            ],
            [
              -82.18402200015097,
              29.077367000169275
            ],
            [
              -82.18470000001841,
              29.12092999971834
            ],
            [
              -82.13621799959297,
              29.12362699962183
            ],
            [
              -82.13604199986587,
              29.135392000012995
            ],
            [
              -82.07852600015752,
              29.13533699975135
            ],
            [
              -82.06613799972584,
              29.149859000090743
            ],
            [
              -82.0619809999345,
              29.193699000081498
            ],
            [
              -82.05368200042044,
              29.193654999761296
            ],
            [
              -82.07026699992811,
              29.222932999809746
            ],
            [
              -82.13257899983547,
              29.22306099997563
            ],
            [
              -82.1367270003043,
              29.230401000008545
            ],
            [
              -82.13510899973032,
              29.22306299991568
            ],
            [
              -82.14403099975854,
              29.223107999732974
            ],
            [
              -82.15204999978845,
              29.245819000113716
            ],
            [
              -82.15136699989814,
              29.339317000299435
            ],
            [
              -82.11437499992893,
              29.399868999733208
            ],
            [
              -82.10979499963994,
              29.435378999837535
            ],
            [
              -82.09891400035252,
              29.436327999614004
            ],
            [
              -82.0998859999478,
              29.41866399974231
            ],
            [
              -82.08094300007444,
              29.440386000293678
            ],
            [
              -82.07052200019622,
              29.434236000262747
            ],
            [
              -82.07129100030025,
              29.44327099982887
            ],
            [
              -82.05564300022779,
              29.441846999638067
            ],
            [
              -82.04905199990276,
              29.71336800013485
            ],
            [
              -82.05562499978612,
              29.71823200002999
            ],
            [
              -82.0461119999291,
              29.74712900033994
            ],
            [
              -82.04995800027413,
              30.36247199973899
            ],
            [
              -82.0661839997566,
              30.355756999764676
            ],
            [
              -82.12635999995445,
              30.368315000265422
            ],
            [
              -82.16177699990573,
              30.35711100034852
            ],
            [
              -82.19278599999546,
              30.3790650003143
            ],
            [
              -82.21086000020568,
              30.42537900023317
            ],
            [
              -82.20124000021856,
              30.48511399971443
            ],
            [
              -82.24040300005743,
              30.53777000010055
            ],
            [
              -82.23418599982621,
              30.557650000167058
            ],
            [
              -82.21467700023841,
              30.568556000025172
            ],
            [
              -83.30924900044884,
              30.634405999972387
            ],
            [
              -83.2685810000139,
              30.621487000274982
            ],
            [
              -83.25643100013191,
              30.586621999736746
            ],
            [
              -83.26085499988693,
              30.55295899980819
            ],
            [
              -83.23893799970472,
              30.518021999831124
            ],
            [
              -83.24612099968346,
              30.51259900032609
            ],
            [
              -83.24376599969081,
              30.473132000090626
            ],
            [
              -83.2177229996794,
              30.464058000351567
            ],
            [
              -83.2222080004321,
              30.42353100017125
            ],
            [
              -83.2061629998013,
              30.412141000317174
            ],
            [
              -83.18027999962344,
              30.41053900026378
            ],
            [
              -83.1709690003311,
              30.3852250000161
            ],
            [
              -83.19286899989656,
              30.37403200008545
            ],
            [
              -83.19024699994023,
              30.351876999755746
            ],
            [
              -83.21255099973672,
              30.345851000000206
            ],
            [
              -83.2099239997575,
              30.311877999719087
            ],
            [
              -83.23300699970378,
              30.292019999824912
            ],
            [
              -83.23695400033117,
              30.26162800005183
            ],
            [
              -83.28305999994924,
              30.252910000169923
            ],
            [
              -83.29258000037727,
              30.129200000074935
            ],
            [
              -83.36844999978003,
              30.12867199963122
            ],
            [
              -83.37089000016148,
              29.887934000167842
            ],
            [
              -83.35298599983057,
              29.887859000098906
            ],
            [
              -83.35286000033219,
              29.822222000059842
            ],
            [
              -83.31885900039023,
              29.82262300014612
            ],
            [
              -83.3194619999146,
              29.778328000272698
            ],
            [
              -83.34567599963022,
              29.74348999973506
            ],
            [
              -83.35078999984658,
              29.69517399962501
            ],
            [
              -83.36639799973608,
              29.66570099968399
            ],
            [
              -83.39963200012214,
              29.67396800005981
            ],
            [
              -83.41544099985309,
              29.665538999793576
            ],
            [
              -83.49990799959406,
              29.592415000266286
            ],
            [
              -83.57540600034945,
              29.527002999705328
            ]
          ]
        ]
      }
    },
    {
      "type": "Feature",
      "id": "us-cd:119:12:04",
      "properties": {
        "boundary_id": "us-cd:119:12:04",
        "boundary_type": "congressional_district",
        "name": "4",
        "stateFips": "12",
        "congress": 119,
        "district": "04",
        "bbox": [
          -82.05033099964471,
          29.71866999991377,
          -81.31725999996198,
          30.82989300002001
        ]
      },
      "geometry": {
        "type": "Polygon",
        "coordinates": [
          [
            [
              -82.05033099964471,
              30.67573700004823
            ],
            [
              -82.04895900001634,
              30.65512200014749
            ],
            [
              -82.0272290003302,
              30.60666100017607
            ],
            [
              -82.01508699994582,
              30.60060200022389
            ],
            [
              -82.00540099983644,
              30.563698000052682
            ],
            [
              -82.01904999956841,
              30.53301200020643
            ],
            [
              -82.01690600036127,
              30.47511099980155
            ],
            [
              -82.0400010000031,
              30.43666099966532
            ],
            [
              -82.03406499997928,
              30.42003200034102
            ],
            [
              -82.04376199995932,
              30.414868999680806
            ],
            [
              -82.03715700028893,
              30.372033000098412
            ],
            [
              -82.05005700000834,
              30.361399000349472
            ],
            [
              -82.0492440004217,
              29.71866999991377
            ],
            [
              -82.02891700032608,
              29.718681000167713
            ],
            [
              -81.99450999960493,
              29.743059000015435
            ],
            [
              -81.93942699970705,
              29.74749699965404
            ],
            [
              -81.91419200015773,
              29.791399000085736
            ],
            [
              -81.8619939999819,
              29.80018699971729
            ],
            [
              -81.81243000035629,
              29.836490000359685
            ],
            [
              -81.58120699963487,
              29.84017600023463
            ],
            [
              -81.60760600019675,
              29.905655000365893
            ],
            [
              -81.59873500022215,
              29.94103799969084
            ],
            [
              -81.60486700006456,
              29.963497999825854
            ],
            [
              -81.67824299955748,
              30.01223299977669
            ],
            [
              -81.68887600004612,
              30.02856600012187
            ],
            [
              -81.67997300028446,
              30.119117999672717
            ],
            [
              -81.69181500019486,
              30.142338999686736
            ],
            [
              -81.69051600036141,
              30.17194000036812
            ],
            [
              -81.64913300024911,
              30.228162000024426
            ],
            [
              -81.68411800038025,
              30.283238999719035
            ],
            [
              -81.66821699968946,
              30.294439000076338
            ],
            [
              -81.6636079999865,
              30.32098000022613
            ],
            [
              -81.62981600028193,
              30.314138999713624
            ],
            [
              -81.60605700011806,
              30.328512000209475
            ],
            [
              -81.60684499959035,
              30.363941999643544
            ],
            [
              -81.55318699992259,
              30.36189099966785
            ],
            [
              -81.55592799970461,
              30.385395999777494
            ],
            [
              -81.47080999986039,
              30.392039000295807
            ],
            [
              -81.4503089996875,
              30.380940000086873
            ],
            [
              -81.4235550001967,
              30.403000999649148
            ],
            [
              -81.31725999996198,
              30.39611200020329
            ],
            [
              -81.32487700030897,
              30.42473500004231
            ],
            [
              -81.35357400006377,
              30.44666000006421
            ],
            [
              -81.35244500010964,
              30.482118999988632
            ],
            [
              -81.38027800022418,
              30.56322499996486
            ],
            [
              -81.37481000000551,
              30.656524999847143
            ],
            [
              -81.35155299998198,
              30.68566599993958
            ],
            [
              -81.34701500042411,
              30.712443999929246
            ],
            [
              -81.45124099999813,
              30.7094840001921
            ],
            [
              -81.48846399994606,
              30.72630900034118
            ],
            [
              -81.53229499993743,
              30.724091000303147
            ],
            [
              -81.53839099979483,
              30.70865599989769
            ],
            [
              -81.54837700037817,
              30.718279000177294
            ],
            [
              -81.5614240004107,
              30.71167200008611
            ],
            [
              -81.57421799982491,
              30.722503999679883
            ],
            [
              -81.596176000015,
              30.718665999614505
            ],
            [
              -81.60188199988504,
              30.72958599979044
            ],
            [
              -81.6098699999528,
              30.71593299980419
            ],
            [
              -81.6229780000847,
              30.723466999898797
            ],
            [
              -81.62436599960661,
              30.73634000005435
            ],
            [
              -81.63043200022508,
              30.72808800003222
            ],
            [
              -81.6521529996904,
              30.72887000031871
            ],
            [
              -81.66232300039677,
              30.754177000128834
            ],
            [
              -81.68309599965792,
              30.748491999977507
            ],
            [
              -81.670836999996,
              30.747395999876332
            ],
            [
              -81.67249400002973,
              30.738790000169253
            ],
            [
              -81.6938930001781,
              30.748471999766164
            ],
            [
              -81.72013000035824,
              30.744719000012715
            ],
            [
              -81.76934699965422,
              30.77710199990696
            ],
            [
              -81.77156799975258,
              30.7641430001279
            ],
            [
              -81.78247800025065,
              30.761382999750982
            ],
            [
              -81.79307499985596,
              30.78725100007753
            ],
            [
              -81.79717200027115,
              30.78146900001117
            ],
            [
              -81.80744900020933,
              30.790118999767266
            ],
            [
              -81.86837000022176,
              30.792849999716502
            ],
            [
              -81.88266699968392,
              30.8002819998691
            ],
            [
              -81.89254699996206,
              30.825373000188126
            ],
            [
              -81.90181700014485,
              30.82989300002001
            ],
            [
              -81.90540999987157,
              30.816768999696272
            ],
            [
              -81.92843599991643,
              30.817430000240023
            ],
            [
              -81.93883400022844,
              30.82984899991073
            ],
            [
              -81.96421799974067,
              30.81777400037475
            ],
            [
              -81.96225699993333,
              30.796682000311097
            ],
            [
              -81.9777219997077,
              30.77663600025864
            ],
            [
              -82.00767399981332,
              30.79303700011491
            ],
            [
              -82.02302499978487,
              30.78752500010945
            ],
            [
              -82.0112120001868,
              30.76312100006994
            ],
            [
              -82.03866500035973,
              30.751087000274158
            ],
            [
              -82.04560099956794,
              30.727252999632707
            ],
            [
              -82.03592700005244,
              30.706204999857896
            ],
            [
              -82.05025500037506,
              30.676115000015084
            ],
            [
              -82.05033099964471,
              30.67573700004823
            ]
          ]
        ]
      }
    },
    {
      "type": "Feature",
      "id": "us-cd:119:12:05",
      "properties": {
        "boundary_id": "us-cd:119:12:05",
        "boundary_type": "congressional_district",
        "name": "5",
        "stateFips": "12",
        "congress": 119,
        "district": "05",
        "bbox": [
          -81.69189600038571,
          29.81697199965472,
          -81.20619600019073,
          30.403000999649148
        ]
      },
      "geometry": {
        "type": "Polygon",
        "coordinates": [
          [
            [
              -81.69189600038571,
              30.146656000278888
            ],
            [
              -81.67997300028446,
              30.119117999672717
            ],
            [
              -81.68780700036643,
              30.02552900014078
            ],
            [
              -81.60486700006456,
              29.963497999825854
            ],
            [
              -81.59873500022215,
              29.94103799969084
            ],
            [
              -81.60760600019675,
              29.905655000365893
            ],
            [
              -81.58345700004554,
              29.844556000170414
            ],
            [
              -81.39486000009171,
              29.86138199964106
            ],
            [
              -81.37909999986626,
              29.825690000223055
            ],
            [
              -81.36761199995817,
              29.839587999924635
            ],
            [
              -81.33747999992748,
              29.81697199965472
            ],
            [
              -81.32263000027136,
              29.821655999802612
            ],
            [
              -81.31807799957147,
              29.844829000160896
            ],
            [
              -81.30292599979157,
              29.84453400003308
            ],
            [
              -81.30211200038002,
              29.83102300029887
            ],
            [
              -81.2942189998485,
              29.830155999749532
            ],
            [
              -81.27655600044034,
              29.840982999807277
            ],
            [
              -81.2699729996129,
              29.81944799993356
            ],
            [
              -81.20619600019073,
              29.838480999620966
            ],
            [
              -81.20926800040885,
              29.875246999663418
            ],
            [
              -81.25513399982744,
              30.000244999931102
            ],
            [
              -81.33062699966163,
              30.29948099994936
            ],
            [
              -81.33538100002785,
              30.36129200027564
            ],
            [
              -81.31725999996198,
              30.39611200020329
            ],
            [
              -81.4235550001967,
              30.403000999649148
            ],
            [
              -81.4503089996875,
              30.380940000086873
            ],
            [
              -81.47080999986039,
              30.392039000295807
            ],
            [
              -81.51261200027237,
              30.392738999661177
            ],
            [
              -81.5568480003197,
              30.38505300029869
            ],
            [
              -81.55318699992259,
              30.36189099966785
            ],
            [
              -81.60684499959035,
              30.363941999643544
            ],
            [
              -81.60605700011806,
              30.328512000209475
            ],
            [
              -81.62981600028193,
              30.314138999713624
            ],
            [
              -81.6636079999865,
              30.32098000022613
            ],
            [
              -81.66821699968946,
              30.294439000076338
            ],
            [
              -81.68411800038025,
              30.283238999719035
            ],
            [
              -81.64913300024911,
              30.228162000024426
            ],
            [
              -81.69051600036141,
              30.17194000036812
            ],
            [
              -81.69176400014123,
              30.147801999742214
            ],
            [
              -81.69189600038571,
              30.146656000278888
            ]
          ]
        ]
      }
    },
    {
      "type": "Feature",
      "id": "us-cd:119:12:06",
      "properties": {
        "boundary_id": "us-cd:119:12:06",
        "boundary_type": "congressional_district",
        "name": "6",
        "stateFips": "12",
        "congress": 119,
        "district": "06",
        "bbox": [
          -82.18486700042298,
          28.785882000071084,
          -80.94644800014196,
          29.86138199964106
        ]
      },
      "geometry": {
        "type": "Polygon",
        "coordinates": [
          [
            [
              -82.18486700042298,
              29.09036700032945
            ],
            [
              -82.1236469997615,
              28.960196999665808
            ],
            [
              -81.95419000022285,
              28.96005299974512
            ],
            [
              -81.95345999957857,
              28.886990999871333
            ],
            [
              -81.85017899983568,
              28.88151100027937
            ],
            [
              -81.83919200024302,
              28.89469900035172
            ],
            [
              -81.772393999758,
              28.866533000176805
            ],
            [
              -81.7509849995639,
              28.83520700000579
            ],
            [
              -81.69247399979572,
              28.83828199995644
            ],
            [
              -81.70820800008191,
              28.82165600020064
            ],
            [
              -81.6881999998285,
              28.820685000170922
            ],
            [
              -81.68739700028762,
              28.787868999730048
            ],
            [
              -81.65939699976849,
              28.793968999870433
            ],
            [
              -81.64674100044654,
              28.785882000071084
            ],
            [
              -81.59297099972747,
              28.785969999620672
            ],
            [
              -81.59279099980242,
              28.79762500023895
            ],
            [
              -81.56003199979251,
              28.807725000192285
            ],
            [
              -81.48951300043257,
              28.818644000348826
            ],
            [
              -81.46270100031711,
              28.811008000023833
            ],
            [
              -81.41955499986588,
              28.815180999661006
            ],
            [
              -81.36629600040628,
              28.873601999813115
            ],
            [
              -81.36514300016272,
              28.889647000086512
            ],
            [
              -81.35661199994674,
              28.887574999947915
            ],
            [
              -81.35276700032493,
              28.92311700017383
            ],
            [
              -81.33293200032388,
              28.919550999887765
            ],
            [
              -81.33218800033421,
              28.97475000024729
            ],
            [
              -81.31558399966167,
              28.974918999621668
            ],
            [
              -81.31373099980934,
              28.984156000358205
            ],
            [
              -81.2577580003319,
              28.955547000048718
            ],
            [
              -81.24885499967193,
              28.999402999874746
            ],
            [
              -81.2315680000074,
              29.017630000026024
            ],
            [
              -81.16805400035095,
              29.03016800038522
            ],
            [
              -81.08400400036152,
              29.012064999898246
            ],
            [
              -81.08769400017262,
              29.10586199967554
            ],
            [
              -81.06882900011705,
              29.1044299997698
            ],
            [
              -81.07248299994316,
              29.124761999712575
            ],
            [
              -81.04838999986843,
              29.120105999662943
            ],
            [
              -81.05667699968694,
              29.139849000358797
            ],
            [
              -81.0449939997852,
              29.141713000227906
            ],
            [
              -81.04491299959433,
              29.154906000205823
            ],
            [
              -81.02690000038181,
              29.157810999895563
            ],
            [
              -81.013306999828,
              29.146985999917543
            ],
            [
              -81.0103350000673,
              29.154226999618334
            ],
            [
              -80.97915500027332,
              29.154926999804648
            ],
            [
              -80.99815699969791,
              29.205543999699913
            ],
            [
              -80.94644800014196,
              29.22721800002372
            ],
            [
              -81.13229099989496,
              29.62525099968682
            ],
            [
              -81.1927680003917,
              29.778326000352955
            ],
            [
              -81.20619600019073,
              29.838480999620966
            ],
            [
              -81.2699729996129,
              29.81944799993356
            ],
            [
              -81.27655600044034,
              29.840982999807277
            ],
            [
              -81.2942189998485,
              29.830155999749532
            ],
            [
              -81.30211200038002,
              29.83102300029887
            ],
            [
              -81.30292599979157,
              29.84453400003308
            ],
            [
              -81.31807799957147,
              29.844829000160896
            ],
            [
              -81.32263000027136,
              29.821655999802612
            ],
            [
              -81.33965900019302,
              29.81706200021633
            ],
            [
              -81.36761199995817,
              29.839587999924635
            ],
            [
              -81.37909999986626,
              29.825690000223055
            ],
            [
              -81.39486000009171,
              29.86138199964106
            ],
            [
              -81.58120699963487,
              29.84017600023463
            ],
            [
              -81.81243000035629,
              29.836490000359685
            ],
            [
              -81.8619939999819,
              29.80018699971729
            ],
            [
              -81.91419200015773,
              29.791399000085736
            ],
            [
              -81.93942699970705,
              29.74749699965404
            ],
            [
              -81.99107300041213,
              29.74395200036875
            ],
            [
              -82.02891700032608,
              29.718681000167713
            ],
            [
              -82.05562499978612,
              29.71823200002999
            ],
            [
              -82.04905199990276,
              29.71336800013485
            ],
            [
              -82.05564300022779,
              29.441846999638067
            ],
            [
              -82.07129100030025,
              29.44327099982887
            ],
            [
              -82.07052200019622,
              29.434236000262747
            ],
            [
              -82.08094300007444,
              29.440386000293678
            ],
            [
              -82.0998859999478,
              29.41866399974231
            ],
            [
              -82.09891400035252,
              29.436327999614004
            ],
            [
              -82.10979499963994,
              29.435378999837535
            ],
            [
              -82.11437499992893,
              29.399868999733208
            ],
            [
              -82.15136699989814,
              29.339317000299435
            ],
            [
              -82.1520609996591,
              29.242240999778627
            ],
            [
              -82.14403099975854,
              29.223107999732974
            ],
            [
              -82.13510899973032,
              29.22306299991568
            ],
            [
              -82.1367270003043,
              29.230401000008545
            ],
            [
              -82.13257899983547,
              29.22306099997563
            ],
            [
              -82.07026699992811,
              29.222932999809746
            ],
            [
              -82.05368200042044,
              29.193654999761296
            ],
            [
              -82.0619809999345,
              29.193699000081498
            ],
            [
              -82.06613799972584,
              29.149859000090743
            ],
            [
              -82.07852600015752,
              29.13533699975135
            ],
            [
              -82.13604199986587,
              29.135392000012995
            ],
            [
              -82.13621799959297,
              29.12362699962183
            ],
            [
              -82.18470000001841,
              29.12092999971834
            ],
            [
              -82.18486200040013,
              29.09188999980104
            ],
            [
              -82.18486700042298,
              29.09036700032945
            ]
          ]
        ]
      }
    },
    {
      "type": "Feature",
      "id": "us-cd:119:12:07",
      "properties": {
        "boundary_id": "us-cd:119:12:07",
        "boundary_type": "congressional_district",
        "name": "7",
        "stateFips": "12",
        "congress": 119,
        "district": "07",
        "bbox": [
          -81.45972700000829,
          28.610500999862648,
          -80.663460999613,
          29.22721800002372
        ]
      },
      "geometry": {
        "type": "Polygon",
        "coordinates": [
          [
            [
              -81.45972700000829,
              28.642611000130117
            ],
            [
              -81.32848000008143,
              28.63962800025254
            ],
            [
              -81.32788800042775,
              28.610500999862648
            ],
            [
              -80.96446600027568,
              28.6129919999643
            ],
            [
              -80.9678949999709,
              28.79019699961049
            ],
            [
              -80.663460999613,
              28.790587999943284
            ],
            [
              -80.9068359998662,
              29.144705999849982
            ],
            [
              -80.94644800014196,
              29.22721800002372
            ],
            [
              -80.99815699969791,
              29.205543999699913
            ],
            [
              -80.97915500027332,
              29.154926999804648
            ],
            [
              -81.0103350000673,
              29.154226999618334
            ],
            [
              -81.013306999828,
              29.146985999917543
            ],
            [
              -81.02690000038181,
              29.157810999895563
            ],
            [
              -81.04491299959433,
              29.154906000205823
            ],
            [
              -81.0449939997852,
              29.141713000227906
            ],
            [
              -81.05667699968694,
              29.139849000358797
            ],
            [
              -81.04838999986843,
              29.120105999662943
            ],
            [
              -81.07248299994316,
              29.124761999712575
            ],
            [
              -81.06882900011705,
              29.1044299997698
            ],
            [
              -81.08769400017262,
              29.10586199967554
            ],
            [
              -81.08400400036152,
              29.012064999898246
            ],
            [
              -81.17925400037893,
              29.029933999773053
            ],
            [
              -81.2315680000074,
              29.017630000026024
            ],
            [
              -81.24885499967193,
              28.999402999874746
            ],
            [
              -81.2577580003319,
              28.955547000048718
            ],
            [
              -81.29889100019896,
              28.974076999698323
            ],
            [
              -81.30233199958973,
              28.984356000021844
            ],
            [
              -81.33218800033421,
              28.97475000024729
            ],
            [
              -81.33293200032388,
              28.919550999887765
            ],
            [
              -81.35276700032493,
              28.92311700017383
            ],
            [
              -81.35661199994674,
              28.887574999947915
            ],
            [
              -81.36514300016272,
              28.889647000086512
            ],
            [
              -81.36304799956272,
              28.879187999773293
            ],
            [
              -81.38296499957954,
              28.851993999982323
            ],
            [
              -81.41756200027147,
              28.8227269996538
            ],
            [
              -81.41646299955624,
              28.755447999798207
            ],
            [
              -81.44067100015701,
              28.715818000212142
            ],
            [
              -81.45952399961868,
              28.713263999657926
            ],
            [
              -81.45971799978744,
              28.64365599991053
            ],
            [
              -81.45972700000829,
              28.642611000130117
            ]
          ]
        ]
      }
    },
    {
      "type": "Feature",
      "id": "us-cd:119:12:08",
      "properties": {
        "boundary_id": "us-cd:119:12:08",
        "boundary_type": "congressional_district",
        "name": "8",
        "stateFips": "12",
        "congress": 119,
        "district": "08",
        "bbox": [
          -81.09522000028302,
          27.556781999709706,
          -80.26354299978424,
          28.790587999943284
        ]
      },
      "geometry": {
        "type": "Polygon",
        "coordinates": [
          [
            [
              -81.09522000028302,
              28.5487839999683
            ],
            [
              -81.0627359997344,
              28.51191199967885
            ],
            [
              -81.06128899976295,
              28.45213600016792
            ],
            [
              -80.97911400026544,
              28.452682000190176
            ],
            [
              -80.94206399967159,
              28.39271999970149
            ],
            [
              -80.87279200026653,
              28.369612000316664
            ],
            [
              -80.8627849997668,
              28.347122000247612
            ],
            [
              -80.86888099962417,
              27.82252200020938
            ],
            [
              -80.88156600015677,
              27.822511000006823
            ],
            [
              -80.87314999956853,
              27.64228799975011
            ],
            [
              -80.77804699986417,
              27.643194999817116
            ],
            [
              -80.77716599960716,
              27.558732999958988
            ],
            [
              -80.26354299978424,
              27.556781999709706
            ],
            [
              -80.33252600038259,
              27.761156999825374
            ],
            [
              -80.49977299969356,
              28.077233000099547
            ],
            [
              -80.54399899969515,
              28.271092000249674
            ],
            [
              -80.51942799976955,
              28.391083999815045
            ],
            [
              -80.48120899993687,
              28.425511000134637
            ],
            [
              -80.47055399970694,
              28.472329000196705
            ],
            [
              -80.5035849997034,
              28.540362000369043
            ],
            [
              -80.5229729998157,
              28.608238000128473
            ],
            [
              -80.663460999613,
              28.790587999943284
            ],
            [
              -80.9678949999709,
              28.79019699961049
            ],
            [
              -80.96446600027568,
              28.6129919999643
            ],
            [
              -81.06774299982062,
              28.61267700027896
            ],
            [
              -81.09519099997071,
              28.54881400036142
            ],
            [
              -81.09522000028302,
              28.5487839999683
            ]
          ]
        ]
      }
    },
    {
      "type": "Feature",
      "id": "us-cd:119:12:09",
      "properties": {
        "boundary_id": "us-cd:119:12:09",
        "boundary_type": "congressional_district",
        "name": "9",
        "stateFips": "12",
        "congress": 119,
        "district": "09",
        "bbox": [
          -81.6737810001676,
          27.64228799975011,
          -80.86139499969674,
          28.520809000253387
        ]
      },
      "geometry": {
        "type": "Polygon",
        "coordinates": [
          [
            [
              -81.6737810001676,
              28.347024000326535
            ],
            [
              -81.65858199963371,
              28.254141000040278
            ],
            [
              -81.63289099997482,
              28.257383000277695
            ],
            [
              -81.56699100036356,
              28.24176199963606
            ],
            [
              -81.53950700022848,
              28.228201999668066
            ],
            [
              -81.52408299956369,
              28.201011999722166
            ],
            [
              -81.52422700040205,
              28.142804999950844
            ],
            [
              -81.51731999970953,
              28.14246199997707
            ],
            [
              -81.54069899993182,
              28.133419000392124
            ],
            [
              -81.52773200026523,
              28.11795100025332
            ],
            [
              -81.53928999959518,
              28.10900999971446
            ],
            [
              -81.51503900023503,
              28.058528000305948
            ],
            [
              -81.52901000018228,
              28.05355099973542
            ],
            [
              -81.52922899956707,
              28.03428800031884
            ],
            [
              -81.5127849996264,
              28.026730000190497
            ],
            [
              -81.44042699975954,
              28.033926999997625
            ],
            [
              -81.41588799962098,
              27.998248999959632
            ],
            [
              -81.38680199970375,
              28.00348599995697
            ],
            [
              -81.37650499967408,
              27.978251000368214
            ],
            [
              -81.33682399980135,
              27.949910000302438
            ],
            [
              -81.34673500004165,
              27.936750999707346
            ],
            [
              -81.30869600013403,
              27.92188000018555
            ],
            [
              -81.31490900016729,
              27.901243999991213
            ],
            [
              -81.30186200013476,
              27.862080999812544
            ],
            [
              -81.23112000029374,
              27.842843000383606
            ],
            [
              -81.2079760002481,
              27.82097700027721
            ],
            [
              -81.17301299985829,
              27.76090699990209
            ],
            [
              -81.17865699980406,
              27.75209599962071
            ],
            [
              -81.16501100044515,
              27.742327000296015
            ],
            [
              -81.16737899995826,
              27.723389999908058
            ],
            [
              -81.14581499995347,
              27.71031299991355
            ],
            [
              -81.14434299986765,
              27.669722999705197
            ],
            [
              -81.13104399994005,
              27.65930699971729
            ],
            [
              -81.14216399960209,
              27.64323800037322
            ],
            [
              -80.87314999956853,
              27.64228799975011
            ],
            [
              -80.88156600015677,
              27.822511000006823
            ],
            [
              -80.86888099962417,
              27.82252200020938
            ],
            [
              -80.86139499969674,
              28.252280999906805
            ],
            [
              -80.8627849997668,
              28.347122000247612
            ],
            [
              -80.87279200026653,
              28.369612000316664
            ],
            [
              -80.94100400021273,
              28.391785000194012
            ],
            [
              -80.97911400026544,
              28.452682000190176
            ],
            [
              -81.23028199969443,
              28.451499000132664
            ],
            [
              -81.24776400025097,
              28.51008700036114
            ],
            [
              -81.27984700004326,
              28.510047000132758
            ],
            [
              -81.30323899978602,
              28.520809000253387
            ],
            [
              -81.39703599998423,
              28.510065999710328
            ],
            [
              -81.40475399971523,
              28.434483000200558
            ],
            [
              -81.42439500044584,
              28.421568000139363
            ],
            [
              -81.47244000012995,
              28.419604999791307
            ],
            [
              -81.53192400021668,
              28.347284000306086
            ],
            [
              -81.67356699990737,
              28.347039000312243
            ],
            [
              -81.6737810001676,
              28.347024000326535
            ]
          ]
        ]
      }
    },
    {
      "type": "Feature",
      "id": "us-cd:119:12:10",
      "properties": {
        "boundary_id": "us-cd:119:12:10",
        "boundary_type": "congressional_district",
        "name": "10",
        "stateFips": "12",
        "congress": 119,
        "district": "10",
        "bbox": [
          -81.50870300017814,
          28.416077999712236,
          -81.06128899976295,
          28.640196999802107
        ]
      },
      "geometry": {
        "type": "Polygon",
        "coordinates": [
          [
            [
              -81.50870300017814,
              28.519064000169084
            ],
            [
              -81.50743899960646,
              28.47235100017116
            ],
            [
              -81.49979399967039,
              28.460781999738874
            ],
            [
              -81.4773149999717,
              28.462254999906754
            ],
            [
              -81.4740410000872,
              28.416077999712236
            ],
            [
              -81.42439500044584,
              28.421568000139363
            ],
            [
              -81.40475399971523,
              28.434483000200558
            ],
            [
              -81.39703599998423,
              28.510065999710328
            ],
            [
              -81.38998500024996,
              28.51465400028424
            ],
            [
              -81.30323899978602,
              28.520809000253387
            ],
            [
              -81.27984700004326,
              28.510047000132758
            ],
            [
              -81.24776400025097,
              28.51008700036114
            ],
            [
              -81.23028199969443,
              28.451499000132664
            ],
            [
              -81.06128899976295,
              28.45213600016792
            ],
            [
              -81.0627359997344,
              28.51191199967885
            ],
            [
              -81.0952760003595,
              28.54871600015033
            ],
            [
              -81.06774299982062,
              28.61267700027896
            ],
            [
              -81.32788800042775,
              28.610500999862648
            ],
            [
              -81.32848000008143,
              28.63962800025254
            ],
            [
              -81.4579620000195,
              28.640196999802107
            ],
            [
              -81.49810400002468,
              28.625651999908076
            ],
            [
              -81.489670999718,
              28.552040000021506
            ],
            [
              -81.5049129999096,
              28.55196299985497
            ],
            [
              -81.49810200037486,
              28.53664199989523
            ],
            [
              -81.50869899998018,
              28.519475999799813
            ],
            [
              -81.50870300017814,
              28.519064000169084
            ]
          ]
        ]
      }
    },
    {
      "type": "Feature",
      "id": "us-cd:119:12:11",
      "properties": {
        "boundary_id": "us-cd:119:12:11",
        "boundary_type": "congressional_district",
        "name": "11",
        "stateFips": "12",
        "congress": 119,
        "district": "11",
        "bbox": [
          -82.31169700026749,
          28.12813000017394,
          -81.41363800010863,
          28.960390999842687
        ]
      },
      "geometry": {
        "type": "Polygon",
        "coordinates": [
          [
            [
              -82.31169700026749,
              28.960390999842687
            ],
            [
              -82.29709100011053,
              28.948353999774877
            ],
            [
              -82.27358499966662,
              28.89721599962297
            ],
            [
              -82.18363700018652,
              28.823625999710544
            ],
            [
              -82.16950999970535,
              28.79614699969507
            ],
            [
              -82.18792899969708,
              28.777756999893363
            ],
            [
              -82.18480899979836,
              28.76177099988542
            ],
            [
              -82.20775399965237,
              28.756617999974456
            ],
            [
              -82.24907599966531,
              28.717772000252015
            ],
            [
              -82.26160300001415,
              28.669341999893504
            ],
            [
              -82.27482300029902,
              28.65619800016357
            ],
            [
              -82.2568400003254,
              28.648867999832056
            ],
            [
              -82.26015500021778,
              28.6350440002766
            ],
            [
              -82.245948000269,
              28.626769999619583
            ],
            [
              -82.21195099962667,
              28.574054999803028
            ],
            [
              -82.1662679996079,
              28.563662999735897
            ],
            [
              -82.15616399992209,
              28.57334999996165
            ],
            [
              -82.13763299977737,
              28.565251999857775
            ],
            [
              -82.12863899977913,
              28.54494100038901
            ],
            [
              -82.10918600026783,
              28.543661999794924
            ],
            [
              -82.09544700012417,
              28.523838000235685
            ],
            [
              -82.07034300009609,
              28.531919000383535
            ],
            [
              -82.05446900006781,
              28.52136700010172
            ],
            [
              -82.05553899957239,
              28.24796100017094
            ],
            [
              -81.97519099998794,
              28.165564000099153
            ],
            [
              -81.97368499956694,
              28.12813000017394
            ],
            [
              -81.94649099986007,
              28.128347000162687
            ],
            [
              -81.94639100030098,
              28.146669999743793
            ],
            [
              -81.90556800005531,
              28.15737900009727
            ],
            [
              -81.90583099982105,
              28.171968000124334
            ],
            [
              -81.88109400021409,
              28.171712999820866
            ],
            [
              -81.87036399964107,
              28.152765000271486
            ],
            [
              -81.83600799987188,
              28.15383799973327
            ],
            [
              -81.83066299967686,
              28.170148999656902
            ],
            [
              -81.82033999970793,
              28.156530999728307
            ],
            [
              -81.8223780004065,
              28.171964999630532
            ],
            [
              -81.8091780002131,
              28.172011000065943
            ],
            [
              -81.80999300034786,
              28.179250999822163
            ],
            [
              -81.79353000014062,
              28.16655900022737
            ],
            [
              -81.79384899998286,
              28.18418500022064
            ],
            [
              -81.80116599985588,
              28.179281000337188
            ],
            [
              -81.80585499992479,
              28.18644799994891
            ],
            [
              -81.78928899978537,
              28.186496999784147
            ],
            [
              -81.78909100031699,
              28.166530999742974
            ],
            [
              -81.77734800014078,
              28.165270000229448
            ],
            [
              -81.68077900019841,
              28.21016399979769
            ],
            [
              -81.62057200003842,
              28.254286000097554
            ],
            [
              -81.65871899990105,
              28.254279999777108
            ],
            [
              -81.6737810001676,
              28.347024000326535
            ],
            [
              -81.53192400021668,
              28.347284000306086
            ],
            [
              -81.475216999897,
              28.41014800013137
            ],
            [
              -81.4773149999717,
              28.462254999906754
            ],
            [
              -81.49979399967039,
              28.460781999738874
            ],
            [
              -81.50823700002282,
              28.47581500008393
            ],
            [
              -81.5086799997136,
              28.51965299984799
            ],
            [
              -81.49810200037486,
              28.53664199989523
            ],
            [
              -81.5049129999096,
              28.55196299985497
            ],
            [
              -81.489670999718,
              28.552040000021506
            ],
            [
              -81.49936100002535,
              28.618271000070997
            ],
            [
              -81.48797500022451,
              28.633121999872756
            ],
            [
              -81.45938800007455,
              28.633576000204783
            ],
            [
              -81.45952399961868,
              28.713263999657926
            ],
            [
              -81.44142000016954,
              28.715096000022356
            ],
            [
              -81.42116000002108,
              28.74053500001684
            ],
            [
              -81.41363800010863,
              28.791839000322504
            ],
            [
              -81.41955499986588,
              28.815180999661006
            ],
            [
              -81.46270100031711,
              28.811008000023833
            ],
            [
              -81.48951300043257,
              28.818644000348826
            ],
            [
              -81.56003199979251,
              28.807725000192285
            ],
            [
              -81.59279099980242,
              28.79762500023895
            ],
            [
              -81.59297099972747,
              28.785969999620672
            ],
            [
              -81.64674100044654,
              28.785882000071084
            ],
            [
              -81.65939699976849,
              28.793968999870433
            ],
            [
              -81.68739700028762,
              28.787868999730048
            ],
            [
              -81.6881999998285,
              28.820685000170922
            ],
            [
              -81.70820800008191,
              28.82165600020064
            ],
            [
              -81.69247399979572,
              28.83828199995644
            ],
            [
              -81.7509849995639,
              28.83520700000579
            ],
            [
              -81.76960100009742,
              28.86438700024502
            ],
            [
              -81.79878400009906,
              28.8811049998381
            ],
            [
              -81.83919200024302,
              28.89469900035172
            ],
            [
              -81.85017899983568,
              28.88151100027937
            ],
            [
              -81.95345999957857,
              28.886990999871333
            ],
            [
              -81.95419000022285,
              28.96005299974512
            ],
            [
              -82.31160900040393,
              28.960390000069584
            ],
            [
              -82.31169700026749,
              28.960390999842687
            ]
          ]
        ]
      }
    },
    {
      "type": "Feature",
      "id": "us-cd:119:12:12",
      "properties": {
        "boundary_id": "us-cd:119:12:12",
        "boundary_type": "congressional_district",
        "name": "12",
        "stateFips": "12",
        "congress": 119,
        "district": "12",
        "bbox": [
          -83.18790600019128,
          28.17098000003884,
          -82.05446900006781,
          29.05256500039247
        ]
      },
      "geometry": {
        "type": "Polygon",
        "coordinates": [
          [
            [
              -83.18790600019128,
              28.986573000359215
            ],
            [
              -83.13531999967793,
              28.957519999992947
            ],
            [
              -83.08218000004403,
              28.94618999975529
            ],
            [
              -83.00157999966618,
              28.947300000246866
            ],
            [
              -82.94557000037884,
              28.963749999806378
            ],
            [
              -82.94177000006457,
              28.906829999686746
            ],
            [
              -82.91579999984808,
              28.856499999840796
            ],
            [
              -82.92743000004637,
              28.8107000000855
            ],
            [
              -82.92350000003576,
              28.767130000269372
            ],
            [
              -82.89041999963547,
              28.699999999764888
            ],
            [
              -82.87085999999404,
              28.621599999812833
            ],
            [
              -82.8391400004249,
              28.574579999720974
            ],
            [
              -82.85644999965565,
              28.5277400002382
            ],
            [
              -82.85543000037978,
              28.477210000002387
            ],
            [
              -82.89735999993995,
              28.357009999842294
            ],
            [
              -82.95926000011869,
              28.327899999725794
            ],
            [
              -82.99971000009543,
              28.285409999632506
            ],
            [
              -83.019420000423,
              28.23636999979797
            ],
            [
              -83.01875000005317,
              28.17098000003884
            ],
            [
              -82.53600900009842,
              28.172576000271338
            ],
            [
              -82.54403999982388,
              28.18933600009418
            ],
            [
              -82.49034299979806,
              28.197895999748738
            ],
            [
              -82.45074800013907,
              28.18587199979842
            ],
            [
              -82.40476899984428,
              28.185800999695633
            ],
            [
              -82.3672119999855,
              28.23756900036484
            ],
            [
              -82.3203580001798,
              28.240530999738265
            ],
            [
              -82.32012899985094,
              28.257140000024208
            ],
            [
              -82.297223000355,
              28.25610900018294
            ],
            [
              -82.28052099977315,
              28.275146999982475
            ],
            [
              -82.27430000024228,
              28.324595999748304
            ],
            [
              -82.22472200037299,
              28.33395199976273
            ],
            [
              -82.18745800041718,
              28.324258000061256
            ],
            [
              -82.16346800027465,
              28.328376999968768
            ],
            [
              -82.14707200001453,
              28.299082000364482
            ],
            [
              -82.07558799983367,
              28.259195999816328
            ],
            [
              -82.0555310000748,
              28.258928000156082
            ],
            [
              -82.05446900006781,
              28.52136700010172
            ],
            [
              -82.07034300009609,
              28.531919000383535
            ],
            [
              -82.09544700012417,
              28.523838000235685
            ],
            [
              -82.10918600026783,
              28.543661999794924
            ],
            [
              -82.12863899977913,
              28.54494100038901
            ],
            [
              -82.13763299977737,
              28.565251999857775
            ],
            [
              -82.15616399992209,
              28.57334999996165
            ],
            [
              -82.1662679996079,
              28.563662999735897
            ],
            [
              -82.21195099962667,
              28.574054999803028
            ],
            [
              -82.245948000269,
              28.626769999619583
            ],
            [
              -82.26015500021778,
              28.6350440002766
            ],
            [
              -82.2568400003254,
              28.648867999832056
            ],
            [
              -82.27409600002781,
              28.65460200033972
            ],
            [
              -82.24860299983729,
              28.701493999944443
            ],
            [
              -82.24907599966531,
              28.717772000252015
            ],
            [
              -82.20775399965237,
              28.756617999974456
            ],
            [
              -82.18480899979836,
              28.76177099988542
            ],
            [
              -82.18792899969708,
              28.777756999893363
            ],
            [
              -82.16950999970535,
              28.79614699969507
            ],
            [
              -82.18363700018652,
              28.823625999710544
            ],
            [
              -82.27358499966662,
              28.89721599962297
            ],
            [
              -82.31592199983088,
              28.973542000248237
            ],
            [
              -82.40163700025,
              29.018995999957063
            ],
            [
              -82.41866299979861,
              29.013131000248517
            ],
            [
              -82.45856600032752,
              29.04764999968021
            ],
            [
              -82.47789300034043,
              29.05256500039247
            ],
            [
              -82.50813099977803,
              29.03747900010896
            ],
            [
              -82.53647799972846,
              29.044822999633865
            ],
            [
              -82.57697399973598,
              29.028064999844325
            ],
            [
              -82.5952239996733,
              29.029874000295944
            ],
            [
              -82.61265299962805,
              29.00927099994468
            ],
            [
              -82.68981400026496,
              29.03396200032188
            ],
            [
              -82.71664100044903,
              29.028156999645333
            ],
            [
              -82.76156799988426,
              28.99209099963952
            ],
            [
              -82.99976500034701,
              28.989140999790877
            ],
            [
              -83.18790600019128,
              28.986573000359215
            ]
          ]
        ]
      }
    },
    {
      "type": "Feature",
      "id": "us-cd:119:12:13",
      "properties": {
        "boundary_id": "us-cd:119:12:13",
        "boundary_type": "congressional_district",
        "name": "13",
        "stateFips": "12",
        "congress": 119,
        "district": "13",
        "bbox": [
          -83.0205400001563,
          27.610437000222202,
          -82.64861600010057,
          28.173267000145295
        ]
      },
      "geometry": {
        "type": "Polygon",
        "coordinates": [
          [
            [
              -83.0205400001563,
              27.881029999816313
            ],
            [
              -83.01180999974869,
              27.820550000253274
            ],
            [
              -82.99389000042257,
              27.77766999961248
            ],
            [
              -82.96549999991612,
              27.73390999975022
            ],
            [
              -82.91521999988993,
              27.68412999978197
            ],
            [
              -82.92503400004584,
              27.644812999877963
            ],
            [
              -82.7467509998401,
              27.647346999700204
            ],
            [
              -82.73559199981999,
              27.610437000222202
            ],
            [
              -82.70460100017189,
              27.62452199987595
            ],
            [
              -82.69653500028633,
              27.64496899984058
            ],
            [
              -82.67291800041266,
              27.64508900008891
            ],
            [
              -82.67967500041905,
              27.83745000037835
            ],
            [
              -82.66418399980711,
              27.846599000347236
            ],
            [
              -82.66428900028741,
              27.872751000270316
            ],
            [
              -82.65235000029264,
              27.88606800006273
            ],
            [
              -82.65974800035652,
              27.883548000187048
            ],
            [
              -82.66241399979548,
              27.898104000232323
            ],
            [
              -82.6798269998567,
              27.894815000004847
            ],
            [
              -82.67639499978846,
              27.91367199978064
            ],
            [
              -82.70235199958614,
              27.937024000279386
            ],
            [
              -82.70871299975741,
              27.9586490000147
            ],
            [
              -82.64861600010057,
              27.966337000338115
            ],
            [
              -82.65128200043786,
              28.173267000145295
            ],
            [
              -83.01875000005317,
              28.17098000003884
            ],
            [
              -82.99745999968478,
              28.012750000251845
            ],
            [
              -83.02046999983611,
              27.884110000326974
            ],
            [
              -83.0205400001563,
              27.881029999816313
            ]
          ]
        ]
      }
    },
    {
      "type": "Feature",
      "id": "us-cd:119:12:14",
      "properties": {
        "boundary_id": "us-cd:119:12:14",
        "boundary_type": "congressional_district",
        "name": "14",
        "stateFips": "12",
        "congress": 119,
        "district": "14",
        "bbox": [
          -82.70865800040413,
          27.644708999779272,
          -82.34389499968752,
          28.173267000145295
        ]
      },
      "geometry": {
        "type": "Polygon",
        "coordinates": [
          [
            [
              -82.70865800040413,
              27.958691999704232
            ],
            [
              -82.70235199958614,
              27.937024000279386
            ],
            [
              -82.67639499978846,
              27.91367199978064
            ],
            [
              -82.6798269998567,
              27.894815000004847
            ],
            [
              -82.66241399979548,
              27.898104000232323
            ],
            [
              -82.65974800035652,
              27.883548000187048
            ],
            [
              -82.65235000029264,
              27.88606800006273
            ],
            [
              -82.66428900028741,
              27.872751000270316
            ],
            [
              -82.66418399980711,
              27.846599000347236
            ],
            [
              -82.67967500041905,
              27.83745000037835
            ],
            [
              -82.6718360003142,
              27.644708999779272
            ],
            [
              -82.51362599976088,
              27.651063999922094
            ],
            [
              -82.45251499977766,
              27.703120000160023
            ],
            [
              -82.43555700000108,
              27.706158000346736
            ],
            [
              -82.43310900012202,
              27.73273799978416
            ],
            [
              -82.38523900034006,
              27.7796859996345
            ],
            [
              -82.38470200003965,
              27.86438700031401
            ],
            [
              -82.34742700021319,
              27.864373000043674
            ],
            [
              -82.34389499968752,
              27.903460000308208
            ],
            [
              -82.36044300028358,
              27.96529400000707
            ],
            [
              -82.35142400017097,
              28.0119619999903
            ],
            [
              -82.37406400042644,
              28.01775999998291
            ],
            [
              -82.38752900003541,
              28.01072400007725
            ],
            [
              -82.39757300034508,
              28.03261900030032
            ],
            [
              -82.50581400031852,
              28.036563999913234
            ],
            [
              -82.54191199961195,
              28.06137400013059
            ],
            [
              -82.54872499969483,
              28.131454000082623
            ],
            [
              -82.53600900009842,
              28.172576000271338
            ],
            [
              -82.65128200043786,
              28.173267000145295
            ],
            [
              -82.64861600010057,
              27.966337000338115
            ],
            [
              -82.70852199996169,
              27.958749000133576
            ],
            [
              -82.70865800040413,
              27.958691999704232
            ]
          ]
        ]
      }
    },
    {
      "type": "Feature",
      "id": "us-cd:119:12:15",
      "properties": {
        "boundary_id": "us-cd:119:12:15",
        "boundary_type": "congressional_district",
        "name": "15",
        "stateFips": "12",
        "congress": 119,
        "district": "15",
        "bbox": [
          -82.54872499969483,
          27.92358200021686,
          -81.95686599970755,
          28.33395199976273
        ]
      },
      "geometry": {
        "type": "Polygon",
        "coordinates": [
          [
            [
              -82.54872499969483,
              28.131454000082623
            ],
            [
              -82.54191199961195,
              28.06137400013059
            ],
            [
              -82.50581400031852,
              28.036563999913234
            ],
            [
              -82.39757300034508,
              28.03261900030032
            ],
            [
              -82.38752900003541,
              28.01072400007725
            ],
            [
              -82.37406400042644,
              28.01775999998291
            ],
            [
              -82.35243500012432,
              28.01290899985722
            ],
            [
              -82.35972900043113,
              27.96182300028098
            ],
            [
              -82.35419400026532,
              27.949470999898107
            ],
            [
              -82.31963000008366,
              27.937841000309156
            ],
            [
              -82.09243099998253,
              27.937786999848015
            ],
            [
              -82.03021799980934,
              27.92358200021686
            ],
            [
              -82.02123300003193,
              27.93832300023161
            ],
            [
              -82.00175899970591,
              27.938462000101183
            ],
            [
              -81.98966300025059,
              27.967552999614348
            ],
            [
              -81.97337599977045,
              27.967576000394477
            ],
            [
              -81.95686599970755,
              27.982040999607843
            ],
            [
              -81.95742300009947,
              28.069756000037312
            ],
            [
              -81.97395499990368,
              28.091237000300104
            ],
            [
              -81.97475900016781,
              28.164906000063574
            ],
            [
              -82.05553899957239,
              28.24796100017094
            ],
            [
              -82.0555310000748,
              28.258928000156082
            ],
            [
              -82.07558799983367,
              28.259195999816328
            ],
            [
              -82.14707200001453,
              28.299082000364482
            ],
            [
              -82.16346800027465,
              28.328376999968768
            ],
            [
              -82.18745800041718,
              28.324258000061256
            ],
            [
              -82.22472200037299,
              28.33395199976273
            ],
            [
              -82.27430000024228,
              28.324595999748304
            ],
            [
              -82.28052099977315,
              28.275146999982475
            ],
            [
              -82.297223000355,
              28.25610900018294
            ],
            [
              -82.32012899985094,
              28.257140000024208
            ],
            [
              -82.3203580001798,
              28.240530999738265
            ],
            [
              -82.3672119999855,
              28.23756900036484
            ],
            [
              -82.40420899997763,
              28.18591699976108
            ],
            [
              -82.45074800013907,
              28.18587199979842
            ],
            [
              -82.48993100006942,
              28.197902999994813
            ],
            [
              -82.54403999982388,
              28.18933600009418
            ],
            [
              -82.53549400043761,
              28.16908099994562
            ],
            [
              -82.54869999958048,
              28.131846999699874
            ],
            [
              -82.54872499969483,
              28.131454000082623
            ]
          ]
        ]
      }
    },
    {
      "type": "Feature",
      "id": "us-cd:119:12:16",
      "properties": {
        "boundary_id": "us-cd:119:12:16",
        "boundary_type": "congressional_district",
        "name": "16",
        "stateFips": "12",
        "congress": 119,
        "district": "16",
        "bbox": [
          -82.93510199974664,
          27.20776899980167,
          -82.05526199956296,
          27.949470999898107
        ]
      },
      "geometry": {
        "type": "Polygon",
        "coordinates": [
          [
            [
              -82.93510199974664,
              27.59527399986624
            ],
            [
              -82.92474000031797,
              27.532099999983384
            ],
            [
              -82.85073999958766,
              27.39138900015363
            ],
            [
              -82.25226400023439,
              27.38624299968723
            ],
            [
              -82.2535959996798,
              27.208916000263336
            ],
            [
              -82.05649699982231,
              27.20776899980167
            ],
            [
              -82.05526199956296,
              27.927253000319133
            ],
            [
              -82.09243099998253,
              27.937786999848015
            ],
            [
              -82.3185060001524,
              27.93767999960405
            ],
            [
              -82.35419400026532,
              27.949470999898107
            ],
            [
              -82.34389499968752,
              27.903460000308208
            ],
            [
              -82.34742700021319,
              27.864373000043674
            ],
            [
              -82.38470200003965,
              27.86438700031401
            ],
            [
              -82.38523900034006,
              27.7796859996345
            ],
            [
              -82.43310900012202,
              27.73273799978416
            ],
            [
              -82.43555700000108,
              27.706158000346736
            ],
            [
              -82.45251499977766,
              27.703120000160023
            ],
            [
              -82.51503099989954,
              27.650148999629682
            ],
            [
              -82.69653500028633,
              27.64496899984058
            ],
            [
              -82.70460100017189,
              27.62452199987595
            ],
            [
              -82.73559199981999,
              27.610437000222202
            ],
            [
              -82.7467509998401,
              27.647346999700204
            ],
            [
              -82.92503400004584,
              27.644812999877963
            ],
            [
              -82.93491000012602,
              27.59945300006388
            ],
            [
              -82.93510199974664,
              27.59527399986624
            ]
          ]
        ]
      }
    },
    {
      "type": "Feature",
      "id": "us-cd:119:12:17",
      "properties": {
        "boundary_id": "us-cd:119:12:17",
        "boundary_type": "congressional_district",
        "name": "17",
        "stateFips": "12",
        "congress": 119,
        "district": "17",
        "bbox": [
          -82.85073999958766,
          26.541977000374906,
          -81.56262399961163,
          27.39138900015363
        ]
      },
      "geometry": {
        "type": "Polygon",
        "coordinates": [
          [
            [
              -82.85073999958766,
              27.39138900015363
            ],
            [
              -82.82626999994439,
              27.347759999792896
            ],
            [
              -82.73465000036191,
              27.246819999750038
            ],
            [
              -82.71090000041887,
              27.194850000087484
            ],
            [
              -82.6705399999555,
              27.154440000037177
            ],
            [
              -82.59439000017026,
              26.990229999760665
            ],
            [
              -82.46201199974115,
              26.7874289996945
            ],
            [
              -82.2646760000572,
              26.789429000337567
            ],
            [
              -82.20556199986633,
              26.7705279997818
            ],
            [
              -81.93133300023239,
              26.770051000040315
            ],
            [
              -81.90595999969247,
              26.723454999901826
            ],
            [
              -81.90109200042174,
              26.679976999733793
            ],
            [
              -81.88204999991585,
              26.65698200036217
            ],
            [
              -81.8404169995583,
              26.68914100018528
            ],
            [
              -81.82453599985733,
              26.679015000282032
            ],
            [
              -81.82477900042988,
              26.663213000341532
            ],
            [
              -81.81234999999035,
              26.66703200039842
            ],
            [
              -81.81212999988232,
              26.656148000185787
            ],
            [
              -81.78990599955344,
              26.65640099980604
            ],
            [
              -81.78750500042835,
              26.642108999974546
            ],
            [
              -81.77160000043794,
              26.64216499997006
            ],
            [
              -81.77164899994342,
              26.656687999695944
            ],
            [
              -81.76368099996715,
              26.656770000334745
            ],
            [
              -81.76655999984145,
              26.62722500013244
            ],
            [
              -81.68065799982459,
              26.61596599990868
            ],
            [
              -81.67833799999202,
              26.566382000258102
            ],
            [
              -81.6353969995802,
              26.541977000374906
            ],
            [
              -81.56421000039857,
              26.542475999850026
            ],
            [
              -81.56262399961163,
              27.033835000185498
            ],
            [
              -82.05750600012585,
              27.03211899978706
            ],
            [
              -82.05649699982231,
              27.20776899980167
            ],
            [
              -82.2535959996798,
              27.208916000263336
            ],
            [
              -82.25226400023439,
              27.38624299968723
            ],
            [
              -82.82564700032854,
              27.391111999620083
            ],
            [
              -82.85073999958766,
              27.39138900015363
            ]
          ]
        ]
      }
    },
    {
      "type": "Feature",
      "id": "us-cd:119:12:18",
      "properties": {
        "boundary_id": "us-cd:119:12:18",
        "boundary_type": "congressional_district",
        "name": "18",
        "stateFips": "12",
        "congress": 119,
        "district": "18",
        "bbox": [
          -82.05761800027884,
          26.253069000021647,
          -80.67742700043569,
          28.254286000097554
        ]
      },
      "geometry": {
        "type": "Polygon",
        "coordinates": [
          [
            [
              -82.05761800027884,
              27.126471000267237
            ],
            [
              -82.05750600012585,
              27.03211899978706
            ],
            [
              -81.56262399961163,
              27.033835000185498
            ],
            [
              -81.56376299961151,
              26.51333099993865
            ],
            [
              -81.43466300016317,
              26.48554799973727
            ],
            [
              -81.43354900027765,
              26.418397000332387
            ],
            [
              -81.27193199977043,
              26.422648000139382
            ],
            [
              -81.26823600011154,
              26.253069000021647
            ],
            [
              -80.8797099999314,
              26.259308000242452
            ],
            [
              -80.88563900028252,
              26.95891900006673
            ],
            [
              -80.67742700043569,
              27.121618999849606
            ],
            [
              -80.67965900040467,
              27.558735999959193
            ],
            [
              -80.77716599960716,
              27.558732999958988
            ],
            [
              -80.77804699986417,
              27.643194999817116
            ],
            [
              -81.14216399960209,
              27.64323800037322
            ],
            [
              -81.13104399994005,
              27.65930699971729
            ],
            [
              -81.14434299986765,
              27.669722999705197
            ],
            [
              -81.14581499995347,
              27.71031299991355
            ],
            [
              -81.16737899995826,
              27.723389999908058
            ],
            [
              -81.16501100044515,
              27.742327000296015
            ],
            [
              -81.17865699980406,
              27.75209599962071
            ],
            [
              -81.17301299985829,
              27.76090699990209
            ],
            [
              -81.2079760002481,
              27.82097700027721
            ],
            [
              -81.23112000029374,
              27.842843000383606
            ],
            [
              -81.30186200013476,
              27.862080999812544
            ],
            [
              -81.31490900016729,
              27.901243999991213
            ],
            [
              -81.30869600013403,
              27.92188000018555
            ],
            [
              -81.34673500004165,
              27.936750999707346
            ],
            [
              -81.33682399980135,
              27.949910000302438
            ],
            [
              -81.37650499967408,
              27.978251000368214
            ],
            [
              -81.38680199970375,
              28.00348599995697
            ],
            [
              -81.41588799962098,
              27.998248999959632
            ],
            [
              -81.44042699975954,
              28.033926999997625
            ],
            [
              -81.5127849996264,
              28.026730000190497
            ],
            [
              -81.52922899956707,
              28.03428800031884
            ],
            [
              -81.52901000018228,
              28.05355099973542
            ],
            [
              -81.51503900023503,
              28.058528000305948
            ],
            [
              -81.53928999959518,
              28.10900999971446
            ],
            [
              -81.52773200026523,
              28.11795100025332
            ],
            [
              -81.54069899993182,
              28.133419000392124
            ],
            [
              -81.51731999970953,
              28.14246199997707
            ],
            [
              -81.52422700040205,
              28.142804999950844
            ],
            [
              -81.52408299956369,
              28.201011999722166
            ],
            [
              -81.53950700022848,
              28.228201999668066
            ],
            [
              -81.56464899989138,
              28.240806999858563
            ],
            [
              -81.62057200003842,
              28.254286000097554
            ],
            [
              -81.68077900019841,
              28.21016399979769
            ],
            [
              -81.77734800014078,
              28.165270000229448
            ],
            [
              -81.78909100031699,
              28.166530999742974
            ],
            [
              -81.78928899978537,
              28.186496999784147
            ],
            [
              -81.80585499992479,
              28.18644799994891
            ],
            [
              -81.80116599985588,
              28.179281000337188
            ],
            [
              -81.79384899998286,
              28.18418500022064
            ],
            [
              -81.79353000014062,
              28.16655900022737
            ],
            [
              -81.80999300034786,
              28.179250999822163
            ],
            [
              -81.8091780002131,
              28.172011000065943
            ],
            [
              -81.8223780004065,
              28.171964999630532
            ],
            [
              -81.82033999970793,
              28.156530999728307
            ],
            [
              -81.83066299967686,
              28.170148999656902
            ],
            [
              -81.83600799987188,
              28.15383799973327
            ],
            [
              -81.87036399964107,
              28.152765000271486
            ],
            [
              -81.88109400021409,
              28.171712999820866
            ],
            [
              -81.90583099982105,
              28.171968000124334
            ],
            [
              -81.90556800005531,
              28.15737900009727
            ],
            [
              -81.94639100030098,
              28.146669999743793
            ],
            [
              -81.94649099986007,
              28.128347000162687
            ],
            [
              -81.97368499956694,
              28.12813000017394
            ],
            [
              -81.97364500028229,
              28.089863000069236
            ],
            [
              -81.95742300009947,
              28.069756000037312
            ],
            [
              -81.95686599970755,
              27.982040999607843
            ],
            [
              -81.97337599977045,
              27.967576000394477
            ],
            [
              -81.98966300025059,
              27.967552999614348
            ],
            [
              -82.00175899970591,
              27.938462000101183
            ],
            [
              -82.02123300003193,
              27.93832300023161
            ],
            [
              -82.03021799980934,
              27.92358200021686
            ],
            [
              -82.05526199956296,
              27.927253000319133
            ],
            [
              -82.05754999960847,
              27.132168999815114
            ],
            [
              -82.05761800027884,
              27.126471000267237
            ]
          ]
        ]
      }
    },
    {
      "type": "Feature",
      "id": "us-cd:119:12:19",
      "properties": {
        "boundary_id": "us-cd:119:12:19",
        "boundary_type": "congressional_district",
        "name": "19",
        "stateFips": "12",
        "congress": 119,
        "district": "19",
        "bbox": [
          -82.46201199974115,
          25.800784999651512,
          -81.56218000009592,
          26.7886249999229
        ]
      },
      "geometry": {
        "type": "Polygon",
        "coordinates": [
          [
            [
              -82.46201199974115,
              26.7874289996945
            ],
            [
              -82.43157000008907,
              26.736149999744306
            ],
            [
              -82.42439999963081,
              26.63428000039079
            ],
            [
              -82.35963999984436,
              26.502730000273107
            ],
            [
              -82.3369100000755,
              26.42464999982447
            ],
            [
              -82.3037500002076,
              26.375240000276435
            ],
            [
              -82.22168000029208,
              26.312739999740938
            ],
            [
              -82.14532000044456,
              26.280679999704613
            ],
            [
              -82.06954999970262,
              26.271920000015765
            ],
            [
              -82.00546000028598,
              26.28443000009575
            ],
            [
              -81.98528999965089,
              26.2131799999119
            ],
            [
              -81.96327999958224,
              26.049729999772612
            ],
            [
              -81.9184300001399,
              25.952729999887836
            ],
            [
              -81.90497999970124,
              25.894150000246736
            ],
            [
              -81.84820600033274,
              25.800784999651512
            ],
            [
              -81.62488000034082,
              25.80248299960712
            ],
            [
              -81.62480699964757,
              25.875378000352253
            ],
            [
              -81.64019699997718,
              25.875378000352253
            ],
            [
              -81.64248199964962,
              25.924463000092814
            ],
            [
              -81.66606199971335,
              25.950403000199845
            ],
            [
              -81.70968799966532,
              25.963237999691376
            ],
            [
              -81.69910600012862,
              26.06336599999436
            ],
            [
              -81.7457120002372,
              26.104883000368055
            ],
            [
              -81.74270899961606,
              26.166200000103075
            ],
            [
              -81.7511670000371,
              26.174014000294985
            ],
            [
              -81.71878600031896,
              26.168938999907514
            ],
            [
              -81.71721600032386,
              26.1927610001446
            ],
            [
              -81.7178749999247,
              26.210150999623114
            ],
            [
              -81.73593800026428,
              26.21160999967555
            ],
            [
              -81.74616699962355,
              26.316896000115015
            ],
            [
              -81.65789999956833,
              26.317563000386066
            ],
            [
              -81.65950600044674,
              26.421076999682498
            ],
            [
              -81.56218000009592,
              26.422625000236373
            ],
            [
              -81.56421000039857,
              26.542475999850026
            ],
            [
              -81.6353969995802,
              26.541977000374906
            ],
            [
              -81.67833799999202,
              26.566382000258102
            ],
            [
              -81.68065799982459,
              26.61596599990868
            ],
            [
              -81.76655999984145,
              26.62722500013244
            ],
            [
              -81.76368099996715,
              26.656770000334745
            ],
            [
              -81.77164899994342,
              26.656687999695944
            ],
            [
              -81.77160000043794,
              26.64216499997006
            ],
            [
              -81.78750500042835,
              26.642108999974546
            ],
            [
              -81.78990599955344,
              26.65640099980604
            ],
            [
              -81.81212999988232,
              26.656148000185787
            ],
            [
              -81.81234999999035,
              26.66703200039842
            ],
            [
              -81.82477900042988,
              26.663213000341532
            ],
            [
              -81.82453599985733,
              26.679015000282032
            ],
            [
              -81.8404169995583,
              26.68914100018528
            ],
            [
              -81.88204999991585,
              26.65698200036217
            ],
            [
              -81.90109200042174,
              26.679976999733793
            ],
            [
              -81.90595999969247,
              26.723454999901826
            ],
            [
              -81.93133300023239,
              26.770051000040315
            ],
            [
              -82.20556199986633,
              26.7705279997818
            ],
            [
              -82.24803200009997,
              26.7868569998017
            ],
            [
              -82.30790500034911,
              26.7886249999229
            ],
            [
              -82.46201199974115,
              26.7874289996945
            ]
          ]
        ]
      }
    },
    {
      "type": "Feature",
      "id": "us-cd:119:12:20",
      "properties": {
        "boundary_id": "us-cd:119:12:20",
        "boundary_type": "congressional_district",
        "name": "20",
        "stateFips": "12",
        "congress": 119,
        "district": "20",
        "bbox": [
          -80.886052999661,
          25.95685199980947,
          -80.0434399996232,
          26.95891900006673
        ]
      },
      "geometry": {
        "type": "Polygon",
        "coordinates": [
          [
            [
              -80.886052999661,
              26.949235000199682
            ],
            [
              -80.87293200000863,
              25.97943399996892
            ],
            [
              -80.68003799962305,
              25.9787489998955
            ],
            [
              -80.68001599988175,
              25.956857000259994
            ],
            [
              -80.43938899998157,
              25.95685199980947
            ],
            [
              -80.44706599970472,
              26.146091000215936
            ],
            [
              -80.36261400003237,
              26.127274000070887
            ],
            [
              -80.36257300002447,
              26.102318000109598
            ],
            [
              -80.34634400016895,
              26.102308999802997
            ],
            [
              -80.3503179996622,
              26.116710000355596
            ],
            [
              -80.33020700037497,
              26.1192200003995
            ],
            [
              -80.33015200012338,
              26.131245000309725
            ],
            [
              -80.31395099985696,
              26.122893999980988
            ],
            [
              -80.3138980001535,
              26.16075400033623
            ],
            [
              -80.2839569999185,
              26.150063999765646
            ],
            [
              -80.28739499983455,
              26.13552399994004
            ],
            [
              -80.23396999979528,
              26.120663999875763
            ],
            [
              -80.23367900044047,
              26.105847999718378
            ],
            [
              -80.16851399969974,
              26.10680999999103
            ],
            [
              -80.16856200027865,
              26.121630999888453
            ],
            [
              -80.14855300020032,
              26.12215399974186
            ],
            [
              -80.14486599986397,
              26.149001000173843
            ],
            [
              -80.16071800015092,
              26.164512000069912
            ],
            [
              -80.13626699987591,
              26.226677000176725
            ],
            [
              -80.12721099995338,
              26.22672599983978
            ],
            [
              -80.09843700020569,
              26.32673000035168
            ],
            [
              -80.11703600012247,
              26.32784700023484
            ],
            [
              -80.13738099976143,
              26.260504999928532
            ],
            [
              -80.15178799972678,
              26.260296000092346
            ],
            [
              -80.15146800005964,
              26.243609999787903
            ],
            [
              -80.1674049998371,
              26.245317999898635
            ],
            [
              -80.1922920001302,
              26.214281000184503
            ],
            [
              -80.19246100018461,
              26.230555000267003
            ],
            [
              -80.29748099997701,
              26.229450000024894
            ],
            [
              -80.29704800033196,
              26.355546999761856
            ],
            [
              -80.24977000020372,
              26.34135600011887
            ],
            [
              -80.25166900008679,
              26.364988000053184
            ],
            [
              -80.23583000021863,
              26.385288999876845
            ],
            [
              -80.22076499957903,
              26.468310999774303
            ],
            [
              -80.22234399979496,
              26.512697999969618
            ],
            [
              -80.23334200015658,
              26.542521999956477
            ],
            [
              -80.27886299979365,
              26.602823000144326
            ],
            [
              -80.33266500029977,
              26.634569999643475
            ],
            [
              -80.36377399994863,
              26.684563999773953
            ],
            [
              -80.21954899958625,
              26.680808999656247
            ],
            [
              -80.21876100011396,
              26.66771599993412
            ],
            [
              -80.20235099961018,
              26.665502999625698
            ],
            [
              -80.20206000025536,
              26.680241000058068
            ],
            [
              -80.06956100035075,
              26.676333999654187
            ],
            [
              -80.07123099990496,
              26.699445999690408
            ],
            [
              -80.05324299990845,
              26.723479000207444
            ],
            [
              -80.0434399996232,
              26.80445900024509
            ],
            [
              -80.08533800029463,
              26.808162999715176
            ],
            [
              -80.0918199999414,
              26.770180000092378
            ],
            [
              -80.13164700030231,
              26.795678000059663
            ],
            [
              -80.1342659998856,
              26.751733999976782
            ],
            [
              -80.11771700036294,
              26.750546999837425
            ],
            [
              -80.11838500018463,
              26.73259400030259
            ],
            [
              -80.10210699992533,
              26.73590599977381
            ],
            [
              -80.1003960003632,
              26.70673400035899
            ],
            [
              -80.20091899970733,
              26.709281999800364
            ],
            [
              -80.2158069998966,
              26.73567500019073
            ],
            [
              -80.30001000004692,
              26.74512800027349
            ],
            [
              -80.31051700013887,
              26.729921000043493
            ],
            [
              -80.30907299964217,
              26.70708100015197
            ],
            [
              -80.3632509998919,
              26.710378000350026
            ],
            [
              -80.36266300043616,
              26.7410510001705
            ],
            [
              -80.38633399983819,
              26.76863200022391
            ],
            [
              -80.56324799989028,
              26.928239000385737
            ],
            [
              -80.58010899958245,
              26.928879999623703
            ],
            [
              -80.58023699962898,
              26.9579339999491
            ],
            [
              -80.88563900028252,
              26.95891900006673
            ],
            [
              -80.886052999661,
              26.949235000199682
            ]
          ]
        ]
      }
    },
    {
      "type": "Feature",
      "id": "us-cd:119:12:21",
      "properties": {
        "boundary_id": "us-cd:119:12:21",
        "boundary_type": "congressional_district",
        "name": "21",
        "stateFips": "12",
        "congress": 119,
        "district": "21",
        "bbox": [
          -80.88563900028252,
          26.70673400035899,
          -79.97500900029223,
          27.558735999959193
        ]
      },
      "geometry": {
        "type": "Polygon",
        "coordinates": [
          [
            [
              -80.88563900028252,
              26.95891900006673
            ],
            [
              -80.58023699962898,
              26.9579339999491
            ],
            [
              -80.58010899958245,
              26.928879999623703
            ],
            [
              -80.56324799989028,
              26.928239000385737
            ],
            [
              -80.38633399983819,
              26.76863200022391
            ],
            [
              -80.36266300043616,
              26.7410510001705
            ],
            [
              -80.3632509998919,
              26.710378000350026
            ],
            [
              -80.30907299964217,
              26.70708100015197
            ],
            [
              -80.31051700013887,
              26.729921000043493
            ],
            [
              -80.30001000004692,
              26.74512800027349
            ],
            [
              -80.2158069998966,
              26.73567500019073
            ],
            [
              -80.20091899970733,
              26.709281999800364
            ],
            [
              -80.1003960003632,
              26.70673400035899
            ],
            [
              -80.10210699992533,
              26.73590599977381
            ],
            [
              -80.11838500018463,
              26.73259400030259
            ],
            [
              -80.11771700036294,
              26.750546999837425
            ],
            [
              -80.1342659998856,
              26.751733999976782
            ],
            [
              -80.13164700030231,
              26.795678000059663
            ],
            [
              -80.0918199999414,
              26.770180000092378
            ],
            [
              -80.08533800029463,
              26.808162999715176
            ],
            [
              -80.0434399996232,
              26.80445900024509
            ],
            [
              -80.04938499986784,
              26.76925600002946
            ],
            [
              -79.97500900029223,
              26.77293200024936
            ],
            [
              -79.9939129998075,
              26.87533699974285
            ],
            [
              -80.03910200008188,
              27.029853000026744
            ],
            [
              -80.09541100001829,
              27.180639999787207
            ],
            [
              -80.21334599959874,
              27.424719000197648
            ],
            [
              -80.22929900016806,
              27.485629000359033
            ],
            [
              -80.26354299978424,
              27.556781999709706
            ],
            [
              -80.67965900040467,
              27.558735999959193
            ],
            [
              -80.67742700043569,
              27.121618999849606
            ],
            [
              -80.87478400003603,
              26.96739000036364
            ],
            [
              -80.88563900028252,
              26.95891900006673
            ]
          ]
        ]
      }
    },
    {
      "type": "Feature",
      "id": "us-cd:119:12:22",
      "properties": {
        "boundary_id": "us-cd:119:12:22",
        "boundary_type": "congressional_district",
        "name": "22",
        "stateFips": "12",
        "congress": 119,
        "district": "22",
        "bbox": [
          -80.36377399994863,
          26.382699000151632,
          -79.97500900029223,
          26.77293200024936
        ]
      },
      "geometry": {
        "type": "Polygon",
        "coordinates": [
          [
            [
              -80.36377399994863,
              26.684563999773953
            ],
            [
              -80.34779299979024,
              26.649269999843234
            ],
            [
              -80.27886299979365,
              26.602823000144326
            ],
            [
              -80.23268500020555,
              26.541163000039855
            ],
            [
              -80.22076499957903,
              26.468310999774303
            ],
            [
              -80.236905999571,
              26.38368199989956
            ],
            [
              -80.20357300034904,
              26.382699000151632
            ],
            [
              -80.20372399996177,
              26.394203000360005
            ],
            [
              -80.17126700007566,
              26.393882000170457
            ],
            [
              -80.17127399974835,
              26.409311000047108
            ],
            [
              -80.14631399966031,
              26.409452000265404
            ],
            [
              -80.14641499994266,
              26.416817999798962
            ],
            [
              -80.10248299966894,
              26.40972599960338
            ],
            [
              -80.0994099996259,
              26.424551999703947
            ],
            [
              -80.06554599995128,
              26.420549999939414
            ],
            [
              -80.06469700037965,
              26.432119999869823
            ],
            [
              -80.00688799987002,
              26.426456999932338
            ],
            [
              -79.98247599995307,
              26.569246999770108
            ],
            [
              -79.97500900029223,
              26.77293200024936
            ],
            [
              -80.04957599966356,
              26.769260999951076
            ],
            [
              -80.05324299990845,
              26.723479000207444
            ],
            [
              -80.07123099990496,
              26.699445999690408
            ],
            [
              -80.06956100035075,
              26.676333999654187
            ],
            [
              -80.20206000025536,
              26.680241000058068
            ],
            [
              -80.20235099961018,
              26.665502999625698
            ],
            [
              -80.21876100011396,
              26.66771599993412
            ],
            [
              -80.21954899958625,
              26.680808999656247
            ],
            [
              -80.36359700039662,
              26.684561000316137
            ],
            [
              -80.36377399994863,
              26.684563999773953
            ]
          ]
        ]
      }
    },
    {
      "type": "Feature",
      "id": "us-cd:119:12:23",
      "properties": {
        "boundary_id": "us-cd:119:12:23",
        "boundary_type": "congressional_district",
        "name": "23",
        "stateFips": "12",
        "congress": 119,
        "district": "23",
        "bbox": [
          -80.29748099997701,
          26.092759999890145,
          -80.00688799987002,
          26.432119999869823
        ]
      },
      "geometry": {
        "type": "Polygon",
        "coordinates": [
          [
            [
              -80.29744300034218,
              26.23607299974786
            ],
            [
              -80.29748099997701,
              26.229450000024894
            ],
            [
              -80.19246100018461,
              26.230555000267003
            ],
            [
              -80.1922920001302,
              26.214281000184503
            ],
            [
              -80.1674049998371,
              26.245317999898635
            ],
            [
              -80.15146800005964,
              26.243609999787903
            ],
            [
              -80.15178799972678,
              26.260296000092346
            ],
            [
              -80.13738099976143,
              26.260504999928532
            ],
            [
              -80.11703600012247,
              26.32784700023484
            ],
            [
              -80.09898200000373,
              26.327495999959226
            ],
            [
              -80.12721099995338,
              26.22672599983978
            ],
            [
              -80.13626699987591,
              26.226677000176725
            ],
            [
              -80.16071800015092,
              26.164512000069912
            ],
            [
              -80.14524300033082,
              26.149962000032854
            ],
            [
              -80.14466099982454,
              26.127814000300482
            ],
            [
              -80.16856200027865,
              26.121630999888453
            ],
            [
              -80.16851399969974,
              26.10680999999103
            ],
            [
              -80.15890499958327,
              26.107213000216433
            ],
            [
              -80.16097099987091,
              26.096177000202285
            ],
            [
              -80.04932999961625,
              26.092759999890145
            ],
            [
              -80.00688799987002,
              26.426456999932338
            ],
            [
              -80.06469700037965,
              26.432119999869823
            ],
            [
              -80.06554599995128,
              26.420549999939414
            ],
            [
              -80.0994099996259,
              26.424551999703947
            ],
            [
              -80.10248299966894,
              26.40972599960338
            ],
            [
              -80.13706600011716,
              26.41715299986624
            ],
            [
              -80.17127399974835,
              26.409311000047108
            ],
            [
              -80.17126700007566,
              26.393882000170457
            ],
            [
              -80.20372399996177,
              26.394203000360005
            ],
            [
              -80.20357300034904,
              26.382699000151632
            ],
            [
              -80.236905999571,
              26.38368199989956
            ],
            [
              -80.25166900008679,
              26.364988000053184
            ],
            [
              -80.24977000020372,
              26.34135600011887
            ],
            [
              -80.29704800033196,
              26.355546999761856
            ],
            [
              -80.29702099966947,
              26.236083000171867
            ],
            [
              -80.29744300034218,
              26.23607299974786
            ]
          ]
        ]
      }
    },
    {
      "type": "Feature",
      "id": "us-cd:119:12:24",
      "properties": {
        "boundary_id": "us-cd:119:12:24",
        "boundary_type": "congressional_district",
        "name": "24",
        "stateFips": "12",
        "congress": 119,
        "district": "24",
        "bbox": [
          -80.29317400039784,
          25.721109999744286,
          -80.06289300003282,
          25.996233000223135
        ]
      },
      "geometry": {
        "type": "Polygon",
        "coordinates": [
          [
            [
              -80.29317400039784,
              25.92502399986431
            ],
            [
              -80.29187499966606,
              25.896312000222615
            ],
            [
              -80.28122799983204,
              25.895173999637944
            ],
            [
              -80.27502700039268,
              25.881636999601415
            ],
            [
              -80.25943100019875,
              25.882060000146176
            ],
            [
              -80.25905200008206,
              25.870702000399255
            ],
            [
              -80.242615999639,
              25.87138699985721
            ],
            [
              -80.24174600015094,
              25.84605000022686
            ],
            [
              -80.25357200016782,
              25.836028000319736
            ],
            [
              -80.24858199980004,
              25.814905000100687
            ],
            [
              -80.18538399961278,
              25.811483000079548
            ],
            [
              -80.18905199968258,
              25.796193999655788
            ],
            [
              -80.20529700032994,
              25.79523900012903
            ],
            [
              -80.2037530002741,
              25.7891150003737
            ],
            [
              -80.1773589997351,
              25.7872259996589
            ],
            [
              -80.13690200008564,
              25.765163999603168
            ],
            [
              -80.14908799995263,
              25.763903999864322
            ],
            [
              -80.09177999975843,
              25.721109999744286
            ],
            [
              -80.08280000000387,
              25.7286200002631
            ],
            [
              -80.06933000037205,
              25.758500000153987
            ],
            [
              -80.06289300003282,
              25.976808999754667
            ],
            [
              -80.16572400041224,
              25.973782999695224
            ],
            [
              -80.16550699977894,
              25.996233000223135
            ],
            [
              -80.27916099971948,
              25.99377700008582
            ],
            [
              -80.27672799990903,
              25.925127000101085
            ],
            [
              -80.2893769995583,
              25.925149999804383
            ],
            [
              -80.29317400039784,
              25.92502399986431
            ]
          ]
        ]
      }
    },
    {
      "type": "Feature",
      "id": "us-cd:119:12:25",
      "properties": {
        "boundary_id": "us-cd:119:12:25",
        "boundary_type": "congressional_district",
        "name": "25",
        "stateFips": "12",
        "congress": 119,
        "district": "25",
        "bbox": [
          -80.44971100012559,
          25.956769999982992,
          -80.04932999961625,
          26.16069499987597
        ]
      },
      "geometry": {
        "type": "Polygon",
        "coordinates": [
          [
            [
              -80.44971100012559,
              26.141840999741298
            ],
            [
              -80.43938899998157,
              25.95685199980947
            ],
            [
              -80.29497199999855,
              25.956769999982992
            ],
            [
              -80.29518700008373,
              25.970569999882628
            ],
            [
              -80.27876400005945,
              25.970968000305344
            ],
            [
              -80.27916099971948,
              25.99377700008582
            ],
            [
              -80.16550699977894,
              25.996233000223135
            ],
            [
              -80.16572400041224,
              25.973782999695224
            ],
            [
              -80.06289300003282,
              25.976808999754667
            ],
            [
              -80.04932999961625,
              26.092759999890145
            ],
            [
              -80.16097099987091,
              26.096177000202285
            ],
            [
              -80.15890499958327,
              26.107213000216433
            ],
            [
              -80.23367900044047,
              26.105847999718378
            ],
            [
              -80.234168000162,
              26.12079699985339
            ],
            [
              -80.28739499983455,
              26.13552399994004
            ],
            [
              -80.2839569999185,
              26.150063999765646
            ],
            [
              -80.29777899990286,
              26.15002100027654
            ],
            [
              -80.29781999991073,
              26.160397999934705
            ],
            [
              -80.31399600006279,
              26.16069499987597
            ],
            [
              -80.31395099985696,
              26.122893999980988
            ],
            [
              -80.32690099980508,
              26.131250999835274
            ],
            [
              -80.33020700037497,
              26.1192200003995
            ],
            [
              -80.34625299993237,
              26.123063999646405
            ],
            [
              -80.34634400016895,
              26.102308999802997
            ],
            [
              -80.36257300002447,
              26.102318000109598
            ],
            [
              -80.36261400003237,
              26.127274000070887
            ],
            [
              -80.44968299963818,
              26.142612999711144
            ],
            [
              -80.44971100012559,
              26.141840999741298
            ]
          ]
        ]
      }
    },
    {
      "type": "Feature",
      "id": "us-cd:119:12:26",
      "properties": {
        "boundary_id": "us-cd:119:12:26",
        "boundary_type": "congressional_district",
        "name": "26",
        "stateFips": "12",
        "congress": 119,
        "district": "26",
        "bbox": [
          -81.7511670000371,
          25.760876000254818,
          -80.18537600011517,
          26.51333399986922
        ]
      },
      "geometry": {
        "type": "Polygon",
        "coordinates": [
          [
            [
              -81.7511670000371,
              26.174014000294985
            ],
            [
              -81.74270899961606,
              26.166200000103075
            ],
            [
              -81.7457120002372,
              26.104883000368055
            ],
            [
              -81.69910600012862,
              26.06336599999436
            ],
            [
              -81.70968799966532,
              25.963237999691376
            ],
            [
              -81.66606199971335,
              25.950403000199845
            ],
            [
              -81.64275500035941,
              25.9250830002698
            ],
            [
              -81.64019699997718,
              25.875378000352253
            ],
            [
              -81.62480699964757,
              25.875378000352253
            ],
            [
              -81.62488000034082,
              25.80248299960712
            ],
            [
              -80.87309600004015,
              25.8053770001382
            ],
            [
              -80.82587300016351,
              25.761787999776697
            ],
            [
              -80.42694100017377,
              25.760876000254818
            ],
            [
              -80.41702999993349,
              25.760939999910462
            ],
            [
              -80.41536100020417,
              25.782997000112914
            ],
            [
              -80.38436499963491,
              25.781847000357534
            ],
            [
              -80.38522599980044,
              25.797128000162655
            ],
            [
              -80.36909499985423,
              25.7971339997646
            ],
            [
              -80.3689740003787,
              25.78074599999309
            ],
            [
              -80.27417600027289,
              25.78372800036427
            ],
            [
              -80.2561680001849,
              25.794400000343302
            ],
            [
              -80.22340800035009,
              25.782610999845698
            ],
            [
              -80.18905199968258,
              25.796193999655788
            ],
            [
              -80.18537600011517,
              25.805419999677472
            ],
            [
              -80.24858199980004,
              25.814905000100687
            ],
            [
              -80.25357200016782,
              25.836028000319736
            ],
            [
              -80.24174600015094,
              25.84605000022686
            ],
            [
              -80.242615999639,
              25.87138699985721
            ],
            [
              -80.25905200008206,
              25.870702000399255
            ],
            [
              -80.25943100019875,
              25.882060000146176
            ],
            [
              -80.27502700039268,
              25.881636999601415
            ],
            [
              -80.28122799983204,
              25.895173999637944
            ],
            [
              -80.29187499966606,
              25.896312000222615
            ],
            [
              -80.29317400039784,
              25.92502399986431
            ],
            [
              -80.27672799990903,
              25.925127000101085
            ],
            [
              -80.27876400005945,
              25.970968000305344
            ],
            [
              -80.29518700008373,
              25.970569999882628
            ],
            [
              -80.29497199999855,
              25.956769999982992
            ],
            [
              -80.68001599988175,
              25.956857000259994
            ],
            [
              -80.68003799962305,
              25.9787489998955
            ],
            [
              -80.87293200000863,
              25.97943399996892
            ],
            [
              -80.8797099999314,
              26.259308000242452
            ],
            [
              -81.26823600011154,
              26.253069000021647
            ],
            [
              -81.27193199977043,
              26.422648000139382
            ],
            [
              -81.43354900027765,
              26.418397000332387
            ],
            [
              -81.43466300016317,
              26.48554799973727
            ],
            [
              -81.54364200027851,
              26.51333399986922
            ],
            [
              -81.56376299961151,
              26.51333099993865
            ],
            [
              -81.56218000009592,
              26.422625000236373
            ],
            [
              -81.65950600044674,
              26.421076999682498
            ],
            [
              -81.65789999956833,
              26.317563000386066
            ],
            [
              -81.74616699962355,
              26.316896000115015
            ],
            [
              -81.73593800026428,
              26.21160999967555
            ],
            [
              -81.7178749999247,
              26.210150999623114
            ],
            [
              -81.71721600032386,
              26.1927610001446
            ],
            [
              -81.71878600031896,
              26.168938999907514
            ],
            [
              -81.74887700034178,
              26.17404399982554
            ],
            [
              -81.7511670000371,
              26.174014000294985
            ]
          ]
        ]
      }
    },
    {
      "type": "Feature",
      "id": "us-cd:119:12:27",
      "properties": {
        "boundary_id": "us-cd:119:12:27",
        "boundary_type": "congressional_district",
        "name": "27",
        "stateFips": "12",
        "congress": 119,
        "district": "27",
        "bbox": [
          -80.38935900020066,
          25.531521000056003,
          -80.09177999975843,
          25.794400000343302
        ]
      },
      "geometry": {
        "type": "Polygon",
        "coordinates": [
          [
            [
              -80.38935900020066,
              25.68994100007183
            ],
            [
              -80.38530899964111,
              25.6341130003571
            ],
            [
              -80.3664600003774,
              25.58244999997938
            ],
            [
              -80.37228400024821,
              25.569977000024767
            ],
            [
              -80.3251490002351,
              25.53452099985669
            ],
            [
              -80.23657699968302,
              25.531521000056003
            ],
            [
              -80.17546200040016,
              25.54772999972746
            ],
            [
              -80.12059299986419,
              25.534064999801032
            ],
            [
              -80.11167300038409,
              25.540300999886107
            ],
            [
              -80.09177999975843,
              25.721109999744286
            ],
            [
              -80.14908799995263,
              25.763903999864322
            ],
            [
              -80.13690200008564,
              25.765163999603168
            ],
            [
              -80.1773589997351,
              25.7872259996589
            ],
            [
              -80.23044900003859,
              25.7825359996585
            ],
            [
              -80.2561680001849,
              25.794400000343302
            ],
            [
              -80.27417600027289,
              25.78372800036427
            ],
            [
              -80.3530919999545,
              25.781609999857224
            ],
            [
              -80.3523739999041,
              25.761656999838035
            ],
            [
              -80.36840799976595,
              25.76130000036458
            ],
            [
              -80.3697629996759,
              25.73592000032872
            ],
            [
              -80.38436499963491,
              25.73204300025694
            ],
            [
              -80.38925600026849,
              25.69045399965849
            ],
            [
              -80.38935900020066,
              25.68994100007183
            ]
          ]
        ]
      }
    },
    {
      "type": "Feature",
      "id": "us-cd:119:12:28",
      "properties": {
        "boundary_id": "us-cd:119:12:28",
        "boundary_type": "congressional_district",
        "name": "28",
        "stateFips": "12",
        "congress": 119,
        "district": "28",
        "bbox": [
          -83.10873799971625,
          24.396308000324215,
          -80.09430999965325,
          25.8053770001382
        ]
      },
      "geometry": {
        "type": "MultiPolygon",
        "coordinates": [
          [
            [
              [
                -82.3251300000894,
                24.590100000049652
              ],
              [
                -82.32650000006794,
                24.583729999990293
              ],
              [
                -82.21544999964209,
                24.58376000015626
              ],
              [
                -82.22234999976358,
                24.560200000074833
              ],
              [
                -82.2172799999282,
                24.534169999714145
              ],
              [
                -82.20320000020098,
                24.513350000208074
              ],
              [
                -82.17857999987157,
                24.49985000021963
              ],
              [
                -82.10033299983655,
                24.49999799966371
              ],
              [
                -82.06717100031882,
                24.52371500016863
              ],
              [
                -82.03427199966853,
                24.4824959996886
              ],
              [
                -81.97440900036344,
                24.471209000341236
              ],
              [
                -81.98205400029953,
                24.445448000403776
              ],
              [
                -81.97446799991468,
                24.420821999663474
              ],
              [
                -81.94644099963138,
                24.39934800006196
              ],
              [
                -81.9205559998037,
                24.396308000324215
              ],
              [
                -81.84104599992024,
                24.407612999763135
              ],
              [
                -81.80069700022582,
                24.427140000150132
              ],
              [
                -81.78180700005592,
                24.46092700019715
              ],
              [
                -81.79236199982843,
                24.495612999814444
              ],
              [
                -81.77080700004446,
                24.496871999792017
              ],
              [
                -81.77368500009386,
                24.47273499966923
              ],
              [
                -81.74981100030224,
                24.438454000309505
              ],
              [
                -81.69719899984963,
                24.432313999808617
              ],
              [
                -81.61025900011525,
                24.454308000146575
              ],
              [
                -81.53992399997999,
                24.48603399994875
              ],
              [
                -81.51988099956651,
                24.51255500025165
              ],
              [
                -81.52785199991582,
                24.553279000112223
              ],
              [
                -81.51461499991251,
                24.56475700014538
              ],
              [
                -81.46508800009683,
                24.552853999798376
              ],
              [
                -81.42063600013944,
                24.570571999996815
              ],
              [
                -81.3748009997847,
                24.57148800027618
              ],
              [
                -81.26462599976807,
                24.599234000122802
              ],
              [
                -81.23991400027545,
                24.617062999692436
              ],
              [
                -81.16939300036738,
                24.634619000295107
              ],
              [
                -81.14768600024745,
                24.64906399985505
              ],
              [
                -81.09722399974808,
                24.63300299971755
              ],
              [
                -81.04764800042692,
                24.640239999763914
              ],
              [
                -81.02258299985856,
                24.665274999978216
              ],
              [
                -80.99979199999035,
                24.66891199974323
              ],
              [
                -80.91891100030342,
                24.71306600005102
              ],
              [
                -80.89329500008927,
                24.71645299971591
              ],
              [
                -80.85222800034445,
                24.748931000188247
              ],
              [
                -80.77109200038939,
                24.765950999897363
              ],
              [
                -80.74511499960191,
                24.788877999922114
              ],
              [
                -80.64042799989545,
                24.838433999989007
              ],
              [
                -80.58545100030274,
                24.889329000244746
              ],
              [
                -80.53816399995367,
                24.91273300031038
              ],
              [
                -80.51434299986553,
                24.940627999715026
              ],
              [
                -80.45336499995169,
                24.963698000319496
              ],
              [
                -80.43910100010149,
                24.99798899971357
              ],
              [
                -80.39650399964624,
                25.02821000009383
              ],
              [
                -80.39043499955302,
                25.05718899993262
              ],
              [
                -80.3577800001985,
                25.072901999957246
              ],
              [
                -80.33332100042588,
                25.099202000388985
              ],
              [
                -80.25965999962929,
                25.230550000070195
              ],
              [
                -80.19104000015243,
                25.325290000038322
              ],
              [
                -80.13910399991741,
                25.43310099985086
              ],
              [
                -80.10064999990811,
                25.458809999940353
              ],
              [
                -80.09430999965325,
                25.48908999979214
              ],
              [
                -80.11514999975986,
                25.522870000261356
              ],
              [
                -80.11167300038409,
                25.540300999886107
              ],
              [
                -80.12059299986419,
                25.534064999801032
              ],
              [
                -80.17546200040016,
                25.54772999972746
              ],
              [
                -80.23657699968302,
                25.531521000056003
              ],
              [
                -80.31668199959323,
                25.532632999988135
              ],
              [
                -80.35886300012187,
                25.55557900022853
              ],
              [
                -80.36215899974768,
                25.568440000347636
              ],
              [
                -80.37228400024821,
                25.569977000024767
              ],
              [
                -80.3664600003774,
                25.58244999997938
              ],
              [
                -80.38886000043337,
                25.664912999648095
              ],
              [
                -80.38436499963491,
                25.73204300025694
              ],
              [
                -80.3697629996759,
                25.73592000032872
              ],
              [
                -80.36840799976595,
                25.76130000036458
              ],
              [
                -80.3523739999041,
                25.761656999838035
              ],
              [
                -80.3530919999545,
                25.781609999857224
              ],
              [
                -80.3689740003787,
                25.78074599999309
              ],
              [
                -80.36909499985423,
                25.7971339997646
              ],
              [
                -80.38522599980044,
                25.797128000162655
              ],
              [
                -80.38436499963491,
                25.781847000357534
              ],
              [
                -80.41703499995636,
                25.7820589999465
              ],
              [
                -80.41702999993349,
                25.760939999910462
              ],
              [
                -80.64914300023443,
                25.76087300034596
              ],
              [
                -80.82736299979267,
                25.761989000043883
              ],
              [
                -80.87309600004015,
                25.8053770001382
              ],
              [
                -81.84820600033274,
                25.800784999651512
              ],
              [
                -81.80566999997686,
                25.73411000035114
              ],
              [
                -81.7617200001598,
                25.69720999988938
              ],
              [
                -81.67973999975764,
                25.672559999668447
              ],
              [
                -81.62016000030978,
                25.673639999699013
              ],
              [
                -81.57622999968589,
                25.68604000028183
              ],
              [
                -81.51902000029928,
                25.65693999990272
              ],
              [
                -81.4876000003058,
                25.592050000075965
              ],
              [
                -81.42540999969883,
                25.551600000193456
              ],
              [
                -81.38476999975128,
                25.4970099997611
              ],
              [
                -81.35800000036694,
                25.42754999983796
              ],
              [
                -81.32520000034917,
                25.390620000305326
              ],
              [
                -81.3149099999922,
                25.351550000371052
              ],
              [
                -81.34023999997608,
                25.264049999855924
              ],
              [
                -81.34230000041595,
                25.224830000257597
              ],
              [
                -81.29505999992253,
                25.09792999959879
              ],
              [
                -81.26224999985901,
                25.05087999972006
              ],
              [
                -81.18857999973989,
                24.994799999738657
              ],
              [
                -81.17034999989406,
                24.962140000328755
              ],
              [
                -81.25486000019104,
                24.98659000027998
              ],
              [
                -81.3503799996469,
                24.970479999802908
              ],
              [
                -81.40548000016155,
                24.978499999657068
              ],
              [
                -81.48848999988533,
                24.96635000024514
              ],
              [
                -81.89429000020952,
                24.76364999997872
              ],
              [
                -81.96754000020407,
                24.75278000016101
              ],
              [
                -82.02694999977261,
                24.72572000000523
              ],
              [
                -82.12210000023094,
                24.74784999962931
              ],
              [
                -82.21286000037111,
                24.733529999791585
              ],
              [
                -82.24796000012996,
                24.712530000215608
              ],
              [
                -82.28242999970196,
                24.676239999870077
              ],
              [
                -82.32327999971179,
                24.59753000040841
              ],
              [
                -82.3251300000894,
                24.590100000049652
              ]
            ]
          ],
          [
            [
              [
                -83.10873799971625,
                24.62948900015195
              ],
              [
                -83.10352700031386,
                24.57996300033512
              ],
              [
                -83.08255999998563,
                24.536872999915232
              ],
              [
                -83.04355100013255,
                24.49857200002601
              ],
              [
                -82.99987599977678,
                24.476980999609417
              ],
              [
                -82.99974199988249,
                24.583916999954585
              ],
              [
                -82.94328700035621,
                24.5689280000453
              ],
              [
                -82.91412199989794,
                24.57597300009649
              ],
              [
                -82.87206500011617,
                24.562215999656242
              ],
              [
                -82.82818100042132,
                24.583765000319378
              ],
              [
                -82.65668199998615,
                24.58370900027827
              ],
              [
                -82.63991400018038,
                24.654913999943318
              ],
              [
                -82.65508199985382,
                24.713315000072573
              ],
              [
                -82.69620600039836,
                24.763397000149038
              ],
              [
                -82.75609899984066,
                24.793849000123622
              ],
              [
                -82.81005500033258,
                24.800410000204295
              ],
              [
                -82.94545599967769,
                24.78496299982221
              ],
              [
                -83.00476800023529,
                24.764505999891625
              ],
              [
                -83.07879499983144,
                24.70608100020628
              ],
              [
                -83.10710599979689,
                24.642553999738865
              ],
              [
                -83.10873799971625,
                24.62948900015195
              ]
            ]
          ]
        ]
      }
    }
  ]
}
