{
  "type": "FeatureCollection",
  "features": [
    {
      "type": "Feature",
      "id": "us-county:35:001",
      "properties": {
        "boundary_id": "us-county:35:001",
        "boundary_type": "county",
        "name": "Bernalillo County",
        "stateFips": "35",
        "countyFips": "001",
        "bbox": [
          -107.19724399979967,
          34.869952999869206,
          -106.14973700018045,
          35.219458999897135
        ]
      },
      "geometry": {
        "type": "Polygon",
        "coordinates": [
          [
            [
              -107.03065600008956,
              34.882752999820504
            ],
            [
              -107.02448099969114,
              34.869952999869206
            ],
            [
              -106.72066599964944,
              34.87005300001582
            ],
            [
              -106.68580100006722,
              34.90635799982757
            ],
            [
              -106.42948599991163,
              34.90339999976314
            ],
            [
              -106.41155800018957,
              34.889732999665206
            ],
            [
              -106.41178099977233,
              34.870251999805625
            ],
            [
              -106.14973700018045,
              34.870141999977655
            ],
            [
              -106.14982800041705,
              34.95346199984705
            ],
            [
              -106.2437619999843,
              34.95335499986669
            ],
            [
              -106.24421600044406,
              35.21565700016304
            ],
            [
              -106.6044840003622,
              35.21786000008764
            ],
            [
              -106.64336599999368,
              35.197762000233
            ],
            [
              -106.64249399995751,
              35.207296999815085
            ],
            [
              -106.65815799992349,
              35.217918000309574
            ],
            [
              -107.19724399979967,
              35.219458999897135
            ],
            [
              -107.03102599998542,
              34.883519999802324
            ],
            [
              -107.03065600008956,
              34.882752999820504
            ]
          ]
        ]
      }
    },
    {
      "type": "Feature",
      "id": "us-county:35:003",
      "properties": {
        "boundary_id": "us-county:35:003",
        "boundary_type": "county",
        "name": "Catron County",
        "stateFips": "35",
        "countyFips": "003",
        "bbox": [
          -109.04757800000196,
          33.20125300018689,
          -107.7127539998101,
          34.57929100031487
        ]
      },
      "geometry": {
        "type": "Polygon",
        "coordinates": [
          [
            [
              -109.04700600043975,
              34.00004999988997
            ],
            [
              -109.04757800000196,
              33.20889799967057
            ],
            [
              -108.00059799973913,
              33.20125300018689
            ],
            [
              -108.00060199993709,
              33.47801399982972
            ],
            [
              -107.7127539998101,
              33.476831999992875
            ],
            [
              -107.72479400008721,
              34.5781319998218
            ],
            [
              -109.04612199980969,
              34.57929100031487
            ],
            [
              -109.04691400037825,
              34.016184000037796
            ],
            [
              -109.04700600043975,
              34.00004999988997
            ]
          ]
        ]
      }
    },
    {
      "type": "Feature",
      "id": "us-county:35:005",
      "properties": {
        "boundary_id": "us-county:35:005",
        "boundary_type": "county",
        "name": "Chaves County",
        "stateFips": "35",
        "countyFips": "005",
        "bbox": [
          -105.35400999973541,
          32.518776000058246,
          -103.50975899987006,
          34.08840700033149
        ]
      },
      "geometry": {
        "type": "Polygon",
        "coordinates": [
          [
            [
              -104.84074099991484,
              32.963213999645355
            ],
            [
              -103.76641700015732,
              32.96526400024744
            ],
            [
              -103.76636100008083,
              33.39529699992629
            ],
            [
              -103.72139899958718,
              33.39540899993348
            ],
            [
              -103.7208089995833,
              33.569537000104745
            ],
            [
              -103.5101289997659,
              33.57011700012859
            ],
            [
              -103.50975899987006,
              33.65726199981295
            ],
            [
              -103.71833300011514,
              33.65620999969518
            ],
            [
              -103.71688500031878,
              33.819558000124346
            ],
            [
              -103.84193299955776,
              33.81920000007618
            ],
            [
              -103.84169099970842,
              34.081909000327514
            ],
            [
              -104.15560000028849,
              34.08320500024274
            ],
            [
              -104.1562689999351,
              33.995412999750656
            ],
            [
              -104.47136600002054,
              33.99637500010091
            ],
            [
              -104.7861040000808,
              34.00013699998484
            ],
            [
              -104.78642899977079,
              34.08766400010271
            ],
            [
              -104.8933769997586,
              34.08840700033149
            ],
            [
              -104.89243299975239,
              33.39819900032453
            ],
            [
              -104.88508800029027,
              33.393270999920965
            ],
            [
              -104.88513000012306,
              33.30582700024619
            ],
            [
              -104.90383799981979,
              33.30590399976651
            ],
            [
              -104.90542399970839,
              33.138904000155954
            ],
            [
              -105.31696800043578,
              33.13230299963714
            ],
            [
              -105.31604699999579,
              32.96209999995408
            ],
            [
              -105.35251300043359,
              32.96200699988114
            ],
            [
              -105.35400999973541,
              32.518776000058246
            ],
            [
              -104.84217100016787,
              32.52054000000337
            ],
            [
              -104.84157600014112,
              32.96321300023308
            ],
            [
              -104.84074099991484,
              32.963213999645355
            ]
          ]
        ]
      }
    },
    {
      "type": "Feature",
      "id": "us-county:35:006",
      "properties": {
        "boundary_id": "us-county:35:006",
        "boundary_type": "county",
        "name": "Cibola County",
        "stateFips": "35",
        "countyFips": "006",
        "bbox": [
          -109.04612199980969,
          34.57875700013617,
          -107.06656199976234,
          35.3483139999884
        ]
      },
      "geometry": {
        "type": "Polygon",
        "coordinates": [
          [
            [
              -108.46969099978683,
              35.13331899971053
            ],
            [
              -108.46940200008184,
              34.95908099965272
            ],
            [
              -109.04599600031129,
              34.9598189996406
            ],
            [
              -109.04612199980969,
              34.57929100031487
            ],
            [
              -107.20174299989779,
              34.57875700013617
            ],
            [
              -107.20288199989766,
              34.95757199995791
            ],
            [
              -107.06656199976234,
              34.95718999969565
            ],
            [
              -107.2388899996777,
              35.30550700010803
            ],
            [
              -107.62878800038455,
              35.30433300029479
            ],
            [
              -107.6283130000084,
              35.3483139999884
            ],
            [
              -107.73424099982199,
              35.34814500004558
            ],
            [
              -107.73422400010355,
              35.30498700033793
            ],
            [
              -108.46871499999358,
              35.30665799983014
            ],
            [
              -108.46965800017489,
              35.13435399986239
            ],
            [
              -108.46969099978683,
              35.13331899971053
            ]
          ]
        ]
      }
    },
    {
      "type": "Feature",
      "id": "us-county:35:007",
      "properties": {
        "boundary_id": "us-county:35:007",
        "boundary_type": "county",
        "name": "Colfax County",
        "stateFips": "35",
        "countyFips": "007",
        "bbox": [
          -105.37774499960986,
          36.21786899995261,
          -104.00785099979636,
          36.996133999958694
        ]
      },
      "geometry": {
        "type": "Polygon",
        "coordinates": [
          [
            [
              -104.00845000002106,
              36.56761600012374
            ],
            [
              -104.00785099979636,
              36.996133999958694
            ],
            [
              -105.22061299985536,
              36.99516899969554
            ],
            [
              -105.23616700021648,
              36.9819489998814
            ],
            [
              -105.2361539997977,
              36.96234099974825
            ],
            [
              -105.21075799969158,
              36.917289000099935
            ],
            [
              -105.20011699970534,
              36.91562800026121
            ],
            [
              -105.22937199967697,
              36.84771000029081
            ],
            [
              -105.22308300037405,
              36.83354099974985
            ],
            [
              -105.23524900014957,
              36.78819399964102
            ],
            [
              -105.2223119997219,
              36.75457999994143
            ],
            [
              -105.22432699995592,
              36.73408000008525
            ],
            [
              -105.25028700012665,
              36.7173680001105
            ],
            [
              -105.28077099961153,
              36.71833499988164
            ],
            [
              -105.29084300040863,
              36.728464000288625
            ],
            [
              -105.31184199962559,
              36.72447099969988
            ],
            [
              -105.32200899995888,
              36.69843700017041
            ],
            [
              -105.33551700012387,
              36.702460999856655
            ],
            [
              -105.36498299998269,
              36.68868700033018
            ],
            [
              -105.37033700039855,
              36.67155899976229
            ],
            [
              -105.35103200012693,
              36.633393000295854
            ],
            [
              -105.36577200017821,
              36.62740500033166
            ],
            [
              -105.37479299994064,
              36.60862200012459
            ],
            [
              -105.34925200006957,
              36.56222000032514
            ],
            [
              -105.37774499960986,
              36.552095999964294
            ],
            [
              -105.34843600010987,
              36.53275199995558
            ],
            [
              -105.3436089999487,
              36.51061799984876
            ],
            [
              -105.31871800035596,
              36.49169300002636
            ],
            [
              -105.33637300026652,
              36.483500000359875
            ],
            [
              -105.3573039997114,
              36.45076400011926
            ],
            [
              -105.33648899971917,
              36.44244499979062
            ],
            [
              -105.34045399988989,
              36.416078000291385
            ],
            [
              -105.32785499957102,
              36.408305999924806
            ],
            [
              -105.32511499961392,
              36.388625999906786
            ],
            [
              -105.33739199971748,
              36.368931999893334
            ],
            [
              -105.32880000030048,
              36.35055799970205
            ],
            [
              -105.33603799963247,
              36.30336100013085
            ],
            [
              -105.32743000032191,
              36.27718899977688
            ],
            [
              -105.3412640000018,
              36.26186299984463
            ],
            [
              -104.86524400006839,
              36.261419000021945
            ],
            [
              -104.86540200025215,
              36.21786899995261
            ],
            [
              -104.00882300028998,
              36.21811499999477
            ],
            [
              -104.00851399959517,
              36.56727000000293
            ],
            [
              -104.00845000002106,
              36.56761600012374
            ]
          ]
        ]
      }
    },
    {
      "type": "Feature",
      "id": "us-county:35:009",
      "properties": {
        "boundary_id": "us-county:35:009",
        "boundary_type": "county",
        "name": "Curry County",
        "stateFips": "35",
        "countyFips": "009",
        "bbox": [
          -103.74006600017435,
          34.30264799975259,
          -103.04270100014786,
          34.95417200007306
        ]
      },
      "geometry": {
        "type": "Polygon",
        "coordinates": [
          [
            [
              -103.73996999991486,
              34.32115600014149
            ],
            [
              -103.74006600017435,
              34.30305600032399
            ],
            [
              -103.0437670003528,
              34.30264799975259
            ],
            [
              -103.04270100014786,
              34.95414200006349
            ],
            [
              -103.2841490000306,
              34.95417200007306
            ],
            [
              -103.28431700026007,
              34.864989999761605
            ],
            [
              -103.38979800018492,
              34.86542899976449
            ],
            [
              -103.39027400038599,
              34.77812199976291
            ],
            [
              -103.49564599963257,
              34.77857500017409
            ],
            [
              -103.49565300020359,
              34.69139299971932
            ],
            [
              -103.70578800022295,
              34.6924459997155
            ],
            [
              -103.70608799979861,
              34.605009999762046
            ],
            [
              -103.73816200026839,
              34.605140999846675
            ],
            [
              -103.7398879998991,
              34.332752999854165
            ],
            [
              -103.73996999991486,
              34.32115600014149
            ]
          ]
        ]
      }
    },
    {
      "type": "Feature",
      "id": "us-county:35:011",
      "properties": {
        "boundary_id": "us-county:35:011",
        "boundary_type": "county",
        "name": "De Baca County",
        "stateFips": "35",
        "countyFips": "011",
        "bbox": [
          -104.89337400028386,
          33.995412999750656,
          -103.946019000288,
          34.779516000082275
        ]
      },
      "geometry": {
        "type": "Polygon",
        "coordinates": [
          [
            [
              -104.89337400028386,
              34.08893999994248
            ],
            [
              -104.78642899977079,
              34.08766400010271
            ],
            [
              -104.7861040000808,
              34.00013699998484
            ],
            [
              -104.47136600002054,
              33.99637500010091
            ],
            [
              -104.1562689999351,
              33.995412999750656
            ],
            [
              -104.15560000028849,
              34.08320500024274
            ],
            [
              -103.946019000288,
              34.082462999703324
            ],
            [
              -103.94877799961337,
              34.60505800029682
            ],
            [
              -104.12888000023456,
              34.60520099986156
            ],
            [
              -104.1291430000003,
              34.77933699985293
            ],
            [
              -104.23857200037745,
              34.779516000082275
            ],
            [
              -104.33981699996993,
              34.77906199990223
            ],
            [
              -104.33977799961185,
              34.69219900011657
            ],
            [
              -104.44493499967162,
              34.69165500012296
            ],
            [
              -104.44476200031755,
              34.60495199966429
            ],
            [
              -104.89202299967356,
              34.604425999783196
            ],
            [
              -104.89337299956061,
              34.089074999661705
            ],
            [
              -104.89337400028386,
              34.08893999994248
            ]
          ]
        ]
      }
    },
    {
      "type": "Feature",
      "id": "us-county:35:013",
      "properties": {
        "boundary_id": "us-county:35:013",
        "boundary_type": "county",
        "name": "Doña Ana County",
        "stateFips": "35",
        "countyFips": "013",
        "bbox": [
          -107.29947500012946,
          31.783640999849002,
          -106.34051500004966,
          33.05277700003358
        ]
      },
      "geometry": {
        "type": "Polygon",
        "coordinates": [
          [
            [
              -106.62940199971914,
              31.99013000007987
            ],
            [
              -106.61848600027159,
              32.000495000289064
            ],
            [
              -106.37716499971215,
              32.0011680002193
            ],
            [
              -106.37658499975402,
              32.958050000260506
            ],
            [
              -106.34070900021844,
              32.95838200026995
            ],
            [
              -106.34051500004966,
              33.05277700003358
            ],
            [
              -106.8878910001174,
              32.822780999727094
            ],
            [
              -106.88773299993368,
              32.77927300017903
            ],
            [
              -107.29947500012946,
              32.7801660002943
            ],
            [
              -107.29679299989867,
              31.783640999849002
            ],
            [
              -106.52794000039168,
              31.78389000021145
            ],
            [
              -106.54714000018298,
              31.807298999952252
            ],
            [
              -106.57724399972628,
              31.81040600033693
            ],
            [
              -106.60280600041207,
              31.825017999941274
            ],
            [
              -106.60169500000127,
              31.844370000111375
            ],
            [
              -106.63592000024921,
              31.866233000113574
            ],
            [
              -106.62919099983193,
              31.883699000327592
            ],
            [
              -106.64547800031208,
              31.898669000188356
            ],
            [
              -106.61286499989205,
              31.920372000351037
            ],
            [
              -106.62974200037605,
              31.9265669997117
            ],
            [
              -106.61432100008433,
              31.951614999811706
            ],
            [
              -106.62512299972906,
              31.954530000238233
            ],
            [
              -106.61956900019497,
              31.971576999918437
            ],
            [
              -106.6381930002261,
              31.976823999793883
            ],
            [
              -106.62943699987923,
              31.99012499975261
            ],
            [
              -106.62940199971914,
              31.99013000007987
            ]
          ]
        ]
      }
    },
    {
      "type": "Feature",
      "id": "us-county:35:015",
      "properties": {
        "boundary_id": "us-county:35:015",
        "boundary_type": "county",
        "name": "Eddy County",
        "stateFips": "35",
        "countyFips": "015",
        "bbox": [
          -104.85153699971178,
          32.00011999984999,
          -103.72288200044196,
          32.965113999812566
        ]
      },
      "geometry": {
        "type": "Polygon",
        "coordinates": [
          [
            [
              -104.32963799994103,
              32.00018800006581
            ],
            [
              -103.72288200044196,
              32.00020600018172
            ],
            [
              -103.72293799962014,
              32.52234399998909
            ],
            [
              -103.81421599979416,
              32.52236800032925
            ],
            [
              -103.81450700004729,
              32.965113999812566
            ],
            [
              -104.84157600014112,
              32.96321300023308
            ],
            [
              -104.84217100016787,
              32.52054000000337
            ],
            [
              -104.85153699971178,
              32.520505000118696
            ],
            [
              -104.84773999977055,
              32.000415000252985
            ],
            [
              -104.34176699990661,
              32.00011999984999
            ],
            [
              -104.32963799994103,
              32.00018800006581
            ]
          ]
        ]
      }
    },
    {
      "type": "Feature",
      "id": "us-county:35:017",
      "properties": {
        "boundary_id": "us-county:35:017",
        "boundary_type": "county",
        "name": "Grant County",
        "stateFips": "35",
        "countyFips": "017",
        "bbox": [
          -109.04764300029929,
          31.86361400011663,
          -107.60848499968003,
          33.20889799967057
        ]
      },
      "geometry": {
        "type": "Polygon",
        "coordinates": [
          [
            [
              -108.00092699962711,
              32.517087999837614
            ],
            [
              -107.92376599988852,
              32.51741599963379
            ],
            [
              -107.92399699986719,
              32.60437900004401
            ],
            [
              -107.60848499968003,
              32.60544900003533
            ],
            [
              -107.73700500006855,
              32.62956099972578
            ],
            [
              -107.71527600020733,
              32.72157000021769
            ],
            [
              -107.72285800039421,
              32.736118999850106
            ],
            [
              -107.71618599987833,
              32.76297700004188
            ],
            [
              -107.72178700016639,
              32.77877600028569
            ],
            [
              -107.74788700007923,
              32.80007499967399
            ],
            [
              -107.74508699984766,
              32.82527400028248
            ],
            [
              -107.77358799978387,
              32.85507500015678
            ],
            [
              -107.7788979998188,
              32.89687600000943
            ],
            [
              -107.76511400036763,
              32.915210999656104
            ],
            [
              -107.77571099997294,
              32.93082199975609
            ],
            [
              -107.77406399998493,
              32.9505670002229
            ],
            [
              -107.7918029995611,
              32.948071000079786
            ],
            [
              -107.82977200004682,
              32.963917999856605
            ],
            [
              -107.8566720000258,
              33.0025389997928
            ],
            [
              -107.8462310000561,
              33.0134060000557
            ],
            [
              -107.85681500014093,
              33.03663600015437
            ],
            [
              -107.8514890002125,
              33.0561929996443
            ],
            [
              -107.83332499959059,
              33.07503399966775
            ],
            [
              -107.84552200022652,
              33.08420399966979
            ],
            [
              -107.84558800034876,
              33.13094599998402
            ],
            [
              -107.85762100005489,
              33.165036000303054
            ],
            [
              -107.83953799962381,
              33.182474000368416
            ],
            [
              -107.86117299977373,
              33.18766899999454
            ],
            [
              -107.85829200024963,
              33.2008789997492
            ],
            [
              -109.04757800000196,
              33.20889799967057
            ],
            [
              -109.04764300029929,
              32.777802000356495
            ],
            [
              -108.85458099968423,
              32.77727599981357
            ],
            [
              -108.8529189996276,
              32.6033739997349
            ],
            [
              -108.64652299982316,
              32.60372999982084
            ],
            [
              -108.64676999969538,
              32.516520999761745
            ],
            [
              -108.53701099960536,
              32.5166180003757
            ],
            [
              -108.5376759999523,
              32.07983200011489
            ],
            [
              -108.52462999974468,
              32.07982800026865
            ],
            [
              -108.52453799968318,
              31.86361400011663
            ],
            [
              -108.21714300033354,
              31.864138999766936
            ],
            [
              -108.2169640002334,
              32.079863000249404
            ],
            [
              -108.22995099999147,
              32.079869999787206
            ],
            [
              -108.22934300044425,
              32.516836999963395
            ],
            [
              -108.00159100014915,
              32.51707900012889
            ],
            [
              -108.00092699962711,
              32.517087999837614
            ]
          ]
        ]
      }
    },
    {
      "type": "Feature",
      "id": "us-county:35:019",
      "properties": {
        "boundary_id": "us-county:35:019",
        "boundary_type": "county",
        "name": "Guadalupe County",
        "stateFips": "35",
        "countyFips": "019",
        "bbox": [
          -105.31307199986205,
          34.347042999752716,
          -104.12513599999679,
          35.21648899989314
        ]
      },
      "geometry": {
        "type": "Polygon",
        "coordinates": [
          [
            [
              -104.89195300025168,
              34.5829679997509
            ],
            [
              -104.89202299967356,
              34.604425999783196
            ],
            [
              -104.44476200031755,
              34.60495199966429
            ],
            [
              -104.44493499967162,
              34.69165500012296
            ],
            [
              -104.33972499990841,
              34.69223400008064
            ],
            [
              -104.33981699996993,
              34.77906199990223
            ],
            [
              -104.1291430000003,
              34.77933699985293
            ],
            [
              -104.12513599999679,
              35.21569600024917
            ],
            [
              -105.29116899992353,
              35.21648899989314
            ],
            [
              -105.29039599962157,
              34.606766000217405
            ],
            [
              -105.31276499971538,
              34.606950999954115
            ],
            [
              -105.31307199986205,
              34.34720499974953
            ],
            [
              -104.89174499983922,
              34.347042999752716
            ],
            [
              -104.89192899996223,
              34.56576900025681
            ],
            [
              -104.89195300025168,
              34.5829679997509
            ]
          ]
        ]
      }
    },
    {
      "type": "Feature",
      "id": "us-county:35:021",
      "properties": {
        "boundary_id": "us-county:35:021",
        "boundary_type": "county",
        "name": "Harding County",
        "stateFips": "35",
        "countyFips": "021",
        "bbox": [
          -104.43921399973294,
          35.38962199998458,
          -103.36497700001406,
          36.21853399977353
        ]
      },
      "geometry": {
        "type": "Polygon",
        "coordinates": [
          [
            [
              -104.43921399973294,
              36.19423799975628
            ],
            [
              -104.43612300014655,
              36.17706600009551
            ],
            [
              -104.42413999977083,
              36.183987000084215
            ],
            [
              -104.40338099985509,
              36.1541790001694
            ],
            [
              -104.40779700011251,
              36.140578000075394
            ],
            [
              -104.42049199979252,
              36.140316000247154
            ],
            [
              -104.40267799987329,
              36.116555000315856
            ],
            [
              -104.40107500026623,
              36.09154499970263
            ],
            [
              -104.38548499992008,
              36.0883640002737
            ],
            [
              -104.39025299963171,
              36.08221199983622
            ],
            [
              -104.37025699997218,
              36.06607799995854
            ],
            [
              -104.37974999973773,
              36.04926899995053
            ],
            [
              -104.36164899976332,
              36.03884999981106
            ],
            [
              -104.36551299965168,
              36.013780000058446
            ],
            [
              -104.3396689998319,
              36.000440999753984
            ],
            [
              -104.35633500042874,
              35.98386099994317
            ],
            [
              -104.32728399977329,
              35.960197000242545
            ],
            [
              -104.34057600002821,
              35.948721999716234
            ],
            [
              -104.35207499980692,
              35.95404100026869
            ],
            [
              -104.33898099991873,
              35.94316799971589
            ],
            [
              -104.353544000418,
              35.93977700030351
            ],
            [
              -104.35474699999199,
              35.929640000307714
            ],
            [
              -104.33823399955602,
              35.92372600029117
            ],
            [
              -104.35481399993914,
              35.92031699963745
            ],
            [
              -104.3437389995846,
              35.91221299985932
            ],
            [
              -104.35407699962217,
              35.90772500008764
            ],
            [
              -104.35074699966115,
              35.89896700029226
            ],
            [
              -104.3677940000245,
              35.89759500021628
            ],
            [
              -104.35933399995362,
              35.888367000052035
            ],
            [
              -104.37400700005776,
              35.88121000020205
            ],
            [
              -104.36692600018628,
              35.87137999997309
            ],
            [
              -104.37789600006049,
              35.87879100006715
            ],
            [
              -104.38137800035746,
              35.86235500009561
            ],
            [
              -104.39069299984776,
              35.859364999948994
            ],
            [
              -104.37652799973175,
              35.851759000200175
            ],
            [
              -104.38200900036922,
              35.84290800034797
            ],
            [
              -104.36495899963282,
              35.842196000058756
            ],
            [
              -104.37991899979212,
              35.835776000120525
            ],
            [
              -104.36691100011767,
              35.83022400024165
            ],
            [
              -104.37807000013775,
              35.823102999670716
            ],
            [
              -104.36348999992008,
              35.811815999876835
            ],
            [
              -104.37135099976622,
              35.806671000320335
            ],
            [
              -104.36092599969005,
              35.7849189999833
            ],
            [
              -104.37011999970484,
              35.77930200012351
            ],
            [
              -104.021702000093,
              35.78149399972434
            ],
            [
              -103.97690100015615,
              35.801747000102104
            ],
            [
              -103.72360899981487,
              35.42278500027938
            ],
            [
              -103.63702599955755,
              35.42233900027925
            ],
            [
              -103.63705300022004,
              35.389662000167036
            ],
            [
              -103.38895200008801,
              35.38962199998458
            ],
            [
              -103.37972999958582,
              35.39679600027614
            ],
            [
              -103.3748639999649,
              35.998657000080804
            ],
            [
              -103.36506200040289,
              35.99866400027813
            ],
            [
              -103.36497700001406,
              36.086050000210584
            ],
            [
              -103.79452499973316,
              36.085738000048046
            ],
            [
              -103.79399099980579,
              36.173971999985596
            ],
            [
              -104.00886400029786,
              36.174526999901204
            ],
            [
              -104.00882300028998,
              36.21811499999477
            ],
            [
              -104.4360560001994,
              36.21853399977353
            ],
            [
              -104.42657000010655,
              36.196918000142645
            ],
            [
              -104.43904300002872,
              36.19482300036204
            ],
            [
              -104.43921399973294,
              36.19423799975628
            ]
          ]
        ]
      }
    },
    {
      "type": "Feature",
      "id": "us-county:35:023",
      "properties": {
        "boundary_id": "us-county:35:023",
        "boundary_type": "county",
        "name": "Hidalgo County",
        "stateFips": "35",
        "countyFips": "023",
        "bbox": [
          -109.05003299955374,
          31.332348000358696,
          -108.20846999982734,
          32.777802000356495
        ]
      },
      "geometry": {
        "type": "Polygon",
        "coordinates": [
          [
            [
              -109.04900400005701,
              31.930308999916832
            ],
            [
              -109.05003299955374,
              31.332348000358696
            ],
            [
              -108.20846999982734,
              31.333373000228786
            ],
            [
              -108.20848400007104,
              31.783698000018727
            ],
            [
              -108.21714300033354,
              31.864138999766936
            ],
            [
              -108.52453799968318,
              31.86361400011663
            ],
            [
              -108.52462999974468,
              32.07982800026865
            ],
            [
              -108.5376759999523,
              32.07983200011489
            ],
            [
              -108.53701099960536,
              32.5166180003757
            ],
            [
              -108.64676999969538,
              32.516520999761745
            ],
            [
              -108.64652299982316,
              32.60372999982084
            ],
            [
              -108.8529189996276,
              32.6033739997349
            ],
            [
              -108.85458099968423,
              32.77727599981357
            ],
            [
              -109.04764300029929,
              32.777802000356495
            ],
            [
              -109.04899400001128,
              31.93242299997365
            ],
            [
              -109.04900400005701,
              31.930308999916832
            ]
          ]
        ]
      }
    },
    {
      "type": "Feature",
      "id": "us-county:35:025",
      "properties": {
        "boundary_id": "us-county:35:025",
        "boundary_type": "county",
        "name": "Lea County",
        "stateFips": "35",
        "countyFips": "025",
        "bbox": [
          -103.81450700004729,
          32.00020600018172,
          -103.05262099971065,
          33.57057499991316
        ]
      },
      "geometry": {
        "type": "Polygon",
        "coordinates": [
          [
            [
              -103.06472499956188,
              32.33465400019015
            ],
            [
              -103.06462500000275,
              32.99989899969237
            ],
            [
              -103.05262099971065,
              33.57057499991316
            ],
            [
              -103.7208089995833,
              33.569537000104745
            ],
            [
              -103.72139899958718,
              33.39540899993348
            ],
            [
              -103.76636100008083,
              33.39529699992629
            ],
            [
              -103.76641700015732,
              32.96526400024744
            ],
            [
              -103.81450700004729,
              32.965113999812566
            ],
            [
              -103.81421599979416,
              32.52236800032925
            ],
            [
              -103.72293799962014,
              32.52234399998909
            ],
            [
              -103.72288200044196,
              32.00020600018172
            ],
            [
              -103.06451000037502,
              32.000424000289115
            ],
            [
              -103.06470399964549,
              32.334415000051386
            ],
            [
              -103.06472499956188,
              32.33465400019015
            ]
          ]
        ]
      }
    },
    {
      "type": "Feature",
      "id": "us-county:35:027",
      "properties": {
        "boundary_id": "us-county:35:027",
        "boundary_type": "county",
        "name": "Lincoln County",
        "stateFips": "35",
        "countyFips": "027",
        "bbox": [
          -106.37365999984895,
          33.13230299963714,
          -104.88508800029027,
          34.34720499974953
        ]
      },
      "geometry": {
        "type": "Polygon",
        "coordinates": [
          [
            [
              -105.92596799959942,
              34.25998999994811
            ],
            [
              -105.92468499965952,
              33.825624000181186
            ],
            [
              -106.05266199989981,
              33.82560600032816
            ],
            [
              -106.05271799997631,
              33.6502969999225
            ],
            [
              -106.37365999984895,
              33.660503999820584
            ],
            [
              -106.37188499981447,
              33.390614999903825
            ],
            [
              -105.72717099970032,
              33.39063300005394
            ],
            [
              -105.72595700025568,
              33.304833999823565
            ],
            [
              -105.31737599996649,
              33.305976999882695
            ],
            [
              -105.31696800043578,
              33.13230299963714
            ],
            [
              -104.90542399970839,
              33.138904000155954
            ],
            [
              -104.90383799981979,
              33.30590399976651
            ],
            [
              -104.88513000012306,
              33.30582700024619
            ],
            [
              -104.88508800029027,
              33.393270999920965
            ],
            [
              -104.89243299975239,
              33.39819900032453
            ],
            [
              -104.89174499983922,
              34.347042999752716
            ],
            [
              -105.31307199986205,
              34.34720499974953
            ],
            [
              -105.31321800035023,
              34.2600310002568
            ],
            [
              -105.92460299964375,
              34.25998999994811
            ],
            [
              -105.92596799959942,
              34.25998999994811
            ]
          ]
        ]
      }
    },
    {
      "type": "Feature",
      "id": "us-county:35:028",
      "properties": {
        "boundary_id": "us-county:35:028",
        "boundary_type": "county",
        "name": "Los Alamos County",
        "stateFips": "35",
        "countyFips": "028",
        "bbox": [
          -106.41728300032618,
          35.754274000311945,
          -106.17185199983108,
          35.97338899994839
        ]
      },
      "geometry": {
        "type": "Polygon",
        "coordinates": [
          [
            [
              -106.39972899979965,
              35.88909299993266
            ],
            [
              -106.3996269996924,
              35.82779400035569
            ],
            [
              -106.41728300032618,
              35.82777000022315
            ],
            [
              -106.41402399961198,
              35.81334900030723
            ],
            [
              -106.35701699971668,
              35.806968000252795
            ],
            [
              -106.35702799958733,
              35.816374000239
            ],
            [
              -106.29604999967347,
              35.79724899968859
            ],
            [
              -106.26603599964358,
              35.77949699976432
            ],
            [
              -106.25407300025766,
              35.754274000311945
            ],
            [
              -106.20850700041473,
              35.777784999983055
            ],
            [
              -106.17185199983108,
              35.827760000165796
            ],
            [
              -106.22539099967314,
              35.82875399970681
            ],
            [
              -106.27702800015742,
              35.85520999994785
            ],
            [
              -106.24834499974797,
              35.85565199978819
            ],
            [
              -106.24560499979086,
              35.95934799994141
            ],
            [
              -106.2642410004159,
              35.97275000001042
            ],
            [
              -106.3003739998694,
              35.97338899994839
            ],
            [
              -106.30016399980713,
              35.958445999834865
            ],
            [
              -106.31682299983297,
              35.958537000011326
            ],
            [
              -106.31543600013597,
              35.95241900017616
            ],
            [
              -106.38612100007558,
              35.95271000021745
            ],
            [
              -106.38582099960159,
              35.959934999939705
            ],
            [
              -106.39946900040698,
              35.96009199983143
            ],
            [
              -106.39969500036278,
              35.89639100020674
            ],
            [
              -106.39972899979965,
              35.88909299993266
            ]
          ]
        ]
      }
    },
    {
      "type": "Feature",
      "id": "us-county:35:029",
      "properties": {
        "boundary_id": "us-county:35:029",
        "boundary_type": "county",
        "name": "Luna County",
        "stateFips": "35",
        "countyFips": "029",
        "bbox": [
          -108.22995099999147,
          31.783640999849002,
          -107.29679299989867,
          32.60536999993692
        ]
      },
      "geometry": {
        "type": "Polygon",
        "coordinates": [
          [
            [
              -108.22981500044736,
              32.208778999859994
            ],
            [
              -108.22995099999147,
              32.079869999787206
            ],
            [
              -108.2169640002334,
              32.079863000249404
            ],
            [
              -108.21713400011272,
              31.820475000034325
            ],
            [
              -108.21001399988319,
              31.82049899978481
            ],
            [
              -108.20999499961663,
              31.783699000342956
            ],
            [
              -107.29679299989867,
              31.783640999849002
            ],
            [
              -107.29963099976509,
              32.60536999993692
            ],
            [
              -107.92399699986719,
              32.60437900004401
            ],
            [
              -107.92376599988852,
              32.51741599963379
            ],
            [
              -108.22934300044425,
              32.516836999963395
            ],
            [
              -108.22981200007429,
              32.21298199988352
            ],
            [
              -108.22981500044736,
              32.208778999859994
            ]
          ]
        ]
      }
    },
    {
      "type": "Feature",
      "id": "us-county:35:031",
      "properties": {
        "boundary_id": "us-county:35:031",
        "boundary_type": "county",
        "name": "McKinley County",
        "stateFips": "35",
        "countyFips": "031",
        "bbox": [
          -109.04606699955808,
          34.95908099965272,
          -107.30866699959611,
          36.00270099968183
        ]
      },
      "geometry": {
        "type": "Polygon",
        "coordinates": [
          [
            [
              -109.04601600040277,
              35.05658099967273
            ],
            [
              -109.04599600031129,
              34.9598189996406
            ],
            [
              -108.46940200008184,
              34.95908099965272
            ],
            [
              -108.46871499999358,
              35.30665799983014
            ],
            [
              -107.73422400010355,
              35.30498700033793
            ],
            [
              -107.73424099982199,
              35.34814500004558
            ],
            [
              -107.6283130000084,
              35.3483139999884
            ],
            [
              -107.62878800038455,
              35.30433300029479
            ],
            [
              -107.30938600036976,
              35.3056869998983
            ],
            [
              -107.30866699959611,
              35.99855600007118
            ],
            [
              -109.04606699955808,
              36.00270099968183
            ],
            [
              -109.04595799977814,
              35.073821999671665
            ],
            [
              -109.04601600040277,
              35.05658099967273
            ]
          ]
        ]
      }
    },
    {
      "type": "Feature",
      "id": "us-county:35:033",
      "properties": {
        "boundary_id": "us-county:35:033",
        "boundary_type": "county",
        "name": "Mora County",
        "stateFips": "35",
        "countyFips": "033",
        "bbox": [
          -105.72052900021998,
          35.75419700003458,
          -104.32728399977329,
          36.26186299984463
        ]
      },
      "geometry": {
        "type": "Polygon",
        "coordinates": [
          [
            [
              -105.72052900021998,
              35.87118500028763
            ],
            [
              -105.34783000021245,
              35.870694999949144
            ],
            [
              -105.21919099999826,
              35.82941599977732
            ],
            [
              -105.17655699973308,
              35.82557799975652
            ],
            [
              -105.1501360003282,
              35.809166000250386
            ],
            [
              -105.1097259996361,
              35.80791499971714
            ],
            [
              -105.07130900033505,
              35.781430999793436
            ],
            [
              -105.03538799969533,
              35.76977599984649
            ],
            [
              -105.02545399988881,
              35.75419700003458
            ],
            [
              -105.01860200034619,
              35.769685999889354
            ],
            [
              -105.00732199995225,
              35.77123499967398
            ],
            [
              -104.75064500029673,
              35.783127000155346
            ],
            [
              -104.37018400017726,
              35.779243000193965
            ],
            [
              -104.36092599969005,
              35.7849189999833
            ],
            [
              -104.37135099976622,
              35.806671000320335
            ],
            [
              -104.36348999992008,
              35.811815999876835
            ],
            [
              -104.37807000013775,
              35.823102999670716
            ],
            [
              -104.36691100011767,
              35.83022400024165
            ],
            [
              -104.37991899979212,
              35.835776000120525
            ],
            [
              -104.36495899963282,
              35.842196000058756
            ],
            [
              -104.38200900036922,
              35.84290800034797
            ],
            [
              -104.37652799973175,
              35.851759000200175
            ],
            [
              -104.39069299984776,
              35.859364999948994
            ],
            [
              -104.38137800035746,
              35.86235500009561
            ],
            [
              -104.37789600006049,
              35.87879100006715
            ],
            [
              -104.36692600018628,
              35.87137999997309
            ],
            [
              -104.37400700005776,
              35.88121000020205
            ],
            [
              -104.35933399995362,
              35.888367000052035
            ],
            [
              -104.3677940000245,
              35.89759500021628
            ],
            [
              -104.35074699966115,
              35.89896700029226
            ],
            [
              -104.35407699962217,
              35.90772500008764
            ],
            [
              -104.3437389995846,
              35.91221299985932
            ],
            [
              -104.35481399993914,
              35.92031699963745
            ],
            [
              -104.33823399955602,
              35.92372600029117
            ],
            [
              -104.35474699999199,
              35.929640000307714
            ],
            [
              -104.353544000418,
              35.93977700030351
            ],
            [
              -104.33898099991873,
              35.94316799971589
            ],
            [
              -104.35207499980692,
              35.95404100026869
            ],
            [
              -104.34057600002821,
              35.948721999716234
            ],
            [
              -104.32728399977329,
              35.960197000242545
            ],
            [
              -104.35633500042874,
              35.98386099994317
            ],
            [
              -104.3396689998319,
              36.000440999753984
            ],
            [
              -104.3652940002669,
              36.01342700032836
            ],
            [
              -104.36164899976332,
              36.03884999981106
            ],
            [
              -104.37974999973773,
              36.04926899995053
            ],
            [
              -104.37025699997218,
              36.06607799995854
            ],
            [
              -104.39025299963171,
              36.08221199983622
            ],
            [
              -104.38548499992008,
              36.0883640002737
            ],
            [
              -104.40107500026623,
              36.09154499970263
            ],
            [
              -104.40267799987329,
              36.116555000315856
            ],
            [
              -104.42058800005198,
              36.14084800004068
            ],
            [
              -104.40779700011251,
              36.140578000075394
            ],
            [
              -104.40338099985509,
              36.1541790001694
            ],
            [
              -104.42413999977083,
              36.183987000084215
            ],
            [
              -104.43612300014655,
              36.17706600009551
            ],
            [
              -104.43904300002872,
              36.19482300036204
            ],
            [
              -104.42657000010655,
              36.196918000142645
            ],
            [
              -104.4360560001994,
              36.21853399977353
            ],
            [
              -104.86540200025215,
              36.21786899995261
            ],
            [
              -104.86524400006839,
              36.261419000021945
            ],
            [
              -105.3412640000018,
              36.26186299984463
            ],
            [
              -105.38735200007653,
              36.25284199976796
            ],
            [
              -105.40967699978944,
              36.23681400001497
            ],
            [
              -105.39279799965557,
              36.21611999970523
            ],
            [
              -105.39701499972136,
              36.191574000083875
            ],
            [
              -105.42180699957993,
              36.169681000200825
            ],
            [
              -105.41474199960196,
              36.15712099990593
            ],
            [
              -105.41999200026075,
              36.131703999856285
            ],
            [
              -105.48934499985664,
              36.037398000090086
            ],
            [
              -105.5328290004167,
              36.01106099969592
            ],
            [
              -105.53711599990437,
              35.990882999942386
            ],
            [
              -105.57238800009068,
              35.97245600002522
            ],
            [
              -105.63210900000387,
              35.97958999987666
            ],
            [
              -105.64516000023436,
              35.962163000021405
            ],
            [
              -105.66001900011129,
              35.95852400030417
            ],
            [
              -105.70758099992166,
              35.96874699976546
            ],
            [
              -105.71747700009334,
              35.97874100019107
            ],
            [
              -105.71924399973192,
              35.916842000059034
            ],
            [
              -105.72052900021998,
              35.87118500028763
            ]
          ]
        ]
      }
    },
    {
      "type": "Feature",
      "id": "us-county:35:035",
      "properties": {
        "boundary_id": "us-county:35:035",
        "boundary_type": "county",
        "name": "Otero County",
        "stateFips": "35",
        "countyFips": "035",
        "bbox": [
          -106.37717399993298,
          32.000415000252985,
          -104.84773999977055,
          33.39063300005394
        ]
      },
      "geometry": {
        "type": "Polygon",
        "coordinates": [
          [
            [
              -106.37658499975402,
              32.958050000260506
            ],
            [
              -106.37717399993298,
              32.001503000248206
            ],
            [
              -104.84773999977055,
              32.000415000252985
            ],
            [
              -104.85152400019132,
              32.520540999848365
            ],
            [
              -105.35400999973541,
              32.518776000058246
            ],
            [
              -105.35251300043359,
              32.96200699988114
            ],
            [
              -105.31604699999579,
              32.96209999995408
            ],
            [
              -105.31737599996649,
              33.305976999882695
            ],
            [
              -105.72595700025568,
              33.304833999823565
            ],
            [
              -105.72717099970032,
              33.39063300005394
            ],
            [
              -106.34570999955857,
              33.39059500014931
            ],
            [
              -106.34070900021844,
              32.95838200026995
            ],
            [
              -106.37245399990194,
              32.958087000264285
            ],
            [
              -106.37658499975402,
              32.958050000260506
            ]
          ]
        ]
      }
    },
    {
      "type": "Feature",
      "id": "us-county:35:037",
      "properties": {
        "boundary_id": "us-county:35:037",
        "boundary_type": "county",
        "name": "Quay County",
        "stateFips": "35",
        "countyFips": "037",
        "bbox": [
          -104.12888000023456,
          34.605009999762046,
          -103.04134899971264,
          35.73951599975929
        ]
      },
      "geometry": {
        "type": "Polygon",
        "coordinates": [
          [
            [
              -103.63722499974918,
              35.338064999662215
            ],
            [
              -103.63713000021292,
              35.24081900024388
            ],
            [
              -103.85752999957658,
              35.24240499966543
            ],
            [
              -103.85766099999616,
              35.26413900012611
            ],
            [
              -104.12512099992816,
              35.14205800010547
            ],
            [
              -104.12888000023456,
              34.60520099986156
            ],
            [
              -103.70608799979861,
              34.605009999762046
            ],
            [
              -103.70578800022295,
              34.6924459997155
            ],
            [
              -103.49565300020359,
              34.69139299971932
            ],
            [
              -103.49564599963257,
              34.77857500017409
            ],
            [
              -103.39027400038599,
              34.77812199976291
            ],
            [
              -103.38979800018492,
              34.86542899976449
            ],
            [
              -103.28431700026007,
              34.864989999761605
            ],
            [
              -103.2841490000306,
              34.95417200007306
            ],
            [
              -103.04270100014786,
              34.95414200006349
            ],
            [
              -103.04134899971264,
              35.73943299964416
            ],
            [
              -103.37511699968488,
              35.73951599975929
            ],
            [
              -103.37972999958582,
              35.39679600027614
            ],
            [
              -103.38895200008801,
              35.38962199998458
            ],
            [
              -103.63705300022004,
              35.389662000167036
            ],
            [
              -103.63721899990139,
              35.33986000032206
            ],
            [
              -103.63722499974918,
              35.338064999662215
            ]
          ]
        ]
      }
    },
    {
      "type": "Feature",
      "id": "us-county:35:039",
      "properties": {
        "boundary_id": "us-county:35:039",
        "boundary_type": "county",
        "name": "Rio Arriba County",
        "stateFips": "35",
        "countyFips": "039",
        "bbox": [
          -107.62428300043865,
          35.93074200028537,
          -105.53010000033024,
          37.00022299985414
        ]
      },
      "geometry": {
        "type": "Polygon",
        "coordinates": [
          [
            [
              -106.0417050004444,
              36.002043999730354
            ],
            [
              -105.71680800044673,
              36.002320000273855
            ],
            [
              -105.71747700009334,
              35.97874100019107
            ],
            [
              -105.70758099992166,
              35.96874699976546
            ],
            [
              -105.66001900011129,
              35.95852400030417
            ],
            [
              -105.64516000023436,
              35.962163000021405
            ],
            [
              -105.63210900000387,
              35.97958999987666
            ],
            [
              -105.57150799965858,
              35.972641000319186
            ],
            [
              -105.53010000033024,
              36.00175699979684
            ],
            [
              -105.5303799998144,
              36.013014000277934
            ],
            [
              -105.73588299966627,
              36.100132999938914
            ],
            [
              -105.85694700026457,
              36.23043400017848
            ],
            [
              -106.05836399957188,
              36.296978000236926
            ],
            [
              -106.03831199983588,
              36.325661000211234
            ],
            [
              -106.00183600025068,
              36.33204599999436
            ],
            [
              -105.95996500024174,
              36.35377800013031
            ],
            [
              -105.95146400016299,
              36.379802999912535
            ],
            [
              -105.95453399983299,
              36.425719999649765
            ],
            [
              -105.93846900000901,
              36.465515999643785
            ],
            [
              -105.97249099986736,
              36.64808800014336
            ],
            [
              -105.98439399987711,
              36.64528599994296
            ],
            [
              -105.98433199995283,
              36.65963199998884
            ],
            [
              -105.96814499993012,
              36.66119000007695
            ],
            [
              -105.98106100044139,
              36.71282999984563
            ],
            [
              -105.98453100014447,
              36.81137099972325
            ],
            [
              -105.97188900016792,
              36.88624699996769
            ],
            [
              -106.00631600008222,
              36.995266999859375
            ],
            [
              -107.42122300044298,
              37.00022299985414
            ],
            [
              -107.42996999967072,
              36.97090400010765
            ],
            [
              -107.45715900025301,
              36.95496400024188
            ],
            [
              -107.44569200026135,
              36.915368999700995
            ],
            [
              -107.45696699973408,
              36.89807500004836
            ],
            [
              -107.47554599955937,
              36.894671000011535
            ],
            [
              -107.4941400003516,
              36.87623700018295
            ],
            [
              -107.50211199962752,
              36.88258400008778
            ],
            [
              -107.50482999984334,
              36.87526699966308
            ],
            [
              -107.52291900012216,
              36.875468000202616
            ],
            [
              -107.53064799972385,
              36.85386899979144
            ],
            [
              -107.56167500025525,
              36.855753000162856
            ],
            [
              -107.5799610001776,
              36.83512399985784
            ],
            [
              -107.59987399999645,
              36.83252499970373
            ],
            [
              -107.6002870004483,
              36.81589100027202
            ],
            [
              -107.59158399980488,
              36.81381100032829
            ],
            [
              -107.60648799988768,
              36.810896999989545
            ],
            [
              -107.60344499998186,
              36.799001999685395
            ],
            [
              -107.61818099983518,
              36.80426699997338
            ],
            [
              -107.62428300043865,
              36.21980900004486
            ],
            [
              -106.885053000251,
              36.21656999981628
            ],
            [
              -106.88531699984166,
              35.998969000279374
            ],
            [
              -106.2471639999153,
              36.00143399980486
            ],
            [
              -106.2456490001718,
              35.93074200028537
            ],
            [
              -106.0543459996977,
              35.93078300034259
            ],
            [
              -106.05415300025219,
              35.985908000117725
            ],
            [
              -106.07134899968014,
              36.001970000057575
            ],
            [
              -106.0420309999593,
              36.00204299974503
            ],
            [
              -106.0417050004444,
              36.002043999730354
            ]
          ]
        ]
      }
    },
    {
      "type": "Feature",
      "id": "us-county:35:041",
      "properties": {
        "boundary_id": "us-county:35:041",
        "boundary_type": "county",
        "name": "Roosevelt County",
        "stateFips": "35",
        "countyFips": "041",
        "bbox": [
          -103.94877799961337,
          33.57011700012859,
          -103.04370299988037,
          34.60505800029682
        ]
      },
      "geometry": {
        "type": "Polygon",
        "coordinates": [
          [
            [
              -103.04383599994978,
              34.112833999861685
            ],
            [
              -103.0437670003528,
              34.30264799975259
            ],
            [
              -103.74006600017435,
              34.30305600032399
            ],
            [
              -103.73816599956804,
              34.60467000029415
            ],
            [
              -103.94877799961337,
              34.60505800029682
            ],
            [
              -103.946019000288,
              34.082462999703324
            ],
            [
              -103.84169099970842,
              34.081909000327514
            ],
            [
              -103.84193299955776,
              33.81920000007618
            ],
            [
              -103.71688500031878,
              33.819558000124346
            ],
            [
              -103.71833300011514,
              33.65620999969518
            ],
            [
              -103.50975899987006,
              33.65726199981295
            ],
            [
              -103.5101289997659,
              33.57011700012859
            ],
            [
              -103.05262099971065,
              33.57057499991316
            ],
            [
              -103.04370299988037,
              34.11265800026826
            ],
            [
              -103.04383599994978,
              34.112833999861685
            ]
          ]
        ]
      }
    },
    {
      "type": "Feature",
      "id": "us-county:35:043",
      "properties": {
        "boundary_id": "us-county:35:043",
        "boundary_type": "county",
        "name": "Sandoval County",
        "stateFips": "35",
        "countyFips": "043",
        "bbox": [
          -107.62651100020969,
          35.197762000233,
          -106.24421600044406,
          36.21980900004486
        ]
      },
      "geometry": {
        "type": "MultiPolygon",
        "coordinates": [
          [
            [
              [
                -106.24884799971323,
                35.44328200029056
              ],
              [
                -106.25058099991494,
                35.756308000142354
              ],
              [
                -106.28260599998093,
                35.79190499973315
              ],
              [
                -106.35702799958733,
                35.816374000239
              ],
              [
                -106.35701699971668,
                35.806968000252795
              ],
              [
                -106.40301000025515,
                35.807997000251895
              ],
              [
                -106.41885499997113,
                35.82548200014392
              ],
              [
                -106.3996269996924,
                35.82779400035569
              ],
              [
                -106.39946900040698,
                35.96009199983143
              ],
              [
                -106.38582099960159,
                35.959934999939705
              ],
              [
                -106.38612100007558,
                35.95271000021745
              ],
              [
                -106.31543600013597,
                35.95241900017616
              ],
              [
                -106.31682299983297,
                35.958537000011326
              ],
              [
                -106.30016399980713,
                35.958445999834865
              ],
              [
                -106.3003739998694,
                35.97338899994839
              ],
              [
                -106.24816099962496,
                35.96632699979128
              ],
              [
                -106.2471639999153,
                36.00143399980486
              ],
              [
                -106.88531699984166,
                35.998969000279374
              ],
              [
                -106.885053000251,
                36.21656999981628
              ],
              [
                -107.62428300043865,
                36.21980900004486
              ],
              [
                -107.62651100020969,
                36.00028800019993
              ],
              [
                -107.30866699959611,
                35.99855600007118
              ],
              [
                -107.30938600036976,
                35.3056869998983
              ],
              [
                -107.2388899996777,
                35.30550700010803
              ],
              [
                -107.19724399979967,
                35.219458999897135
              ],
              [
                -106.65815799992349,
                35.217918000309574
              ],
              [
                -106.64249399995751,
                35.207296999815085
              ],
              [
                -106.64336599999368,
                35.197762000233
              ],
              [
                -106.6044840003622,
                35.21786000008764
              ],
              [
                -106.24421600044406,
                35.21565700016304
              ],
              [
                -106.24884000021562,
                35.44265700002082
              ],
              [
                -106.24884799971323,
                35.44328200029056
              ]
            ]
          ],
          [
            [
              [
                -106.27698299995156,
                35.85554700034906
              ],
              [
                -106.24825699988443,
                35.83917800015724
              ],
              [
                -106.24834499974797,
                35.85565199978819
              ],
              [
                -106.27492000003697,
                35.85555699981627
              ],
              [
                -106.27698299995156,
                35.85554700034906
              ]
            ]
          ]
        ]
      }
    },
    {
      "type": "Feature",
      "id": "us-county:35:045",
      "properties": {
        "boundary_id": "us-county:35:045",
        "boundary_type": "county",
        "name": "San Juan County",
        "stateFips": "35",
        "countyFips": "045",
        "bbox": [
          -109.04606699955808,
          36.00028800019993,
          -107.4209149995731,
          37.00000000035449
        ]
      },
      "geometry": {
        "type": "Polygon",
        "coordinates": [
          [
            [
              -108.04736799987926,
              36.99972300004921
            ],
            [
              -109.04517199995568,
              36.9989769999816
            ],
            [
              -109.04606699955808,
              36.00270099968183
            ],
            [
              -107.62651100020969,
              36.00028800019993
            ],
            [
              -107.61818099983518,
              36.80426699997338
            ],
            [
              -107.60344499998186,
              36.799001999685395
            ],
            [
              -107.60648799988768,
              36.810896999989545
            ],
            [
              -107.59158399980488,
              36.81381100032829
            ],
            [
              -107.6002870004483,
              36.81589100027202
            ],
            [
              -107.59987399999645,
              36.83252499970373
            ],
            [
              -107.5799610001776,
              36.83512399985784
            ],
            [
              -107.56167500025525,
              36.855753000162856
            ],
            [
              -107.53064799972385,
              36.85386899979144
            ],
            [
              -107.52291900012216,
              36.875468000202616
            ],
            [
              -107.50482999984334,
              36.87526699966308
            ],
            [
              -107.50211199962752,
              36.88258400008778
            ],
            [
              -107.4941400003516,
              36.87623700018295
            ],
            [
              -107.47554599955937,
              36.894671000011535
            ],
            [
              -107.45696699973408,
              36.89807500004836
            ],
            [
              -107.44569200026135,
              36.915368999700995
            ],
            [
              -107.45715900025301,
              36.95496400024188
            ],
            [
              -107.42996999967072,
              36.97090400010765
            ],
            [
              -107.4314529996272,
              36.98634900023519
            ],
            [
              -107.4209149995731,
              37.00000000035449
            ],
            [
              -108.0432179997606,
              36.9997300000046
            ],
            [
              -108.04736799987926,
              36.99972300004921
            ]
          ]
        ]
      }
    },
    {
      "type": "Feature",
      "id": "us-county:35:047",
      "properties": {
        "boundary_id": "us-county:35:047",
        "boundary_type": "county",
        "name": "San Miguel County",
        "stateFips": "35",
        "countyFips": "047",
        "bbox": [
          -105.72052900021998,
          35.0416049996864,
          -103.63702599955755,
          35.87118500028763
        ]
      },
      "geometry": {
        "type": "Polygon",
        "coordinates": [
          [
            [
              -104.35520399992647,
              35.21605999990463
            ],
            [
              -104.12513599999679,
              35.21569600024917
            ],
            [
              -104.12512099992816,
              35.14205800010547
            ],
            [
              -103.85766099999616,
              35.26413900012611
            ],
            [
              -103.85752999957658,
              35.24240499966543
            ],
            [
              -103.63713000021292,
              35.24081900024388
            ],
            [
              -103.63702599955755,
              35.42233900027925
            ],
            [
              -103.72360899981487,
              35.42278500027938
            ],
            [
              -103.97690100015615,
              35.801747000102104
            ],
            [
              -104.021702000093,
              35.78149399972434
            ],
            [
              -104.75064500029673,
              35.783127000155346
            ],
            [
              -105.00732199995225,
              35.77123499967398
            ],
            [
              -105.01860200034619,
              35.769685999889354
            ],
            [
              -105.02545399988881,
              35.75419700003458
            ],
            [
              -105.03538799969533,
              35.76977599984649
            ],
            [
              -105.07130900033505,
              35.781430999793436
            ],
            [
              -105.1097259996361,
              35.80791499971714
            ],
            [
              -105.1501360003282,
              35.809166000250386
            ],
            [
              -105.17655699973308,
              35.82557799975652
            ],
            [
              -105.21919099999826,
              35.82941599977732
            ],
            [
              -105.34783000021245,
              35.870694999949144
            ],
            [
              -105.72052900021998,
              35.87118500028763
            ],
            [
              -105.7144190001189,
              35.0416049996864
            ],
            [
              -105.29079099963177,
              35.04203000006227
            ],
            [
              -105.29116899992353,
              35.21648899989314
            ],
            [
              -104.36113199955436,
              35.21605800000372
            ],
            [
              -104.35520399992647,
              35.21605999990463
            ]
          ]
        ]
      }
    },
    {
      "type": "Feature",
      "id": "us-county:35:049",
      "properties": {
        "boundary_id": "us-county:35:049",
        "boundary_type": "county",
        "name": "Santa Fe County",
        "stateFips": "35",
        "countyFips": "049",
        "bbox": [
          -106.25049899989918,
          35.040006000307365,
          -105.7144190001189,
          36.002320000273855
        ]
      },
      "geometry": {
        "type": "Polygon",
        "coordinates": [
          [
            [
              -106.24848399966515,
              35.872781999951876
            ],
            [
              -106.2477890000793,
              35.838793999822975
            ],
            [
              -106.22539099967314,
              35.82875399970681
            ],
            [
              -106.17185199983108,
              35.827760000165796
            ],
            [
              -106.20850700041473,
              35.777784999983055
            ],
            [
              -106.25049899989918,
              35.755817999690024
            ],
            [
              -106.2439660001988,
              35.040006000307365
            ],
            [
              -105.7144190001189,
              35.0416049996864
            ],
            [
              -105.71680800044673,
              36.002320000273855
            ],
            [
              -106.07134899968014,
              36.001970000057575
            ],
            [
              -106.05415300025219,
              35.985908000117725
            ],
            [
              -106.0543459996977,
              35.93078300034259
            ],
            [
              -106.2456490001718,
              35.93074200028537
            ],
            [
              -106.24845400042625,
              35.87297400031142
            ],
            [
              -106.24848399966515,
              35.872781999951876
            ]
          ]
        ]
      }
    },
    {
      "type": "Feature",
      "id": "us-county:35:051",
      "properties": {
        "boundary_id": "us-county:35:051",
        "boundary_type": "county",
        "name": "Sierra County",
        "stateFips": "35",
        "countyFips": "051",
        "bbox": [
          -108.00060199993709,
          32.60536999993692,
          -106.34051500004966,
          33.479874999963464
        ]
      },
      "geometry": {
        "type": "Polygon",
        "coordinates": [
          [
            [
              -107.29947599995438,
              32.78010000016876
            ],
            [
              -106.88773299993368,
              32.77927300017903
            ],
            [
              -106.8878910001174,
              32.822780999727094
            ],
            [
              -106.34051500004966,
              33.05277700003358
            ],
            [
              -106.34570999955857,
              33.39059500014931
            ],
            [
              -106.37188499981447,
              33.390614999903825
            ],
            [
              -106.37279700003361,
              33.479874999963464
            ],
            [
              -108.00060199993709,
              33.47801399982972
            ],
            [
              -108.00059799973913,
              33.20125300018689
            ],
            [
              -107.85829200024963,
              33.2008789997492
            ],
            [
              -107.86117299977373,
              33.18766899999454
            ],
            [
              -107.83964999977682,
              33.18276900012141
            ],
            [
              -107.85762100005489,
              33.165036000303054
            ],
            [
              -107.84558800034876,
              33.13094599998402
            ],
            [
              -107.84552200022652,
              33.08420399966979
            ],
            [
              -107.83340300030669,
              33.07403900034079
            ],
            [
              -107.8514890002125,
              33.0561929996443
            ],
            [
              -107.85681500014093,
              33.03663600015437
            ],
            [
              -107.8462310000561,
              33.0134060000557
            ],
            [
              -107.8566720000258,
              33.0025389997928
            ],
            [
              -107.82977200004682,
              32.963917999856605
            ],
            [
              -107.7918029995611,
              32.948071000079786
            ],
            [
              -107.7759679998909,
              32.9523399997705
            ],
            [
              -107.77036599977792,
              32.940941999758735
            ],
            [
              -107.77571099997294,
              32.93082199975609
            ],
            [
              -107.76533199992751,
              32.91181600023434
            ],
            [
              -107.7788979998188,
              32.89687600000943
            ],
            [
              -107.77358799978387,
              32.85507500015678
            ],
            [
              -107.74508699984766,
              32.82527400028248
            ],
            [
              -107.74788700007923,
              32.80007499967399
            ],
            [
              -107.72178700016639,
              32.77877600028569
            ],
            [
              -107.71618599987833,
              32.76297700004188
            ],
            [
              -107.72285800039421,
              32.736118999850106
            ],
            [
              -107.71527600020733,
              32.72157000021769
            ],
            [
              -107.73694899999205,
              32.62949399993379
            ],
            [
              -107.60848499968003,
              32.60544900003533
            ],
            [
              -107.29963099976509,
              32.60536999993692
            ],
            [
              -107.29947400030456,
              32.78003399999427
            ],
            [
              -107.29947599995438,
              32.78010000016876
            ]
          ]
        ]
      }
    },
    {
      "type": "Feature",
      "id": "us-county:35:053",
      "properties": {
        "boundary_id": "us-county:35:053",
        "boundary_type": "county",
        "name": "Socorro County",
        "stateFips": "35",
        "countyFips": "053",
        "bbox": [
          -107.72479400008721,
          33.4754789996548,
          -105.92468499965952,
          34.57962800022703
        ]
      },
      "geometry": {
        "type": "Polygon",
        "coordinates": [
          [
            [
              -106.74934999988376,
              33.4754789996548
            ],
            [
              -106.37279700003361,
              33.479874999963464
            ],
            [
              -106.37365999984895,
              33.660503999820584
            ],
            [
              -106.05271799997631,
              33.6502969999225
            ],
            [
              -106.05266199989981,
              33.82560600032816
            ],
            [
              -105.92468499965952,
              33.825624000181186
            ],
            [
              -105.92596799959942,
              34.25998999994811
            ],
            [
              -106.41597199989886,
              34.25982199966959
            ],
            [
              -106.41692400030101,
              34.439687000093066
            ],
            [
              -106.4563139999206,
              34.43705400020565
            ],
            [
              -106.76828100006156,
              34.531262000272235
            ],
            [
              -106.88281299988608,
              34.57962800022703
            ],
            [
              -107.72479400008721,
              34.5781319998218
            ],
            [
              -107.7127539998101,
              33.476831999992875
            ],
            [
              -106.74939699973945,
              33.4754789996548
            ],
            [
              -106.74934999988376,
              33.4754789996548
            ]
          ]
        ]
      }
    },
    {
      "type": "Feature",
      "id": "us-county:35:055",
      "properties": {
        "boundary_id": "us-county:35:055",
        "boundary_type": "county",
        "name": "Taos County",
        "stateFips": "35",
        "countyFips": "055",
        "bbox": [
          -106.05836399957188,
          36.013014000277934,
          -105.20011699970534,
          36.995266999859375
        ]
      },
      "geometry": {
        "type": "Polygon",
        "coordinates": [
          [
            [
              -105.42095899983318,
              36.14729199994583
            ],
            [
              -105.41474199960196,
              36.15712099990593
            ],
            [
              -105.42172600028736,
              36.169930000199614
            ],
            [
              -105.39701499972136,
              36.191574000083875
            ],
            [
              -105.39279799965557,
              36.21611999970523
            ],
            [
              -105.40967699978944,
              36.23681400001497
            ],
            [
              -105.38735200007653,
              36.25284199976796
            ],
            [
              -105.3412640000018,
              36.26186299984463
            ],
            [
              -105.32743000032191,
              36.27718899977688
            ],
            [
              -105.33603799963247,
              36.30336100013085
            ],
            [
              -105.32880000030048,
              36.35055799970205
            ],
            [
              -105.33739199971748,
              36.368931999893334
            ],
            [
              -105.32655599973758,
              36.382458999971185
            ],
            [
              -105.32745799991099,
              36.4071099998484
            ],
            [
              -105.34045399988989,
              36.416078000291385
            ],
            [
              -105.33270400037182,
              36.42878699993102
            ],
            [
              -105.33775499994066,
              36.44459400001442
            ],
            [
              -105.35357700009038,
              36.44304200017047
            ],
            [
              -105.3573039997114,
              36.45076400011926
            ],
            [
              -105.33637300026652,
              36.483500000359875
            ],
            [
              -105.31871800035596,
              36.49169300002636
            ],
            [
              -105.3436089999487,
              36.51061799984876
            ],
            [
              -105.34843600010987,
              36.53275199995558
            ],
            [
              -105.37774499960986,
              36.552095999964294
            ],
            [
              -105.34925200006957,
              36.56222000032514
            ],
            [
              -105.37479299994064,
              36.60862200012459
            ],
            [
              -105.36577200017821,
              36.62740500033166
            ],
            [
              -105.35103200012693,
              36.633393000295854
            ],
            [
              -105.37070300009646,
              36.680931000327824
            ],
            [
              -105.35232699976243,
              36.69722599979243
            ],
            [
              -105.32200899995888,
              36.69843700017041
            ],
            [
              -105.31184199962559,
              36.72447099969988
            ],
            [
              -105.29084300040863,
              36.728464000288625
            ],
            [
              -105.28077099961153,
              36.71833499988164
            ],
            [
              -105.25028700012665,
              36.7173680001105
            ],
            [
              -105.22432699995592,
              36.73408000008525
            ],
            [
              -105.2223119997219,
              36.75457999994143
            ],
            [
              -105.23524900014957,
              36.78819399964102
            ],
            [
              -105.22308300037405,
              36.83354099974985
            ],
            [
              -105.22937199967697,
              36.84771000029081
            ],
            [
              -105.20011699970534,
              36.91562800026121
            ],
            [
              -105.21075799969158,
              36.917289000099935
            ],
            [
              -105.2361539997977,
              36.96234099974825
            ],
            [
              -105.23616700021648,
              36.9819489998814
            ],
            [
              -105.22043200010539,
              36.99497299970654
            ],
            [
              -106.00631600008222,
              36.995266999859375
            ],
            [
              -105.97188900016792,
              36.88624699996769
            ],
            [
              -105.98453100014447,
              36.81137099972325
            ],
            [
              -105.98106100044139,
              36.71282999984563
            ],
            [
              -105.96814499993012,
              36.66119000007695
            ],
            [
              -105.98433199995283,
              36.65963199998884
            ],
            [
              -105.98439399987711,
              36.64528599994296
            ],
            [
              -105.97249099986736,
              36.64808800014336
            ],
            [
              -105.93846900000901,
              36.465515999643785
            ],
            [
              -105.95453399983299,
              36.425719999649765
            ],
            [
              -105.95146400016299,
              36.379802999912535
            ],
            [
              -105.95996500024174,
              36.35377800013031
            ],
            [
              -106.00183600025068,
              36.33204599999436
            ],
            [
              -106.03831199983588,
              36.325661000211234
            ],
            [
              -106.05836399957188,
              36.296978000236926
            ],
            [
              -105.85694700026457,
              36.23043400017848
            ],
            [
              -105.73588299966627,
              36.100132999938914
            ],
            [
              -105.5303799998144,
              36.013014000277934
            ],
            [
              -105.48934499985664,
              36.037398000090086
            ],
            [
              -105.41999200026075,
              36.131703999856285
            ],
            [
              -105.42085000005324,
              36.14568299967305
            ],
            [
              -105.42095899983318,
              36.14729199994583
            ]
          ]
        ]
      }
    },
    {
      "type": "Feature",
      "id": "us-county:35:057",
      "properties": {
        "boundary_id": "us-county:35:057",
        "boundary_type": "county",
        "name": "Torrance County",
        "stateFips": "35",
        "countyFips": "057",
        "bbox": [
          -106.46979000029852,
          34.25982199966959,
          -105.29039599962157,
          35.04203000006227
        ]
      },
      "geometry": {
        "type": "Polygon",
        "coordinates": [
          [
            [
              -106.46684899960161,
              34.73908600014687
            ],
            [
              -106.46979000029852,
              34.52121700022136
            ],
            [
              -106.41688099974499,
              34.52171499970078
            ],
            [
              -106.41597199989886,
              34.25982199966959
            ],
            [
              -105.31321800035023,
              34.2600310002568
            ],
            [
              -105.31276499971538,
              34.606950999954115
            ],
            [
              -105.29039599962157,
              34.606766000217405
            ],
            [
              -105.29079099963177,
              35.04203000006227
            ],
            [
              -106.2438740001373,
              35.0400030002156
            ],
            [
              -106.2437619999843,
              34.95335499986669
            ],
            [
              -106.14982800041705,
              34.95346199984705
            ],
            [
              -106.14973700018045,
              34.870141999977655
            ],
            [
              -106.46386799962006,
              34.87019399986108
            ],
            [
              -106.46678800040057,
              34.745266000253885
            ],
            [
              -106.46684899960161,
              34.73908600014687
            ]
          ]
        ]
      }
    },
    {
      "type": "Feature",
      "id": "us-county:35:059",
      "properties": {
        "boundary_id": "us-county:35:059",
        "boundary_type": "county",
        "name": "Union County",
        "stateFips": "35",
        "countyFips": "059",
        "bbox": [
          -104.00934200014873,
          35.73943299964416,
          -103.00228999963085,
          37.000149999736045
        ]
      },
      "geometry": {
        "type": "Polygon",
        "coordinates": [
          [
            [
              -104.00934200014873,
              36.69765700004729
            ],
            [
              -104.00886400029786,
              36.174526999901204
            ],
            [
              -103.79399099980579,
              36.173971999985596
            ],
            [
              -103.79452499973316,
              36.085738000048046
            ],
            [
              -103.36497700001406,
              36.086050000210584
            ],
            [
              -103.36506200040289,
              35.99866400027813
            ],
            [
              -103.3748639999649,
              35.998657000080804
            ],
            [
              -103.37511699968488,
              35.73951599975929
            ],
            [
              -103.04134899971264,
              35.73943299964416
            ],
            [
              -103.04171699995868,
              36.50036000007623
            ],
            [
              -103.00228999963085,
              36.50088700035978
            ],
            [
              -103.0023289999889,
              37.000149999736045
            ],
            [
              -104.00785099979636,
              36.996133999958694
            ],
            [
              -104.00822599971508,
              36.69765799978104
            ],
            [
              -104.00934200014873,
              36.69765700004729
            ]
          ]
        ]
      }
    },
    {
      "type": "Feature",
      "id": "us-county:35:061",
      "properties": {
        "boundary_id": "us-county:35:061",
        "boundary_type": "county",
        "name": "Valencia County",
        "stateFips": "35",
        "countyFips": "061",
        "bbox": [
          -107.20288199989766,
          34.43705400020565,
          -106.41155800018957,
          34.95757199995791
        ]
      },
      "geometry": {
        "type": "Polygon",
        "coordinates": [
          [
            [
              -106.46621900031307,
              34.670956999887274
            ],
            [
              -106.46386799962006,
              34.87019399986108
            ],
            [
              -106.41178199959724,
              34.87018600022131
            ],
            [
              -106.41155800018957,
              34.889732999665206
            ],
            [
              -106.42399599995164,
              34.90186800010188
            ],
            [
              -106.68580100006722,
              34.90635799982757
            ],
            [
              -106.72066599964944,
              34.87005300001582
            ],
            [
              -107.02448099969114,
              34.869952999869206
            ],
            [
              -107.06656199976234,
              34.95718999969565
            ],
            [
              -107.20288199989766,
              34.95757199995791
            ],
            [
              -107.20174299989779,
              34.57875700013617
            ],
            [
              -106.88281299988608,
              34.57962800022703
            ],
            [
              -106.76828100006156,
              34.531262000272235
            ],
            [
              -106.4563139999206,
              34.43705400020565
            ],
            [
              -106.41692400030101,
              34.439687000093066
            ],
            [
              -106.41688099974499,
              34.52171499970078
            ],
            [
              -106.46979000029852,
              34.52121700022136
            ],
            [
              -106.46620400024447,
              34.670427999983126
            ],
            [
              -106.46621900031307,
              34.670956999887274
            ]
          ]
        ]
      }
    },
    {
      "type": "Feature",
      "id": "us-state:35",
      "properties": {
        "boundary_id": "us-state:35",
        "boundary_type": "state",
        "name": "New Mexico",
        "stateFips": "35",
        "bbox": [
          -109.05003299955374,
          31.332348000358696,
          -103.00228999963085,
          37.000149999736045
        ]
      },
      "geometry": {
        "type": "Polygon",
        "coordinates": [
          [
            [
              -103.06472499956188,
              32.33465400019015
            ],
            [
              -103.06462500000275,
              32.99989899969237
            ],
            [
              -103.04365100000184,
              34.00363900005454
            ],
            [
              -103.04171699995868,
              36.50036000007623
            ],
            [
              -103.00228999963085,
              36.50088700035978
            ],
            [
              -103.0023289999889,
              37.000149999736045
            ],
            [
              -105.02922599971569,
              36.992726999829294
            ],
            [
              -109.04517199995568,
              36.9989769999816
            ],
            [
              -109.05003299955374,
              31.332348000358696
            ],
            [
              -108.20846999982734,
              31.333373000228786
            ],
            [
              -108.20848400007104,
              31.783698000018727
            ],
            [
              -106.52794000039168,
              31.78389000021145
            ],
            [
              -106.54714000018298,
              31.807298999952252
            ],
            [
              -106.57724399972628,
              31.81040600033693
            ],
            [
              -106.60280600041207,
              31.825017999941274
            ],
            [
              -106.60169500000127,
              31.844370000111375
            ],
            [
              -106.63592000024921,
              31.866233000113574
            ],
            [
              -106.62919099983193,
              31.883699000327592
            ],
            [
              -106.64547800031208,
              31.898669000188356
            ],
            [
              -106.61286499989205,
              31.920372000351037
            ],
            [
              -106.62974200037605,
              31.9265669997117
            ],
            [
              -106.61432100008433,
              31.951614999811706
            ],
            [
              -106.62512299972906,
              31.954530000238233
            ],
            [
              -106.61956900019497,
              31.971576999918437
            ],
            [
              -106.6395360004405,
              31.98034299979525
            ],
            [
              -106.61848600027159,
              32.000495000289064
            ],
            [
              -103.06451000037502,
              32.000424000289115
            ],
            [
              -103.06470399964549,
              32.334415000051386
            ],
            [
              -103.06472499956188,
              32.33465400019015
            ]
          ]
        ]
      }
    }
  ]
}
