{
  "type": "FeatureCollection",
  "features": [
    {
      "type": "Feature",
      "id": "us-cd:119:08:01",
      "properties": {
        "boundary_id": "us-cd:119:08:01",
        "boundary_type": "congressional_district",
        "name": "1",
        "stateFips": "08",
        "congress": 119,
        "district": "01",
        "bbox": [
          -105.10992400000283,
          39.61431100024426,
          -104.5995809999122,
          39.914178000029246
        ]
      },
      "geometry": {
        "type": "Polygon",
        "coordinates": [
          [
            [
              -105.10992400000283,
              39.62716000015456
            ],
            [
              -105.08095199988841,
              39.63132700021951
            ],
            [
              -105.06514099960931,
              39.61858199996126
            ],
            [
              -105.0970100000397,
              39.61431100024426
            ],
            [
              -105.05812500003518,
              39.61440900000539
            ],
            [
              -105.05904499975193,
              39.638759999811384
            ],
            [
              -105.02542200010177,
              39.62855800011004
            ],
            [
              -105.03475599985865,
              39.63317700000859
            ],
            [
              -105.03461500029164,
              39.65327600019953
            ],
            [
              -105.0157999995665,
              39.66050799985332
            ],
            [
              -105.01569599980941,
              39.67868399980455
            ],
            [
              -105.00866400034174,
              39.678626999911266
            ],
            [
              -105.01094099961828,
              39.66050699985943
            ],
            [
              -104.97348599986675,
              39.6676839999277
            ],
            [
              -104.95498300020944,
              39.652987000161644
            ],
            [
              -104.93170299972137,
              39.65304399976939
            ],
            [
              -104.91322699982825,
              39.63866900003799
            ],
            [
              -104.91340699975329,
              39.62408300014752
            ],
            [
              -104.88526400001736,
              39.62412899987046
            ],
            [
              -104.88013999975529,
              39.65305699970971
            ],
            [
              -104.87557299988512,
              39.64498999975895
            ],
            [
              -104.84729600025486,
              39.65710200026505
            ],
            [
              -104.86633399966448,
              39.6603090000855
            ],
            [
              -104.87088200016638,
              39.67476399983224
            ],
            [
              -104.87621099956957,
              39.66393200001404
            ],
            [
              -104.89020400015643,
              39.66451000002031
            ],
            [
              -104.91289100026756,
              39.67854400000672
            ],
            [
              -104.90353800024413,
              39.68737599998151
            ],
            [
              -104.88930799983079,
              39.68205600002435
            ],
            [
              -104.9035440000919,
              39.69853499978459
            ],
            [
              -104.86596200011878,
              39.696558999890286
            ],
            [
              -104.86597100033963,
              39.71105300025764
            ],
            [
              -104.88661300007954,
              39.72921900025815
            ],
            [
              -104.87990100027898,
              39.754734999976684
            ],
            [
              -104.84693999970439,
              39.754687000152856
            ],
            [
              -104.8563940000102,
              39.76858100020433
            ],
            [
              -104.828185000152,
              39.77278399984731
            ],
            [
              -104.73460100038915,
              39.76918099987162
            ],
            [
              -104.73439899982446,
              39.79844200017799
            ],
            [
              -104.76260600003282,
              39.798433000276226
            ],
            [
              -104.76246200009278,
              39.8234430001179
            ],
            [
              -104.66606200020482,
              39.822791000178746
            ],
            [
              -104.66618199985541,
              39.813075000066576
            ],
            [
              -104.65544499960968,
              39.812999000165185
            ],
            [
              -104.65539000025642,
              39.82260499976669
            ],
            [
              -104.61979900022789,
              39.82241700010709
            ],
            [
              -104.6191520003226,
              39.87322000025848
            ],
            [
              -104.60526099984298,
              39.873114000326865
            ],
            [
              -104.5995809999122,
              39.89903800024867
            ],
            [
              -104.6920540001626,
              39.914178000029246
            ],
            [
              -104.70331100009199,
              39.89594899967252
            ],
            [
              -104.73039000017113,
              39.89613099979686
            ],
            [
              -104.73095300041082,
              39.84519500009778
            ],
            [
              -104.79085900027194,
              39.84180199972834
            ],
            [
              -104.79089500025695,
              39.79825099978691
            ],
            [
              -104.86604099976151,
              39.79838599992679
            ],
            [
              -104.86607400027178,
              39.81284700011026
            ],
            [
              -104.88440500039997,
              39.812814999874305
            ],
            [
              -104.88447399999694,
              39.798321999781045
            ],
            [
              -104.90356099981034,
              39.79839100025915
            ],
            [
              -104.90343799978669,
              39.783807999867314
            ],
            [
              -104.9270019999569,
              39.78377799979051
            ],
            [
              -104.94047599978668,
              39.79460100014534
            ],
            [
              -104.96886100027028,
              39.79104099985305
            ],
            [
              -104.968715999607,
              39.798395999901054
            ],
            [
              -104.97594999963935,
              39.79103800002327
            ],
            [
              -105.06440500001557,
              39.79107999969882
            ],
            [
              -105.05318300024628,
              39.78379700025484
            ],
            [
              -105.05319099974389,
              39.682396999995966
            ],
            [
              -105.06261999993532,
              39.67927999999556
            ],
            [
              -105.05325600004122,
              39.667784999815375
            ],
            [
              -105.08134799972353,
              39.6701329998731
            ],
            [
              -105.08145300020384,
              39.66205600007254
            ],
            [
              -105.06728800008784,
              39.65687899995397
            ],
            [
              -105.07083300013399,
              39.64957899969114
            ],
            [
              -105.05358099973125,
              39.65115999996126
            ],
            [
              -105.0720449999288,
              39.645984000135705
            ],
            [
              -105.07330699995232,
              39.63656300029635
            ],
            [
              -105.10987499959903,
              39.63507199983037
            ],
            [
              -105.10992300017793,
              39.62722899977278
            ],
            [
              -105.10992400000283,
              39.62716000015456
            ]
          ]
        ]
      }
    },
    {
      "type": "Feature",
      "id": "us-cd:119:08:02",
      "properties": {
        "boundary_id": "us-cd:119:08:02",
        "boundary_type": "congressional_district",
        "name": "2",
        "stateFips": "08",
        "congress": 119,
        "district": "02",
        "bbox": [
          -107.44259400010392,
          39.34946900015096,
          -104.93535300024782,
          41.00291999985213
        ]
      },
      "geometry": {
        "type": "Polygon",
        "coordinates": [
          [
            [
              -107.44259400010392,
              40.33475500020537
            ],
            [
              -107.43938600034167,
              40.2233790000357
            ],
            [
              -107.03792799975675,
              40.22537200018026
            ],
            [
              -107.03396799960888,
              39.91891300012328
            ],
            [
              -107.1136719996611,
              39.91911200006602
            ],
            [
              -107.11387199967764,
              39.624889999858844
            ],
            [
              -107.05881600044225,
              39.654678999740334
            ],
            [
              -107.02777899986509,
              39.644067000202114
            ],
            [
              -106.97202999979534,
              39.65519099987255
            ],
            [
              -106.97566400042824,
              39.63818400025243
            ],
            [
              -106.96314600030024,
              39.63811899968754
            ],
            [
              -106.95853099985119,
              39.61969999984764
            ],
            [
              -106.96745899972719,
              39.61460699973503
            ],
            [
              -106.97253600013362,
              39.58643499991551
            ],
            [
              -106.91965199969447,
              39.580705999660765
            ],
            [
              -106.91934999957066,
              39.595333999798065
            ],
            [
              -106.9381359999835,
              39.59518399970736
            ],
            [
              -106.93802899985339,
              39.610118999672395
            ],
            [
              -106.94436900010824,
              39.609581999855216
            ],
            [
              -106.93962999981063,
              39.6345380003144
            ],
            [
              -106.92561000035788,
              39.63819099970297
            ],
            [
              -106.92558100004555,
              39.62738099989222
            ],
            [
              -106.90590900025113,
              39.630904000061015
            ],
            [
              -106.8847779998914,
              39.617015999868364
            ],
            [
              -106.89125600023853,
              39.638663000253956
            ],
            [
              -106.86061200002173,
              39.64978500027076
            ],
            [
              -106.8755620001353,
              39.65288299977341
            ],
            [
              -106.84356600038164,
              39.654814999875185
            ],
            [
              -106.84554399990742,
              39.645726999788586
            ],
            [
              -106.81892500013583,
              39.62505800007878
            ],
            [
              -106.81878600021867,
              39.61017399994817
            ],
            [
              -106.80405200001516,
              39.61030799965712
            ],
            [
              -106.80399900031172,
              39.61768199980757
            ],
            [
              -106.78356599991089,
              39.617766999988085
            ],
            [
              -106.79461000030325,
              39.628660999960545
            ],
            [
              -106.78381600015614,
              39.626315000061666
            ],
            [
              -106.78375300040695,
              39.639380999766495
            ],
            [
              -106.82315700027026,
              39.65153300010193
            ],
            [
              -106.79893100012613,
              39.66029300013491
            ],
            [
              -106.78198099984715,
              39.65198299969399
            ],
            [
              -106.75026999960053,
              39.6547820001162
            ],
            [
              -106.7271890002024,
              39.64191999981008
            ],
            [
              -106.7307710000585,
              39.63338600010667
            ],
            [
              -106.72237000043717,
              39.63334399978347
            ],
            [
              -106.73038299972094,
              39.62412899987046
            ],
            [
              -106.70528600026388,
              39.62434600030185
            ],
            [
              -106.7002259995759,
              39.63275100028986
            ],
            [
              -106.69530700025153,
              39.619410999959534
            ],
            [
              -106.7429090002449,
              39.61070299984136
            ],
            [
              -106.74299000043575,
              39.60146399967401
            ],
            [
              -106.66805200044533,
              39.59510899988633
            ],
            [
              -106.66816399970001,
              39.57274400014716
            ],
            [
              -106.70578500003117,
              39.58814699980125
            ],
            [
              -106.74015099984611,
              39.57964200001771
            ],
            [
              -106.7612920002516,
              39.59567199979936
            ],
            [
              -106.76305300004242,
              39.552950999677606
            ],
            [
              -106.7494140003562,
              39.52705599987267
            ],
            [
              -106.74712999961034,
              39.48975300007523
            ],
            [
              -106.69620100002903,
              39.45215900009285
            ],
            [
              -106.64641599957218,
              39.46423099992883
            ],
            [
              -106.56108600001588,
              39.42981999971247
            ],
            [
              -106.54311200026308,
              39.40188799967764
            ],
            [
              -106.52382399970989,
              39.393932000331034
            ],
            [
              -106.50921400025328,
              39.36229800002406
            ],
            [
              -106.42648700038673,
              39.36187100026259
            ],
            [
              -106.40007299975623,
              39.381007999737285
            ],
            [
              -106.38063299976541,
              39.37615000031705
            ],
            [
              -106.35802199982224,
              39.355140000290945
            ],
            [
              -106.31159700036193,
              39.36221999970948
            ],
            [
              -106.28381199992795,
              39.34946900015096
            ],
            [
              -106.25907500032099,
              39.3620120002968
            ],
            [
              -106.25097599992515,
              39.357631999876396
            ],
            [
              -106.22562699967469,
              39.3796299996732
            ],
            [
              -106.1364120003136,
              39.379694000290634
            ],
            [
              -106.03219900026005,
              39.358941999866175
            ],
            [
              -106.01761900004234,
              39.36550300031009
            ],
            [
              -106.01813999955095,
              39.38180499970212
            ],
            [
              -105.99285599959782,
              39.40185899990781
            ],
            [
              -105.95186699967081,
              39.41433799984329
            ],
            [
              -105.96604299965746,
              39.438782000022286
            ],
            [
              -105.94415499978757,
              39.44091000019217
            ],
            [
              -105.93866300017777,
              39.45849799991214
            ],
            [
              -105.90595900041944,
              39.45965699992352
            ],
            [
              -105.89222500029865,
              39.484029000112926
            ],
            [
              -105.87908700002954,
              39.48376699970021
            ],
            [
              -105.853886999742,
              39.5045059998748
            ],
            [
              -105.86806500027679,
              39.51948999973719
            ],
            [
              -105.85950700029665,
              39.53153599966356
            ],
            [
              -105.84537700034073,
              39.523749999882135
            ],
            [
              -105.82292500040624,
              39.52993099976265
            ],
            [
              -105.8158069998265,
              39.55197599994307
            ],
            [
              -105.82966200032111,
              39.56486500025101
            ],
            [
              -105.39894899976454,
              39.56605599987691
            ],
            [
              -105.39794799985692,
              39.84094000000537
            ],
            [
              -105.33173299970312,
              39.855431999805965
            ],
            [
              -105.27607300022011,
              39.8433990001667
            ],
            [
              -105.30381400027315,
              39.884160999904935
            ],
            [
              -105.24026499955829,
              39.86590899991226
            ],
            [
              -105.23893300011288,
              39.914367000325356
            ],
            [
              -105.14714299975279,
              39.91388900025592
            ],
            [
              -105.14704099964554,
              39.928937999967715
            ],
            [
              -105.12816499971933,
              39.93961800022175
            ],
            [
              -105.12800200041103,
              39.95417300031261
            ],
            [
              -105.10933300017405,
              39.95063999968793
            ],
            [
              -105.11877400006104,
              39.93379600021757
            ],
            [
              -105.10940900034201,
              39.925859000103465
            ],
            [
              -105.10923600008967,
              39.936135000197794
            ],
            [
              -105.07663699991332,
              39.94332899980558
            ],
            [
              -105.07193699997376,
              39.95793800019298
            ],
            [
              -105.0528889996201,
              39.957826000236146
            ],
            [
              -105.05282300039617,
              40.00026000023027
            ],
            [
              -104.98964699995021,
              40.00767899993082
            ],
            [
              -104.99900699964635,
              40.025776000245855
            ],
            [
              -104.98006299994809,
              40.02932499998291
            ],
            [
              -104.98083700007498,
              40.08031699984134
            ],
            [
              -105.00835700019506,
              40.08755200000419
            ],
            [
              -105.01214900011344,
              40.10106899983322
            ],
            [
              -105.02100199964637,
              40.08392599993632
            ],
            [
              -105.0422710000984,
              40.09022900003847
            ],
            [
              -105.03213200025249,
              40.10187300015268
            ],
            [
              -105.04149299977354,
              40.113121999808975
            ],
            [
              -105.02763200032948,
              40.12713600003472
            ],
            [
              -105.00661800014556,
              40.127830000185334
            ],
            [
              -105.00729000016523,
              40.11705899982034
            ],
            [
              -104.98939900025309,
              40.116958999835575
            ],
            [
              -104.99869000035227,
              40.15707099977848
            ],
            [
              -105.03673599993257,
              40.16030400022161
            ],
            [
              -105.03034600034732,
              40.174704999858086
            ],
            [
              -104.99856099958252,
              40.1752219999666
            ],
            [
              -104.99847600009201,
              40.19679299973743
            ],
            [
              -105.04589999981012,
              40.20360400010184
            ],
            [
              -105.04587999971865,
              40.211036000218336
            ],
            [
              -105.02686300022545,
              40.21686200008607
            ],
            [
              -105.03853500025652,
              40.23178399984762
            ],
            [
              -105.02742899993987,
              40.23301400021938
            ],
            [
              -105.05507600028157,
              40.23277899966117
            ],
            [
              -105.05508899980204,
              40.26179299973315
            ],
            [
              -105.10245099959589,
              40.26136700021195
            ],
            [
              -105.11242700013348,
              40.323575999711714
            ],
            [
              -105.10281800001701,
              40.326136999790535
            ],
            [
              -105.13051100038946,
              40.32514600007131
            ],
            [
              -105.11448000000235,
              40.335793000024076
            ],
            [
              -105.12241000034379,
              40.332856000201105
            ],
            [
              -105.11586699969934,
              40.347710000250444
            ],
            [
              -105.13560200014126,
              40.34884099965794
            ],
            [
              -105.09696999985673,
              40.34841899995486
            ],
            [
              -105.09726100010987,
              40.36375100017003
            ],
            [
              -105.11001400041452,
              40.363920000321194
            ],
            [
              -105.09715900000262,
              40.37824299983979
            ],
            [
              -105.13172099963613,
              40.37479499972942
            ],
            [
              -105.13034999983267,
              40.38427900030136
            ],
            [
              -105.11978300036458,
              40.382267000021784
            ],
            [
              -105.12330900014415,
              40.3927929996609
            ],
            [
              -105.15075300009627,
              40.3929369998149
            ],
            [
              -105.15110899974843,
              40.3810920001498
            ],
            [
              -105.15961999987293,
              40.397272999855545
            ],
            [
              -105.15363799981833,
              40.407228000073765
            ],
            [
              -105.13360399962568,
              40.40814599981087
            ],
            [
              -105.1376449999644,
              40.443688999674485
            ],
            [
              -105.11565699963707,
              40.44384000027169
            ],
            [
              -105.1330909996147,
              40.450969999792775
            ],
            [
              -105.09643799957917,
              40.45101800031103
            ],
            [
              -105.09648100013519,
              40.465389000306686
            ],
            [
              -104.99211200044604,
              40.464725000095534
            ],
            [
              -104.9913630004335,
              40.49764699981525
            ],
            [
              -104.98186300009695,
              40.49757099987965
            ],
            [
              -104.98205999974044,
              40.47947099994314
            ],
            [
              -104.96339300005161,
              40.47944200028624
            ],
            [
              -104.9628659997969,
              40.498688000225854
            ],
            [
              -104.94874199968879,
              40.49174099983711
            ],
            [
              -104.94473499968528,
              40.56520599987134
            ],
            [
              -104.93535300024782,
              40.56264200022948
            ],
            [
              -104.94401300033523,
              40.582434000145966
            ],
            [
              -104.93552300012712,
              40.588466999918836
            ],
            [
              -104.9441940000852,
              40.58093799991388
            ],
            [
              -104.99621999983357,
              40.58138099975852
            ],
            [
              -104.98752200011133,
              40.60294200027007
            ],
            [
              -105.00071599955862,
              40.613554000186326
            ],
            [
              -105.0006629998552,
              40.653517999799824
            ],
            [
              -105.0703400002145,
              40.66153400012553
            ],
            [
              -105.07611800005456,
              40.798218999929276
            ],
            [
              -105.03883700038031,
              40.79820499997572
            ],
            [
              -105.03800200015405,
              40.76540199982653
            ],
            [
              -105.00096800035203,
              40.769616000044046
            ],
            [
              -105.0000860002701,
              40.76128200011429
            ],
            [
              -104.98869100024844,
              40.77567800020153
            ],
            [
              -104.97465400017896,
              40.84117900016345
            ],
            [
              -104.96598800024378,
              40.8413570002815
            ],
            [
              -104.94312700005534,
              40.90340499981831
            ],
            [
              -104.9433709995545,
              40.998212999806746
            ],
            [
              -107.31779399966376,
              41.00291999985213
            ],
            [
              -107.31415300025647,
              40.60028100002267
            ],
            [
              -107.37148700038993,
              40.600302000031014
            ],
            [
              -107.37132800038128,
              40.542398999824805
            ],
            [
              -107.42881300012749,
              40.54220700015167
            ],
            [
              -107.43619500029784,
              40.33483000031583
            ],
            [
              -107.44259400010392,
              40.33475500020537
            ]
          ]
        ]
      }
    },
    {
      "type": "Feature",
      "id": "us-cd:119:08:03",
      "properties": {
        "boundary_id": "us-cd:119:08:03",
        "boundary_type": "congressional_district",
        "name": "3",
        "stateFips": "08",
        "congress": 119,
        "district": "03",
        "bbox": [
          -109.060204000085,
          36.992726999829294,
          -103.07593800000865,
          41.00291999985213
        ]
      },
      "geometry": {
        "type": "Polygon",
        "coordinates": [
          [
            [
              -109.060204000085,
              38.27823799969793
            ],
            [
              -109.04257199974066,
              38.15701599979706
            ],
            [
              -109.04517199995568,
              36.9989769999816
            ],
            [
              -105.02922599971569,
              36.992726999829294
            ],
            [
              -103.08610199996892,
              37.00018800029766
            ],
            [
              -103.07593800000865,
              37.64342000008261
            ],
            [
              -103.40433900004456,
              37.64357600023197
            ],
            [
              -103.39993799985574,
              38.26543499985894
            ],
            [
              -103.51006000016893,
              38.2651689999857
            ],
            [
              -103.50936399985984,
              38.172513999897426
            ],
            [
              -103.61928299978344,
              38.17145500008133
            ],
            [
              -103.61917200035366,
              38.11335500019094
            ],
            [
              -103.83561599976743,
              38.113340000058685
            ],
            [
              -103.86626199963403,
              38.128760000025295
            ],
            [
              -103.90066199978415,
              38.12540900033204
            ],
            [
              -103.90605399983484,
              38.13486399979139
            ],
            [
              -103.91439599990493,
              38.12476000031353
            ],
            [
              -103.974377999934,
              38.13211900011486
            ],
            [
              -103.97499100040243,
              38.14033600013918
            ],
            [
              -103.99469599980881,
              38.146653999908345
            ],
            [
              -104.04704499959736,
              38.141389000061224
            ],
            [
              -104.05824200015061,
              38.14649199972044
            ],
            [
              -104.05392100032775,
              38.522392999716246
            ],
            [
              -104.9415329997708,
              38.5195689999951
            ],
            [
              -104.94036600018184,
              38.25827500013228
            ],
            [
              -105.04921499970253,
              38.257973000130946
            ],
            [
              -105.0499169998594,
              37.915479000297374
            ],
            [
              -105.06421099984682,
              37.917906000082624
            ],
            [
              -105.06605600020153,
              37.9442089999762
            ],
            [
              -105.07780000020264,
              37.95296399999636
            ],
            [
              -105.1085070001686,
              37.943398999782616
            ],
            [
              -105.12597499958311,
              37.95116999986786
            ],
            [
              -105.13594899957256,
              37.966357999648594
            ],
            [
              -105.13134800026553,
              37.973455999704726
            ],
            [
              -105.15249100032086,
              37.992113000048086
            ],
            [
              -105.1479689997582,
              38.006238999870796
            ],
            [
              -105.16865200040432,
              38.01894600011575
            ],
            [
              -105.19458599973747,
              38.00756000018559
            ],
            [
              -105.21536599956961,
              37.97051999981189
            ],
            [
              -105.24974200032862,
              37.951521000075715
            ],
            [
              -105.28054899985369,
              37.901215000262724
            ],
            [
              -105.30025400015839,
              37.91248799994391
            ],
            [
              -105.30657400032175,
              37.93229199987485
            ],
            [
              -105.32452600033326,
              37.938433999972844
            ],
            [
              -105.41868900022935,
              37.88970299986039
            ],
            [
              -105.4730099996959,
              37.895696000017054
            ],
            [
              -105.53037800016457,
              37.95336300026906
            ],
            [
              -105.56031100000364,
              37.95188599978057
            ],
            [
              -105.58261599962505,
              37.96593400001999
            ],
            [
              -105.58185499991696,
              37.977971999714946
            ],
            [
              -105.60463599973943,
              38.005013999829956
            ],
            [
              -105.59703900038222,
              38.0132180001891
            ],
            [
              -105.603156000156,
              38.03096799996052
            ],
            [
              -105.66135999977755,
              38.10050099992831
            ],
            [
              -105.65766300029372,
              38.1174539997129
            ],
            [
              -105.67021499985862,
              38.12855400008213
            ],
            [
              -105.67304199985436,
              38.15912600020639
            ],
            [
              -105.69919700001878,
              38.16797299985342
            ],
            [
              -105.75943799961563,
              38.22856599973593
            ],
            [
              -105.78788699967333,
              38.24205599979291
            ],
            [
              -105.80001300016417,
              38.269921999935825
            ],
            [
              -105.85831499969498,
              38.29835899988759
            ],
            [
              -105.89363999958475,
              38.346559000005996
            ],
            [
              -105.9446369998364,
              38.37863799969496
            ],
            [
              -105.96793300021801,
              38.408771999772036
            ],
            [
              -105.9967680000651,
              38.42030299988833
            ],
            [
              -106.01865500011007,
              38.45418799976274
            ],
            [
              -106.05857100015945,
              38.45694500019728
            ],
            [
              -106.05814799966181,
              38.444248000194364
            ],
            [
              -106.07653499986648,
              38.423652000192504
            ],
            [
              -106.24693999960934,
              38.422767999780596
            ],
            [
              -106.24536299994153,
              38.43917100017164
            ],
            [
              -106.27411900014587,
              38.44688599986737
            ],
            [
              -106.27265499955767,
              38.45519600034557
            ],
            [
              -106.28853199995899,
              38.461372999804965
            ],
            [
              -106.31146099991949,
              38.49487000030435
            ],
            [
              -106.33820699991271,
              38.498207000002125
            ],
            [
              -106.35538599962219,
              38.54237100008914
            ],
            [
              -106.34461900013757,
              38.568564000090674
            ],
            [
              -106.36419800004556,
              38.61449999968515
            ],
            [
              -106.38536799986507,
              38.624994999827
            ],
            [
              -106.37989899982149,
              38.63848300005722
            ],
            [
              -106.42954500036116,
              38.65123500031123
            ],
            [
              -106.45212600016711,
              38.69877699982957
            ],
            [
              -106.44349299984387,
              38.70923099990571
            ],
            [
              -106.4252749996936,
              38.71030699997677
            ],
            [
              -106.41666499983491,
              38.72781399978847
            ],
            [
              -106.41288100031247,
              38.79116099999069
            ],
            [
              -106.4227260004305,
              38.808374999955454
            ],
            [
              -106.41618199996115,
              38.824091999659636
            ],
            [
              -106.38363200018861,
              38.824705000240215
            ],
            [
              -106.36504400014248,
              38.85298499994323
            ],
            [
              -106.34930300018361,
              38.85488700000899
            ],
            [
              -106.32131299971022,
              38.892599000123674
            ],
            [
              -106.3260989998635,
              38.911003999815925
            ],
            [
              -106.37343999974094,
              38.90660800000557
            ],
            [
              -106.38083600015501,
              38.92568499981832
            ],
            [
              -106.40212399997527,
              38.91061699986133
            ],
            [
              -106.42116099955999,
              38.92809300000634
            ],
            [
              -106.43717500022862,
              38.91490599987317
            ],
            [
              -106.46503199973432,
              38.91035400012929
            ],
            [
              -106.52668300039102,
              38.95541100033383
            ],
            [
              -106.52838899993024,
              38.98072700017147
            ],
            [
              -106.55421100000872,
              38.99871100019539
            ],
            [
              -106.57716099988559,
              38.990444000038416
            ],
            [
              -106.59921399961193,
              38.997994000241086
            ],
            [
              -106.59169199969949,
              39.02492299997435
            ],
            [
              -106.5972329997131,
              39.04482100011213
            ],
            [
              -106.57755099987294,
              39.053209999829576
            ],
            [
              -106.58615700043198,
              39.09404999995999
            ],
            [
              -106.5639890001796,
              39.106040999946664
            ],
            [
              -106.55817100015656,
              39.120223000200866
            ],
            [
              -106.56126500011601,
              39.155677000078086
            ],
            [
              -106.51107700015135,
              39.16353199965575
            ],
            [
              -106.4936490000215,
              39.19832600029694
            ],
            [
              -106.48971099961496,
              39.2279770001295
            ],
            [
              -106.49764900035231,
              39.242022000171474
            ],
            [
              -106.48105999974838,
              39.25988799983866
            ],
            [
              -106.48295399960857,
              39.272441000122846
            ],
            [
              -106.50403100043997,
              39.284760999787174
            ],
            [
              -106.5026899998754,
              39.29806699984881
            ],
            [
              -106.48410400037741,
              39.31292999971896
            ],
            [
              -106.46827200018194,
              39.307315000259756
            ],
            [
              -106.43246000022046,
              39.316352999877374
            ],
            [
              -106.42694699979596,
              39.323355000307544
            ],
            [
              -106.43510399991811,
              39.34727499988468
            ],
            [
              -106.42648700038673,
              39.36187100026259
            ],
            [
              -106.50921400025328,
              39.36229800002406
            ],
            [
              -106.52382399970989,
              39.393932000331034
            ],
            [
              -106.54311200026308,
              39.40188799967764
            ],
            [
              -106.55957299992218,
              39.42853199971632
            ],
            [
              -106.61680900014636,
              39.4576250002057
            ],
            [
              -106.64641599957218,
              39.46423099992883
            ],
            [
              -106.6934669999197,
              39.451362999676654
            ],
            [
              -106.72808499962973,
              39.46916100007338
            ],
            [
              -106.72854900013523,
              39.47989399984871
            ],
            [
              -106.75301399975561,
              39.497656000031576
            ],
            [
              -106.7494140003562,
              39.52705599987267
            ],
            [
              -106.76305300004242,
              39.552950999677606
            ],
            [
              -106.7612920002516,
              39.59567199979936
            ],
            [
              -106.74015099984611,
              39.57964200001771
            ],
            [
              -106.70578500003117,
              39.58814699980125
            ],
            [
              -106.66816399970001,
              39.57274400014716
            ],
            [
              -106.66805200044533,
              39.59510899988633
            ],
            [
              -106.74299000043575,
              39.60146399967401
            ],
            [
              -106.7429090002449,
              39.61070299984136
            ],
            [
              -106.69533300019083,
              39.6188680001385
            ],
            [
              -106.7002259995759,
              39.63275100028986
            ],
            [
              -106.70528600026388,
              39.62434600030185
            ],
            [
              -106.73038299972094,
              39.62412899987046
            ],
            [
              -106.72237000043717,
              39.63334399978347
            ],
            [
              -106.7307710000585,
              39.63338600010667
            ],
            [
              -106.73565500012106,
              39.65108800030687
            ],
            [
              -106.81434900004483,
              39.65790099973363
            ],
            [
              -106.82402900030642,
              39.64868400030727
            ],
            [
              -106.78375300040695,
              39.639380999766495
            ],
            [
              -106.78381600015614,
              39.626315000061666
            ],
            [
              -106.79461000030325,
              39.628660999960545
            ],
            [
              -106.78356599991089,
              39.617766999988085
            ],
            [
              -106.80399900031172,
              39.61768199980757
            ],
            [
              -106.80405200001516,
              39.61030799965712
            ],
            [
              -106.81878600021867,
              39.61017399994817
            ],
            [
              -106.81892500013583,
              39.62505800007878
            ],
            [
              -106.84554399990742,
              39.645726999788586
            ],
            [
              -106.84110400025885,
              39.65433599971202
            ],
            [
              -106.8755620001353,
              39.65288299977341
            ],
            [
              -106.86061200002173,
              39.64978500027076
            ],
            [
              -106.89125600023853,
              39.638663000253956
            ],
            [
              -106.8847779998914,
              39.617015999868364
            ],
            [
              -106.90590900025113,
              39.630904000061015
            ],
            [
              -106.92558100004555,
              39.62738099989222
            ],
            [
              -106.93019300012159,
              39.63817500016722
            ],
            [
              -106.93962999981063,
              39.6345380003144
            ],
            [
              -106.94436900010824,
              39.609581999855216
            ],
            [
              -106.93802899985339,
              39.610118999672395
            ],
            [
              -106.9381359999835,
              39.59518399970736
            ],
            [
              -106.91934999957066,
              39.595333999798065
            ],
            [
              -106.91965199969447,
              39.580705999660765
            ],
            [
              -106.97253600013362,
              39.58643499991551
            ],
            [
              -106.96745899972719,
              39.61460699973503
            ],
            [
              -106.95853099985119,
              39.61969999984764
            ],
            [
              -106.96314600030024,
              39.63811899968754
            ],
            [
              -106.97566400042824,
              39.63818400025243
            ],
            [
              -106.97202999979534,
              39.65519099987255
            ],
            [
              -107.02777899986509,
              39.644067000202114
            ],
            [
              -107.05881600044225,
              39.654678999740334
            ],
            [
              -107.11387199967764,
              39.624889999858844
            ],
            [
              -107.1136719996611,
              39.91911200006602
            ],
            [
              -107.03396799960888,
              39.91891300012328
            ],
            [
              -107.03792799975675,
              40.22537200018026
            ],
            [
              -107.43938600034167,
              40.2233790000357
            ],
            [
              -107.44259400010392,
              40.33475500020537
            ],
            [
              -107.43206799974541,
              40.3348789999047
            ],
            [
              -107.42881300012749,
              40.54220700015167
            ],
            [
              -107.37132800038128,
              40.542398999824805
            ],
            [
              -107.37148700038993,
              40.600302000031014
            ],
            [
              -107.31415300025647,
              40.60028100002267
            ],
            [
              -107.31779399966376,
              41.00291999985213
            ],
            [
              -109.05002599988103,
              41.00069099983698
            ],
            [
              -109.06015300003138,
              38.290204999716906
            ],
            [
              -109.060204000085,
              38.27823799969793
            ]
          ]
        ]
      }
    },
    {
      "type": "Feature",
      "id": "us-cd:119:08:04",
      "properties": {
        "boundary_id": "us-cd:119:08:04",
        "boundary_type": "congressional_district",
        "name": "4",
        "stateFips": "08",
        "congress": 119,
        "district": "04",
        "bbox": [
          -105.32922000042501,
          36.993015999850805,
          -102.04208900034224,
          41.0023589997564
        ]
      },
      "geometry": {
        "type": "Polygon",
        "coordinates": [
          [
            [
              -105.32922000042501,
              39.12968900030702
            ],
            [
              -104.55176499965863,
              39.129427000264265
            ],
            [
              -104.54807999987037,
              39.04254700021499
            ],
            [
              -104.40483799987227,
              39.04104099976576
            ],
            [
              -104.40475199965854,
              39.02619100019749
            ],
            [
              -104.38642800010139,
              39.026217999837165
            ],
            [
              -104.3863319998419,
              38.99721800010772
            ],
            [
              -104.3679200004212,
              38.99752599997724
            ],
            [
              -104.36786699981943,
              38.954054999899604
            ],
            [
              -104.33100299989673,
              38.95429800026434
            ],
            [
              -104.33139200005914,
              38.93990200008181
            ],
            [
              -104.34981199987578,
              38.93971500002834
            ],
            [
              -104.35014599978663,
              38.92705299971633
            ],
            [
              -104.33158799987773,
              38.92553400020579
            ],
            [
              -104.33265400008267,
              38.88201499985699
            ],
            [
              -104.35106399985357,
              38.881991999678476
            ],
            [
              -104.35155099992528,
              38.8674509998203
            ],
            [
              -104.29179300020219,
              38.86316099969069
            ],
            [
              -104.2776570003985,
              38.87465699998778
            ],
            [
              -104.27771599994973,
              38.85323999988118
            ],
            [
              -104.31369899961543,
              38.85338000006185
            ],
            [
              -104.31374299999635,
              38.78130399994428
            ],
            [
              -104.27678100016435,
              38.781439000201125
            ],
            [
              -104.27547099956195,
              38.52113300029894
            ],
            [
              -104.05392100032775,
              38.522392999716246
            ],
            [
              -104.05824200015061,
              38.14649199972044
            ],
            [
              -104.04704499959736,
              38.141389000061224
            ],
            [
              -103.99469599980881,
              38.146653999908345
            ],
            [
              -103.97499100040243,
              38.14033600013918
            ],
            [
              -103.974377999934,
              38.13211900011486
            ],
            [
              -103.91439599990493,
              38.12476000031353
            ],
            [
              -103.90605399983484,
              38.13486399979139
            ],
            [
              -103.90066199978415,
              38.12540900033204
            ],
            [
              -103.86626199963403,
              38.128760000025295
            ],
            [
              -103.83561599976743,
              38.113340000058685
            ],
            [
              -103.61917200035366,
              38.11335500019094
            ],
            [
              -103.61928299978344,
              38.17145500008133
            ],
            [
              -103.50936399985984,
              38.172513999897426
            ],
            [
              -103.51006000016893,
              38.2651689999857
            ],
            [
              -103.39993799985574,
              38.26543499985894
            ],
            [
              -103.40433900004456,
              37.64357600023197
            ],
            [
              -103.07593800000865,
              37.64342000008261
            ],
            [
              -103.08610199996892,
              37.00018800029766
            ],
            [
              -102.04208900034224,
              36.993015999850805
            ],
            [
              -102.05171699982698,
              41.0023589997564
            ],
            [
              -104.9433709995545,
              40.998212999806746
            ],
            [
              -104.94312700005534,
              40.90340499981831
            ],
            [
              -104.96598800024378,
              40.8413570002815
            ],
            [
              -104.97465400017896,
              40.84117900016345
            ],
            [
              -104.98869100024844,
              40.77567800020153
            ],
            [
              -105.0000860002701,
              40.76128200011429
            ],
            [
              -105.00096800035203,
              40.769616000044046
            ],
            [
              -105.03800200015405,
              40.76540199982653
            ],
            [
              -105.03883700038031,
              40.79820499997572
            ],
            [
              -105.07611800005456,
              40.798218999929276
            ],
            [
              -105.0703400002145,
              40.66153400012553
            ],
            [
              -105.0006629998552,
              40.653517999799824
            ],
            [
              -105.00071599955862,
              40.613554000186326
            ],
            [
              -104.98752200011133,
              40.60294200027007
            ],
            [
              -104.99621999983357,
              40.58138099975852
            ],
            [
              -104.9441940000852,
              40.58093799991388
            ],
            [
              -104.93552300012712,
              40.588466999918836
            ],
            [
              -104.94401300033523,
              40.582434000145966
            ],
            [
              -104.93535300024782,
              40.56264200022948
            ],
            [
              -104.94473499968528,
              40.56520599987134
            ],
            [
              -104.94874199968879,
              40.49174099983711
            ],
            [
              -104.9628659997969,
              40.498688000225854
            ],
            [
              -104.96339300005161,
              40.47944200028624
            ],
            [
              -104.98205999974044,
              40.47947099994314
            ],
            [
              -104.98186300009695,
              40.49757099987965
            ],
            [
              -104.9913630004335,
              40.49764699981525
            ],
            [
              -104.99211200044604,
              40.464725000095534
            ],
            [
              -105.09648100013519,
              40.465389000306686
            ],
            [
              -105.09643799957917,
              40.45101800031103
            ],
            [
              -105.1330909996147,
              40.450969999792775
            ],
            [
              -105.11565699963707,
              40.44384000027169
            ],
            [
              -105.1376449999644,
              40.443688999674485
            ],
            [
              -105.13360399962568,
              40.40814599981087
            ],
            [
              -105.15363799981833,
              40.407228000073765
            ],
            [
              -105.15705800019103,
              40.38941299999193
            ],
            [
              -105.14993299993863,
              40.3811239997638
            ],
            [
              -105.15075300009627,
              40.3929369998149
            ],
            [
              -105.12533699989865,
              40.39365800032166
            ],
            [
              -105.11978300036458,
              40.382267000021784
            ],
            [
              -105.13034999983267,
              40.38427900030136
            ],
            [
              -105.13172099963613,
              40.37479499972942
            ],
            [
              -105.09715900000262,
              40.37824299983979
            ],
            [
              -105.11001600006433,
              40.36724400021979
            ],
            [
              -105.09726100010987,
              40.36375100017003
            ],
            [
              -105.09734200030073,
              40.34948000004362
            ],
            [
              -104.98167700032411,
              40.34916499991589
            ],
            [
              -105.0025280003014,
              40.379802999704374
            ],
            [
              -104.99105600028685,
              40.40618899996371
            ],
            [
              -104.96417999969897,
              40.40719499981653
            ],
            [
              -104.96392699997897,
              40.421715000087126
            ],
            [
              -104.94429100016957,
              40.40713799970721
            ],
            [
              -104.90748199960012,
              40.40706099989095
            ],
            [
              -104.90702600038888,
              40.421549999965784
            ],
            [
              -104.87448699958867,
              40.42129299986187
            ],
            [
              -104.87010700021457,
              40.41406400019273
            ],
            [
              -104.85836200038855,
              40.43997200023766
            ],
            [
              -104.84143700022393,
              40.44343900007249
            ],
            [
              -104.84182200018842,
              40.46148599987627
            ],
            [
              -104.81626899972345,
              40.458629999907494
            ],
            [
              -104.84190099983113,
              40.464630000034965
            ],
            [
              -104.83511600023566,
              40.47689800018137
            ],
            [
              -104.85147599961242,
              40.478613000156074
            ],
            [
              -104.83240899989052,
              40.47982799992337
            ],
            [
              -104.83239600037001,
              40.50890700012631
            ],
            [
              -104.65885099973869,
              40.508593999821784
            ],
            [
              -104.65914299981672,
              40.49350000012027
            ],
            [
              -104.50759399990862,
              40.49347000024332
            ],
            [
              -104.507839000131,
              40.47886799978778
            ],
            [
              -104.47990800010717,
              40.4935670000704
            ],
            [
              -104.47023500041658,
              40.464754999834945
            ],
            [
              -104.50778499970433,
              40.46448500033097
            ],
            [
              -104.50813700005683,
              40.39926100005062
            ],
            [
              -104.48903900037278,
              40.391884999940295
            ],
            [
              -104.48879999999818,
              40.379446999840404
            ],
            [
              -104.44658900023062,
              40.37462399977384
            ],
            [
              -104.42305400037272,
              40.35997300000963
            ],
            [
              -104.41468399981522,
              40.35051399977586
            ],
            [
              -104.41557000009512,
              40.32553999977255
            ],
            [
              -104.46217700002862,
              40.34817499971676
            ],
            [
              -104.48949499958404,
              40.34869399971226
            ],
            [
              -104.48964100007221,
              40.31964200020003
            ],
            [
              -104.52716199994595,
              40.319618000005384
            ],
            [
              -104.52758299989544,
              40.27601000009236
            ],
            [
              -104.60235600002942,
              40.27599800012598
            ],
            [
              -104.60313799965391,
              40.116664999701825
            ],
            [
              -104.64072499964992,
              40.11692299988748
            ],
            [
              -104.64507999980798,
              40.10079599987152
            ],
            [
              -104.6217009995857,
              40.10183399980266
            ],
            [
              -104.62161100007232,
              40.08951600001185
            ],
            [
              -104.65595000012308,
              40.080655000176115
            ],
            [
              -104.65157499987353,
              40.065348999742845
            ],
            [
              -104.69790899999556,
              40.01569000023621
            ],
            [
              -104.69714200043967,
              40.000510000068395
            ],
            [
              -104.64064000015941,
              40.000575000082854
            ],
            [
              -104.64036099960184,
              39.90671100032125
            ],
            [
              -104.5995809999122,
              39.89903800024867
            ],
            [
              -104.60526099984298,
              39.873114000326865
            ],
            [
              -104.6191520003226,
              39.87322000025848
            ],
            [
              -104.61974300015139,
              39.8268520002656
            ],
            [
              -104.48929399974259,
              39.82500499991253
            ],
            [
              -104.48913399990901,
              39.76713700009498
            ],
            [
              -104.47066899988653,
              39.76676199988061
            ],
            [
              -104.47092400015467,
              39.738438000262526
            ],
            [
              -104.52695199988369,
              39.7393170003339
            ],
            [
              -104.52697500034823,
              39.75521799983842
            ],
            [
              -104.54579299964979,
              39.75324600021145
            ],
            [
              -104.53639899961847,
              39.7393829998703
            ],
            [
              -104.60222200013513,
              39.73987800024979
            ],
            [
              -104.58913300026981,
              39.74638800028495
            ],
            [
              -104.61238400044557,
              39.753935000157306
            ],
            [
              -104.6220529999382,
              39.725472000087315
            ],
            [
              -104.65012600025226,
              39.72553400008954
            ],
            [
              -104.65008000022151,
              39.738923000195925
            ],
            [
              -104.63758999968259,
              39.73790600016054
            ],
            [
              -104.67824700024688,
              39.739994000123126
            ],
            [
              -104.65022699963627,
              39.711333999669044
            ],
            [
              -104.62205799996107,
              39.71078799970749
            ],
            [
              -104.61914899994954,
              39.68845700007882
            ],
            [
              -104.58363900011186,
              39.70321100025611
            ],
            [
              -104.58431399960624,
              39.66699100002303
            ],
            [
              -104.72553700007069,
              39.66751199995024
            ],
            [
              -104.72570799977491,
              39.63863499987145
            ],
            [
              -104.71942799979452,
              39.638549000108135
            ],
            [
              -104.73505800032362,
              39.63845200025484
            ],
            [
              -104.73489599994193,
              39.652975000311045
            ],
            [
              -104.75246999966164,
              39.65291400023135
            ],
            [
              -104.75399699999905,
              39.62400200012491
            ],
            [
              -104.7382309999258,
              39.6239759996961
            ],
            [
              -104.7423719998236,
              39.61175999995163
            ],
            [
              -104.72302100041955,
              39.60134199996581
            ],
            [
              -104.71629700002514,
              39.62939199975321
            ],
            [
              -104.6977509998118,
              39.63115699985498
            ],
            [
              -104.67915500026808,
              39.620324000331486
            ],
            [
              -104.67902600039666,
              39.63819399996143
            ],
            [
              -104.68646600029335,
              39.638337000138364
            ],
            [
              -104.67901200015295,
              39.63849499986424
            ],
            [
              -104.67880100026576,
              39.652873000113566
            ],
            [
              -104.65996399979929,
              39.65293799995163
            ],
            [
              -104.66041400006108,
              39.623909999787806
            ],
            [
              -104.65093200016621,
              39.608695000310775
            ],
            [
              -104.66078300013204,
              39.57434900006428
            ],
            [
              -104.6420129996127,
              39.57430799978038
            ],
            [
              -104.64212499976568,
              39.56588999979997
            ],
            [
              -104.6793109999037,
              39.56590000025806
            ],
            [
              -104.67955600012608,
              39.55070700028938
            ],
            [
              -104.73672799987784,
              39.55126099974085
            ],
            [
              -104.73662800031875,
              39.56588799984668
            ],
            [
              -104.74616399974198,
              39.55869100006649
            ],
            [
              -104.79308500039315,
              39.56598500028478
            ],
            [
              -105.06000700019982,
              39.56024000001777
            ],
            [
              -105.07668999961678,
              39.53989900002038
            ],
            [
              -105.08656200039731,
              39.4932960001126
            ],
            [
              -105.13493099994653,
              39.470952000284264
            ],
            [
              -105.12359799984917,
              39.43412899981005
            ],
            [
              -105.17096300001603,
              39.40782499985243
            ],
            [
              -105.1665740004211,
              39.36175399973733
            ],
            [
              -105.18778299970033,
              39.33422099981043
            ],
            [
              -105.18188600003458,
              39.330384000069905
            ],
            [
              -105.19600000009696,
              39.30208200031078
            ],
            [
              -105.20768100034888,
              39.29819399995323
            ],
            [
              -105.20247900026898,
              39.29358300029114
            ],
            [
              -105.220559000327,
              39.269173999997385
            ],
            [
              -105.21703900039522,
              39.26092800032196
            ],
            [
              -105.23439300000689,
              39.25530700019407
            ],
            [
              -105.23579899997047,
              39.243954999887244
            ],
            [
              -105.25347200032269,
              39.24331400017269
            ],
            [
              -105.26359299972695,
              39.22892799984835
            ],
            [
              -105.25988899967213,
              39.2106069998232
            ],
            [
              -105.2823509996524,
              39.20109599980964
            ],
            [
              -105.28767099973304,
              39.17855399974033
            ],
            [
              -105.31348000029105,
              39.15984299973749
            ],
            [
              -105.32914599990688,
              39.12972399981872
            ],
            [
              -105.32922000042501,
              39.12968900030702
            ]
          ]
        ]
      }
    },
    {
      "type": "Feature",
      "id": "us-cd:119:08:05",
      "properties": {
        "boundary_id": "us-cd:119:08:05",
        "boundary_type": "congressional_district",
        "name": "5",
        "stateFips": "08",
        "congress": 119,
        "district": "05",
        "bbox": [
          -105.07252899962745,
          38.519566000283135,
          -104.27547099956195,
          39.129782999872006
        ]
      },
      "geometry": {
        "type": "Polygon",
        "coordinates": [
          [
            [
              -105.07252899962745,
              38.80840000006965
            ],
            [
              -105.07218399984598,
              38.79938200023927
            ],
            [
              -104.93986900006436,
              38.796543000227565
            ],
            [
              -104.9415820001746,
              38.519566000283135
            ],
            [
              -104.27547099956195,
              38.52113300029894
            ],
            [
              -104.27678100016435,
              38.781439000201125
            ],
            [
              -104.31374299999635,
              38.78130399994428
            ],
            [
              -104.31369899961543,
              38.85338000006185
            ],
            [
              -104.27771599994973,
              38.85323999988118
            ],
            [
              -104.2776570003985,
              38.87465699998778
            ],
            [
              -104.29179300020219,
              38.86316099969069
            ],
            [
              -104.35155099992528,
              38.8674509998203
            ],
            [
              -104.35106399985357,
              38.881991999678476
            ],
            [
              -104.33265400008267,
              38.88201499985699
            ],
            [
              -104.33158799987773,
              38.92553400020579
            ],
            [
              -104.35014599978663,
              38.92705299971633
            ],
            [
              -104.34981199987578,
              38.93971500002834
            ],
            [
              -104.33139200005914,
              38.93990200008181
            ],
            [
              -104.33100299989673,
              38.95429800026434
            ],
            [
              -104.36786699981943,
              38.954054999899604
            ],
            [
              -104.3679200004212,
              38.99752599997724
            ],
            [
              -104.3863319998419,
              38.99721800010772
            ],
            [
              -104.38642800010139,
              39.026217999837165
            ],
            [
              -104.40475199965854,
              39.02619100019749
            ],
            [
              -104.40483799987227,
              39.04104099976576
            ],
            [
              -104.54807999987037,
              39.04254700021499
            ],
            [
              -104.55176499965863,
              39.129427000264265
            ],
            [
              -105.03347299991871,
              39.129782999872006
            ],
            [
              -105.0272120002049,
              38.941615000023795
            ],
            [
              -105.01340500028917,
              38.94140300011933
            ],
            [
              -105.0089220000846,
              38.92926899990391
            ],
            [
              -105.02734199990122,
              38.930811000247225
            ],
            [
              -105.02863300023708,
              38.86873000024386
            ],
            [
              -105.066441000166,
              38.869177000168584
            ],
            [
              -105.07237100034203,
              38.811086999890755
            ],
            [
              -105.07252899962745,
              38.80840000006965
            ]
          ]
        ]
      }
    },
    {
      "type": "Feature",
      "id": "us-cd:119:08:06",
      "properties": {
        "boundary_id": "us-cd:119:08:06",
        "boundary_type": "congressional_district",
        "name": "6",
        "stateFips": "08",
        "congress": 119,
        "district": "06",
        "bbox": [
          -105.15733100000251,
          39.53617300001109,
          -104.47066899988653,
          39.8268520002656
        ]
      },
      "geometry": {
        "type": "Polygon",
        "coordinates": [
          [
            [
              -105.15733100000251,
              39.59804699977351
            ],
            [
              -105.13379199994667,
              39.55266299987129
            ],
            [
              -105.10689000031785,
              39.54715899986499
            ],
            [
              -105.11101000029926,
              39.53617300001109
            ],
            [
              -105.07164599972063,
              39.545914999774006
            ],
            [
              -105.04859700010954,
              39.566087999737576
            ],
            [
              -104.77438900039199,
              39.565847000099005
            ],
            [
              -104.74616399974198,
              39.55869100006649
            ],
            [
              -104.73662800031875,
              39.56588799984668
            ],
            [
              -104.73672799987784,
              39.55126099974085
            ],
            [
              -104.67955600012608,
              39.55070700028938
            ],
            [
              -104.6793109999037,
              39.56590000025806
            ],
            [
              -104.64212499976568,
              39.56588999979997
            ],
            [
              -104.6420129996127,
              39.57430799978038
            ],
            [
              -104.66078300013204,
              39.57434900006428
            ],
            [
              -104.65093200016621,
              39.608695000310775
            ],
            [
              -104.66041400006108,
              39.623909999787806
            ],
            [
              -104.65996399979929,
              39.65293799995163
            ],
            [
              -104.67880100026576,
              39.652873000113566
            ],
            [
              -104.67901200015295,
              39.63849499986424
            ],
            [
              -104.68646600029335,
              39.638337000138364
            ],
            [
              -104.67902600039666,
              39.63819399996143
            ],
            [
              -104.67915500026808,
              39.620324000331486
            ],
            [
              -104.6977509998118,
              39.63115699985498
            ],
            [
              -104.71629700002514,
              39.62939199975321
            ],
            [
              -104.72302100041955,
              39.60134199996581
            ],
            [
              -104.7423719998236,
              39.61175999995163
            ],
            [
              -104.7382309999258,
              39.6239759996961
            ],
            [
              -104.75399699999905,
              39.62400200012491
            ],
            [
              -104.75246999966164,
              39.65291400023135
            ],
            [
              -104.73489599994193,
              39.652975000311045
            ],
            [
              -104.73505800032362,
              39.63845200025484
            ],
            [
              -104.71942799979452,
              39.638549000108135
            ],
            [
              -104.72570799977491,
              39.63863499987145
            ],
            [
              -104.72553700007069,
              39.66751199995024
            ],
            [
              -104.58431399960624,
              39.66699100002303
            ],
            [
              -104.58363900011186,
              39.70321100025611
            ],
            [
              -104.61914899994954,
              39.68845700007882
            ],
            [
              -104.62205799996107,
              39.71078799970749
            ],
            [
              -104.65022699963627,
              39.711333999669044
            ],
            [
              -104.67824700024688,
              39.739994000123126
            ],
            [
              -104.63758999968259,
              39.73790600016054
            ],
            [
              -104.65008000022151,
              39.738923000195925
            ],
            [
              -104.65012600025226,
              39.72553400008954
            ],
            [
              -104.6220529999382,
              39.725472000087315
            ],
            [
              -104.61238400044557,
              39.753935000157306
            ],
            [
              -104.58913300026981,
              39.74638800028495
            ],
            [
              -104.60222200013513,
              39.73987800024979
            ],
            [
              -104.53639899961847,
              39.7393829998703
            ],
            [
              -104.54579299964979,
              39.75324600021145
            ],
            [
              -104.52697500034823,
              39.75521799983842
            ],
            [
              -104.52695199988369,
              39.7393170003339
            ],
            [
              -104.47092400015467,
              39.738438000262526
            ],
            [
              -104.47066899988653,
              39.76676199988061
            ],
            [
              -104.48913399990901,
              39.76713700009498
            ],
            [
              -104.48929399974259,
              39.82500499991253
            ],
            [
              -104.61974300015139,
              39.8268520002656
            ],
            [
              -104.65539000025642,
              39.82260499976669
            ],
            [
              -104.65544499960968,
              39.812999000165185
            ],
            [
              -104.66618199985541,
              39.813075000066576
            ],
            [
              -104.66606200020482,
              39.822791000178746
            ],
            [
              -104.76246200009278,
              39.8234430001179
            ],
            [
              -104.76260600003282,
              39.798433000276226
            ],
            [
              -104.73439899982446,
              39.79844200017799
            ],
            [
              -104.73460100038915,
              39.76918099987162
            ],
            [
              -104.828185000152,
              39.77278399984731
            ],
            [
              -104.8563940000102,
              39.76858100020433
            ],
            [
              -104.84693999970439,
              39.754687000152856
            ],
            [
              -104.87990100027898,
              39.754734999976684
            ],
            [
              -104.88466399996774,
              39.74746699977542
            ],
            [
              -104.88661300007954,
              39.72921900025815
            ],
            [
              -104.86597100033963,
              39.71105300025764
            ],
            [
              -104.86596200011878,
              39.696558999890286
            ],
            [
              -104.9035440000919,
              39.69853499978459
            ],
            [
              -104.88930799983079,
              39.68205600002435
            ],
            [
              -104.90353800024413,
              39.68737599998151
            ],
            [
              -104.91289100026756,
              39.67854400000672
            ],
            [
              -104.89020400015643,
              39.66451000002031
            ],
            [
              -104.87621099956957,
              39.66393200001404
            ],
            [
              -104.87088200016638,
              39.67476399983224
            ],
            [
              -104.86633399966448,
              39.6603090000855
            ],
            [
              -104.84729600025486,
              39.65710200026505
            ],
            [
              -104.87557299988512,
              39.64498999975895
            ],
            [
              -104.88013999975529,
              39.65305699970971
            ],
            [
              -104.88526400001736,
              39.62412899987046
            ],
            [
              -104.91340699975329,
              39.62408300014752
            ],
            [
              -104.91322699982825,
              39.63866900003799
            ],
            [
              -104.93170299972137,
              39.65304399976939
            ],
            [
              -104.95498300020944,
              39.652987000161644
            ],
            [
              -104.97348599986675,
              39.6676839999277
            ],
            [
              -105.01094099961828,
              39.66050699985943
            ],
            [
              -105.00635700002967,
              39.67675900017889
            ],
            [
              -105.01569599980941,
              39.67868399980455
            ],
            [
              -105.0157999995665,
              39.66050799985332
            ],
            [
              -105.03461500029164,
              39.65327600019953
            ],
            [
              -105.03475599985865,
              39.63317700000859
            ],
            [
              -105.02542200010177,
              39.62855800011004
            ],
            [
              -105.05904499975193,
              39.638759999811384
            ],
            [
              -105.05362500011218,
              39.60966500021891
            ],
            [
              -105.10997500005645,
              39.60973399997861
            ],
            [
              -105.11017199969996,
              39.59304400032911
            ],
            [
              -105.13558799989757,
              39.58915600008669
            ],
            [
              -105.15609699956805,
              39.599733000125184
            ],
            [
              -105.15733100000251,
              39.59804699977351
            ]
          ]
        ]
      }
    },
    {
      "type": "Feature",
      "id": "us-cd:119:08:07",
      "properties": {
        "boundary_id": "us-cd:119:08:07",
        "boundary_type": "congressional_district",
        "name": "7",
        "stateFips": "08",
        "congress": 119,
        "district": "07",
        "bbox": [
          -106.59903200003706,
          37.89052699971471,
          -104.93986900006436,
          40.044144000059006
        ]
      },
      "geometry": {
        "type": "Polygon",
        "coordinates": [
          [
            [
              -106.59903200003706,
              39.036272999735026
            ],
            [
              -106.59169199969949,
              39.02492299997435
            ],
            [
              -106.5955089997322,
              38.991277000085624
            ],
            [
              -106.55421100000872,
              38.99871100019539
            ],
            [
              -106.52838899993024,
              38.98072700017147
            ],
            [
              -106.52668300039102,
              38.95541100033383
            ],
            [
              -106.46503199973432,
              38.91035400012929
            ],
            [
              -106.43717500022862,
              38.91490599987317
            ],
            [
              -106.42116099955999,
              38.92809300000634
            ],
            [
              -106.40212399997527,
              38.91061699986133
            ],
            [
              -106.38083600015501,
              38.92568499981832
            ],
            [
              -106.37343999974094,
              38.90660800000557
            ],
            [
              -106.3260989998635,
              38.911003999815925
            ],
            [
              -106.32131299971022,
              38.892599000123674
            ],
            [
              -106.34930300018361,
              38.85488700000899
            ],
            [
              -106.36504400014248,
              38.85298499994323
            ],
            [
              -106.38363200018861,
              38.824705000240215
            ],
            [
              -106.41618199996115,
              38.824091999659636
            ],
            [
              -106.4227260004305,
              38.808374999955454
            ],
            [
              -106.41288100031247,
              38.79116099999069
            ],
            [
              -106.41666499983491,
              38.72781399978847
            ],
            [
              -106.4252749996936,
              38.71030699997677
            ],
            [
              -106.44349299984387,
              38.70923099990571
            ],
            [
              -106.45212600016711,
              38.69877699982957
            ],
            [
              -106.42954500036116,
              38.65123500031123
            ],
            [
              -106.37989899982149,
              38.63848300005722
            ],
            [
              -106.38536799986507,
              38.624994999827
            ],
            [
              -106.36419800004556,
              38.61449999968515
            ],
            [
              -106.34461900013757,
              38.568564000090674
            ],
            [
              -106.35539900004099,
              38.54255599982017
            ],
            [
              -106.34259700023085,
              38.521536999846056
            ],
            [
              -106.34422999997514,
              38.50458999996116
            ],
            [
              -106.33040600034099,
              38.49372700003058
            ],
            [
              -106.31146099991949,
              38.49487000030435
            ],
            [
              -106.28853199995899,
              38.461372999804965
            ],
            [
              -106.27265499955767,
              38.45519600034557
            ],
            [
              -106.27411900014587,
              38.44688599986737
            ],
            [
              -106.24536299994153,
              38.43917100017164
            ],
            [
              -106.24693999960934,
              38.422767999780596
            ],
            [
              -106.07653499986648,
              38.423652000192504
            ],
            [
              -106.05814799966181,
              38.444248000194364
            ],
            [
              -106.05857100015945,
              38.45694500019728
            ],
            [
              -106.01865500011007,
              38.45418799976274
            ],
            [
              -105.9967680000651,
              38.42030299988833
            ],
            [
              -105.96793300021801,
              38.408771999772036
            ],
            [
              -105.9446369998364,
              38.37863799969496
            ],
            [
              -105.89363999958475,
              38.346559000005996
            ],
            [
              -105.85831499969498,
              38.29835899988759
            ],
            [
              -105.80001300016417,
              38.269921999935825
            ],
            [
              -105.78788699967333,
              38.24205599979291
            ],
            [
              -105.75943799961563,
              38.22856599973593
            ],
            [
              -105.69919700001878,
              38.16797299985342
            ],
            [
              -105.67304199985436,
              38.15912600020639
            ],
            [
              -105.67021499985862,
              38.12855400008213
            ],
            [
              -105.65766300029372,
              38.1174539997129
            ],
            [
              -105.66135999977755,
              38.10050099992831
            ],
            [
              -105.603156000156,
              38.03096799996052
            ],
            [
              -105.59703900038222,
              38.0132180001891
            ],
            [
              -105.60463599973943,
              38.005013999829956
            ],
            [
              -105.58185499991696,
              37.977971999714946
            ],
            [
              -105.58446199980467,
              37.96785500024564
            ],
            [
              -105.56031100000364,
              37.95188599978057
            ],
            [
              -105.53037800016457,
              37.95336300026906
            ],
            [
              -105.4730099996959,
              37.895696000017054
            ],
            [
              -105.41363500028746,
              37.89052699971471
            ],
            [
              -105.37708799965884,
              37.91610199989188
            ],
            [
              -105.31708100041371,
              37.93894899998004
            ],
            [
              -105.28322400041179,
              37.89999299968497
            ],
            [
              -105.24974200032862,
              37.951521000075715
            ],
            [
              -105.21536599956961,
              37.97051999981189
            ],
            [
              -105.19458599973747,
              38.00756000018559
            ],
            [
              -105.16865200040432,
              38.01894600011575
            ],
            [
              -105.1479689997582,
              38.006238999870796
            ],
            [
              -105.15249100032086,
              37.992113000048086
            ],
            [
              -105.13134800026553,
              37.973455999704726
            ],
            [
              -105.13594899957256,
              37.966357999648594
            ],
            [
              -105.12597499958311,
              37.95116999986786
            ],
            [
              -105.1085070001686,
              37.943398999782616
            ],
            [
              -105.07780000020264,
              37.95296399999636
            ],
            [
              -105.06605600020153,
              37.9442089999762
            ],
            [
              -105.06421099984682,
              37.917906000082624
            ],
            [
              -105.0499169998594,
              37.915479000297374
            ],
            [
              -105.04921499970253,
              38.257973000130946
            ],
            [
              -104.94036600018184,
              38.25827500013228
            ],
            [
              -104.93986900006436,
              38.796543000227565
            ],
            [
              -105.07218399984598,
              38.79938200023927
            ],
            [
              -105.066441000166,
              38.869177000168584
            ],
            [
              -105.02863300023708,
              38.86873000024386
            ],
            [
              -105.02734199990122,
              38.930811000247225
            ],
            [
              -105.0089220000846,
              38.92926899990391
            ],
            [
              -105.01340500028917,
              38.94140300011933
            ],
            [
              -105.0272120002049,
              38.941615000023795
            ],
            [
              -105.03347299991871,
              39.129782999872006
            ],
            [
              -105.32944499965761,
              39.12948699983882
            ],
            [
              -105.31348000029105,
              39.15984299973749
            ],
            [
              -105.28767099973304,
              39.17855399974033
            ],
            [
              -105.2823509996524,
              39.20109599980964
            ],
            [
              -105.25988899967213,
              39.2106069998232
            ],
            [
              -105.26359299972695,
              39.22892799984835
            ],
            [
              -105.25347200032269,
              39.24331400017269
            ],
            [
              -105.23579899997047,
              39.243954999887244
            ],
            [
              -105.23439300000689,
              39.25530700019407
            ],
            [
              -105.21703900039522,
              39.26092800032196
            ],
            [
              -105.220559000327,
              39.269173999997385
            ],
            [
              -105.20247900026898,
              39.29358300029114
            ],
            [
              -105.20768100034888,
              39.29819399995323
            ],
            [
              -105.19600000009696,
              39.30208200031078
            ],
            [
              -105.18188600003458,
              39.330384000069905
            ],
            [
              -105.18778299970033,
              39.33422099981043
            ],
            [
              -105.1665740004211,
              39.36175399973733
            ],
            [
              -105.17096300001603,
              39.40782499985243
            ],
            [
              -105.12347099962756,
              39.43431300026408
            ],
            [
              -105.13493099994653,
              39.470952000284264
            ],
            [
              -105.11764599993181,
              39.48539199978655
            ],
            [
              -105.09252299963715,
              39.48839200001941
            ],
            [
              -105.07827499968047,
              39.5115780001457
            ],
            [
              -105.07304500001149,
              39.54526499997788
            ],
            [
              -105.11101000029926,
              39.53617300001109
            ],
            [
              -105.10689000031785,
              39.54715899986499
            ],
            [
              -105.13379199994667,
              39.55266299987129
            ],
            [
              -105.15733100000251,
              39.59804699977351
            ],
            [
              -105.13558799989757,
              39.58915600008669
            ],
            [
              -105.11017199969996,
              39.59304400032911
            ],
            [
              -105.10997500005645,
              39.60973399997861
            ],
            [
              -105.05362500011218,
              39.60966500021891
            ],
            [
              -105.05807999982933,
              39.6175029998188
            ],
            [
              -105.0970100000397,
              39.61431100024426
            ],
            [
              -105.06514099960931,
              39.61858199996126
            ],
            [
              -105.08095199988841,
              39.63132700021951
            ],
            [
              -105.10992400000283,
              39.62716000015456
            ],
            [
              -105.10987499959903,
              39.63507199983037
            ],
            [
              -105.07330699995232,
              39.63656300029635
            ],
            [
              -105.0720449999288,
              39.645984000135705
            ],
            [
              -105.05358099973125,
              39.65115999996126
            ],
            [
              -105.07083300013399,
              39.64957899969114
            ],
            [
              -105.06728800008784,
              39.65687899995397
            ],
            [
              -105.0814570004018,
              39.66857699971824
            ],
            [
              -105.05325600004122,
              39.667784999815375
            ],
            [
              -105.06261999993532,
              39.67927999999556
            ],
            [
              -105.05319099974389,
              39.682396999995966
            ],
            [
              -105.05318300024628,
              39.78379700025484
            ],
            [
              -105.06500500006521,
              39.79032099968406
            ],
            [
              -105.04049900043694,
              39.80287400015974
            ],
            [
              -105.0500239999895,
              39.80302300018457
            ],
            [
              -105.04401799964549,
              39.817438999917904
            ],
            [
              -105.05327000028491,
              39.820027999979935
            ],
            [
              -105.05289199999314,
              39.91422399993791
            ],
            [
              -105.01546900002867,
              39.92130899984207
            ],
            [
              -105.01565700034966,
              39.943131000030554
            ],
            [
              -104.99702499992262,
              39.943238999853655
            ],
            [
              -105.01685599972569,
              39.95284199997477
            ],
            [
              -105.01584499977233,
              39.981193000198594
            ],
            [
              -104.99742300030586,
              39.98121299988333
            ],
            [
              -104.99725000005351,
              39.96852900002543
            ],
            [
              -104.98810799991726,
              39.9684679998016
            ],
            [
              -104.9970800001742,
              39.97395399983562
            ],
            [
              -104.98778400005216,
              39.975745999820155
            ],
            [
              -104.98094400020511,
              40.00032499979456
            ],
            [
              -104.96140499958175,
              40.000336999686176
            ],
            [
              -104.96107099967092,
              40.044144000059006
            ],
            [
              -104.97924199996552,
              40.04375800014536
            ],
            [
              -104.98006299994809,
              40.02932499998291
            ],
            [
              -104.99900699964635,
              40.025776000245855
            ],
            [
              -104.98964699995021,
              40.00767899993082
            ],
            [
              -105.05282300039617,
              40.00026000023027
            ],
            [
              -105.0528889996201,
              39.957826000236146
            ],
            [
              -105.07193699997376,
              39.95793800019298
            ],
            [
              -105.07663699991332,
              39.94332899980558
            ],
            [
              -105.10923600008967,
              39.936135000197794
            ],
            [
              -105.10940900034201,
              39.925859000103465
            ],
            [
              -105.11877400006104,
              39.93379600021757
            ],
            [
              -105.10933300017405,
              39.95063999968793
            ],
            [
              -105.12800200041103,
              39.95417300031261
            ],
            [
              -105.12816499971933,
              39.93961800022175
            ],
            [
              -105.14704099964554,
              39.928937999967715
            ],
            [
              -105.14714299975279,
              39.91388900025592
            ],
            [
              -105.23893300011288,
              39.914367000325356
            ],
            [
              -105.24026499955829,
              39.86590899991226
            ],
            [
              -105.30381400027315,
              39.884160999904935
            ],
            [
              -105.27607300022011,
              39.8433990001667
            ],
            [
              -105.33173299970312,
              39.855431999805965
            ],
            [
              -105.39794799985692,
              39.84094000000537
            ],
            [
              -105.39894899976454,
              39.56605599987691
            ],
            [
              -105.82966200032111,
              39.56486500025101
            ],
            [
              -105.8158069998265,
              39.55197599994307
            ],
            [
              -105.82292500040624,
              39.52993099976265
            ],
            [
              -105.84537700034073,
              39.523749999882135
            ],
            [
              -105.85950700029665,
              39.53153599966356
            ],
            [
              -105.86806500027679,
              39.51948999973719
            ],
            [
              -105.853886999742,
              39.5045059998748
            ],
            [
              -105.87908700002954,
              39.48376699970021
            ],
            [
              -105.89222500029865,
              39.484029000112926
            ],
            [
              -105.90595900041944,
              39.45965699992352
            ],
            [
              -105.93866300017777,
              39.45849799991214
            ],
            [
              -105.94415499978757,
              39.44091000019217
            ],
            [
              -105.96604299965746,
              39.438782000022286
            ],
            [
              -105.95186699967081,
              39.41433799984329
            ],
            [
              -105.99285599959782,
              39.40185899990781
            ],
            [
              -106.01813999955095,
              39.38180499970212
            ],
            [
              -106.01761900004234,
              39.36550300031009
            ],
            [
              -106.03471699956101,
              39.35837599995261
            ],
            [
              -106.05609599961788,
              39.358431000342954
            ],
            [
              -106.0972059999187,
              39.37798699988332
            ],
            [
              -106.22562699967469,
              39.3796299996732
            ],
            [
              -106.25097599992515,
              39.357631999876396
            ],
            [
              -106.25907500032099,
              39.3620120002968
            ],
            [
              -106.28381199992795,
              39.34946900015096
            ],
            [
              -106.31159700036193,
              39.36221999970948
            ],
            [
              -106.35802199982224,
              39.355140000290945
            ],
            [
              -106.38063299976541,
              39.37615000031705
            ],
            [
              -106.40392499994907,
              39.37984800023399
            ],
            [
              -106.43348000039465,
              39.35417400005182
            ],
            [
              -106.43246000022046,
              39.316352999877374
            ],
            [
              -106.46827200018194,
              39.307315000259756
            ],
            [
              -106.48410400037741,
              39.31292999971896
            ],
            [
              -106.5026899998754,
              39.29806699984881
            ],
            [
              -106.50403100043997,
              39.284760999787174
            ],
            [
              -106.48295399960857,
              39.272441000122846
            ],
            [
              -106.48105999974838,
              39.25988799983866
            ],
            [
              -106.49764900035231,
              39.242022000171474
            ],
            [
              -106.48971099961496,
              39.2279770001295
            ],
            [
              -106.4936490000215,
              39.19832600029694
            ],
            [
              -106.51107700015135,
              39.16353199965575
            ],
            [
              -106.56126500011601,
              39.155677000078086
            ],
            [
              -106.56332100035793,
              39.10726800021217
            ],
            [
              -106.58615700043198,
              39.09404999995999
            ],
            [
              -106.57755099987294,
              39.053209999829576
            ],
            [
              -106.59893599977758,
              39.036768000195366
            ],
            [
              -106.59903200003706,
              39.036272999735026
            ]
          ]
        ]
      }
    },
    {
      "type": "Feature",
      "id": "us-cd:119:08:08",
      "properties": {
        "boundary_id": "us-cd:119:08:08",
        "boundary_type": "congressional_district",
        "name": "8",
        "stateFips": "08",
        "congress": 119,
        "district": "08",
        "bbox": [
          -105.13560200014126,
          39.78376400002629,
          -104.41448899982156,
          40.51018500010569
        ]
      },
      "geometry": {
        "type": "Polygon",
        "coordinates": [
          [
            [
              -105.13560200014126,
              40.34884099965794
            ],
            [
              -105.11586699969934,
              40.347710000250444
            ],
            [
              -105.12241000034379,
              40.332856000201105
            ],
            [
              -105.11448000000235,
              40.335793000024076
            ],
            [
              -105.13051100038946,
              40.32514600007131
            ],
            [
              -105.10281800001701,
              40.326136999790535
            ],
            [
              -105.11242700013348,
              40.323575999711714
            ],
            [
              -105.10245099959589,
              40.26136700021195
            ],
            [
              -105.05508899980204,
              40.26179299973315
            ],
            [
              -105.05507600028157,
              40.23277899966117
            ],
            [
              -105.02742899993987,
              40.23301400021938
            ],
            [
              -105.03853500025652,
              40.23178399984762
            ],
            [
              -105.02686300022545,
              40.21686200008607
            ],
            [
              -105.04587999971865,
              40.211036000218336
            ],
            [
              -105.04589999981012,
              40.20360400010184
            ],
            [
              -104.99847600009201,
              40.19679299973743
            ],
            [
              -104.99856099958252,
              40.1752219999666
            ],
            [
              -105.03034600034732,
              40.174704999858086
            ],
            [
              -105.03673599993257,
              40.16030400022161
            ],
            [
              -104.99869000035227,
              40.15707099977848
            ],
            [
              -104.98933700032882,
              40.11711300031431
            ],
            [
              -105.00729000016523,
              40.11705899982034
            ],
            [
              -105.00661800014556,
              40.127830000185334
            ],
            [
              -105.0277970001859,
              40.127051000256664
            ],
            [
              -105.04149299977354,
              40.113121999808975
            ],
            [
              -105.03208100019884,
              40.10927800007791
            ],
            [
              -105.04156399991865,
              40.087815999776005
            ],
            [
              -105.02100199964637,
              40.08392599993632
            ],
            [
              -105.00833499955546,
              40.10020100026497
            ],
            [
              -105.00835700019506,
              40.08755200000419
            ],
            [
              -104.98083700007498,
              40.08031699984134
            ],
            [
              -104.98142999955358,
              40.044030999825914
            ],
            [
              -104.96107099967092,
              40.044144000059006
            ],
            [
              -104.96140499958175,
              40.000336999686176
            ],
            [
              -104.98094400020511,
              40.00032499979456
            ],
            [
              -104.98778400005216,
              39.975745999820155
            ],
            [
              -104.9970800001742,
              39.97395399983562
            ],
            [
              -104.98810799991726,
              39.9684679998016
            ],
            [
              -104.99725000005351,
              39.96852900002543
            ],
            [
              -104.99742300030586,
              39.98121299988333
            ],
            [
              -105.01584499977233,
              39.981193000198594
            ],
            [
              -105.01685599972569,
              39.95284199997477
            ],
            [
              -104.99702499992262,
              39.943238999853655
            ],
            [
              -105.01565700034966,
              39.943131000030554
            ],
            [
              -105.01546900002867,
              39.92130899984207
            ],
            [
              -105.05289199999314,
              39.91422399993791
            ],
            [
              -105.05327000028491,
              39.820027999979935
            ],
            [
              -105.04401799964549,
              39.817438999917904
            ],
            [
              -105.0500239999895,
              39.80302300018457
            ],
            [
              -105.04049900043694,
              39.80287400015974
            ],
            [
              -105.05288600014535,
              39.80086299998656
            ],
            [
              -105.05324599999547,
              39.79106300021121
            ],
            [
              -104.97594999963935,
              39.79103800002327
            ],
            [
              -104.968715999607,
              39.798395999901054
            ],
            [
              -104.96886100027028,
              39.79104099985305
            ],
            [
              -104.94047599978668,
              39.79460100014534
            ],
            [
              -104.92037299999703,
              39.78376400002629
            ],
            [
              -104.90343799978669,
              39.783807999867314
            ],
            [
              -104.90141599987997,
              39.80020200011757
            ],
            [
              -104.88447399999694,
              39.798321999781045
            ],
            [
              -104.88440500039997,
              39.812814999874305
            ],
            [
              -104.86607400027178,
              39.81284700011026
            ],
            [
              -104.86604099976151,
              39.79838599992679
            ],
            [
              -104.79089500025695,
              39.79825099978691
            ],
            [
              -104.79085900027194,
              39.84180199972834
            ],
            [
              -104.73095300041082,
              39.84519500009778
            ],
            [
              -104.73039000017113,
              39.89613099979686
            ],
            [
              -104.70331100009199,
              39.89594899967252
            ],
            [
              -104.6920540001626,
              39.914178000029246
            ],
            [
              -104.64036099960184,
              39.90671100032125
            ],
            [
              -104.64064000015941,
              40.000575000082854
            ],
            [
              -104.69714200043967,
              40.000510000068395
            ],
            [
              -104.69790899999556,
              40.01569000023621
            ],
            [
              -104.65157499987353,
              40.065348999742845
            ],
            [
              -104.65595000012308,
              40.080655000176115
            ],
            [
              -104.62161100007232,
              40.08951600001185
            ],
            [
              -104.6217009995857,
              40.10183399980266
            ],
            [
              -104.64507999980798,
              40.10079599987152
            ],
            [
              -104.64072499964992,
              40.11692299988748
            ],
            [
              -104.60313799965391,
              40.116664999701825
            ],
            [
              -104.60235600002942,
              40.27599800012598
            ],
            [
              -104.52758299989544,
              40.27601000009236
            ],
            [
              -104.52716199994595,
              40.319618000005384
            ],
            [
              -104.48964100007221,
              40.31964200020003
            ],
            [
              -104.48949499958404,
              40.34869399971226
            ],
            [
              -104.46217700002862,
              40.34817499971676
            ],
            [
              -104.41557000009512,
              40.32553999977255
            ],
            [
              -104.41448899982156,
              40.34918800033146
            ],
            [
              -104.44658900023062,
              40.37462399977384
            ],
            [
              -104.48879999999818,
              40.379446999840404
            ],
            [
              -104.48903900037278,
              40.391884999940295
            ],
            [
              -104.50813700005683,
              40.39926100005062
            ],
            [
              -104.50778499970433,
              40.46448500033097
            ],
            [
              -104.47023500041658,
              40.464754999834945
            ],
            [
              -104.47999000012294,
              40.493621999755106
            ],
            [
              -104.507839000131,
              40.47886799978778
            ],
            [
              -104.50759399990862,
              40.49347000024332
            ],
            [
              -104.65914299981672,
              40.49350000012027
            ],
            [
              -104.65885099973869,
              40.508593999821784
            ],
            [
              -104.73514399963904,
              40.51018500010569
            ],
            [
              -104.83239600037001,
              40.50890700012631
            ],
            [
              -104.83240899989052,
              40.47982799992337
            ],
            [
              -104.85147599961242,
              40.478613000156074
            ],
            [
              -104.83511600023566,
              40.47689800018137
            ],
            [
              -104.84190099983113,
              40.464630000034965
            ],
            [
              -104.81626899972345,
              40.458629999907494
            ],
            [
              -104.84182200018842,
              40.46148599987627
            ],
            [
              -104.84143700022393,
              40.44343900007249
            ],
            [
              -104.85836200038855,
              40.43997200023766
            ],
            [
              -104.87010700021457,
              40.41406400019273
            ],
            [
              -104.87448699958867,
              40.42129299986187
            ],
            [
              -104.90702600038888,
              40.421549999965784
            ],
            [
              -104.90748199960012,
              40.40706099989095
            ],
            [
              -104.94429100016957,
              40.40713799970721
            ],
            [
              -104.96392699997897,
              40.421715000087126
            ],
            [
              -104.96417999969897,
              40.40719499981653
            ],
            [
              -104.99105600028685,
              40.40618899996371
            ],
            [
              -105.0025280003014,
              40.379802999704374
            ],
            [
              -104.98167700032411,
              40.34916499991589
            ],
            [
              -105.13558000039995,
              40.34902200022214
            ],
            [
              -105.13560200014126,
              40.34884099965794
            ]
          ]
        ]
      }
    }
  ]
}
