{
  "type": "FeatureCollection",
  "features": [
    {
      "type": "Feature",
      "id": "us-county:24:001",
      "properties": {
        "boundary_id": "us-county:24:001",
        "boundary_type": "county",
        "name": "Allegany County",
        "stateFips": "24",
        "countyFips": "001",
        "bbox": [
          -79.06755899957675,
          39.44033100007154,
          -78.31491300018398,
          39.72278299991831
        ]
      },
      "geometry": {
        "type": "Polygon",
        "coordinates": [
          [
            [
              -78.42042199969792,
              39.60325999971449
            ],
            [
              -78.43013899976943,
              39.623415999691424
            ],
            [
              -78.37649799982012,
              39.608127000073424
            ],
            [
              -78.38124799998839,
              39.62891200013632
            ],
            [
              -78.35550600027584,
              39.62611099974077
            ],
            [
              -78.35626000031127,
              39.64055799989508
            ],
            [
              -78.33381900024742,
              39.63676199993473
            ],
            [
              -78.34603100005367,
              39.64917399987107
            ],
            [
              -78.34002399988474,
              39.65274800009349
            ],
            [
              -78.36348400029787,
              39.66006599974487
            ],
            [
              -78.33413899991454,
              39.662396999892415
            ],
            [
              -78.34309899957762,
              39.676467000180715
            ],
            [
              -78.32017700018814,
              39.67613599972004
            ],
            [
              -78.32287899961212,
              39.68386099986703
            ],
            [
              -78.31491300018398,
              39.68450400031474
            ],
            [
              -78.33343299955972,
              39.71894499983557
            ],
            [
              -78.92841599964366,
              39.72278299991831
            ],
            [
              -79.06755899957675,
              39.479442999972385
            ],
            [
              -79.05645800018128,
              39.47074399981217
            ],
            [
              -79.04674600013263,
              39.48325900003067
            ],
            [
              -79.03087600030231,
              39.46525399982047
            ],
            [
              -79.01803099993619,
              39.46765600010618
            ],
            [
              -78.95657299962332,
              39.44033100007154
            ],
            [
              -78.9589100000726,
              39.46283800020067
            ],
            [
              -78.94249200007121,
              39.46894999983648
            ],
            [
              -78.93429800013912,
              39.486283999742994
            ],
            [
              -78.91672000022145,
              39.48631999997363
            ],
            [
              -78.90551299962245,
              39.51154500002729
            ],
            [
              -78.89239100014518,
              39.51327900001862
            ],
            [
              -78.89310199962458,
              39.523995999687614
            ],
            [
              -78.87514899978817,
              39.52266500005218
            ],
            [
              -78.87068700039829,
              39.538766999727194
            ],
            [
              -78.83924200029045,
              39.56700799997734
            ],
            [
              -78.81584600034974,
              39.56288099999057
            ],
            [
              -78.82572200042992,
              39.58917700016022
            ],
            [
              -78.809028000244,
              39.60818199985541
            ],
            [
              -78.79646200043541,
              39.60590199975409
            ],
            [
              -78.8016440004238,
              39.62767700022256
            ],
            [
              -78.79528200042763,
              39.63676599990071
            ],
            [
              -78.7664070003976,
              39.64843199977227
            ],
            [
              -78.77797700032144,
              39.62231900003881
            ],
            [
              -78.74676700039024,
              39.62672199980037
            ],
            [
              -78.73313399965348,
              39.614715000103736
            ],
            [
              -78.77708400036886,
              39.603895000223986
            ],
            [
              -78.76076699975148,
              39.582701999701065
            ],
            [
              -78.73353399968657,
              39.586529999939195
            ],
            [
              -78.72458900009211,
              39.56391899984586
            ],
            [
              -78.67558100013521,
              39.54020700017062
            ],
            [
              -78.591633000253,
              39.53689100029546
            ],
            [
              -78.56611499994816,
              39.51937099974889
            ],
            [
              -78.52308599967274,
              39.52485399979448
            ],
            [
              -78.46623000028848,
              39.517796000019366
            ],
            [
              -78.46284900027385,
              39.5357579997232
            ],
            [
              -78.44840799997333,
              39.54108000032837
            ],
            [
              -78.46111699989704,
              39.55083299987809
            ],
            [
              -78.43785800022368,
              39.538515999824334
            ],
            [
              -78.43771699975836,
              39.5533659996695
            ],
            [
              -78.41701899994199,
              39.54856000023078
            ],
            [
              -78.45427899969982,
              39.57408200027977
            ],
            [
              -78.45677199978473,
              39.58760799988636
            ],
            [
              -78.44349799997148,
              39.59133099999927
            ],
            [
              -78.40786500011016,
              39.57862899980727
            ],
            [
              -78.39528400023295,
              39.58410899976037
            ],
            [
              -78.4195060001791,
              39.60269699987881
            ],
            [
              -78.42042199969792,
              39.60325999971449
            ]
          ]
        ]
      }
    },
    {
      "type": "Feature",
      "id": "us-county:24:003",
      "properties": {
        "boundary_id": "us-county:24:003",
        "boundary_type": "county",
        "name": "Anne Arundel County",
        "stateFips": "24",
        "countyFips": "003",
        "bbox": [
          -76.84036199990291,
          38.711099000170385,
          -76.3494789998946,
          39.23739799991948
        ]
      },
      "geometry": {
        "type": "Polygon",
        "coordinates": [
          [
            [
              -76.35647100007762,
              39.03452999991195
            ],
            [
              -76.3494789998946,
              39.15662300005969
            ],
            [
              -76.51448400008913,
              39.20240599968229
            ],
            [
              -76.52948600008122,
              39.21840799973261
            ],
            [
              -76.55008599998831,
              39.197207000187646
            ],
            [
              -76.56739600011738,
              39.20211699973283
            ],
            [
              -76.61861199975387,
              39.23739799991948
            ],
            [
              -76.63252400014989,
              39.22360399985446
            ],
            [
              -76.6617299997177,
              39.23113499972052
            ],
            [
              -76.69675000000895,
              39.21739899995124
            ],
            [
              -76.72209800043449,
              39.18291299988354
            ],
            [
              -76.74654399978832,
              39.179591999844824
            ],
            [
              -76.76373799956644,
              39.166228999848805
            ],
            [
              -76.78902200041789,
              39.12661800034569
            ],
            [
              -76.82195399978184,
              39.11905300011737
            ],
            [
              -76.84036199990291,
              39.10314200011771
            ],
            [
              -76.82739199986328,
              39.093268999836
            ],
            [
              -76.83645799983157,
              39.06843700014727
            ],
            [
              -76.80422899955107,
              39.06263199995265
            ],
            [
              -76.79235499985361,
              39.04599500030569
            ],
            [
              -76.747732000192,
              39.033646999651744
            ],
            [
              -76.74037900033395,
              39.012867999882594
            ],
            [
              -76.69816600001826,
              38.983494999834406
            ],
            [
              -76.7037449996667,
              38.97152499985334
            ],
            [
              -76.69216200022238,
              38.93627600016635
            ],
            [
              -76.68142499997667,
              38.93126500004397
            ],
            [
              -76.69059200022728,
              38.923455999686915
            ],
            [
              -76.66951500029421,
              38.90442599990805
            ],
            [
              -76.69827300014838,
              38.84302999979929
            ],
            [
              -76.69696500009408,
              38.8187839999346
            ],
            [
              -76.7120669996453,
              38.81400200031172
            ],
            [
              -76.70202499988378,
              38.78874700012296
            ],
            [
              -76.71401699958199,
              38.77689599982544
            ],
            [
              -76.70094699998324,
              38.76874700027188
            ],
            [
              -76.69437699957463,
              38.748883000216715
            ],
            [
              -76.64672699990072,
              38.768947000080765
            ],
            [
              -76.6230790000649,
              38.767278000209785
            ],
            [
              -76.62293699977471,
              38.72659099972362
            ],
            [
              -76.61537999970216,
              38.720629999665135
            ],
            [
              -76.46363599980039,
              38.711099000170385
            ],
            [
              -76.41697799981326,
              38.908813000033945
            ],
            [
              -76.35755300017608,
              39.03147899990132
            ],
            [
              -76.35647100007762,
              39.03452999991195
            ]
          ]
        ]
      }
    },
    {
      "type": "Feature",
      "id": "us-county:24:005",
      "properties": {
        "boundary_id": "us-county:24:005",
        "boundary_type": "county",
        "name": "Baltimore County",
        "stateFips": "24",
        "countyFips": "005",
        "bbox": [
          -76.89559600031185,
          39.15662300005969,
          -76.28768900021902,
          39.721172000149046
        ]
      },
      "geometry": {
        "type": "Polygon",
        "coordinates": [
          [
            [
              -76.69765800003015,
              39.72108799976693
            ],
            [
              -76.78709599987232,
              39.72079999995034
            ],
            [
              -76.8669659996059,
              39.484912000329196
            ],
            [
              -76.8885720003418,
              39.46852300025548
            ],
            [
              -76.88570000014019,
              39.45640200012322
            ],
            [
              -76.8930999998539,
              39.45740199992654
            ],
            [
              -76.87639899999527,
              39.450802000038145
            ],
            [
              -76.89180000019553,
              39.44540199972021
            ],
            [
              -76.89559600031185,
              39.429282000304795
            ],
            [
              -76.87452900042452,
              39.41910299994708
            ],
            [
              -76.88551699984208,
              39.3976210000441
            ],
            [
              -76.87336399958706,
              39.38878199968942
            ],
            [
              -76.89146700010961,
              39.38126299972203
            ],
            [
              -76.87337799983077,
              39.357150000102955
            ],
            [
              -76.88227399991973,
              39.35018500022348
            ],
            [
              -76.87836300017568,
              39.33628799971359
            ],
            [
              -76.85092400024644,
              39.31586200018256
            ],
            [
              -76.79347399976201,
              39.31358800023671
            ],
            [
              -76.79580000034065,
              39.30373399979943
            ],
            [
              -76.77845400022657,
              39.295304000070715
            ],
            [
              -76.79438799963098,
              39.26640400009885
            ],
            [
              -76.6991269997429,
              39.212986999954154
            ],
            [
              -76.66364299984447,
              39.23084100010824
            ],
            [
              -76.63152700044023,
              39.22386099983494
            ],
            [
              -76.61861199975387,
              39.23739799991948
            ],
            [
              -76.71105400004211,
              39.277889000333495
            ],
            [
              -76.7113129996099,
              39.371932999732365
            ],
            [
              -76.52979300022788,
              39.3720579997791
            ],
            [
              -76.52948600008122,
              39.21840799973261
            ],
            [
              -76.51448400008913,
              39.20240599968229
            ],
            [
              -76.3494789998946,
              39.15662300005969
            ],
            [
              -76.3323589997363,
              39.204357000336564
            ],
            [
              -76.28768900021902,
              39.254104000241114
            ],
            [
              -76.34427900036283,
              39.282506999991455
            ],
            [
              -76.30657900038895,
              39.31010699965403
            ],
            [
              -76.33007999991165,
              39.35620699996677
            ],
            [
              -76.32368000028065,
              39.374407000300124
            ],
            [
              -76.37194099987485,
              39.40510200016915
            ],
            [
              -76.38659300006256,
              39.459637999726496
            ],
            [
              -76.43307399959937,
              39.48804800021738
            ],
            [
              -76.42933899958241,
              39.50429900010954
            ],
            [
              -76.51038699967393,
              39.52438800024729
            ],
            [
              -76.53217400015981,
              39.54397700017899
            ],
            [
              -76.53201000012827,
              39.561466000162866
            ],
            [
              -76.56518900026275,
              39.614503999726146
            ],
            [
              -76.56943200026782,
              39.721172000149046
            ],
            [
              -76.69750499986925,
              39.721090000073374
            ],
            [
              -76.69765800003015,
              39.72108799976693
            ]
          ]
        ]
      }
    },
    {
      "type": "Feature",
      "id": "us-county:24:009",
      "properties": {
        "boundary_id": "us-county:24:009",
        "boundary_type": "county",
        "name": "Calvert County",
        "stateFips": "24",
        "countyFips": "009",
        "bbox": [
          -76.70195999958644,
          38.30664100031205,
          -76.32190799972088,
          38.76928100002437
        ]
      },
      "geometry": {
        "type": "Polygon",
        "coordinates": [
          [
            [
              -76.70195999958644,
              38.71086400028584
            ],
            [
              -76.69743100024941,
              38.687796999887894
            ],
            [
              -76.68698199988378,
              38.680633999794864
            ],
            [
              -76.70100300005976,
              38.66836200017736
            ],
            [
              -76.6833289998826,
              38.6611779999548
            ],
            [
              -76.69285299961028,
              38.63643700033365
            ],
            [
              -76.67233399989404,
              38.617532999977655
            ],
            [
              -76.6807019999034,
              38.58049900018956
            ],
            [
              -76.67569900001513,
              38.536510999678654
            ],
            [
              -76.66251399989035,
              38.52549000000969
            ],
            [
              -76.67443500034179,
              38.500121000032166
            ],
            [
              -76.65214200041594,
              38.473752999667575
            ],
            [
              -76.65387200024462,
              38.46335899980851
            ],
            [
              -76.60837300034882,
              38.424444999977226
            ],
            [
              -76.5656150002351,
              38.40705100021846
            ],
            [
              -76.55838799987545,
              38.39586099989105
            ],
            [
              -76.53407499969269,
              38.39776599989564
            ],
            [
              -76.50147499969145,
              38.37249700021351
            ],
            [
              -76.48408500009474,
              38.34807000001011
            ],
            [
              -76.48921100000665,
              38.32737500021989
            ],
            [
              -76.4717119997317,
              38.32486699991473
            ],
            [
              -76.45830599967398,
              38.30664100031205
            ],
            [
              -76.37884699984413,
              38.3273659996566
            ],
            [
              -76.32190799972088,
              38.32728400018885
            ],
            [
              -76.33633099957973,
              38.387965999696725
            ],
            [
              -76.42630400007252,
              38.50806400016107
            ],
            [
              -76.46363599980039,
              38.711099000170385
            ],
            [
              -76.61564500001602,
              38.72070400031484
            ],
            [
              -76.62293699977471,
              38.72659099972362
            ],
            [
              -76.6230790000649,
              38.767278000209785
            ],
            [
              -76.64274900020952,
              38.76928100002437
            ],
            [
              -76.68521500024521,
              38.75608700032009
            ],
            [
              -76.68401799962068,
              38.73834799991932
            ],
            [
              -76.69499599989082,
              38.735074999674936
            ],
            [
              -76.70120800009916,
              38.71275500013246
            ],
            [
              -76.70195999958644,
              38.71086400028584
            ]
          ]
        ]
      }
    },
    {
      "type": "Feature",
      "id": "us-county:24:011",
      "properties": {
        "boundary_id": "us-county:24:011",
        "boundary_type": "county",
        "name": "Caroline County",
        "stateFips": "24",
        "countyFips": "011",
        "bbox": [
          -76.01442700015751,
          38.63539599982783,
          -75.70744700001126,
          39.143337999748326
        ]
      },
      "geometry": {
        "type": "Polygon",
        "coordinates": [
          [
            [
              -75.85265099964163,
              39.0680539999374
            ],
            [
              -75.87844799960574,
              39.047224999987904
            ],
            [
              -75.89064500024172,
              39.01843000018677
            ],
            [
              -75.90486999973386,
              39.01627600034545
            ],
            [
              -75.9407570000384,
              38.976834000153254
            ],
            [
              -75.93810999996771,
              38.959124000221486
            ],
            [
              -75.9533739999006,
              38.93824599968371
            ],
            [
              -75.94349199997265,
              38.91528900007495
            ],
            [
              -75.94864600037195,
              38.891718999706406
            ],
            [
              -75.94039899983811,
              38.88507000017451
            ],
            [
              -75.95127099980303,
              38.87972199976258
            ],
            [
              -75.93785800007262,
              38.88012600034077
            ],
            [
              -75.94307699987095,
              38.87049400002088
            ],
            [
              -75.92433099964109,
              38.860389000231606
            ],
            [
              -75.93033399961205,
              38.85020400015769
            ],
            [
              -75.9189749995754,
              38.84608400024893
            ],
            [
              -75.92777100010525,
              38.83889299993107
            ],
            [
              -75.90126699996136,
              38.82473700010277
            ],
            [
              -75.90645499979757,
              38.81970499971241
            ],
            [
              -75.89631599995165,
              38.812453999650124
            ],
            [
              -75.94945499976065,
              38.77841899971189
            ],
            [
              -75.96760500013885,
              38.779028999683206
            ],
            [
              -75.99894700031454,
              38.755595999670696
            ],
            [
              -75.99537600032912,
              38.736678999870584
            ],
            [
              -76.00997900011303,
              38.736033999881016
            ],
            [
              -76.01442700015751,
              38.726462999834304
            ],
            [
              -75.99324700029227,
              38.707976999992134
            ],
            [
              -75.99304899992556,
              38.69672300011988
            ],
            [
              -75.97679099975772,
              38.69783699981663
            ],
            [
              -75.9703969999745,
              38.683119999725285
            ],
            [
              -75.94524799974059,
              38.67410900023463
            ],
            [
              -75.91691500003384,
              38.68026300018599
            ],
            [
              -75.89682499976469,
              38.70139400032505
            ],
            [
              -75.87834899987155,
              38.693530999778226
            ],
            [
              -75.84105599960343,
              38.70415799990585
            ],
            [
              -75.80310799993242,
              38.69789100014144
            ],
            [
              -75.79840799999288,
              38.67633800002116
            ],
            [
              -75.7732050002306,
              38.67639499992098
            ],
            [
              -75.76272200042808,
              38.68621999991164
            ],
            [
              -75.70744700001126,
              38.63539599982783
            ],
            [
              -75.74776100044389,
              39.143337999748326
            ],
            [
              -75.79107900042428,
              39.13282799974506
            ],
            [
              -75.83494800005049,
              39.108436999841025
            ],
            [
              -75.85262300005253,
              39.06808199976457
            ],
            [
              -75.85265099964163,
              39.0680539999374
            ]
          ]
        ]
      }
    },
    {
      "type": "Feature",
      "id": "us-county:24:013",
      "properties": {
        "boundary_id": "us-county:24:013",
        "boundary_type": "county",
        "name": "Carroll County",
        "stateFips": "24",
        "countyFips": "013",
        "bbox": [
          -77.31156200024614,
          39.348630999887355,
          -76.78709599987232,
          39.72079999995034
        ]
      },
      "geometry": {
        "type": "Polygon",
        "coordinates": [
          [
            [
              -77.31156200024614,
              39.63874899987551
            ],
            [
              -77.29951899959597,
              39.623859999899246
            ],
            [
              -77.3073769999674,
              39.61896499977299
            ],
            [
              -77.29042199966555,
              39.60443699972377
            ],
            [
              -77.27130499971493,
              39.606163000300725
            ],
            [
              -77.2605940003068,
              39.593960000340445
            ],
            [
              -77.25467900019937,
              39.60327699983998
            ],
            [
              -77.22071300041753,
              39.57562400033662
            ],
            [
              -77.19993299968705,
              39.5784730000901
            ],
            [
              -77.16944500000422,
              39.55411800022596
            ],
            [
              -77.17058300017918,
              39.53439600019687
            ],
            [
              -77.15233999991455,
              39.53249800004337
            ],
            [
              -77.15002699975469,
              39.52198800029156
            ],
            [
              -77.10739400021274,
              39.49419500002241
            ],
            [
              -77.11768600021952,
              39.478618999682936
            ],
            [
              -77.11602199961479,
              39.45984499998776
            ],
            [
              -77.14803699963502,
              39.417755000113644
            ],
            [
              -77.1692609998812,
              39.354618000206855
            ],
            [
              -77.15177000000214,
              39.348630999887355
            ],
            [
              -77.10101299995,
              39.3693339998598
            ],
            [
              -77.02541200016077,
              39.350587999719146
            ],
            [
              -76.96977600006892,
              39.36402800024584
            ],
            [
              -76.88044299980872,
              39.34963700023299
            ],
            [
              -76.87337799983077,
              39.357150000102955
            ],
            [
              -76.89146700010961,
              39.38126299972203
            ],
            [
              -76.87336399958706,
              39.38878199968942
            ],
            [
              -76.88551699984208,
              39.3976210000441
            ],
            [
              -76.87452900042452,
              39.41910299994708
            ],
            [
              -76.89559600031185,
              39.429282000304795
            ],
            [
              -76.89180000019553,
              39.44540199972021
            ],
            [
              -76.87639899999527,
              39.450802000038145
            ],
            [
              -76.8920000002121,
              39.46180199970432
            ],
            [
              -76.8669659996059,
              39.484912000329196
            ],
            [
              -76.78709599987232,
              39.72079999995034
            ],
            [
              -77.21702400043134,
              39.71986100019117
            ],
            [
              -77.22676599971889,
              39.70730599986143
            ],
            [
              -77.21626100017508,
              39.69741299995112
            ],
            [
              -77.2432680002842,
              39.69473100000752
            ],
            [
              -77.2345379998766,
              39.67743399996019
            ],
            [
              -77.26624300027544,
              39.662268999901755
            ],
            [
              -77.27597299986743,
              39.63192799995826
            ],
            [
              -77.31153600030689,
              39.638996999890686
            ],
            [
              -77.31156200024614,
              39.63874899987551
            ]
          ]
        ]
      }
    },
    {
      "type": "Feature",
      "id": "us-county:24:015",
      "properties": {
        "boundary_id": "us-county:24:015",
        "boundary_type": "county",
        "name": "Cecil County",
        "stateFips": "24",
        "countyFips": "015",
        "bbox": [
          -76.23327900016568,
          39.36079699992627,
          -75.76662399995132,
          39.72219899970666
        ]
      },
      "geometry": {
        "type": "Polygon",
        "coordinates": [
          [
            [
              -75.7720929999949,
              39.44558299995487
            ],
            [
              -75.7885960003851,
              39.72219899970666
            ],
            [
              -76.23327900016568,
              39.72136700014812
            ],
            [
              -76.21267599988553,
              39.68640499990779
            ],
            [
              -76.1617649998476,
              39.649620999839
            ],
            [
              -76.14747400023322,
              39.61940699968208
            ],
            [
              -76.08597200043775,
              39.559011000135584
            ],
            [
              -76.0441299998428,
              39.49944800017061
            ],
            [
              -76.03581500043522,
              39.46745500023761
            ],
            [
              -76.04020300020524,
              39.4445640001987
            ],
            [
              -76.07992500008585,
              39.405506000164976
            ],
            [
              -76.05586999964596,
              39.38410500000114
            ],
            [
              -75.99312500009354,
              39.375666999935575
            ],
            [
              -75.98110900010586,
              39.36656899997552
            ],
            [
              -75.9569700000004,
              39.37460300017838
            ],
            [
              -75.8858640001113,
              39.36079699992627
            ],
            [
              -75.81882899979982,
              39.382299000311946
            ],
            [
              -75.76662399995132,
              39.377537000218766
            ],
            [
              -75.7720729999034,
              39.44533300018526
            ],
            [
              -75.7720929999949,
              39.44558299995487
            ]
          ]
        ]
      }
    },
    {
      "type": "Feature",
      "id": "us-county:24:017",
      "properties": {
        "boundary_id": "us-county:24:017",
        "boundary_type": "county",
        "name": "Charles County",
        "stateFips": "24",
        "countyFips": "017",
        "bbox": [
          -77.32291000041214,
          38.17132799972032,
          -76.66251399989035,
          38.70622700013605
        ]
      },
      "geometry": {
        "type": "Polygon",
        "coordinates": [
          [
            [
              -76.77463899984367,
              38.5089940000239
            ],
            [
              -76.71383500000712,
              38.51048199984543
            ],
            [
              -76.68459799957883,
              38.49500900028195
            ],
            [
              -76.66251399989035,
              38.52549000000969
            ],
            [
              -76.74064399974951,
              38.558780999988045
            ],
            [
              -76.74849500044824,
              38.61819700018914
            ],
            [
              -76.86295500030272,
              38.6586489998941
            ],
            [
              -77.00193400020429,
              38.654768000017896
            ],
            [
              -77.02008899970706,
              38.647595999917016
            ],
            [
              -77.04780999966859,
              38.61617100034838
            ],
            [
              -77.08639099989949,
              38.70622700013605
            ],
            [
              -77.13243899979128,
              38.674142999824205
            ],
            [
              -77.12968200011572,
              38.634703999859774
            ],
            [
              -77.20369600019141,
              38.61817200014346
            ],
            [
              -77.24636200024364,
              38.59344100015755
            ],
            [
              -77.25645400023389,
              38.56058699979966
            ],
            [
              -77.27403299997648,
              38.55015200024178
            ],
            [
              -77.28530900017245,
              38.51969499973143
            ],
            [
              -77.31055799996548,
              38.49399300031637
            ],
            [
              -77.32291000041214,
              38.432624999927455
            ],
            [
              -77.30493800030916,
              38.37527100022615
            ],
            [
              -77.28379600007875,
              38.342855000262475
            ],
            [
              -77.26529500007126,
              38.333163999740115
            ],
            [
              -77.16321899955217,
              38.34582299982208
            ],
            [
              -77.13773399975759,
              38.368022999984014
            ],
            [
              -77.08667799995469,
              38.36792799978596
            ],
            [
              -77.04150499957385,
              38.400691999771816
            ],
            [
              -77.01146399977974,
              38.37442499965466
            ],
            [
              -77.01452699977706,
              38.332633999875824
            ],
            [
              -77.0281310002015,
              38.305316999818544
            ],
            [
              -76.96208599992697,
              38.25696400011916
            ],
            [
              -76.96225099978344,
              38.229888000156826
            ],
            [
              -76.9490199996279,
              38.20841799971564
            ],
            [
              -76.86888399975554,
              38.17132799972032
            ],
            [
              -76.82095100022441,
              38.27134200032307
            ],
            [
              -76.85289000007667,
              38.33259800022845
            ],
            [
              -76.84792499982323,
              38.36223000030365
            ],
            [
              -76.87422999977547,
              38.38372499969177
            ],
            [
              -76.82269500029678,
              38.42837800001457
            ],
            [
              -76.77492400024903,
              38.508919999972775
            ],
            [
              -76.77463899984367,
              38.5089940000239
            ]
          ]
        ]
      }
    },
    {
      "type": "Feature",
      "id": "us-county:24:019",
      "properties": {
        "boundary_id": "us-county:24:019",
        "boundary_type": "county",
        "name": "Dorchester County",
        "stateFips": "24",
        "countyFips": "019",
        "bbox": [
          -76.43881399980461,
          38.05841000009158,
          -75.70156899971376,
          38.70415799990585
        ]
      },
      "geometry": {
        "type": "Polygon",
        "coordinates": [
          [
            [
              -75.91300299956659,
              38.31841600016968
            ],
            [
              -75.85767299979646,
              38.35701099985108
            ],
            [
              -75.86731100022527,
              38.37511800011379
            ],
            [
              -75.86085100031981,
              38.38357700012076
            ],
            [
              -75.83828200020945,
              38.38587800015116
            ],
            [
              -75.8509519997751,
              38.40453599964951
            ],
            [
              -75.84557300014322,
              38.42186799983214
            ],
            [
              -75.82128699972465,
              38.430135000072895
            ],
            [
              -75.83674300017648,
              38.44808799984906
            ],
            [
              -75.81490100033734,
              38.46645900018348
            ],
            [
              -75.82370600018972,
              38.48102199972844
            ],
            [
              -75.76499399968175,
              38.50647900022984
            ],
            [
              -75.74651500031389,
              38.53678499992494
            ],
            [
              -75.72721199969209,
              38.53975300003677
            ],
            [
              -75.70156899971376,
              38.56073599990866
            ],
            [
              -75.70744700001126,
              38.63539599982783
            ],
            [
              -75.76272200042808,
              38.68621999991164
            ],
            [
              -75.7732050002306,
              38.67639499992098
            ],
            [
              -75.79840799999288,
              38.67633800002116
            ],
            [
              -75.80310799993242,
              38.69789100014144
            ],
            [
              -75.84105599960343,
              38.70415799990585
            ],
            [
              -75.87834899987155,
              38.693530999778226
            ],
            [
              -75.89708900025364,
              38.7013220001379
            ],
            [
              -75.91691500003384,
              38.68026300018599
            ],
            [
              -75.94900100019919,
              38.671804000243036
            ],
            [
              -75.95792300022744,
              38.648036000318875
            ],
            [
              -75.98351199977908,
              38.62511400026742
            ],
            [
              -75.99112699957794,
              38.592483000099826
            ],
            [
              -76.02771699986427,
              38.57243300015139
            ],
            [
              -76.0519859996661,
              38.57882999968562
            ],
            [
              -76.08203099965816,
              38.60394199985588
            ],
            [
              -76.12107800004439,
              38.60171100014437
            ],
            [
              -76.13835100036353,
              38.62756699999535
            ],
            [
              -76.1906730003879,
              38.64718199984932
            ],
            [
              -76.22241899989633,
              38.64703300021235
            ],
            [
              -76.24014999997489,
              38.66320399965609
            ],
            [
              -76.30833400033197,
              38.65135899992948
            ],
            [
              -76.32818600005145,
              38.63324299982559
            ],
            [
              -76.33296899983169,
              38.61526400000926
            ],
            [
              -76.38263700011268,
              38.57682400027668
            ],
            [
              -76.43881399980461,
              38.57533600014831
            ],
            [
              -76.42630400007252,
              38.50806400016107
            ],
            [
              -76.33633099957973,
              38.387965999696725
            ],
            [
              -76.31541400037854,
              38.29979699983864
            ],
            [
              -76.20195700008148,
              38.078712000225835
            ],
            [
              -76.20471899977991,
              38.05841000009158
            ],
            [
              -76.07857500019877,
              38.0609199998902
            ],
            [
              -76.03161599991276,
              38.14754800012611
            ],
            [
              -75.99384999981663,
              38.16238700025375
            ],
            [
              -75.97479200031555,
              38.20229300030134
            ],
            [
              -75.92484299982715,
              38.23294399973588
            ],
            [
              -75.92941999974306,
              38.29143399992737
            ],
            [
              -75.91540699996303,
              38.316730999777704
            ],
            [
              -75.91300299956659,
              38.31841600016968
            ]
          ]
        ]
      }
    },
    {
      "type": "Feature",
      "id": "us-county:24:021",
      "properties": {
        "boundary_id": "us-county:24:021",
        "boundary_type": "county",
        "name": "Frederick County",
        "stateFips": "24",
        "countyFips": "021",
        "bbox": [
          -77.67716399959036,
          39.22026999988172,
          -77.10739400021274,
          39.72001800025958
        ]
      },
      "geometry": {
        "type": "Polygon",
        "coordinates": [
          [
            [
              -77.19780700002326,
              39.34038100025275
            ],
            [
              -77.16808000004852,
              39.35395700015418
            ],
            [
              -77.14803699963502,
              39.417755000113644
            ],
            [
              -77.11602199961479,
              39.45984499998776
            ],
            [
              -77.11768600021952,
              39.478618999682936
            ],
            [
              -77.10739400021274,
              39.49419500002241
            ],
            [
              -77.15002699975469,
              39.52198800029156
            ],
            [
              -77.15233999991455,
              39.53249800004337
            ],
            [
              -77.17058300017918,
              39.53439600019687
            ],
            [
              -77.16944500000422,
              39.55411800022596
            ],
            [
              -77.19993299968705,
              39.5784730000901
            ],
            [
              -77.22071300041753,
              39.57562400033662
            ],
            [
              -77.25467900019937,
              39.60327699983998
            ],
            [
              -77.2605940003068,
              39.593960000340445
            ],
            [
              -77.27130499971493,
              39.606163000300725
            ],
            [
              -77.29042199966555,
              39.60443699972377
            ],
            [
              -77.3073769999674,
              39.61896499977299
            ],
            [
              -77.29951899959597,
              39.623859999899246
            ],
            [
              -77.31156200024614,
              39.63874899987551
            ],
            [
              -77.27597299986743,
              39.63192799995826
            ],
            [
              -77.26624300027544,
              39.662268999901755
            ],
            [
              -77.2345379998766,
              39.67743399996019
            ],
            [
              -77.2432680002842,
              39.69473100000752
            ],
            [
              -77.21626100017508,
              39.69741299995112
            ],
            [
              -77.22676599971889,
              39.70730599986143
            ],
            [
              -77.21521300041181,
              39.718676999672915
            ],
            [
              -77.46914500008737,
              39.72001800025958
            ],
            [
              -77.50835999980477,
              39.684072000225655
            ],
            [
              -77.492874000114,
              39.676424999752676
            ],
            [
              -77.52000400024676,
              39.640815000083975
            ],
            [
              -77.5750269998702,
              39.61126999969339
            ],
            [
              -77.59706799990097,
              39.54197500004349
            ],
            [
              -77.62248900012146,
              39.50816300010072
            ],
            [
              -77.61598099963712,
              39.46876800002854
            ],
            [
              -77.63468900023216,
              39.44554900009995
            ],
            [
              -77.64041099999572,
              39.40253800006769
            ],
            [
              -77.67716399959036,
              39.32453400014049
            ],
            [
              -77.61591000039031,
              39.30254799983351
            ],
            [
              -77.56659799976147,
              39.30604699979983
            ],
            [
              -77.54308600036812,
              39.266915999716296
            ],
            [
              -77.48664600001214,
              39.24728100001269
            ],
            [
              -77.45880799987472,
              39.22026999988172
            ],
            [
              -77.19835799966908,
              39.340152000118806
            ],
            [
              -77.19780700002326,
              39.34038100025275
            ]
          ]
        ]
      }
    },
    {
      "type": "Feature",
      "id": "us-county:24:023",
      "properties": {
        "boundary_id": "us-county:24:023",
        "boundary_type": "county",
        "name": "Garrett County",
        "stateFips": "24",
        "countyFips": "023",
        "bbox": [
          -79.48687499956353,
          39.20213799968732,
          -78.92841599964366,
          39.72278299991831
        ]
      },
      "geometry": {
        "type": "Polygon",
        "coordinates": [
          [
            [
              -78.98914599986038,
              39.61658100016712
            ],
            [
              -78.92841599964366,
              39.72278299991831
            ],
            [
              -79.47666200009778,
              39.72107800030686
            ],
            [
              -79.48687499956353,
              39.20589600010885
            ],
            [
              -79.47294899982214,
              39.20213799968732
            ],
            [
              -79.42571300042502,
              39.22531400027896
            ],
            [
              -79.3873380000584,
              39.267820000145136
            ],
            [
              -79.34491499968044,
              39.28496900030365
            ],
            [
              -79.3460110000226,
              39.29395999973075
            ],
            [
              -79.31394400012383,
              39.304706000031686
            ],
            [
              -79.29039500002223,
              39.299452000328316
            ],
            [
              -79.28213199959487,
              39.323273000335035
            ],
            [
              -79.25384999994176,
              39.337143999743866
            ],
            [
              -79.25630799986655,
              39.357227000321664
            ],
            [
              -79.21428000039711,
              39.36348200001514
            ],
            [
              -79.19769099979317,
              39.38837299986582
            ],
            [
              -79.17695899964158,
              39.389027999946336
            ],
            [
              -79.17918399993789,
              39.396494999897826
            ],
            [
              -79.16212999990186,
              39.3882389999811
            ],
            [
              -79.15946600011272,
              39.417036000182364
            ],
            [
              -79.1437510000931,
              39.405202000179884
            ],
            [
              -79.1418429999892,
              39.417097999727346
            ],
            [
              -79.12744199987165,
              39.41817700005865
            ],
            [
              -79.12904700002686,
              39.42954200006776
            ],
            [
              -79.11082100037898,
              39.43185400011195
            ],
            [
              -79.11686000033494,
              39.438857999958486
            ],
            [
              -79.10281599969446,
              39.450482000043586
            ],
            [
              -79.10787899985716,
              39.4612209997106
            ],
            [
              -79.09454200029475,
              39.46484900005493
            ],
            [
              -79.10437999984178,
              39.47524599982058
            ],
            [
              -79.06825900008381,
              39.474877999778855
            ],
            [
              -78.9908930003058,
              39.61353899970374
            ],
            [
              -78.98914599986038,
              39.61658100016712
            ]
          ]
        ]
      }
    },
    {
      "type": "Feature",
      "id": "us-county:24:025",
      "properties": {
        "boundary_id": "us-county:24:025",
        "boundary_type": "county",
        "name": "Harford County",
        "stateFips": "24",
        "countyFips": "025",
        "bbox": [
          -76.56944899998626,
          39.254104000241114,
          -76.03782399992315,
          39.72136700014812
        ]
      },
      "geometry": {
        "type": "Polygon",
        "coordinates": [
          [
            [
              -76.03862900001216,
              39.48385700003266
            ],
            [
              -76.08597200043775,
              39.559011000135584
            ],
            [
              -76.14747400023322,
              39.61940699968208
            ],
            [
              -76.1617649998476,
              39.649620999839
            ],
            [
              -76.21267599988553,
              39.68640499990779
            ],
            [
              -76.23327900016568,
              39.72136700014812
            ],
            [
              -76.56944899998626,
              39.72117799967888
            ],
            [
              -76.56518900026275,
              39.614503999726146
            ],
            [
              -76.53201000012827,
              39.561466000162866
            ],
            [
              -76.53217400015981,
              39.54397700017899
            ],
            [
              -76.51038699967393,
              39.52438800024729
            ],
            [
              -76.43221400015706,
              39.50661600032709
            ],
            [
              -76.43307399959937,
              39.48804800021738
            ],
            [
              -76.38661200032912,
              39.4596660003071
            ],
            [
              -76.37194099987485,
              39.40510200016915
            ],
            [
              -76.3205789997502,
              39.36880700010944
            ],
            [
              -76.33007999991165,
              39.35620699996677
            ],
            [
              -76.30657900038895,
              39.31010699965403
            ],
            [
              -76.34427900036283,
              39.282506999991455
            ],
            [
              -76.28768900021902,
              39.254104000241114
            ],
            [
              -76.14121199979617,
              39.38041299985318
            ],
            [
              -76.0534300001628,
              39.423455999757195
            ],
            [
              -76.03782399992315,
              39.451911000116525
            ],
            [
              -76.03824300022279,
              39.48246000023388
            ],
            [
              -76.03862900001216,
              39.48385700003266
            ]
          ]
        ]
      }
    },
    {
      "type": "Feature",
      "id": "us-county:24:027",
      "properties": {
        "boundary_id": "us-county:24:027",
        "boundary_type": "county",
        "name": "Howard County",
        "stateFips": "24",
        "countyFips": "027",
        "bbox": [
          -77.18711300033358,
          39.10314200011771,
          -76.69673800031339,
          39.36932300025219
        ]
      },
      "geometry": {
        "type": "Polygon",
        "coordinates": [
          [
            [
              -76.76457500034084,
              39.24907799989849
            ],
            [
              -76.79449499976111,
              39.266614999799344
            ],
            [
              -76.77845400022657,
              39.295304000070715
            ],
            [
              -76.79580000034065,
              39.30373399979943
            ],
            [
              -76.79347399976201,
              39.31358800023671
            ],
            [
              -76.85116799974558,
              39.315935000328345
            ],
            [
              -76.88902900027628,
              39.353804999869354
            ],
            [
              -76.90957700030484,
              39.34846300016543
            ],
            [
              -76.9698249995744,
              39.36402800024584
            ],
            [
              -77.02541200016077,
              39.350587999719146
            ],
            [
              -77.10136000027964,
              39.36932300025219
            ],
            [
              -77.15177000000214,
              39.348630999887355
            ],
            [
              -77.16755100014402,
              39.35439399999947
            ],
            [
              -77.18711300033358,
              39.34059500000322
            ],
            [
              -77.17034700017763,
              39.31310900015879
            ],
            [
              -77.140058999613,
              39.29209500002215
            ],
            [
              -77.1336509995861,
              39.270542000119455
            ],
            [
              -77.07145599985458,
              39.25500799965965
            ],
            [
              -77.00942000013171,
              39.20673200004773
            ],
            [
              -77.00841800039917,
              39.18156999972718
            ],
            [
              -76.9988579997882,
              39.17772500001535
            ],
            [
              -77.00461300006204,
              39.174522999729554
            ],
            [
              -76.97334200003145,
              39.16207499979347
            ],
            [
              -76.97542500003755,
              39.14958100017305
            ],
            [
              -76.95169400036107,
              39.14620700010201
            ],
            [
              -76.95851699959137,
              39.13402300000064
            ],
            [
              -76.94674900019913,
              39.12940700016245
            ],
            [
              -76.92821200020664,
              39.13825300001457
            ],
            [
              -76.90673100004251,
              39.125403000030204
            ],
            [
              -76.88565599975927,
              39.13129199995621
            ],
            [
              -76.87010899996913,
              39.11271199985394
            ],
            [
              -76.84036199990291,
              39.10314200011771
            ],
            [
              -76.82195399978184,
              39.11905300011737
            ],
            [
              -76.79005400028764,
              39.12580600009809
            ],
            [
              -76.76330599974631,
              39.16663700024538
            ],
            [
              -76.72209800043449,
              39.18291299988354
            ],
            [
              -76.69673800031339,
              39.21259900002
            ],
            [
              -76.76479700009868,
              39.248836000273634
            ],
            [
              -76.76457500034084,
              39.24907799989849
            ]
          ]
        ]
      }
    },
    {
      "type": "Feature",
      "id": "us-county:24:029",
      "properties": {
        "boundary_id": "us-county:24:029",
        "boundary_type": "county",
        "name": "Kent County",
        "stateFips": "24",
        "countyFips": "029",
        "bbox": [
          -76.3545839998901,
          38.99401900030752,
          -75.75600399988146,
          39.405506000164976
        ]
      },
      "geometry": {
        "type": "Polygon",
        "coordinates": [
          [
            [
              -76.16998200024422,
              39.083872999913524
            ],
            [
              -76.07408100012354,
              39.13480400009383
            ],
            [
              -76.08099299994062,
              39.149158000253706
            ],
            [
              -76.03950500024632,
              39.171493000113685
            ],
            [
              -76.06789400002955,
              39.194763000081885
            ],
            [
              -76.00943699978973,
              39.24009699976321
            ],
            [
              -75.97039000030182,
              39.24635599982313
            ],
            [
              -75.94071100000764,
              39.23849399990047
            ],
            [
              -75.89183000027234,
              39.25406299970034
            ],
            [
              -75.87428300031681,
              39.24972899979513
            ],
            [
              -75.85570600014134,
              39.26182000008124
            ],
            [
              -75.8063430003572,
              39.241988999703025
            ],
            [
              -75.75600399988146,
              39.24606600019242
            ],
            [
              -75.76659399981409,
              39.3775629999543
            ],
            [
              -75.81882899979982,
              39.382299000311946
            ],
            [
              -75.8858640001113,
              39.36079699992627
            ],
            [
              -75.9569700000004,
              39.37460300017838
            ],
            [
              -75.98110900010586,
              39.36656899997552
            ],
            [
              -75.9950940002968,
              39.37610599992174
            ],
            [
              -76.0485150001381,
              39.38045099971381
            ],
            [
              -76.07992500008585,
              39.405506000164976
            ],
            [
              -76.14121199979617,
              39.38041299985318
            ],
            [
              -76.3211129996776,
              39.21983699985364
            ],
            [
              -76.33985100040985,
              39.1880980003311
            ],
            [
              -76.3545839998901,
              39.12843699990476
            ],
            [
              -76.35173000013017,
              39.05623199975767
            ],
            [
              -76.27445999971333,
              39.07658799979576
            ],
            [
              -76.26022900037339,
              39.01181599965278
            ],
            [
              -76.22062700014338,
              38.99401900030752
            ],
            [
              -76.18192999956152,
              39.0040959998689
            ],
            [
              -76.20081999973144,
              39.04056100025625
            ],
            [
              -76.17202699971716,
              39.08216400000167
            ],
            [
              -76.16998200024422,
              39.083872999913524
            ]
          ]
        ]
      }
    },
    {
      "type": "Feature",
      "id": "us-county:24:031",
      "properties": {
        "boundary_id": "us-county:24:031",
        "boundary_type": "county",
        "name": "Montgomery County",
        "stateFips": "24",
        "countyFips": "031",
        "bbox": [
          -77.52742999989972,
          38.934343000278616,
          -76.88850500039464,
          39.352615999839685
        ]
      },
      "geometry": {
        "type": "Polygon",
        "coordinates": [
          [
            [
              -77.1446690000392,
              39.29470700014826
            ],
            [
              -77.18680399963877,
              39.338203000162004
            ],
            [
              -77.17136099960572,
              39.352615999839685
            ],
            [
              -77.45880799987472,
              39.22026999988172
            ],
            [
              -77.47380499984394,
              39.20835000025175
            ],
            [
              -77.47867200018808,
              39.18967100033515
            ],
            [
              -77.51364399990041,
              39.1752219997378
            ],
            [
              -77.52742999989972,
              39.14671099968112
            ],
            [
              -77.52466400000336,
              39.127719999945
            ],
            [
              -77.48357100031927,
              39.10787700015496
            ],
            [
              -77.45771800027866,
              39.07366300015445
            ],
            [
              -77.3371369995541,
              39.062264999755264
            ],
            [
              -77.25463200034373,
              39.02969000028812
            ],
            [
              -77.24493899966333,
              39.02151599972633
            ],
            [
              -77.2557649995975,
              39.001883000261635
            ],
            [
              -77.24502999989993,
              38.98268400010231
            ],
            [
              -77.20069199974535,
              38.96726099987188
            ],
            [
              -77.14730299969109,
              38.96448599974185
            ],
            [
              -77.11975900017987,
              38.934343000278616
            ],
            [
              -77.04088199995799,
              38.99584500030949
            ],
            [
              -77.00243600034462,
              38.965673000288255
            ],
            [
              -76.98675099956391,
              38.977149000273634
            ],
            [
              -76.99109800022437,
              38.992405000133886
            ],
            [
              -76.90883400014008,
              39.103849999748405
            ],
            [
              -76.90729199973407,
              39.117907999979394
            ],
            [
              -76.88850500039464,
              39.13096700010715
            ],
            [
              -76.90673100004251,
              39.125403000030204
            ],
            [
              -76.92821200020664,
              39.13825300001457
            ],
            [
              -76.94674900019913,
              39.12940700016245
            ],
            [
              -76.95851699959137,
              39.13402300000064
            ],
            [
              -76.95074799980672,
              39.1453219998884
            ],
            [
              -76.97542500003755,
              39.14958100017305
            ],
            [
              -76.97334200003145,
              39.16207499979347
            ],
            [
              -77.00097500012947,
              39.169537000224366
            ],
            [
              -77.00942000013171,
              39.20673200004773
            ],
            [
              -77.04481199996863,
              39.23766600032061
            ],
            [
              -77.08210400041183,
              39.260032999741526
            ],
            [
              -77.13042299973235,
              39.268317000019145
            ],
            [
              -77.14457299977971,
              39.29457900026843
            ],
            [
              -77.1446690000392,
              39.29470700014826
            ]
          ]
        ]
      }
    },
    {
      "type": "Feature",
      "id": "us-county:24:033",
      "properties": {
        "boundary_id": "us-county:24:033",
        "boundary_type": "county",
        "name": "Prince George's County",
        "stateFips": "24",
        "countyFips": "033",
        "bbox": [
          -77.08639099989949,
          38.535876000283864,
          -76.66957200019561,
          39.131306999805815
        ]
      },
      "geometry": {
        "type": "Polygon",
        "coordinates": [
          [
            [
              -76.93192399975905,
              38.910521000098655
            ],
            [
              -76.90939300018182,
              38.89285200026212
            ],
            [
              -77.03936600038958,
              38.79158999988148
            ],
            [
              -77.04334400008078,
              38.71844000018867
            ],
            [
              -77.08639099989949,
              38.70622700013605
            ],
            [
              -77.04780999966859,
              38.61617100034838
            ],
            [
              -77.02008899970706,
              38.647595999917016
            ],
            [
              -77.00193400020429,
              38.654768000017896
            ],
            [
              -76.86295500030272,
              38.6586489998941
            ],
            [
              -76.74849500044824,
              38.61819700018914
            ],
            [
              -76.74064399974951,
              38.558780999988045
            ],
            [
              -76.6754570001658,
              38.535876000283864
            ],
            [
              -76.6807019999034,
              38.58049900018956
            ],
            [
              -76.67233399989404,
              38.617532999977655
            ],
            [
              -76.69285299961028,
              38.63643700033365
            ],
            [
              -76.68386600018304,
              38.66217100005794
            ],
            [
              -76.70100300005976,
              38.66836200017736
            ],
            [
              -76.68698199988378,
              38.680633999794864
            ],
            [
              -76.69743100024941,
              38.687796999887894
            ],
            [
              -76.70195999958644,
              38.71086400028584
            ],
            [
              -76.68458599988325,
              38.745857999962624
            ],
            [
              -76.69727300006568,
              38.75011500008968
            ],
            [
              -76.70094699998324,
              38.76874700027188
            ],
            [
              -76.71439999989664,
              38.7790869996729
            ],
            [
              -76.70202499988378,
              38.78874700012296
            ],
            [
              -76.7120669996453,
              38.81400200031172
            ],
            [
              -76.69696500009408,
              38.8187839999346
            ],
            [
              -76.69827300014838,
              38.84302999979929
            ],
            [
              -76.66957200019561,
              38.903684999940445
            ],
            [
              -76.69059200022728,
              38.923455999686915
            ],
            [
              -76.68142499997667,
              38.93126500004397
            ],
            [
              -76.69216200022238,
              38.93627600016635
            ],
            [
              -76.7037449996667,
              38.97152499985334
            ],
            [
              -76.6982680001255,
              38.98364700023742
            ],
            [
              -76.74037900033395,
              39.012867999882594
            ],
            [
              -76.747732000192,
              39.033646999651744
            ],
            [
              -76.79235499985361,
              39.04599500030569
            ],
            [
              -76.80422899955107,
              39.06263199995265
            ],
            [
              -76.83645799983157,
              39.06843700014727
            ],
            [
              -76.82783799992711,
              39.0946259997878
            ],
            [
              -76.87010899996913,
              39.11271199985394
            ],
            [
              -76.88825599997429,
              39.131306999805815
            ],
            [
              -76.90729199973407,
              39.117907999979394
            ],
            [
              -76.90883400014008,
              39.103849999748405
            ],
            [
              -76.99109800022437,
              38.992405000133886
            ],
            [
              -76.98675099956391,
              38.977149000273634
            ],
            [
              -77.00243600034462,
              38.965673000288255
            ],
            [
              -76.93200199957685,
              38.910582000064835
            ],
            [
              -76.93192399975905,
              38.910521000098655
            ]
          ]
        ]
      }
    },
    {
      "type": "Feature",
      "id": "us-county:24:035",
      "properties": {
        "boundary_id": "us-county:24:035",
        "boundary_type": "county",
        "name": "Queen Anne's County",
        "stateFips": "24",
        "countyFips": "035",
        "bbox": [
          -76.43658600003356,
          38.80739599995392,
          -75.74776100044389,
          39.26182000008124
        ]
      },
      "geometry": {
        "type": "Polygon",
        "coordinates": [
          [
            [
              -75.82008400015066,
              39.24620099966589
            ],
            [
              -75.85570600014134,
              39.26182000008124
            ],
            [
              -75.87428300031681,
              39.24972899979513
            ],
            [
              -75.89183000027234,
              39.25406299970034
            ],
            [
              -75.94071100000764,
              39.23849399990047
            ],
            [
              -75.98529799968425,
              39.24602100031017
            ],
            [
              -76.05529700025882,
              39.21121200019588
            ],
            [
              -76.06854199975974,
              39.190544000002326
            ],
            [
              -76.04466200012037,
              39.17909999995887
            ],
            [
              -76.04135800009865,
              39.16726999981224
            ],
            [
              -76.08099299994062,
              39.149158000253706
            ],
            [
              -76.07501199971095,
              39.1339419999966
            ],
            [
              -76.17895500032608,
              39.07580099998101
            ],
            [
              -76.20081999973144,
              39.04056100025625
            ],
            [
              -76.18192999956152,
              39.0040959998689
            ],
            [
              -76.19888999988622,
              38.99415500027067
            ],
            [
              -76.22685199987221,
              38.99576100006931
            ],
            [
              -76.26016200042623,
              39.011714000036434
            ],
            [
              -76.27445999971333,
              39.07658799979576
            ],
            [
              -76.35173000013017,
              39.05623199975767
            ],
            [
              -76.36748799980748,
              39.00011100006869
            ],
            [
              -76.41697799981326,
              38.908813000033945
            ],
            [
              -76.43658600003356,
              38.80739599995392
            ],
            [
              -76.35784500025413,
              38.81187100021908
            ],
            [
              -76.31568399981697,
              38.85275800018957
            ],
            [
              -76.26154800029832,
              38.88091399965045
            ],
            [
              -76.22805899964413,
              38.85750500012877
            ],
            [
              -76.23844600008549,
              38.83125600029904
            ],
            [
              -76.21145300022006,
              38.826509999842216
            ],
            [
              -76.19238399995002,
              38.86381399975397
            ],
            [
              -76.18224000008122,
              38.85861100005207
            ],
            [
              -76.1699179997718,
              38.86564899989092
            ],
            [
              -76.16245799978364,
              38.88098599978706
            ],
            [
              -76.10351199982227,
              38.88230800026365
            ],
            [
              -76.11550199987067,
              38.91371599982069
            ],
            [
              -76.09695599965734,
              38.9442589999987
            ],
            [
              -75.94933500011004,
              38.91833300016852
            ],
            [
              -75.9533739999006,
              38.93824599968371
            ],
            [
              -75.93810999996771,
              38.959124000221486
            ],
            [
              -75.9409329997655,
              38.9765809998444
            ],
            [
              -75.8828170000075,
              39.02791000018239
            ],
            [
              -75.87844799960574,
              39.047224999987904
            ],
            [
              -75.84859500013262,
              39.071845999960765
            ],
            [
              -75.83494800005049,
              39.108436999841025
            ],
            [
              -75.79107900042428,
              39.13282799974506
            ],
            [
              -75.74776100044389,
              39.143337999748326
            ],
            [
              -75.75627099984516,
              39.246507000154025
            ],
            [
              -75.82000600033285,
              39.24618500026748
            ],
            [
              -75.82008400015066,
              39.24620099966589
            ]
          ]
        ]
      }
    },
    {
      "type": "Feature",
      "id": "us-county:24:037",
      "properties": {
        "boundary_id": "us-county:24:037",
        "boundary_type": "county",
        "name": "St. Mary's County",
        "stateFips": "24",
        "countyFips": "037",
        "bbox": [
          -76.87422999977547,
          37.88846800014155,
          -76.20147699968247,
          38.51246399980114
        ]
      },
      "geometry": {
        "type": "Polygon",
        "coordinates": [
          [
            [
              -76.63260100014277,
              38.44965900017438
            ],
            [
              -76.65387200024462,
              38.46335899980851
            ],
            [
              -76.65214200041594,
              38.473752999667575
            ],
            [
              -76.67411800014938,
              38.49962199979635
            ],
            [
              -76.69931699971369,
              38.4971250000001
            ],
            [
              -76.71126800030235,
              38.50964399967507
            ],
            [
              -76.73366900018324,
              38.51246399980114
            ],
            [
              -76.77495500021115,
              38.5088999998699
            ],
            [
              -76.82269500029678,
              38.42837800001457
            ],
            [
              -76.87422999977547,
              38.38372499969177
            ],
            [
              -76.84792499982323,
              38.36223000030365
            ],
            [
              -76.85289000007667,
              38.33259800022845
            ],
            [
              -76.82095100022441,
              38.27134200032307
            ],
            [
              -76.86885899964116,
              38.171371999653594
            ],
            [
              -76.60543000000213,
              38.148933000097145
            ],
            [
              -76.59615599962139,
              38.106676000249685
            ],
            [
              -76.53645700034784,
              38.07490300014254
            ],
            [
              -76.51616000038943,
              38.044919999813416
            ],
            [
              -76.516608999928,
              38.026782999900526
            ],
            [
              -76.46500800032709,
              38.01322000030328
            ],
            [
              -76.4129339999998,
              37.96633199995898
            ],
            [
              -76.33861699997541,
              37.945285999925474
            ],
            [
              -76.23614100032154,
              37.88846800014155
            ],
            [
              -76.20147699968247,
              38.07730800023961
            ],
            [
              -76.31409399973037,
              38.296813000309996
            ],
            [
              -76.32190799972088,
              38.32728400018885
            ],
            [
              -76.37884699984413,
              38.3273659996566
            ],
            [
              -76.45830599967398,
              38.30664100031205
            ],
            [
              -76.4717119997317,
              38.32486699991473
            ],
            [
              -76.48921100000665,
              38.32737500021989
            ],
            [
              -76.48408500009474,
              38.34807000001011
            ],
            [
              -76.50147499969145,
              38.37249700021351
            ],
            [
              -76.53407499969269,
              38.39776599989564
            ],
            [
              -76.55838799987545,
              38.39586099989105
            ],
            [
              -76.5656150002351,
              38.40705100021846
            ],
            [
              -76.60837300034882,
              38.424444999977226
            ],
            [
              -76.6325199999519,
              38.44958199987671
            ],
            [
              -76.63260100014277,
              38.44965900017438
            ]
          ]
        ]
      }
    },
    {
      "type": "Feature",
      "id": "us-county:24:039",
      "properties": {
        "boundary_id": "us-county:24:039",
        "boundary_type": "county",
        "name": "Somerset County",
        "stateFips": "24",
        "countyFips": "039",
        "bbox": [
          -76.23645799961562,
          37.886604999729734,
          -75.53993799986115,
          38.2988999999916
        ]
      },
      "geometry": {
        "type": "Polygon",
        "coordinates": [
          [
            [
              -75.87226100041008,
              38.22220400022282
            ],
            [
              -75.94845399985302,
              38.21595999990726
            ],
            [
              -75.97479200031555,
              38.20229300030134
            ],
            [
              -75.99384999981663,
              38.16238700025375
            ],
            [
              -76.03161599991276,
              38.14754800012611
            ],
            [
              -76.07857500019877,
              38.0609199998902
            ],
            [
              -76.20471899977991,
              38.05841000009158
            ],
            [
              -76.23645799961562,
              37.886604999729734
            ],
            [
              -76.0520209998262,
              37.953577999979046
            ],
            [
              -75.94369299981409,
              37.946132999695166
            ],
            [
              -75.95267199974374,
              37.90682699975086
            ],
            [
              -75.8012400000115,
              37.912174000344
            ],
            [
              -75.76164199997943,
              37.941365999764386
            ],
            [
              -75.70463400025922,
              37.95469799995367
            ],
            [
              -75.64770000015882,
              37.94696300029594
            ],
            [
              -75.64822800023842,
              37.96677099985753
            ],
            [
              -75.63822199956357,
              37.97939499989824
            ],
            [
              -75.6288390003012,
              37.97678700007288
            ],
            [
              -75.63383200014373,
              37.984517000154504
            ],
            [
              -75.6197280001271,
              38.00712399979404
            ],
            [
              -75.65582200012088,
              38.02975699972523
            ],
            [
              -75.6598430003681,
              38.04781600024723
            ],
            [
              -75.63800800020165,
              38.044791000041734
            ],
            [
              -75.61932300007115,
              38.058165000313956
            ],
            [
              -75.61752200009737,
              38.07301599975837
            ],
            [
              -75.58122200023926,
              38.068301000128145
            ],
            [
              -75.56951800042111,
              38.087105999983294
            ],
            [
              -75.5408700001718,
              38.08947999973833
            ],
            [
              -75.53993799986115,
              38.108107000061736
            ],
            [
              -75.57695699959456,
              38.14078400013765
            ],
            [
              -75.54937700009833,
              38.16317999973669
            ],
            [
              -75.54648399998034,
              38.180448999980044
            ],
            [
              -75.60582599977683,
              38.249124999739394
            ],
            [
              -75.6127640004315,
              38.278626000163946
            ],
            [
              -75.63308800015406,
              38.28898500023937
            ],
            [
              -75.66340400030778,
              38.2988999999916
            ],
            [
              -75.68722600022086,
              38.28994700009821
            ],
            [
              -75.69443199976578,
              38.266903999706216
            ],
            [
              -75.71037100009138,
              38.264575999798176
            ],
            [
              -75.72845500034737,
              38.2809519997725
            ],
            [
              -75.76867099997239,
              38.28518300017919
            ],
            [
              -75.77727900018125,
              38.269207999938665
            ],
            [
              -75.79601799984013,
              38.26598599977227
            ],
            [
              -75.80389399975489,
              38.25403399992617
            ],
            [
              -75.83900000025984,
              38.25347800028597
            ],
            [
              -75.87103399964833,
              38.224542000282995
            ],
            [
              -75.87226100041008,
              38.22220400022282
            ]
          ]
        ]
      }
    },
    {
      "type": "Feature",
      "id": "us-county:24:041",
      "properties": {
        "boundary_id": "us-county:24:041",
        "boundary_type": "county",
        "name": "Talbot County",
        "stateFips": "24",
        "countyFips": "041",
        "bbox": [
          -76.46394600032009,
          38.573875000306394,
          -75.89631599995165,
          38.9442589999987
        ]
      },
      "geometry": {
        "type": "Polygon",
        "coordinates": [
          [
            [
              -75.96708600028009,
              38.77933800024354
            ],
            [
              -75.94945499976065,
              38.77841899971189
            ],
            [
              -75.89631599995165,
              38.812453999650124
            ],
            [
              -75.90645499979757,
              38.81970499971241
            ],
            [
              -75.90126699996136,
              38.82473700010277
            ],
            [
              -75.92777100010525,
              38.83889299993107
            ],
            [
              -75.9189749995754,
              38.84608400024893
            ],
            [
              -75.93033399961205,
              38.85020400015769
            ],
            [
              -75.92433099964109,
              38.860389000231606
            ],
            [
              -75.94307699987095,
              38.87049400002088
            ],
            [
              -75.93785800007262,
              38.88012600034077
            ],
            [
              -75.95127099980303,
              38.87972199976258
            ],
            [
              -75.94045999993747,
              38.884555000029096
            ],
            [
              -75.94864600037195,
              38.891718999706406
            ],
            [
              -75.94670099955981,
              38.917502999717435
            ],
            [
              -76.09695599965734,
              38.9442589999987
            ],
            [
              -76.11550199987067,
              38.91371599982069
            ],
            [
              -76.10351199982227,
              38.88230800026365
            ],
            [
              -76.16245799978364,
              38.88098599978706
            ],
            [
              -76.1699179997718,
              38.86564899989092
            ],
            [
              -76.18224000008122,
              38.85861100005207
            ],
            [
              -76.19238399995002,
              38.86381399975397
            ],
            [
              -76.21318200022382,
              38.826152999916
            ],
            [
              -76.23904500031018,
              38.83216000006706
            ],
            [
              -76.22805899964413,
              38.85750500012877
            ],
            [
              -76.24627400031969,
              38.87648200012455
            ],
            [
              -76.2715230001127,
              38.878887000238706
            ],
            [
              -76.31568399981697,
              38.85275800018957
            ],
            [
              -76.35784500025413,
              38.81187100021908
            ],
            [
              -76.43649200032223,
              38.80739700028039
            ],
            [
              -76.46394600032009,
              38.70969599975211
            ],
            [
              -76.43881399980461,
              38.57533600014831
            ],
            [
              -76.38263700011268,
              38.57682400027668
            ],
            [
              -76.33296899983169,
              38.61526400000926
            ],
            [
              -76.32818600005145,
              38.63324299982559
            ],
            [
              -76.30833400033197,
              38.65135899992948
            ],
            [
              -76.24014999997489,
              38.66320399965609
            ],
            [
              -76.22241899989633,
              38.64703300021235
            ],
            [
              -76.1906730003879,
              38.64718199984932
            ],
            [
              -76.13835100036353,
              38.62756699999535
            ],
            [
              -76.13265899983888,
              38.609348000061175
            ],
            [
              -76.1142800000301,
              38.59885000006248
            ],
            [
              -76.08203099965816,
              38.60394199985588
            ],
            [
              -76.04663799999634,
              38.57600700002535
            ],
            [
              -76.02344500044521,
              38.573875000306394
            ],
            [
              -75.99112699957794,
              38.592483000099826
            ],
            [
              -75.98351199977908,
              38.62511400026742
            ],
            [
              -75.95792300022744,
              38.648036000318875
            ],
            [
              -75.94524799974059,
              38.67410900023463
            ],
            [
              -75.9703969999745,
              38.683119999725285
            ],
            [
              -75.97679099975772,
              38.69783699981663
            ],
            [
              -75.99304899992556,
              38.69672300011988
            ],
            [
              -75.99324700029227,
              38.707976999992134
            ],
            [
              -76.01504499975049,
              38.7286869997153
            ],
            [
              -75.99537600032912,
              38.736678999870584
            ],
            [
              -75.99894700031454,
              38.755595999670696
            ],
            [
              -75.96760500013885,
              38.779028999683206
            ],
            [
              -75.96708600028009,
              38.77933800024354
            ]
          ]
        ]
      }
    },
    {
      "type": "Feature",
      "id": "us-county:24:043",
      "properties": {
        "boundary_id": "us-county:24:043",
        "boundary_type": "county",
        "name": "Washington County",
        "stateFips": "24",
        "countyFips": "043",
        "bbox": [
          -78.36346500003131,
          39.318437000103884,
          -77.46908099961495,
          39.72244199977561
        ]
      },
      "geometry": {
        "type": "Polygon",
        "coordinates": [
          [
            [
              -77.72758500008185,
              39.72124400000032
            ],
            [
              -78.34238100042553,
              39.72244199977561
            ],
            [
              -78.31824300014497,
              39.70252899965535
            ],
            [
              -78.3133799999988,
              39.69207000018787
            ],
            [
              -78.32303699979586,
              39.688242000233096
            ],
            [
              -78.31491300018398,
              39.68450400031474
            ],
            [
              -78.32287899961212,
              39.68386099986703
            ],
            [
              -78.32017700018814,
              39.67613599972004
            ],
            [
              -78.34309899957762,
              39.676467000180715
            ],
            [
              -78.33413899991454,
              39.662396999892415
            ],
            [
              -78.36346500003131,
              39.65986500008101
            ],
            [
              -78.34002399988474,
              39.65274800009349
            ],
            [
              -78.34603100005367,
              39.64917399987107
            ],
            [
              -78.33348299978843,
              39.636601000073355
            ],
            [
              -78.26637899987998,
              39.6189789997946
            ],
            [
              -78.25406699961631,
              39.64018399974972
            ],
            [
              -78.22382499998075,
              39.66053899965787
            ],
            [
              -78.23256799990882,
              39.67358299995763
            ],
            [
              -78.20311299992065,
              39.67651000034557
            ],
            [
              -78.17174800017875,
              39.695665000196605
            ],
            [
              -78.08055600021845,
              39.670501999873274
            ],
            [
              -78.01010899993022,
              39.603043999751975
            ],
            [
              -77.97761199986114,
              39.59960800028142
            ],
            [
              -77.95504000027603,
              39.60807799991626
            ],
            [
              -77.94610200035427,
              39.58479200034106
            ],
            [
              -77.93603700012821,
              39.59674700011921
            ],
            [
              -77.9410850002223,
              39.61903499985276
            ],
            [
              -77.89197299961,
              39.59775599974852
            ],
            [
              -77.8811509998738,
              39.60097900003948
            ],
            [
              -77.88491600002797,
              39.61583300017158
            ],
            [
              -77.83777099996912,
              39.605894999805436
            ],
            [
              -77.82968499999207,
              39.591083000138845
            ],
            [
              -77.83608700017122,
              39.566662000313634
            ],
            [
              -77.87854800018403,
              39.563408000228826
            ],
            [
              -77.88799900011676,
              39.553751999713405
            ],
            [
              -77.8652750001957,
              39.53841199992982
            ],
            [
              -77.86117600013068,
              39.514292999731055
            ],
            [
              -77.84194500037722,
              39.51842799983581
            ],
            [
              -77.83696099985721,
              39.53211200024192
            ],
            [
              -77.82473900000524,
              39.52848400009766
            ],
            [
              -77.8453780002704,
              39.49810900015331
            ],
            [
              -77.8028910003183,
              39.48946000029831
            ],
            [
              -77.76638300004774,
              39.49629300021775
            ],
            [
              -77.79719600031889,
              39.48013899979483
            ],
            [
              -77.77760499981703,
              39.46225300020315
            ],
            [
              -77.7980060004308,
              39.46076900004981
            ],
            [
              -77.78526499982173,
              39.44540300004472
            ],
            [
              -77.80320500013765,
              39.43711100031639
            ],
            [
              -77.75785199983176,
              39.42642399975244
            ],
            [
              -77.73840699981807,
              39.39897599970949
            ],
            [
              -77.73660900021733,
              39.38714800013626
            ],
            [
              -77.75297699999001,
              39.38167899989774
            ],
            [
              -77.74338399976703,
              39.36113900025396
            ],
            [
              -77.75819400013853,
              39.33552999977613
            ],
            [
              -77.69300800037972,
              39.318437000103884
            ],
            [
              -77.67716399959036,
              39.32453400014049
            ],
            [
              -77.64785699974017,
              39.38324700001286
            ],
            [
              -77.63468900023216,
              39.44554900009995
            ],
            [
              -77.61598099963712,
              39.46876800002854
            ],
            [
              -77.62248900012146,
              39.50816300010072
            ],
            [
              -77.59706799990097,
              39.54197500004349
            ],
            [
              -77.5701820001657,
              39.61999800028816
            ],
            [
              -77.52000400024676,
              39.640815000083975
            ],
            [
              -77.492874000114,
              39.676424999752676
            ],
            [
              -77.50835999980477,
              39.684072000225655
            ],
            [
              -77.46908099961495,
              39.71985899984912
            ],
            [
              -77.7275609997924,
              39.72124400000032
            ],
            [
              -77.72758500008185,
              39.72124400000032
            ]
          ]
        ]
      }
    },
    {
      "type": "Feature",
      "id": "us-county:24:045",
      "properties": {
        "boundary_id": "us-county:24:045",
        "boundary_type": "county",
        "name": "Wicomico County",
        "stateFips": "24",
        "countyFips": "045",
        "bbox": [
          -75.94845399985302,
          38.21595999990726,
          -75.30988400017517,
          38.56085500014151
        ]
      },
      "geometry": {
        "type": "Polygon",
        "coordinates": [
          [
            [
              -75.31395800012584,
              38.35981000003609
            ],
            [
              -75.32984999969746,
              38.38168300024853
            ],
            [
              -75.31750900001978,
              38.40636500020398
            ],
            [
              -75.34129099974986,
              38.45203400005841
            ],
            [
              -75.69367000023277,
              38.46007999979123
            ],
            [
              -75.70489500037512,
              38.56085500014151
            ],
            [
              -75.72449000017664,
              38.54123000027671
            ],
            [
              -75.74651500031389,
              38.53678499992494
            ],
            [
              -75.76499399968175,
              38.50647900022984
            ],
            [
              -75.82370600018972,
              38.48102199972844
            ],
            [
              -75.81490100033734,
              38.46645900018348
            ],
            [
              -75.83674300017648,
              38.44808799984906
            ],
            [
              -75.82128699972465,
              38.430135000072895
            ],
            [
              -75.84557300014322,
              38.42186799983214
            ],
            [
              -75.8509519997751,
              38.40453599964951
            ],
            [
              -75.83828200020945,
              38.38587800015116
            ],
            [
              -75.86085100031981,
              38.38357700012076
            ],
            [
              -75.86731100022527,
              38.37511800011379
            ],
            [
              -75.86025799994287,
              38.353868000227166
            ],
            [
              -75.89635000028684,
              38.3349950001818
            ],
            [
              -75.92522199994384,
              38.306340999687755
            ],
            [
              -75.9234800004196,
              38.23608599967897
            ],
            [
              -75.94845399985302,
              38.21595999990726
            ],
            [
              -75.87465400003758,
              38.22001299990038
            ],
            [
              -75.86097599999329,
              38.24086599994835
            ],
            [
              -75.83511299990693,
              38.2544859997468
            ],
            [
              -75.80389399975489,
              38.25403399992617
            ],
            [
              -75.7664680003157,
              38.285654000150316
            ],
            [
              -75.73451600004465,
              38.28303800018993
            ],
            [
              -75.71922600017248,
              38.265951999734796
            ],
            [
              -75.69944700024793,
              38.264906999699306
            ],
            [
              -75.68643100017756,
              38.29073299996335
            ],
            [
              -75.6631249997502,
              38.298944000350396
            ],
            [
              -75.61262700016412,
              38.27858000027518
            ],
            [
              -75.36464099965981,
              38.29035899992118
            ],
            [
              -75.35545400021604,
              38.31452099995489
            ],
            [
              -75.30988400017517,
              38.34928099972416
            ],
            [
              -75.31393899985925,
              38.35966999997856
            ],
            [
              -75.31395800012584,
              38.35981000003609
            ]
          ]
        ]
      }
    },
    {
      "type": "Feature",
      "id": "us-county:24:047",
      "properties": {
        "boundary_id": "us-county:24:047",
        "boundary_type": "county",
        "name": "Worcester County",
        "stateFips": "24",
        "countyFips": "047",
        "bbox": [
          -75.65737799987228,
          37.99420799976521,
          -74.98628199981302,
          38.45203400005841
        ]
      },
      "geometry": {
        "type": "Polygon",
        "coordinates": [
          [
            [
              -75.07848499972665,
              38.451307999691764
            ],
            [
              -75.34129099974986,
              38.45203400005841
            ],
            [
              -75.31710399996382,
              38.40424299979265
            ],
            [
              -75.3297390002677,
              38.38129000004753
            ],
            [
              -75.30702500039237,
              38.35433700016779
            ],
            [
              -75.32320499984408,
              38.331896999927615
            ],
            [
              -75.35545400021604,
              38.31452099995489
            ],
            [
              -75.36406999992252,
              38.290717999668864
            ],
            [
              -75.61308999994641,
              38.27861300009101
            ],
            [
              -75.60582599977683,
              38.249124999739394
            ],
            [
              -75.54588200028088,
              38.17888100003589
            ],
            [
              -75.54937700009833,
              38.16317999973669
            ],
            [
              -75.57695699959456,
              38.14078400013765
            ],
            [
              -75.53993799986115,
              38.108107000061736
            ],
            [
              -75.5408700001718,
              38.08947999973833
            ],
            [
              -75.56951800042111,
              38.087105999983294
            ],
            [
              -75.58122200023926,
              38.068301000128145
            ],
            [
              -75.61752200009737,
              38.07301599975837
            ],
            [
              -75.61932300007115,
              38.058165000313956
            ],
            [
              -75.63800800020165,
              38.044791000041734
            ],
            [
              -75.6563169996902,
              38.05215700009676
            ],
            [
              -75.65737799987228,
              38.03135500018046
            ],
            [
              -75.6197280001271,
              38.00712399979404
            ],
            [
              -75.62434299967784,
              37.99420799976521
            ],
            [
              -75.1664349995895,
              38.027834000070314
            ],
            [
              -75.12462499967994,
              38.09390100000776
            ],
            [
              -75.07140300003027,
              38.22593199991089
            ],
            [
              -75.02080499998678,
              38.30975599977982
            ],
            [
              -74.99962500012154,
              38.37166800021313
            ],
            [
              -74.98628199981302,
              38.45163199977536
            ],
            [
              -75.0749880002594,
              38.45129199990179
            ],
            [
              -75.07848499972665,
              38.451307999691764
            ]
          ]
        ]
      }
    },
    {
      "type": "Feature",
      "id": "us-county:24:510",
      "properties": {
        "boundary_id": "us-county:24:510",
        "boundary_type": "county",
        "name": "Baltimore city",
        "stateFips": "24",
        "countyFips": "510",
        "bbox": [
          -76.71150900032679,
          39.197207000187646,
          -76.52978499983195,
          39.3720579997791
        ]
      },
      "geometry": {
        "type": "Polygon",
        "coordinates": [
          [
            [
              -76.71150900032679,
              39.3662149996761
            ],
            [
              -76.71105400004211,
              39.277889000333495
            ],
            [
              -76.61169499991391,
              39.23439999988344
            ],
            [
              -76.58328000019141,
              39.20740400005159
            ],
            [
              -76.55008599998831,
              39.197207000187646
            ],
            [
              -76.52978499983195,
              39.20990699999214
            ],
            [
              -76.52979300022788,
              39.3720579997791
            ],
            [
              -76.71150799960355,
              39.366273999734844
            ],
            [
              -76.71150900032679,
              39.3662149996761
            ]
          ]
        ]
      }
    },
    {
      "type": "Feature",
      "id": "us-state:24",
      "properties": {
        "boundary_id": "us-state:24",
        "boundary_type": "state",
        "name": "Maryland",
        "stateFips": "24",
        "bbox": [
          -79.48765100023856,
          37.886604999729734,
          -74.98628199981302,
          39.72219899970666
        ]
      },
      "geometry": {
        "type": "Polygon",
        "coordinates": [
          [
            [
              -75.75600399988146,
              39.24606600019242
            ],
            [
              -75.7885960003851,
              39.72219899970666
            ],
            [
              -79.47666200009778,
              39.72107800030686
            ],
            [
              -79.48765100023856,
              39.27993299984695
            ],
            [
              -79.48687499956353,
              39.20589600010885
            ],
            [
              -79.47321499996092,
              39.20210699991805
            ],
            [
              -79.42571300042502,
              39.22531400027896
            ],
            [
              -79.3873380000584,
              39.267820000145136
            ],
            [
              -79.34491499968044,
              39.28496900030365
            ],
            [
              -79.3460110000226,
              39.29395999973075
            ],
            [
              -79.31394400012383,
              39.304706000031686
            ],
            [
              -79.29039500002223,
              39.299452000328316
            ],
            [
              -79.28213199959487,
              39.323273000335035
            ],
            [
              -79.25384999994176,
              39.337143999743866
            ],
            [
              -79.25630799986655,
              39.357227000321664
            ],
            [
              -79.21428000039711,
              39.36348200001514
            ],
            [
              -79.19769099979317,
              39.38837299986582
            ],
            [
              -79.17695899964158,
              39.389027999946336
            ],
            [
              -79.17918399993789,
              39.396494999897826
            ],
            [
              -79.16227100036716,
              39.38812900028754
            ],
            [
              -79.15946600011272,
              39.417036000182364
            ],
            [
              -79.1437510000931,
              39.405202000179884
            ],
            [
              -79.1418429999892,
              39.417097999727346
            ],
            [
              -79.12744199987165,
              39.41817700005865
            ],
            [
              -79.12904700002686,
              39.42954200006776
            ],
            [
              -79.11082100037898,
              39.43185400011195
            ],
            [
              -79.11686000033494,
              39.438857999958486
            ],
            [
              -79.10281599969446,
              39.450482000043586
            ],
            [
              -79.10787899985716,
              39.4612209997106
            ],
            [
              -79.09454200029475,
              39.46484900005493
            ],
            [
              -79.1023830000494,
              39.47639400030024
            ],
            [
              -79.08301699967843,
              39.47147299973415
            ],
            [
              -79.06634199975908,
              39.47997099980588
            ],
            [
              -79.05690400024514,
              39.47067199985062
            ],
            [
              -79.04702499979189,
              39.483346000296066
            ],
            [
              -79.03087600030231,
              39.46525399982047
            ],
            [
              -79.01803099993619,
              39.46765600010618
            ],
            [
              -78.95657299962332,
              39.44033100007154
            ],
            [
              -78.9589100000726,
              39.46283800020067
            ],
            [
              -78.94249200007121,
              39.46894999983648
            ],
            [
              -78.93429800013912,
              39.486283999742994
            ],
            [
              -78.91672000022145,
              39.48631999997363
            ],
            [
              -78.90551299962245,
              39.51154500002729
            ],
            [
              -78.89239100014518,
              39.51327900001862
            ],
            [
              -78.89310199962458,
              39.523995999687614
            ],
            [
              -78.87514899978817,
              39.52266500005218
            ],
            [
              -78.87068700039829,
              39.538766999727194
            ],
            [
              -78.83924200029045,
              39.56700799997734
            ],
            [
              -78.81584600034974,
              39.56288099999057
            ],
            [
              -78.82572200042992,
              39.58917700016022
            ],
            [
              -78.809028000244,
              39.60818199985541
            ],
            [
              -78.79646200043541,
              39.60590199975409
            ],
            [
              -78.8016440004238,
              39.62767700022256
            ],
            [
              -78.79528200042763,
              39.63676599990071
            ],
            [
              -78.7664070003976,
              39.64843199977227
            ],
            [
              -78.77797700032144,
              39.62231900003881
            ],
            [
              -78.74676700039024,
              39.62672199980037
            ],
            [
              -78.73313399965348,
              39.614715000103736
            ],
            [
              -78.77708400036886,
              39.603895000223986
            ],
            [
              -78.76076699975148,
              39.582701999701065
            ],
            [
              -78.73353399968657,
              39.586529999939195
            ],
            [
              -78.72458900009211,
              39.56391899984586
            ],
            [
              -78.67558100013521,
              39.54020700017062
            ],
            [
              -78.591633000253,
              39.53689100029546
            ],
            [
              -78.56539199987488,
              39.51932699967246
            ],
            [
              -78.52308599967274,
              39.52485399979448
            ],
            [
              -78.46724999956434,
              39.517220999864925
            ],
            [
              -78.46236700022502,
              39.53636200009785
            ],
            [
              -78.44852199977615,
              39.54036599972452
            ],
            [
              -78.46111699989704,
              39.55083299987809
            ],
            [
              -78.43785800022368,
              39.538515999824334
            ],
            [
              -78.43771699975836,
              39.5533659996695
            ],
            [
              -78.41701899994199,
              39.54856000023078
            ],
            [
              -78.45427899969982,
              39.57408200027977
            ],
            [
              -78.45677199978473,
              39.58760799988636
            ],
            [
              -78.44349799997148,
              39.59133099999927
            ],
            [
              -78.40738300006132,
              39.578607000205736
            ],
            [
              -78.3948440000169,
              39.58515200015276
            ],
            [
              -78.42548599968553,
              39.60767199994947
            ],
            [
              -78.43013899976943,
              39.623415999691424
            ],
            [
              -78.37561099971532,
              39.60830700014121
            ],
            [
              -78.38236299969883,
              39.6277929998477
            ],
            [
              -78.35550600027584,
              39.62611099974077
            ],
            [
              -78.35532299997774,
              39.64066299973503
            ],
            [
              -78.26608799962685,
              39.61905499996139
            ],
            [
              -78.25406699961631,
              39.64018399974972
            ],
            [
              -78.22382499998075,
              39.66053899965787
            ],
            [
              -78.23256799990882,
              39.67358299995763
            ],
            [
              -78.20220400007454,
              39.67685600021533
            ],
            [
              -78.17654199982964,
              39.695979000213
            ],
            [
              -78.08055600021845,
              39.670501999873274
            ],
            [
              -78.01010899993022,
              39.603043999751975
            ],
            [
              -77.97761199986114,
              39.59960800028142
            ],
            [
              -77.95504000027603,
              39.60807799991626
            ],
            [
              -77.94610200035427,
              39.58479200034106
            ],
            [
              -77.93603700012821,
              39.59674700011921
            ],
            [
              -77.9410850002223,
              39.61903499985276
            ],
            [
              -77.89197299961,
              39.59775599974852
            ],
            [
              -77.8811509998738,
              39.60097900003948
            ],
            [
              -77.88491600002797,
              39.61583300017158
            ],
            [
              -77.83740199989818,
              39.60568699982175
            ],
            [
              -77.82968499999207,
              39.591083000138845
            ],
            [
              -77.83608700017122,
              39.566662000313634
            ],
            [
              -77.88873600043374,
              39.555409999993906
            ],
            [
              -77.8652750001957,
              39.53841199992982
            ],
            [
              -77.86117600013068,
              39.514292999731055
            ],
            [
              -77.84194500037722,
              39.51842799983581
            ],
            [
              -77.83696099985721,
              39.53211200024192
            ],
            [
              -77.82473900000524,
              39.52848400009766
            ],
            [
              -77.8453780002704,
              39.49810900015331
            ],
            [
              -77.8028910003183,
              39.48946000029831
            ],
            [
              -77.76634000039003,
              39.49623799969786
            ],
            [
              -77.79719600031889,
              39.48013899979483
            ],
            [
              -77.77760499981703,
              39.46225300020315
            ],
            [
              -77.7980060004308,
              39.46076900004981
            ],
            [
              -77.78526499982173,
              39.44540300004472
            ],
            [
              -77.80326899971176,
              39.43798999965949
            ],
            [
              -77.75418799995991,
              39.424242999824834
            ],
            [
              -77.73840699981807,
              39.39897599970949
            ],
            [
              -77.73660900021733,
              39.38714800013626
            ],
            [
              -77.75297699999001,
              39.38167899989774
            ],
            [
              -77.74351000016374,
              39.36003499982746
            ],
            [
              -77.75923900042707,
              39.3369360000187
            ],
            [
              -77.72484000010185,
              39.32143200028042
            ],
            [
              -77.67546700027195,
              39.32436000032254
            ],
            [
              -77.61591000039031,
              39.30254799983351
            ],
            [
              -77.56709300022912,
              39.306234000267615
            ],
            [
              -77.54084000015541,
              39.26526900019202
            ],
            [
              -77.49053800038793,
              39.24911200016985
            ],
            [
              -77.45949699961281,
              39.227723999769786
            ],
            [
              -77.47691600042015,
              39.191491999857234
            ],
            [
              -77.51030600044182,
              39.17927399988747
            ],
            [
              -77.527680000145,
              39.144657999976864
            ],
            [
              -77.52066799987048,
              39.12143499970913
            ],
            [
              -77.48540099970704,
              39.10930999982106
            ],
            [
              -77.46147300038709,
              39.07542600029567
            ],
            [
              -77.34014400037324,
              39.06290899975049
            ],
            [
              -77.30466200012464,
              39.051370000174245
            ],
            [
              -77.24656800010797,
              39.02495999996067
            ],
            [
              -77.2557510002521,
              39.00174899986305
            ],
            [
              -77.23519599965253,
              38.976080000250604
            ],
            [
              -77.1487730001271,
              38.96503599989751
            ],
            [
              -77.11975900017987,
              38.934343000278616
            ],
            [
              -77.04088199995799,
              38.99584500030949
            ],
            [
              -76.90939300018182,
              38.89285200026212
            ],
            [
              -77.04046500020648,
              38.79040499975551
            ],
            [
              -77.04334400008078,
              38.71844000018867
            ],
            [
              -77.05352200028474,
              38.709803999975556
            ],
            [
              -77.07923200021024,
              38.713052000087686
            ],
            [
              -77.12263200020638,
              38.685255999818416
            ],
            [
              -77.13642300022856,
              38.65022600034473
            ],
            [
              -77.12968200011572,
              38.634703999859774
            ],
            [
              -77.20369600019141,
              38.61817200014346
            ],
            [
              -77.24636200024364,
              38.59344100015755
            ],
            [
              -77.25645400023389,
              38.56058699979966
            ],
            [
              -77.27612199983035,
              38.54741999996227
            ],
            [
              -77.31854199983529,
              38.474437000131466
            ],
            [
              -77.32210600014801,
              38.42894400008198
            ],
            [
              -77.30493800030916,
              38.37527100022615
            ],
            [
              -77.28379600007875,
              38.342855000262475
            ],
            [
              -77.24714899989101,
              38.33152300001071
            ],
            [
              -77.17933899962773,
              38.34191400004789
            ],
            [
              -77.13822400020236,
              38.36791599964826
            ],
            [
              -77.08423799957323,
              38.368738999667144
            ],
            [
              -77.04150499957385,
              38.400691999771816
            ],
            [
              -77.01146399977974,
              38.37442499965466
            ],
            [
              -77.01452699977706,
              38.332633999875824
            ],
            [
              -77.0281310002015,
              38.305316999818544
            ],
            [
              -76.96208599992697,
              38.25696400011916
            ],
            [
              -76.96225099978344,
              38.229888000156826
            ],
            [
              -76.9490199996279,
              38.20841799971564
            ],
            [
              -76.83936799966799,
              38.163608999821626
            ],
            [
              -76.76397299974307,
              38.16779099984873
            ],
            [
              -76.60543000000213,
              38.148933000097145
            ],
            [
              -76.59615599962139,
              38.106676000249685
            ],
            [
              -76.53645700034784,
              38.07490300014254
            ],
            [
              -76.51616000038943,
              38.044919999813416
            ],
            [
              -76.516608999928,
              38.026782999900526
            ],
            [
              -76.46500800032709,
              38.01322000030328
            ],
            [
              -76.4129339999998,
              37.96633199995898
            ],
            [
              -76.33337200023783,
              37.94295599993091
            ],
            [
              -76.26181199988898,
              37.90878599984167
            ],
            [
              -76.23645799961562,
              37.886604999729734
            ],
            [
              -76.0520209998262,
              37.953577999979046
            ],
            [
              -75.94369299981409,
              37.946132999695166
            ],
            [
              -75.95267199974374,
              37.90682699975086
            ],
            [
              -75.8012400000115,
              37.912174000344
            ],
            [
              -75.76164199997943,
              37.941365999764386
            ],
            [
              -75.70463400025922,
              37.95469799995367
            ],
            [
              -75.64770000015882,
              37.94696300029594
            ],
            [
              -75.64822800023842,
              37.96677099985753
            ],
            [
              -75.63822199956357,
              37.97939499989824
            ],
            [
              -75.62953200023725,
              37.975962999979146
            ],
            [
              -75.63383200014373,
              37.984517000154504
            ],
            [
              -75.62444899998306,
              37.9941949998984
            ],
            [
              -75.1664349995895,
              38.027834000070314
            ],
            [
              -75.12462499967994,
              38.09390100000776
            ],
            [
              -75.04145699977242,
              38.28700899973378
            ],
            [
              -75.02080499998678,
              38.30975599977982
            ],
            [
              -74.98628199981302,
              38.45163199977536
            ],
            [
              -75.69367000023277,
              38.46007999979123
            ],
            [
              -75.75578499959835,
              39.24334499983781
            ],
            [
              -75.75600399988146,
              39.24606600019242
            ]
          ]
        ]
      }
    }
  ]
}
